零件名,工序,资源,开始(min),结束(min),时长(min)
A03S-1303,天车空驶（胎架到原料区）,天车,0.0,3.0,3.0
A03S-1303,天车吊运（原料区到胎架）,天车,3.0,6.0,3.0
AP2-G3-3-1P,自由边打磨,人工打磨N51,58.744739936003725,59.16748875651655,0.4227488205128225
A03S-1276,天车空驶（胎架到原料区）,天车,6.0,9.0,3.0
A03S-1276,天车吊运（原料区到胎架）,天车,9.0,12.0,3.0
AP2-G3-3-1S,自由边打磨,人工打磨N51,59.16748875651655,59.59023757702937,0.4227488205128225
AP2-G4-4-1P,自由边打磨,人工打磨N51,59.59023757702937,61.21115932061912,1.6209217435897472
AP2-G4-4-1S,自由边打磨,人工打磨N51,61.21115932061912,62.832081166772966,1.6209218461538484
AP2-G5-3-1P,自由边打磨,人工打磨N51,62.832081166772966,64.486794192414,1.6547130256410298
AP2-G5-3-1S,自由边打磨,人工打磨N51,64.486794192414,65.27140957702937,0.7846153846153783
A03S-1303切割后的大件,天车吊运（胎架到成品区）,天车,65.27140957702937,70.27140957702937,5.0
AP2-818-1P,分拣,自动分拣N51,146.115005609074,147.695005609074,1.5800000000000125
AP2-818-1P,自动打磨,自动打磨N51,147.695005609074,149.2136564027248,1.5186507936508065
AP2-818-1P,桁架码垛,自动分拣N51,149.2136564027248,150.3836564027248,1.1699999999999875
AP2-AG-1-3BP,分拣,自动分拣N51,150.3836564027248,151.9636564027248,1.5800000000000125
AP2-AG-1-3BP,自动打磨,自动打磨N51,151.9636564027248,153.85905251383593,1.8953961111111255
AP2-AG-1-3BP,桁架码垛,自动分拣N51,153.85905251383593,155.02905251383592,1.1699999999999875
AP2-CG-1B1-1P,分拣,自动分拣N51,155.02905251383592,156.60905251383593,1.5800000000000125
AP2-CG-1B1-1P,自动打磨,自动打磨N51,156.60905251383593,158.06702592653434,1.4579734126984079
AP2-CG-1B1-1P,桁架码垛,自动分拣N51,158.06702592653434,159.23702592653433,1.1699999999999875
AP2-CG-1B1-1S,分拣,自动分拣N51,159.23702592653433,160.81702592653434,1.5800000000000125
AP2-CG-1B1-1S,自动打磨,自动打磨N51,160.81702592653434,162.9232526725661,2.1062267460317514
AP2-CG-1B1-1S,桁架码垛,自动分拣N51,162.9232526725661,164.09325267256608,1.1699999999999875
AP2-F6-2P-2BP,分拣,自动分拣N51,164.09325267256608,165.6732526725661,1.5800000000000125
AP2-F6-2P-2BP,自动打磨,自动打磨N51,165.6732526725661,167.1378148947883,1.464562222222213
AP2-F6-2P-2BP,桁架码垛,自动分拣N51,167.1378148947883,168.3078148947883,1.1699999999999875
AP2-F7-1B1-1P,分拣,自动分拣N51,168.3078148947883,169.8878148947883,1.5800000000000125
AP2-F7-1B1-1P,自动打磨,自动打磨N51,169.8878148947883,171.9292810852645,2.0414661904762
AP2-F7-1B1-1P,桁架码垛,自动分拣N51,171.9292810852645,173.0992810852645,1.1699999999999875
AP2-F7-1B1-1S,分拣,自动分拣N51,173.0992810852645,174.6792810852645,1.5800000000000125
AP2-F7-1B1-1S,自动打磨,自动打磨N51,174.6792810852645,176.58917711701054,1.9098960317460296
AP2-F7-1B1-1S,桁架码垛,自动分拣N51,176.58917711701054,177.75917711701052,1.1699999999999875
AP2-F8-1B1-1P,分拣,自动分拣N51,177.75917711701052,179.33917711701054,1.5800000000000125
AP2-F8-1B1-1P,自动打磨,自动打磨N51,179.33917711701054,181.17894727574068,1.839770158730147
AP2-F8-1B1-1P,桁架码垛,自动分拣N51,181.17894727574068,182.34894727574067,1.1699999999999875
AP2-FB-3S-2BS,分拣,自动分拣N51,182.34894727574067,183.92894727574068,1.5800000000000125
AP2-FB-3S-2BS,自动打磨,自动打磨N51,183.92894727574068,185.65645104558195,1.7275037698412632
AP2-FB-3S-2BS,桁架码垛,自动分拣N51,185.65645104558195,186.82645104558193,1.1699999999999875
AP2-MG-1SP-1BP,分拣,自动分拣N51,186.82645104558193,188.40645104558195,1.5800000000000125
AP2-MG-1SP-1BP,自动打磨,自动打磨N51,188.40645104558195,190.31097628367718,1.904525238095232
AP2-MG-1SP-1BP,桁架码垛,自动分拣N51,190.31097628367718,191.48097628367717,1.1699999999999875
AP2-MG-1SP-2BP,分拣,自动分拣N51,191.48097628367717,193.06097628367718,1.5800000000000125
AP2-MG-1SP-2BP,自动打磨,自动打磨N51,193.06097628367718,194.8619631884391,1.8009869047619134
AP2-MG-1SP-2BP,桁架码垛,自动分拣N51,194.8619631884391,196.03196318843908,1.1699999999999875
AP2-F0-1B1P-1P,分拣,自动分拣N51,196.03196318843908,197.6119631884391,1.5800000000000125
AP2-F0-1B1P-1P,自动打磨,自动打磨N51,197.6119631884391,200.27050033129623,2.658537142857142
AP2-F0-1B1P-1P,桁架码垛,自动分拣N51,200.27050033129623,201.44050033129622,1.1699999999999875
AP2-F0-1B2S-1S,分拣,自动分拣N51,201.44050033129622,203.02050033129623,1.5800000000000125
AP2-F0-1B2S-1S,自动打磨,自动打磨N51,203.02050033129623,205.1170200138359,2.096519682539679
AP2-F0-1B2S-1S,桁架码垛,自动分拣N51,205.1170200138359,206.2870200138359,1.1699999999999875
AP2-F1-1B1P-1P,分拣,自动分拣N51,206.2870200138359,207.8670200138359,1.5800000000000125
AP2-F1-1B1P-1P,自动打磨,自动打磨N51,207.8670200138359,209.43160636304225,1.564586349206337
AP2-F1-1B1P-1P,桁架码垛,自动分拣N51,209.43160636304225,210.60160636304224,1.1699999999999875
AP2-F1-1B2S-1S,分拣,自动分拣N51,210.60160636304224,212.18160636304225,1.5800000000000125
AP2-F1-1B2S-1S,自动打磨,自动打磨N51,212.18160636304225,213.74619263288352,1.5645862698412714
AP2-F1-1B2S-1S,桁架码垛,自动分拣N51,213.74619263288352,214.9161926328835,1.1699999999999875
AP2-F1-1B3-1P,分拣,自动分拣N51,214.9161926328835,216.49619263288352,1.5800000000000125
AP2-F1-1B3-1P,自动打磨,自动打磨N51,216.49619263288352,219.2416985852645,2.7455059523809666
AP2-F1-1B3-1P,桁架码垛,自动分拣N51,219.2416985852645,220.41169858526447,1.1699999999999875
AP2-F1-1B3-1S,分拣,自动分拣N51,220.41169858526447,221.9916985852645,1.5800000000000125
AP2-F1-1B3-1S,自动打磨,自动打磨N51,221.9916985852645,224.77177072812162,2.7800721428571364
AP2-F1-1B3-1S,桁架码垛,自动分拣N51,224.77177072812162,225.9417707281216,1.1699999999999875
AP2-F3-1B1P-1P,分拣,自动分拣N51,225.9417707281216,227.52177072812162,1.5800000000000125
AP2-F3-1B1P-1P,自动打磨,自动打磨N51,227.52177072812162,230.33216263288352,2.8103919047619
AP2-F3-1B1P-1P,桁架码垛,自动分拣N51,230.33216263288352,231.5021626328835,1.1699999999999875
AP2-F4-1B1P-1P,分拣,自动分拣N51,231.5021626328835,233.08216263288352,1.5800000000000125
AP2-F4-1B1P-1P,自动打磨,自动打磨N51,233.08216263288352,234.84052541066131,1.7583627777777906
AP2-F4-1B1P-1P,桁架码垛,自动分拣N51,234.84052541066131,236.0105254106613,1.1699999999999875
AP2-F5-1B1P-1P,分拣,自动分拣N51,236.0105254106613,237.59052541066131,1.5800000000000125
AP2-F5-1B1P-1P,自动打磨,自动打磨N51,237.59052541066131,239.4372946963756,1.846769285714288
AP2-F5-1B1P-1P,桁架码垛,自动分拣N51,239.4372946963756,240.6072946963756,1.1699999999999875
AP2-F5-1B3-1P,分拣,自动分拣N51,240.6072946963756,242.1872946963756,1.5800000000000125
AP2-F5-1B3-1P,自动打磨,自动打磨N51,242.1872946963756,245.03121644240736,2.8439217460317536
AP2-F5-1B3-1P,桁架码垛,自动分拣N51,245.03121644240736,246.20121644240734,1.1699999999999875
AP2-F5-1B3-1S,分拣,自动分拣N51,246.20121644240734,247.78121644240736,1.5800000000000125
AP2-F5-1B3-1S,自动打磨,自动打磨N51,247.78121644240736,249.58863802970893,1.807421587301576
AP2-F5-1B3-1S,桁架码垛,自动分拣N51,249.58863802970893,250.75863802970892,1.1699999999999875
AP2-F7-1B1P-1P,分拣,自动分拣N51,250.75863802970892,252.33863802970893,1.5800000000000125
AP2-F7-1B1P-1P,自动打磨,自动打磨N51,252.33863802970893,254.15355683923275,1.8149188095238173
AP2-F7-1B1P-1P,桁架码垛,自动分拣N51,254.15355683923275,255.32355683923274,1.1699999999999875
AP2-F7-1B2S-1S,分拣,自动分拣N51,255.32355683923274,256.90355683923275,1.5800000000000125
AP2-F7-1B2S-1S,自动打磨,自动打磨N51,256.90355683923275,258.8134528709788,1.9098960317460296
AP2-F7-1B2S-1S,桁架码垛,自动分拣N51,258.8134528709788,259.9834528709788,1.170000000000016
AP2-F8-1B1P-1P,分拣,自动分拣N51,259.9834528709788,261.5634528709788,1.579999999999984
AP2-F8-1B1P-1P,自动打磨,自动打磨N51,261.5634528709788,264.1078750138359,2.5444221428571154
AP2-F8-1B1P-1P,桁架码垛,自动分拣N51,264.1078750138359,265.2778750138359,1.170000000000016
AP2-F8-1B2S-1S,分拣,自动分拣N51,265.2778750138359,266.8578750138359,1.579999999999984
AP2-F8-1B2S-1S,自动打磨,自动打磨N51,266.8578750138359,268.5853785852645,1.7275035714285991
AP2-F8-1B2S-1S,桁架码垛,自动分拣N51,268.5853785852645,269.7553785852645,1.170000000000016
AP2-F9-1B1P-1P,分拣,自动分拣N51,269.7553785852645,271.3353785852645,1.579999999999984
AP2-F9-1B1P-1P,自动打磨,自动打磨N51,271.3353785852645,273.18779795034385,1.8524193650793563
AP2-F9-1B1P-1P,桁架码垛,自动分拣N51,273.18779795034385,274.35779795034387,1.170000000000016
AP2-FA-1B1P-1P,分拣,自动分拣N51,274.35779795034387,275.93779795034385,1.579999999999984
AP2-FA-1B1P-1P,自动打磨,自动打磨N51,275.93779795034385,277.7211816011375,1.7833836507936667
AP2-FA-1B1P-1P,桁架码垛,自动分拣N51,277.7211816011375,278.89118160113753,1.170000000000016
AP2-FA-1B2S-1S,分拣,自动分拣N51,278.89118160113753,280.4711816011375,1.579999999999984
AP2-FA-1B2S-1S,自动打磨,自动打磨N51,280.4711816011375,282.2545652519312,1.7833836507936667
AP2-FA-1B2S-1S,桁架码垛,自动分拣N51,282.2545652519312,283.4245652519312,1.170000000000016
AP2-SGF-1SP-1BSP,分拣,自动分拣N51,283.4245652519312,285.0045652519312,1.579999999999984
AP2-SGF-1SP-1BSP,自动打磨,自动打磨N51,285.0045652519312,286.4641213630423,1.4595561111111124
AP2-SGF-1SP-1BSP,桁架码垛,自动分拣N51,286.4641213630423,287.6341213630423,1.170000000000016
AP2-SGF-1SP-2BSP,分拣,自动分拣N51,287.6341213630423,289.2141213630423,1.579999999999984
AP2-SGF-1SP-2BSP,自动打磨,自动打磨N51,289.2141213630423,291.1095174741534,1.895396111111097
AP2-SGF-1SP-2BSP,桁架码垛,自动分拣N51,291.1095174741534,292.2795174741534,1.170000000000016
A03S-1292,天车空驶（胎架到原料区）,天车,70.27140957702937,78.27140957702937,8.0
A03S-1292,天车吊运（原料区到胎架）,天车,78.27140957702937,81.27140957702937,3.0
AP2-F2-2P-2BP,分拣,自动分拣N51,292.2795174741534,293.8595174741534,1.579999999999984
AP2-F2-2P-2BP,自动打磨,自动打磨N51,293.8595174741534,295.96411263288354,2.104595158730149
AP2-F2-2P-2BP,桁架码垛,自动分拣N51,295.96411263288354,297.13411263288356,1.170000000000016
AP2-F2-2P-2P,自由边打磨,人工打磨N51,272.068334641543,272.5389504364148,0.47061579487177596
A03S-1294,天车空驶（胎架到原料区）,天车,12.0,15.0,3.0
A03S-1294,天车吊运（原料区到胎架）,天车,15.0,18.0,3.0
AP2-F2-3S-2BS,分拣,自动分拣N51,297.13411263288356,298.71411263288354,1.579999999999984
AP2-F2-3S-2BS,自动打磨,自动打磨N51,298.71411263288354,300.454680093201,1.7405674603174361
AP2-F2-3S-2BS,桁架码垛,自动分拣N51,300.454680093201,301.624680093201,1.170000000000016
AP2-F2-3S-2S,自由边打磨,人工打磨N51,272.5389504364148,273.02332320564557,0.484372769230788
AP2-F2-3S-3BS,分拣,自动分拣N51,301.624680093201,303.204680093201,1.579999999999984
AP2-F2-3S-3BS,自动打磨,自动打磨N51,303.204680093201,304.88147596621684,1.6767958730158625
AP2-F2-3S-3BS,桁架码垛,自动分拣N51,304.88147596621684,306.05147596621686,1.170000000000016
AP2-F6-2P-3BP,分拣,自动分拣N51,306.05147596621686,307.63147596621684,1.579999999999984
AP2-F6-2P-3BP,自动打磨,自动打磨N51,307.63147596621684,309.2791745376454,1.6476985714285775
AP2-F6-2P-3BP,桁架码垛,自动分拣N51,309.2791745376454,310.44917453764543,1.170000000000016
AP2-F6-2P-5BP,分拣,自动分拣N51,310.44917453764543,312.0291745376454,1.579999999999984
AP2-F6-2P-5BP,自动打磨,自动打磨N51,312.0291745376454,313.53738945828036,1.5082149206349413
AP2-F6-2P-5BP,桁架码垛,自动分拣N51,313.53738945828036,314.7073894582804,1.170000000000016
AP2-F6-3S-1BS,分拣,自动分拣N51,314.7073894582804,316.28738945828036,1.579999999999984
AP2-F6-3S-1BS,自动打磨,自动打磨N51,316.28738945828036,318.3103000138359,2.0229105555555407
AP2-F6-3S-1BS,桁架码垛,自动分拣N51,318.3103000138359,319.4803000138359,1.170000000000016
AP2-F6-3S-2BS,分拣,自动分拣N51,319.4803000138359,321.0603000138359,1.579999999999984
AP2-F6-3S-2BS,自动打磨,自动打磨N51,321.0603000138359,322.0603000138359,1.0
AP2-F6-3S-2BS,桁架码垛,自动分拣N51,322.0603000138359,323.2303000138359,1.170000000000016
AP2-F6-3S-3BS,分拣,自动分拣N51,323.2303000138359,324.8103000138359,1.579999999999984
AP2-F6-3S-3BS,自动打磨,自动打磨N51,324.8103000138359,325.8964427122486,1.0861426984126865
AP2-F6-3S-3BS,桁架码垛,自动分拣N51,325.8964427122486,327.0664427122486,1.170000000000016
AP2-F6-3S-5BS,分拣,自动分拣N51,327.0664427122486,328.6464427122486,1.579999999999984
AP2-F6-3S-5BS,自动打磨,自动打磨N51,328.6464427122486,330.6693533471692,2.0229106349206063
AP2-F6-3S-5BS,桁架码垛,自动分拣N51,330.6693533471692,331.8393533471692,1.170000000000016
AP2-FB-2P-1P,自由边打磨,人工打磨N51,273.02332320564557,273.7885910517994,0.7652678461538471
AP2-FB-2P-3BP,分拣,自动分拣N51,331.8393533471692,333.4193533471692,1.579999999999984
AP2-FB-2P-3BP,自动打磨,自动打磨N51,333.4193533471692,335.15992088685175,1.7405675396825586
AP2-FB-2P-3BP,桁架码垛,自动分拣N51,335.15992088685175,336.32992088685177,1.170000000000016
AP2-FB-2P-4BP,分拣,自动分拣N51,336.32992088685177,337.90992088685175,1.579999999999984
AP2-FB-2P-4BP,自动打磨,自动打磨N51,337.90992088685175,339.6433105693914,1.7333896825396664
AP2-FB-2P-4BP,桁架码垛,自动分拣N51,339.6433105693914,340.81331056939143,1.170000000000016
AP2-FB-3S-1S,自由边打磨,人工打磨N51,273.7885910517994,274.21951269282505,0.430921641025634
AP2-FB-3S-5BS,分拣,自动分拣N51,340.81331056939143,342.3933105693914,1.579999999999984
AP2-FB-3S-5BS,自动打磨,自动打磨N51,342.3933105693914,344.34577239478824,1.9524618253968242
AP2-FB-3S-5BS,桁架码垛,自动分拣N51,344.34577239478824,345.51577239478826,1.170000000000016
AP2-MG-6SP-1SP,分拣,自动分拣N51,345.51577239478826,347.09577239478824,1.579999999999984
AP2-MG-6SP-1SP,自动打磨,自动打磨N51,347.09577239478824,348.4554442201851,1.3596718253968447
AP2-MG-6SP-1SP,桁架码垛,自动分拣N51,348.4554442201851,349.6254442201851,1.170000000000016
AP2-MG-7SP-1SP,分拣,自动分拣N51,349.6254442201851,351.2054442201851,1.579999999999984
AP2-MG-7SP-1SP,自动打磨,自动打磨N51,351.2054442201851,352.29158699796284,1.0861427777777521
AP2-MG-7SP-1SP,桁架码垛,自动分拣N51,352.29158699796284,353.46158699796285,1.170000000000016
AP2-AE-1B3-1S,分拣,自动分拣N51,353.46158699796285,355.04158699796284,1.579999999999984
AP2-AE-1B3-1S,自动打磨,自动打磨N51,355.04158699796284,357.2259560455819,2.184369047619043
AP2-AE-1B3-1S,桁架码垛,自动分拣N51,357.2259560455819,358.3959560455819,1.170000000000016
AP2-AE-1B4-1S,分拣,自动分拣N51,358.3959560455819,359.9759560455819,1.579999999999984
AP2-AE-1B4-1S,自动打磨,自动打磨N51,359.9759560455819,362.1074913630422,2.1315353174603047
AP2-AE-1B4-1S,桁架码垛,自动分拣N51,362.1074913630422,363.2774913630422,1.170000000000016
AP2-F5-1B2S-1S,分拣,自动分拣N51,363.2774913630422,364.8574913630422,1.579999999999984
AP2-F5-1B2S-1S,自动打磨,自动打磨N51,364.8574913630422,366.537295172566,1.6798038095238326
AP2-F5-1B2S-1S,桁架码垛,自动分拣N51,366.537295172566,367.70729517256603,1.170000000000016
AP2-FB-3S-9BS,分拣,自动分拣N51,367.70729517256603,369.287295172566,1.579999999999984
AP2-FB-3S-9BS,自动打磨,自动打磨N51,369.287295172566,370.6458495376454,1.3585543650793852
AP2-FB-3S-9BS,桁架码垛,自动分拣N51,370.6458495376454,371.8158495376454,1.170000000000016
AP2-G2-3B1-1P,分拣,自动分拣N51,371.8158495376454,373.3958495376454,1.579999999999984
AP2-G2-3B1-1P,自动打磨,自动打磨N51,373.3958495376454,375.6314744582803,2.235624920634905
AP2-G2-3B1-1P,桁架码垛,自动分拣N51,375.6314744582803,376.8014744582803,1.170000000000016
TA10-F9-1SP-2SP,分拣,自动分拣N51,376.8014744582803,378.3814744582803,1.579999999999984
TA10-F9-1SP-2SP,自动打磨,自动打磨N51,378.3814744582803,380.1148642201851,1.7333897619047889
TA10-F9-1SP-2SP,桁架码垛,自动分拣N51,380.1148642201851,381.2848642201851,1.170000000000016
A03S-1292切割后的大件,天车吊运（胎架到成品区）,天车,274.21951269282505,279.21951269282505,5.0
AP2-AG-1-3BS,分拣,自动分拣N21,206.28199121832304,207.86199121832306,1.5800000000000125
AP2-AG-1-3BS,自动打磨,自动打磨N21,207.86199121832306,208.94813391673574,1.0861426984126865
AP2-AG-1-3BS,桁架码垛,自动分拣N21,208.94813391673574,210.11813391673573,1.1699999999999875
AP2-CG-1-1P,自由边打磨,人工打磨N21,206.28199121832304,207.64833542345124,1.3663442051282004
AP2-CG-1-1S,自由边打磨,人工打磨N21,207.64833542345124,209.01467962857944,1.3663442051282004
AP2-F2-2P-1BP,分拣,自动分拣N21,210.11813391673573,211.69813391673574,1.5800000000000125
AP2-F2-2P-1BP,自动打磨,自动打磨N21,211.69813391673574,213.71864605959288,2.020512142857143
AP2-F2-2P-1BP,桁架码垛,自动分拣N21,213.71864605959288,214.88864605959287,1.1699999999999875
AP2-F2-2P-1P,自由边打磨,人工打磨N21,209.01467962857944,210.33138752601533,1.3167078974358901
AP2-F2-2P-3BP,分拣,自动分拣N21,214.88864605959287,216.46864605959288,1.5800000000000125
AP2-F2-2P-3BP,自动打磨,自动打磨N21,216.46864605959288,218.90107240879922,2.432426349206338
AP2-F2-2P-3BP,桁架码垛,自动分拣N21,218.90107240879922,220.0710724087992,1.1699999999999875
AP2-F2-2P-4BP,分拣,自动分拣N21,220.0710724087992,221.65107240879922,1.5800000000000125
AP2-F2-2P-4BP,自动打磨,自动打磨N21,221.65107240879922,224.67677383737066,3.0257014285714376
AP2-F2-2P-4BP,桁架码垛,自动分拣N21,224.67677383737066,225.84677383737065,1.1699999999999875
AP2-F2-3S-1BS,分拣,自动分拣N21,225.84677383737065,227.42677383737066,1.5800000000000125
AP2-F2-3S-1BS,自动打磨,自动打磨N21,227.42677383737066,229.43436121832303,2.0075873809523728
AP2-F2-3S-1BS,桁架码垛,自动分拣N21,229.43436121832303,230.60436121832302,1.1699999999999875
AP2-F2-3S-1S,自由边打磨,人工打磨N21,210.33138752601533,211.64809537216917,1.3167078461538324
AP2-F6-2P-2P,自由边打磨,人工打磨N21,211.64809537216917,212.5491627055025,0.9010673333333443
AP2-F6-2P-4BP,分拣,自动分拣N21,230.60436121832302,232.18436121832303,1.5800000000000125
AP2-F6-2P-4BP,自动打磨,自动打磨N21,232.18436121832303,234.19297994848176,2.00861873015873
AP2-F6-2P-4BP,桁架码垛,自动分拣N21,234.19297994848176,235.36297994848175,1.1699999999999875
AP2-F6-2P-4P,自由边打磨,人工打磨N21,212.5491627055025,213.49563675678456,0.9464740512820526
AP2-F6-2P-6BP,分拣,自动分拣N21,235.36297994848175,236.94297994848176,1.5800000000000125
AP2-F6-2P-6BP,自动打磨,自动打磨N21,236.94297994848176,239.37419320245002,2.4312132539682523
AP2-F6-2P-6BP,桁架码垛,自动分拣N21,239.37419320245002,240.54419320245,1.1699999999999875
AP2-F6-3S-10BS,分拣,自动分拣N21,240.54419320245,242.12419320245002,1.5800000000000125
AP2-F6-3S-10BS,自动打磨,自动打磨N21,242.12419320245002,243.92744836118018,1.8032551587301668
AP2-F6-3S-10BS,桁架码垛,自动分拣N21,243.92744836118018,245.09744836118017,1.1699999999999875
AP2-F6-3S-2S,自由边打磨,人工打磨N21,213.49563675678456,214.42042075678455,0.9247839999999883
AP2-F6-3S-4S,自由边打磨,人工打磨N21,214.42042075678455,215.3304870131948,0.9100662564102606
AP2-F7-2-1P,分拣,自动分拣N21,245.09744836118017,246.67744836118018,1.5800000000000125
AP2-F7-2-1P,自动打磨,自动打磨N21,246.67744836118018,249.0719570913389,2.3945087301587193
AP2-F7-2-1P,桁架码垛,自动分拣N21,249.0719570913389,250.2419570913389,1.1699999999999875
AP2-F7-2-1S,分拣,自动分拣N21,250.2419570913389,251.8219570913389,1.5800000000000125
AP2-F7-2-1S,自动打磨,自动打磨N21,251.8219570913389,254.9365374087992,3.114580317460309
AP2-F7-2-1S,桁架码垛,自动分拣N21,254.9365374087992,256.1065374087992,1.170000000000016
AP2-F8-1B1-1S,分拣,自动分拣N21,256.1065374087992,257.6865374087992,1.579999999999984
AP2-F8-1B1-1S,自动打磨,自动打磨N21,257.6865374087992,259.4159024881643,1.7293650793650954
AP2-F8-1B1-1S,桁架码垛,自动分拣N21,259.4159024881643,260.5859024881643,1.170000000000016
AP2-F8-2-1P,分拣,自动分拣N21,260.5859024881643,262.1659024881643,1.579999999999984
AP2-F8-2-1P,自动打磨,自动打磨N21,262.1659024881643,264.29437685324365,2.1284743650793416
AP2-F8-2-1P,桁架码垛,自动分拣N21,264.29437685324365,265.46437685324366,1.170000000000016
AP2-FB-2P-11BP,分拣,自动分拣N21,265.46437685324366,267.04437685324365,1.579999999999984
AP2-FB-2P-11BP,自动打磨,自动打磨N21,267.04437685324365,270.15895717070396,3.114580317460309
AP2-FB-2P-11BP,桁架码垛,自动分拣N21,270.15895717070396,271.328957170704,1.170000000000016
AP2-FB-2P-2BP,分拣,自动分拣N21,271.328957170704,272.90895717070396,1.579999999999984
AP2-FB-2P-2BP,自动打磨,自动打磨N21,272.90895717070396,274.40240645641825,1.4934492857142914
AP2-FB-2P-2BP,桁架码垛,自动分拣N21,274.40240645641825,275.57240645641826,1.170000000000016
AP2-FB-2P-5BP,分拣,自动分拣N21,275.57240645641826,277.15240645641825,1.579999999999984
AP2-FB-2P-5BP,自动打磨,自动打磨N21,277.15240645641825,279.38807582149764,2.2356693650793886
AP2-FB-2P-5BP,桁架码垛,自动分拣N21,279.38807582149764,280.55807582149765,1.170000000000016
AP2-FB-3S-12BS,分拣,自动分拣N21,280.55807582149765,282.13807582149764,1.579999999999984
AP2-FB-3S-12BS,自动打磨,自动打磨N21,282.13807582149764,284.15769042467224,2.0196146031746025
AP2-FB-3S-12BS,桁架至坡口工作站,自动分拣N21,284.15769042467224,285.32439042467223,1.1666999999999916
AP2-FB-3S-13BS,分拣,自动分拣N21,285.32439042467223,286.9043904246722,1.579999999999984
AP2-FB-3S-13BS,自动打磨,自动打磨N21,286.9043904246722,289.3368166151484,2.4324261904761784
AP2-FB-3S-13BS,桁架码垛,自动分拣N21,289.3368166151484,290.5068166151484,1.170000000000016
AP2-FB-3S-4BS,分拣,自动分拣N21,290.5068166151484,292.0868166151484,1.579999999999984
AP2-FB-3S-4BS,自动打磨,自动打磨N21,292.0868166151484,294.13955677387855,2.0527401587301597
AP2-FB-3S-4BS,桁架码垛,自动分拣N21,294.13955677387855,295.30955677387857,1.170000000000016
AP2-FB-3S-8BS,分拣,自动分拣N21,295.30955677387857,296.88955677387855,1.579999999999984
AP2-FB-3S-8BS,自动打磨,自动打磨N21,296.88955677387855,298.8732837580055,1.9837269841269745
AP2-FB-3S-8BS,桁架至坡口工作站,自动分拣N21,298.8732837580055,300.0399837580055,1.1666999999999916
AP2-AE-1B1-1P,分拣,自动分拣N21,300.0399837580055,301.6199837580055,1.579999999999984
AP2-AE-1B1-1P,自动打磨,自动打磨N21,301.6199837580055,303.64230772625945,2.022323968253943
AP2-AE-1B1-1P,桁架码垛,自动分拣N21,303.64230772625945,304.81230772625946,1.170000000000016
AP2-AE-1B1-1S,分拣,自动分拣N21,304.81230772625946,306.39230772625945,1.579999999999984
AP2-AE-1B1-1S,自动打磨,自动打磨N21,306.39230772625945,308.4103789961007,2.0180712698412435
AP2-AE-1B1-1S,桁架码垛,自动分拣N21,308.4103789961007,309.5803789961007,1.170000000000016
AP2-AE-1B2-1P,分拣,自动分拣N21,309.5803789961007,311.1603789961007,1.579999999999984
AP2-AE-1B2-1P,自动打磨,自动打磨N21,311.1603789961007,312.6538281230848,1.4934491269841033
AP2-AE-1B2-1P,桁架码垛,自动分拣N21,312.6538281230848,313.8238281230848,1.170000000000016
AP2-AE-1B2-1S,分拣,自动分拣N21,313.8238281230848,315.4038281230848,1.579999999999984
AP2-AE-1B2-1S,自动打磨,自动打磨N21,315.4038281230848,317.42189915483084,2.0180710317460466
AP2-AE-1B2-1S,桁架码垛,自动分拣N21,317.42189915483084,318.59189915483086,1.170000000000016
AP2-AE-1B3-1P,分拣,自动分拣N21,318.59189915483086,320.17189915483084,1.579999999999984
AP2-AE-1B3-1P,自动打磨,自动打磨N21,320.17189915483084,322.2700416151483,2.0981424603174332
AP2-AE-1B3-1P,桁架码垛,自动分拣N21,322.2700416151483,323.4400416151483,1.170000000000016
AP2-AE-1B4-1P,分拣,自动分拣N21,323.4400416151483,325.0200416151483,1.579999999999984
AP2-AE-1B4-1P,自动打磨,自动打磨N21,325.0200416151483,327.0696834405451,2.0496418253968045
AP2-AE-1B4-1P,桁架码垛,自动分拣N21,327.0696834405451,328.2396834405451,1.170000000000016
AP2-F3-1B2S-1S,分拣,自动分拣N21,328.2396834405451,329.8196834405451,1.579999999999984
AP2-F3-1B2S-1S,自动打磨,自动打磨N21,329.8196834405451,331.8265622500689,2.006878809523812
AP2-F3-1B2S-1S,桁架码垛,自动分拣N21,331.8265622500689,332.9965622500689,1.170000000000016
AP2-F4-1B2S-1S,分拣,自动分拣N21,332.9965622500689,334.5765622500689,1.579999999999984
AP2-F4-1B2S-1S,自动打磨,自动打磨N21,334.5765622500689,336.2719701865768,1.6954079365079338
AP2-F4-1B2S-1S,桁架码垛,自动分拣N21,336.2719701865768,337.44197018657684,1.170000000000016
AP2-F4-1B3-1P,分拣,自动分拣N21,337.44197018657684,339.0219701865768,1.579999999999984
AP2-F4-1B3-1P,自动打磨,自动打磨N21,339.0219701865768,341.04429431356095,2.022324126984131
AP2-F4-1B3-1P,桁架码垛,自动分拣N21,341.04429431356095,342.21429431356097,1.170000000000016
AP2-F9-1B2S-1S,分拣,自动分拣N21,342.21429431356097,343.79429431356095,1.579999999999984
AP2-F9-1B2S-1S,自动打磨,自动打磨N21,343.79429431356095,345.7271829643546,1.9328886507936431
AP2-F9-1B2S-1S,桁架码垛,自动分拣N21,345.7271829643546,346.8971829643546,1.170000000000016
AP2-FC-1B4P-1P,分拣,自动分拣N21,346.8971829643546,348.4771829643546,1.579999999999984
AP2-FC-1B4P-1P,自动打磨,自动打磨N21,348.4771829643546,350.4859156627673,2.0087326984127003
AP2-FC-1B4P-1P,桁架码垛,自动分拣N21,350.4859156627673,351.6559156627673,1.170000000000016
A03S-1294切割后的大件,天车空驶（成品区到胎架）,天车,210.3304870131948,215.3304870131948,5.0
A03S-1294切割后的大件,天车吊运（胎架到成品区）,天车,215.3304870131948,220.3304870131948,5.0
A03S-1283,天车空驶（胎架到原料区）,天车,281.2795174741534,289.2795174741534,8.0
A03S-1283,天车吊运（原料区到胎架）,天车,289.2795174741534,292.2795174741534,3.0
AP2-F1-1SP-1SP,自由边打磨,人工打磨N51,376.296529973527,377.2927577683988,0.9962277948717997
AP2-F2-4SP-1SP,分拣,自动分拣N51,381.2848642201851,382.8648642201851,1.579999999999984
AP2-F2-4SP-1SP,自动打磨,自动打磨N51,382.8648642201851,384.15230112494703,1.2874369047619325
AP2-F2-4SP-1SP,桁架码垛,自动分拣N51,384.15230112494703,385.32230112494705,1.170000000000016
AP2-F3-2SP-1SP,分拣,自动分拣N51,385.32230112494705,386.90230112494703,1.579999999999984
AP2-F3-2SP-1SP,自动打磨,自动打磨N51,386.90230112494703,387.90230112494703,1.0
AP2-F3-2SP-1SP,桁架码垛,自动分拣N51,387.90230112494703,389.07230112494705,1.170000000000016
AP2-F2-1-2P,自由边打磨,人工打磨N51,377.2927577683988,377.9617054607065,0.6689476923077109
AP2-F2-1-2S,自由边打磨,人工打磨N51,377.9617054607065,378.63065315301424,0.6689476923077109
A03S-1283切割后的大件,天车吊运（胎架到坡口区）,天车,378.63065315301424,381.63065315301424,3.0
AP2-F1-1SP-1SP,人工坡口,人工坡口1,381.63065315301424,444.4254411530142,62.79478799999998
AP2-F2-1-2P,人工坡口,人工坡口1,444.4254411530142,451.2289691530142,6.803527999999972
AP2-F2-1-2S,人工坡口,人工坡口1,451.2289691530142,458.0524971530142,6.82352800000001
A03S-1283切割后的大件,天车吊运（坡口区到成品区）,天车,458.0524971530142,463.0524971530142,5.0
A03S-1251,天车空驶（胎架到原料区）,天车,381.63065315301424,389.63065315301424,8.0
A03S-1251,天车吊运（原料区到胎架）,天车,389.63065315301424,392.63065315301424,3.0
AP2-JMG-650P,自由边打磨,人工打磨N51,445.6048672616314,445.97010972316986,0.3652424615384575
A03S-1290,天车空驶（胎架到原料区）,天车,18.0,21.0,3.0
A03S-1290,天车吊运（原料区到胎架）,天车,21.0,24.0,3.0
AP2-JMG-650S,自由边打磨,人工打磨N51,445.97010972316986,446.51273044111855,0.5426207179486937
A03S-1251切割后的大件,天车吊运（胎架到坡口区）,天车,446.51273044111855,449.51273044111855,3.0
AP2-JMG-650P,人工坡口,人工坡口1,458.0524971530142,493.5652651530142,35.512767999999994
AP2-JMG-650S,人工坡口,人工坡口1,493.5652651530142,529.0780331530142,35.512767999999994
A03S-1251切割后的大件,天车吊运（坡口区到成品区）,天车,529.0780331530142,534.0780331530142,5.0
AP2-F3-1-1P,自由边打磨,人工打磨N21,307.1903950873877,307.4873391386697,0.2969440512820256
AP2-F3-1-1S,自由边打磨,人工打磨N21,307.4873391386697,307.7863852925159,0.2990461538461773
AP2-F4-1-1P,自由边打磨,人工打磨N21,307.7863852925159,308.3298417027723,0.5434564102563968
AP2-F4-1-1S,自由边打磨,人工打磨N21,308.3298417027723,309.007338420721,0.6774967179487135
A03S-1290切割后的大件,天车空驶（成品区到胎架）,天车,304.007338420721,309.007338420721,5.0
A03S-1290切割后的大件,天车吊运（胎架到成品区）,天车,309.007338420721,314.007338420721,5.0
E01S-1229,天车空驶（胎架到原料区）,天车,314.007338420721,322.007338420721,8.0
E01S-1229,天车吊运（原料区到胎架）,天车,322.007338420721,325.007338420721,3.0
N1-CG-2KS-1S,自由边打磨,人工打磨N21,397.31476268782876,398.08422561090566,0.769462923076901
E01S-1208,天车空驶（胎架到原料区）,天车,345.6559156627673,348.6559156627673,3.0
E01S-1208,天车吊运（原料区到胎架）,天车,348.6559156627673,351.6559156627673,3.0
N1-CG-1KP-1P,自由边打磨,人工打磨N21,398.08422561090566,398.8575650468031,0.7733394358974124
N1-F33-1SP-1BSP,分拣,自动分拣N21,397.31476268782876,398.89476268782875,1.579999999999984
N1-F33-1SP-1BSP,自动打磨,自动打磨N21,398.89476268782875,401.0855980846541,2.1908353968253778
N1-F33-1SP-1BSP,桁架码垛,自动分拣N21,401.0855980846541,402.25559808465414,1.170000000000016
N1-F33-1SP-2BSP,分拣,自动分拣N21,402.25559808465414,403.8355980846541,1.579999999999984
N1-F33-1SP-2BSP,自动打磨,自动打磨N21,403.8355980846541,406.02490483068584,2.1893067460317184
N1-F33-1SP-2BSP,桁架码垛,自动分拣N21,406.02490483068584,407.19490483068586,1.170000000000016
N1-F33-1SP-3BSP,分拣,自动分拣N21,407.19490483068586,408.77490483068584,1.579999999999984
N1-F33-1SP-3BSP,自动打磨,自动打磨N21,408.77490483068584,410.9642116560827,2.189306825396841
N1-F33-1SP-3BSP,桁架码垛,自动分拣N21,410.9642116560827,412.1342116560827,1.170000000000016
N1-F33-1SP-4BSP,分拣,自动分拣N21,412.1342116560827,413.7142116560827,1.579999999999984
N1-F33-1SP-4BSP,自动打磨,自动打磨N21,413.7142116560827,415.99710895767,2.2828973015872975
N1-F33-1SP-4BSP,桁架码垛,自动分拣N21,415.99710895767,417.16710895767,1.170000000000016
N1-F33-1SP-5BSP,分拣,自动分拣N21,417.16710895767,418.74710895767,1.579999999999984
N1-F33-1SP-5BSP,自动打磨,自动打磨N21,418.74710895767,421.03000594179696,2.282896984126978
N1-F33-1SP-5BSP,桁架码垛,自动分拣N21,421.03000594179696,422.200005941797,1.170000000000016
N1-F33-1SP-6BSP,分拣,自动分拣N21,422.200005941797,423.78000594179696,1.579999999999984
N1-F33-1SP-6BSP,自动打磨,自动打磨N21,423.78000594179696,426.24001475132076,2.4600088095237993
N1-F33-1SP-6BSP,桁架码垛,自动分拣N21,426.24001475132076,427.4100147513208,1.170000000000016
N1-F36-1P-1BP,分拣,自动分拣N21,427.4100147513208,428.99001475132076,1.579999999999984
N1-F36-1P-1BP,自动打磨,自动打磨N21,428.99001475132076,431.44013221163823,2.450117460317472
N1-F36-1P-1BP,桁架码垛,自动分拣N21,431.44013221163823,432.61013221163824,1.170000000000016
N1-F36-1P-3BP,分拣,自动分拣N21,432.61013221163824,434.19013221163823,1.579999999999984
N1-F36-1P-3BP,自动打磨,自动打磨N21,434.19013221163823,436.64024991005095,2.4501176984127255
N1-F36-1P-3BP,桁架码垛,自动分拣N21,436.64024991005095,437.81024991005097,1.170000000000016
N1-F36-1P-6BP,分拣,自动分拣N21,437.81024991005097,439.39024991005095,1.579999999999984
N1-F36-1P-6BP,自动打磨,自动打磨N21,439.39024991005095,441.8502587989398,2.460008888888865
N1-F36-1P-6BP,桁架码垛,自动分拣N21,441.8502587989398,443.02025879893984,1.170000000000016
N1-F36-2S-5BS,分拣,自动分拣N21,443.02025879893984,444.6002587989398,1.579999999999984
N1-F36-2S-5BS,自动打磨,自动打磨N21,444.6002587989398,447.2955401481462,2.6952813492063683
N1-F36-2S-5BS,桁架码垛,自动分拣N21,447.2955401481462,448.4655401481462,1.170000000000016
N1-F36-1P/C1P,分拣,自动分拣N21,448.4655401481462,450.0455401481462,1.579999999999984
N1-F36-1P/C1P,自动打磨,自动打磨N21,450.0455401481462,452.74082149735256,2.6952813492063683
N1-F36-1P/C1P,桁架码垛,自动分拣N21,452.74082149735256,453.9108214973526,1.170000000000016
N1-F36-1P/C2P,分拣,自动分拣N21,453.9108214973526,455.49082149735256,1.579999999999984
N1-F36-1P/C2P,自动打磨,自动打磨N21,455.49082149735256,457.76469871957477,2.273877222222211
N1-F36-1P/C2P,桁架码垛,自动分拣N21,457.76469871957477,458.9346987195748,1.170000000000016
E01S-1229切割后的大件,天车吊运（胎架到成品区）,天车,398.8575650468031,403.8575650468031,5.0
N1-F21-5-1P,分拣,自动分拣N21,613.4887423887872,615.0687423887872,1.580000000000041
N1-F21-5-1P,自动打磨,自动打磨N21,615.0687423887872,617.1086550078348,2.039912619047641
N1-F21-5-1P,桁架至坡口工作站,自动分拣N21,617.1086550078348,618.2753550078348,1.1666999999999916
N1-F21-5-1S,分拣,自动分拣N21,618.2753550078348,619.8553550078349,1.580000000000041
N1-F21-5-1S,自动打磨,自动打磨N21,619.8553550078349,622.1350598491047,2.2797048412697904
N1-F21-5-1S,桁架至坡口工作站,自动分拣N21,622.1350598491047,623.3017598491047,1.1666999999999916
N1-F22-5-1P,分拣,自动分拣N21,623.3017598491047,624.8817598491047,1.580000000000041
N1-F22-5-1P,自动打磨,自动打磨N21,624.8817598491047,627.1614646903745,2.2797048412697904
N1-F22-5-1P,桁架至坡口工作站,自动分拣N21,627.1614646903745,628.3281646903745,1.1666999999999916
N1-F22-5-1S,分拣,自动分拣N21,628.3281646903745,629.9081646903745,1.580000000000041
N1-F22-5-1S,自动打磨,自动打磨N21,629.9081646903745,631.7375159602158,1.8293512698412542
N1-F22-5-1S,桁架至坡口工作站,自动分拣N21,631.7375159602158,632.9042159602158,1.1666999999999916
N1-F23-5-1P,分拣,自动分拣N21,632.9042159602158,634.4842159602158,1.580000000000041
N1-F23-5-1P,自动打磨,自动打磨N21,634.4842159602158,636.3135673094222,1.8293513492063767
N1-F23-5-1P,桁架至坡口工作站,自动分拣N21,636.3135673094222,637.4802673094222,1.1666999999999916
N1-F23-5-1S,分拣,自动分拣N21,637.4802673094222,639.0602673094222,1.580000000000041
N1-F23-5-1S,自动打磨,自动打磨N21,639.0602673094222,640.8559899284699,1.7957226190476376
N1-F23-5-1S,桁架至坡口工作站,自动分拣N21,640.8559899284699,642.0226899284698,1.1666999999999916
N1-F24-5-1P,分拣,自动分拣N21,642.0226899284698,643.6026899284699,1.580000000000041
N1-F24-5-1P,自动打磨,自动打磨N21,643.6026899284699,645.0134238967239,1.4107339682540214
N1-F24-5-1P,桁架至坡口工作站,自动分拣N21,645.0134238967239,646.1801238967239,1.1666999999999916
N1-F24-5-1S,分拣,自动分拣N21,646.1801238967239,647.7601238967239,1.580000000000041
N1-F24-5-1S,自动打磨,自动打磨N21,647.7601238967239,649.5641640554541,1.8040401587301176
N1-F24-5-1S,桁架至坡口工作站,自动分拣N21,649.5641640554541,650.730864055454,1.1666999999999916
N1-F25-5-1P,分拣,自动分拣N21,650.730864055454,652.3108640554541,1.580000000000041
N1-F25-5-1P,自动打磨,自动打磨N21,652.3108640554541,653.8717674681525,1.5609034126983943
N1-F25-5-1P,桁架至坡口工作站,自动分拣N21,653.8717674681525,655.0384674681525,1.1666999999999916
N1-F25-5-1S,分拣,自动分拣N21,655.0384674681525,656.6184674681525,1.580000000000041
N1-F25-5-1S,自动打磨,自动打磨N21,656.6184674681525,660.0318027062477,3.4133352380952147
N1-F25-5-1S,桁架至坡口工作站,自动分拣N21,660.0318027062477,661.1985027062477,1.1666999999999916
N1-F26-5-1P,分拣,自动分拣N21,661.1985027062477,662.7785027062478,1.580000000000041
N1-F26-5-1P,自动打磨,自动打磨N21,662.7785027062478,664.4013334998986,1.6228307936507917
N1-F26-5-1P,桁架至坡口工作站,自动分拣N21,664.4013334998986,665.5680334998985,1.1666999999999916
N1-F26-5-1S,分拣,自动分拣N21,665.5680334998985,667.1480334998986,1.580000000000041
N1-F26-5-1S,自动打磨,自动打磨N21,667.1480334998986,670.4512977856128,3.303264285714249
N1-F26-5-1S,桁架至坡口工作站,自动分拣N21,670.4512977856128,671.6179977856128,1.1666999999999916
N1-F27-2-1P,分拣,自动分拣N21,671.6179977856128,673.1979977856129,1.580000000000041
N1-F27-2-1P,自动打磨,自动打磨N21,673.1979977856129,674.6029984205335,1.4050006349206114
N1-F27-2-1P,桁架至坡口工作站,自动分拣N21,674.6029984205335,675.7696984205335,1.1666999999999916
N1-F27-2-1S,分拣,自动分拣N21,675.7696984205335,677.3496984205335,1.580000000000041
N1-F27-2-1S,自动打磨,自动打磨N21,677.3496984205335,679.1696392935494,1.8199408730158666
N1-F27-2-1S,桁架至坡口工作站,自动分拣N21,679.1696392935494,680.3363392935494,1.1666999999999916
N1-F28-3-1P,分拣,自动分拣N21,680.3363392935494,681.9163392935494,1.580000000000041
N1-F28-3-1P,自动打磨,自动打磨N21,681.9163392935494,683.4128374681526,1.4964981746031754
N1-F28-3-1P,桁架至坡口工作站,自动分拣N21,683.4128374681526,684.5795374681526,1.1666999999999916
N1-F28-3-1S,分拣,自动分拣N21,684.5795374681526,686.1595374681526,1.580000000000041
N1-F28-3-1S,自动打磨,自动打磨N21,686.1595374681526,687.7765869919622,1.6170495238095555
N1-F28-3-1S,桁架至坡口工作站,自动分拣N21,687.7765869919622,688.9432869919622,1.1666999999999916
N1-F29-3-1P,分拣,自动分拣N21,688.9432869919622,690.5232869919622,1.580000000000041
N1-F29-3-1P,自动打磨,自动打磨N21,690.5232869919622,692.3417986586289,1.8185116666667227
N1-F29-3-1P,桁架至坡口工作站,自动分拣N21,692.3417986586289,693.5084986586289,1.1666999999999916
N1-F29-3-1S,分拣,自动分拣N21,693.5084986586289,695.088498658629,1.580000000000041
N1-F29-3-1S,自动打磨,自动打磨N21,695.088498658629,697.889643737994,2.8011450793650283
N1-F29-3-1S,桁架至坡口工作站,自动分拣N21,697.889643737994,699.056343737994,1.1666999999999916
E01S-1246,天车空驶（胎架到原料区）,天车,403.8575650468031,411.8575650468031,8.0
E01S-1246,天车吊运（原料区到胎架）,天车,411.8575650468031,414.8575650468031,3.0
N1-F19-2-1BS,分拣,自动分拣N51,498.0398223299542,499.61982232995416,1.579999999999984
N1-F19-2-1BS,自动打磨,自动打磨N51,499.61982232995416,501.0305562982081,1.4107339682539646
N1-F19-2-1BS,桁架码垛,自动分拣N51,501.0305562982081,502.20055629820814,1.170000000000016
N1-F33-1B1K-1P,分拣,自动分拣N51,502.20055629820814,503.7805562982081,1.579999999999984
N1-F33-1B1K-1P,自动打磨,自动打磨N51,503.7805562982081,506.5817013775732,2.801145079365085
N1-F33-1B1K-1P,桁架码垛,自动分拣N51,506.5817013775732,507.7517013775732,1.170000000000016
N1-F32-2B1-1P,分拣,自动分拣N51,507.7517013775732,509.3317013775732,1.579999999999984
N1-F32-2B1-1P,自动打磨,自动打磨N51,509.3317013775732,511.16105264741446,1.8293512698412542
N1-F32-2B1-1P,桁架码垛,自动分拣N51,511.16105264741446,512.3310526474145,1.170000000000016
N1-F26-3B1S-1S,分拣,自动分拣N51,512.3310526474145,513.9110526474145,1.580000000000041
N1-F26-3B1S-1S,自动打磨,自动打磨N51,513.9110526474145,517.3243878855097,3.4133352380952147
N1-F26-3B1S-1S,桁架码垛,自动分拣N51,517.3243878855097,518.4943878855097,1.169999999999959
N1-F28-4B1S-1S,分拣,自动分拣N51,518.4943878855097,520.0743878855097,1.580000000000041
N1-F28-4B1S-1S,自动打磨,自动打磨N51,520.0743878855097,521.6972186791605,1.6228307936507917
N1-F28-4B1S-1S,桁架码垛,自动分拣N51,521.6972186791605,522.8672186791605,1.169999999999959
N1-AG-3-1P,分拣,自动分拣N51,522.8672186791605,524.4472186791605,1.580000000000041
N1-AG-3-1P,自动打磨,自动打磨N51,524.4472186791605,526.4871312982082,2.039912619047641
N1-AG-3-1P,桁架码垛,自动分拣N51,526.4871312982082,527.6571312982081,1.169999999999959
N1-F17-1B1-1P,分拣,自动分拣N51,527.6571312982081,529.2371312982082,1.580000000000041
N1-F17-1B1-1P,自动打磨,自动打磨N51,529.2371312982082,531.516836139478,2.2797048412697904
N1-F17-1B1-1P,桁架码垛,自动分拣N51,531.516836139478,532.6868361394779,1.169999999999959
N1-F17-1B1-1S,分拣,自动分拣N51,532.6868361394779,534.266836139478,1.580000000000041
N1-F17-1B1-1S,自动打磨,自动打磨N51,534.266836139478,536.5465409807477,2.2797048412697904
N1-F17-1B1-1S,桁架码垛,自动分拣N51,536.5465409807477,537.7165409807477,1.169999999999959
N1-F29-4B1P-1P,分拣,自动分拣N51,537.7165409807477,539.2965409807477,1.580000000000041
N1-F29-4B1P-1P,自动打磨,自动打磨N51,539.2965409807477,542.599805266462,3.303264285714249
N1-F29-4B1P-1P,桁架码垛,自动分拣N51,542.599805266462,543.769805266462,1.169999999999959
N1-F30-2B1P-1P,分拣,自动分拣N51,543.769805266462,545.349805266462,1.580000000000041
N1-F30-2B1P-1P,自动打磨,自动打磨N51,545.349805266462,546.8463034410652,1.4964981746031754
N1-F30-2B1P-1P,桁架码垛,自动分拣N51,546.8463034410652,548.0163034410651,1.169999999999959
N1-F30-4B1P-1P,分拣,自动分拣N51,548.0163034410651,549.5963034410652,1.580000000000041
N1-F30-4B1P-1P,自动打磨,自动打磨N51,549.5963034410652,551.4148151077319,1.8185116666667227
N1-F30-4B1P-1P,桁架码垛,自动分拣N51,551.4148151077319,552.5848151077319,1.169999999999959
N1-F32-2B1-1S,分拣,自动分拣N51,552.5848151077319,554.1648151077319,1.580000000000041
N1-F32-2B1-1S,自动打磨,自动打磨N51,554.1648151077319,555.9941664569383,1.8293513492063767
N1-F32-2B1-1S,桁架码垛,自动分拣N51,555.9941664569383,557.1641664569382,1.169999999999959
N1-AG-3-1S,分拣,自动分拣N51,557.1641664569382,558.7441664569383,1.580000000000041
N1-AG-3-1S,自动打磨,自动打磨N51,558.7441664569383,560.7840790759859,2.039912619047641
N1-AG-3-1S,桁架码垛,自动分拣N51,560.7840790759859,561.9540790759859,1.169999999999959
N1-F27-4B1S-1S,分拣,自动分拣N51,561.9540790759859,563.5340790759859,1.580000000000041
N1-F27-4B1S-1S,自动打磨,自动打磨N51,563.5340790759859,565.3540199490018,1.8199408730158666
N1-F27-4B1S-1S,桁架码垛,自动分拣N51,565.3540199490018,566.5240199490017,1.169999999999959
N1-F33-1B1K-1S,分拣,自动分拣N51,566.5240199490017,568.1040199490018,1.580000000000041
N1-F33-1B1K-1S,自动打磨,自动打磨N51,568.1040199490018,570.9051652664621,2.801145317460282
N1-F33-1B1K-1S,桁架码垛,自动分拣N51,570.9051652664621,572.075165266462,1.169999999999959
N1-F21-1B1P-1P,分拣,自动分拣N51,572.075165266462,573.6551652664621,1.580000000000041
N1-F21-1B1P-1P,自动打磨,自动打磨N51,573.6551652664621,575.2160686791605,1.5609034126983943
N1-F21-1B1P-1P,桁架码垛,自动分拣N51,575.2160686791605,576.3860686791604,1.169999999999959
N1-F30-1B1P-1P,分拣,自动分拣N51,576.3860686791604,577.9660686791605,1.580000000000041
N1-F30-1B1P-1P,自动打磨,自动打磨N51,577.9660686791605,579.3710693140811,1.4050006349206114
N1-F30-1B1P-1P,桁架码垛,自动分拣N51,579.3710693140811,580.541069314081,1.169999999999959
N1-F31-1B1P-1P,分拣,自动分拣N51,580.541069314081,582.1210693140811,1.580000000000041
N1-F31-1B1P-1P,自动打磨,自动打磨N51,582.1210693140811,583.7381188378906,1.6170495238095555
N1-F31-1B1P-1P,桁架码垛,自动分拣N51,583.7381188378906,584.9081188378906,1.169999999999959
N1-F34-2B1-1S,分拣,自动分拣N51,584.9081188378906,586.4881188378906,1.580000000000041
N1-F34-2B1-1S,自动打磨,自动打磨N51,586.4881188378906,588.2838414569383,1.7957226190476376
N1-F34-2B1-1S,桁架码垛,自动分拣N51,588.2838414569383,589.4538414569382,1.169999999999959
N1-F35-1B1-1P,分拣,自动分拣N51,589.4538414569382,591.0338414569383,1.580000000000041
N1-F35-1B1-1P,自动打磨,自动打磨N51,591.0338414569383,592.8378816156684,1.8040401587301176
N1-F35-1B1-1P,桁架码垛,自动分拣N51,592.8378816156684,594.0078816156683,1.169999999999959
E01S-1209,天车空驶（胎架到原料区）,天车,463.0524971530142,466.0524971530142,3.0
E01S-1209,天车吊运（原料区到胎架）,天车,466.0524971530142,469.0524971530142,3.0
N1-F19-2-1P,分拣,自动分拣N21,699.056343737994,700.636343737994,1.580000000000041
N1-F19-2-1P,自动打磨,自动打磨N21,700.636343737994,703.4374890554543,2.801145317460282
N1-F19-2-1P,桁架至坡口工作站,自动分拣N21,703.4374890554543,704.6041890554543,1.1666999999999916
N1-F19-2-1S,分拣,自动分拣N21,704.6041890554543,705.6041890554543,1.0
N1-F19-2-1S,桁架至坡口工作站,自动分拣N21,705.6041890554543,706.7708890554543,1.1666999999999916
N1-F20-5-1P,分拣,自动分拣N21,706.7708890554543,708.3508890554543,1.580000000000041
N1-F20-5-1P,自动打磨,自动打磨N21,708.3508890554543,709.7313186586289,1.380429603174548
N1-F20-5-1P,桁架至坡口工作站,自动分拣N21,709.7313186586289,710.8980186586289,1.1666999999999916
N1-F20-5-1S,分拣,自动分拣N21,710.8980186586289,712.4780186586289,1.580000000000041
N1-F20-5-1S,自动打磨,自动打磨N21,712.4780186586289,714.4657842935495,1.9877656349206063
N1-F20-5-1S,桁架至坡口工作站,自动分拣N21,714.4657842935495,715.6324842935495,1.1666999999999916
E01S-1223,天车空驶（胎架到原料区）,天车,693.056343737994,696.056343737994,3.0
E01S-1223,天车吊运（原料区到胎架）,天车,696.056343737994,699.056343737994,3.0
N1-F31-4P-1P,分拣,自动分拣N21,732.7870311181575,734.3670311181576,1.580000000000041
N1-F31-4P-1P,自动打磨,自动打磨N21,734.3670311181576,736.5769736578401,2.2099425396825154
N1-F31-4P-1P,桁架码垛,自动分拣N21,736.5769736578401,737.74697365784,1.169999999999959
N1-F31-5S-1S,分拣,自动分拣N21,737.74697365784,739.3269736578401,1.580000000000041
N1-F31-5S-1S,自动打磨,自动打磨N21,739.3269736578401,740.569970562602,1.242996904761867
N1-F31-5S-1S,桁架码垛,自动分拣N21,740.569970562602,741.7399705626019,1.169999999999959
N1-F32-6P-1P,分拣,自动分拣N21,741.7399705626019,743.319970562602,1.580000000000041
N1-F32-6P-1P,自动打磨,自动打磨N21,743.319970562602,744.5629673879988,1.2429968253968582
N1-F32-6P-1P,桁架码垛,自动分拣N21,744.5629673879988,745.7329673879988,1.169999999999959
N1-F32-7S-1S,分拣,自动分拣N21,745.7329673879988,747.3129673879988,1.580000000000041
N1-F32-7S-1S,自动打磨,自动打磨N21,747.3129673879988,749.5229099276813,2.2099425396825154
N1-F32-7S-1S,桁架码垛,自动分拣N21,749.5229099276813,750.6929099276813,1.169999999999959
E01S-1211,天车空驶（胎架到原料区）,天车,449.51273044111855,452.51273044111855,3.0
E01S-1211,天车吊运（原料区到胎架）,天车,452.51273044111855,455.51273044111855,3.0
E01S-1211切割后的大件,天车吊运（胎架到坡口区）,天车,521.626732632352,524.626732632352,3.0
N1-CG-2KS-2S,人工坡口,人工坡口1,529.0780331530142,549.2536131530142,20.175579999999968
N1-F29-7S-1S,人工坡口,人工坡口1,549.2536131530142,565.5737251530142,16.320111999999995
N1-F31-8S-1S,人工坡口,人工坡口1,565.5737251530142,592.9179691530142,27.344244000000003
E01S-1211切割后的大件,天车吊运（坡口区到成品区）,天车,592.9179691530142,597.9179691530142,5.0
A03S-1304,天车空驶（胎架到原料区）,天车,534.0780331530142,542.0780331530142,8.0
A03S-1304,天车吊运（原料区到胎架）,天车,542.0780331530142,545.0780331530142,3.0
AP2-FC-1-1P,自由边打磨,人工打磨N51,567.3766342971272,569.0313473227683,1.6547130256410583
AP2-FC-1-1S,自由边打磨,人工打磨N51,569.0313473227683,570.6860602971273,1.6547129743589721
A03S-1304切割后的大件,天车吊运（胎架到成品区）,天车,570.6860602971273,575.6860602971273,5.0
A03S-1274,天车空驶（胎架到原料区）,天车,575.6860602971273,583.6860602971273,8.0
A03S-1274,天车吊运（原料区到胎架）,天车,583.6860602971273,586.6860602971273,3.0
AP2-818-1S,分拣,自动分拣N51,612.6198352730424,614.1998352730425,1.580000000000041
AP2-818-1S,自动打磨,自动打磨N51,614.1998352730425,616.1523765428838,1.9525412698412765
AP2-818-1S,桁架码垛,自动分拣N51,616.1523765428838,617.3223765428837,1.169999999999959
AP2-821-1P,分拣,自动分拣N51,617.3223765428837,618.9023765428838,1.580000000000041
AP2-821-1P,自动打磨,自动打磨N51,618.9023765428838,620.6982746381218,1.7958980952380443
AP2-821-1P,桁架码垛,自动分拣N51,620.6982746381218,621.8682746381218,1.169999999999959
AP2-821-1S,分拣,自动分拣N51,621.8682746381218,623.4482746381218,1.580000000000041
AP2-821-1S,自动打磨,自动打磨N51,623.4482746381218,625.2441740032011,1.7958993650793218
AP2-821-1S,桁架码垛,自动分拣N51,625.2441740032011,626.4141740032011,1.169999999999959
AP2-823-1P,分拣,自动分拣N51,626.4141740032011,627.9941740032011,1.580000000000041
AP2-823-1P,自动打磨,自动打磨N51,627.9941740032011,629.8058833682804,1.8117093650793095
AP2-823-1P,桁架码垛,自动分拣N51,629.8058833682804,630.9758833682804,1.169999999999959
AP2-823-1S,分拣,自动分拣N51,630.9758833682804,632.5558833682804,1.580000000000041
AP2-823-1S,自动打磨,自动打磨N51,632.5558833682804,634.3675927333597,1.8117093650793095
AP2-823-1S,桁架码垛,自动分拣N51,634.3675927333597,635.5375927333597,1.169999999999959
AP2-826-1P,分拣,自动分拣N51,635.5375927333597,637.1175927333597,1.580000000000041
AP2-826-1P,自动打磨,自动打磨N51,637.1175927333597,638.8679974952645,1.750404761904747
AP2-826-1P,桁架码垛,自动分拣N51,638.8679974952645,640.0379974952644,1.169999999999959
AP2-826-1S,分拣,自动分拣N51,640.0379974952644,641.6179974952645,1.580000000000041
AP2-826-1S,自动打磨,自动打磨N51,641.6179974952645,643.3684022571692,1.750404761904747
AP2-826-1S,桁架码垛,自动分拣N51,643.3684022571692,644.5384022571692,1.169999999999959
AP2-829-1S,分拣,自动分拣N51,644.5384022571692,646.1184022571692,1.580000000000041
AP2-829-1S,自动打磨,自动打磨N51,646.1184022571692,648.0709436857406,1.9525414285714078
AP2-829-1S,桁架码垛,自动分拣N51,648.0709436857406,649.2409436857406,1.169999999999959
AP2-831-1P,分拣,自动分拣N51,649.2409436857406,650.8209436857406,1.580000000000041
AP2-831-1P,自动打磨,自动打磨N51,650.8209436857406,652.5074605905025,1.686516904761902
AP2-831-1P,桁架码垛,自动分拣N51,652.5074605905025,653.6774605905025,1.169999999999959
AP2-831-1S,分拣,自动分拣N51,653.6774605905025,655.2574605905025,1.580000000000041
AP2-831-1S,自动打磨,自动打磨N51,655.2574605905025,656.9440686063756,1.6866080158730483
AP2-831-1S,桁架码垛,自动分拣N51,656.9440686063756,658.1140686063756,1.169999999999959
AP2-832-1P,分拣,自动分拣N51,658.1140686063756,659.6940686063756,1.580000000000041
AP2-832-1P,自动打磨,自动打磨N51,659.6940686063756,661.4029546381216,1.708886031746033
AP2-832-1P,桁架码垛,自动分拣N51,661.4029546381216,662.5729546381216,1.169999999999959
AP2-832-1S,分拣,自动分拣N51,662.5729546381216,664.1529546381216,1.580000000000041
AP2-832-1S,自动打磨,自动打磨N51,664.1529546381216,665.8619321778042,1.7089775396825644
AP2-832-1S,桁架码垛,自动分拣N51,665.8619321778042,667.0319321778042,1.169999999999959
AP2-830-1P,分拣,自动分拣N51,667.0319321778042,668.6119321778042,1.580000000000041
AP2-830-1P,自动打磨,自动打磨N51,668.6119321778042,670.2942671778042,1.6823349999999664
AP2-830-1P,桁架码垛,自动分拣N51,670.2942671778042,671.4642671778041,1.169999999999959
AP2-830-1S,分拣,自动分拣N51,671.4642671778041,673.0442671778042,1.580000000000041
AP2-830-1S,自动打磨,自动打磨N51,673.0442671778042,674.7266021778041,1.6823349999999664
AP2-830-1S,桁架码垛,自动分拣N51,674.7266021778041,675.8966021778041,1.169999999999959
AP2-833-1P,分拣,自动分拣N51,675.8966021778041,677.4766021778041,1.580000000000041
AP2-833-1P,自动打磨,自动打磨N51,677.4766021778041,680.0811320984391,2.6045299206349455
AP2-833-1P,桁架码垛,自动分拣N51,680.0811320984391,681.251132098439,1.169999999999959
AP2-833-1S,分拣,自动分拣N51,681.251132098439,682.8311320984391,1.580000000000041
AP2-833-1S,自动打磨,自动打磨N51,682.8311320984391,684.9089757492327,2.077843650793625
AP2-833-1S,桁架码垛,自动分拣N51,684.9089757492327,686.0789757492327,1.169999999999959
A03S-1287,天车空驶（胎架到原料区）,天车,709.6324842935495,712.6324842935495,3.0
A03S-1287,天车吊运（原料区到胎架）,天车,712.6324842935495,715.6324842935495,3.0
AP2-F2-3S-5BS,分拣,自动分拣N21,767.4614268675963,769.0414268675963,1.580000000000041
AP2-F2-3S-5BS,自动打磨,自动打磨N21,769.0414268675963,770.7182227406122,1.6767958730158625
AP2-F2-3S-5BS,桁架至坡口工作站,自动分拣N21,770.7182227406122,771.8849227406122,1.1666999999999916
AP2-F5-1P-1P,自由边打磨,人工打磨N21,767.4614268675963,767.7560279958014,0.2946011282051586
A03S-1297,天车空驶（胎架到原料区）,天车,597.9179691530142,600.9179691530142,3.0
A03S-1297,天车吊运（原料区到胎架）,天车,600.9179691530142,603.9179691530142,3.0
AP2-F5-2S-1S,自由边打磨,人工打磨N21,767.7560279958014,768.0844130214425,0.32838502564106875
AP2-F6-2P-7BP,分拣,自动分拣N21,771.8849227406122,773.4649227406122,1.580000000000041
AP2-F6-2P-7BP,自动打磨,自动打磨N21,773.4649227406122,775.1368974231519,1.6719746825397124
AP2-F6-2P-7BP,桁架码垛,自动分拣N21,775.1368974231519,776.3068974231519,1.169999999999959
TA10-F9-1SP-3SP,分拣,自动分拣N21,776.3068974231519,777.8868974231519,1.580000000000041
TA10-F9-1SP-3SP,自动打磨,自动打磨N21,777.8868974231519,779.5588720263265,1.67197460317459
TA10-F9-1SP-3SP,桁架码垛,自动分拣N21,779.5588720263265,780.7288720263265,1.169999999999959
A03S-1287切割后的大件,天车吊运（胎架到成品区）,天车,768.0844130214425,773.0844130214425,5.0
AP2-F6-3S-4BS,分拣,自动分拣N51,686.0789757492327,687.6589757492327,1.580000000000041
AP2-F6-3S-4BS,自动打磨,自动打磨N51,687.6589757492327,690.028616066693,2.3696403174602665
AP2-F6-3S-4BS,桁架码垛,自动分拣N51,690.028616066693,691.1986160666929,1.169999999999959
AP2-FB-2P-7BP,分拣,自动分拣N51,691.1986160666929,692.778616066693,1.580000000000041
AP2-FB-2P-7BP,自动打磨,自动打磨N51,692.778616066693,694.1526154317723,1.373999365079385
AP2-FB-2P-7BP,桁架码垛,自动分拣N51,694.1526154317723,695.3226154317723,1.169999999999959
AP2-FB-2P-8BP,分拣,自动分拣N51,695.3226154317723,696.9026154317723,1.580000000000041
AP2-FB-2P-8BP,自动打磨,自动打磨N51,696.9026154317723,700.7137544793914,3.811139047619008
AP2-FB-2P-8BP,桁架码垛,自动分拣N51,700.7137544793914,701.8837544793913,1.169999999999959
AP2-FB-3S-10BS,分拣,自动分拣N51,701.8837544793913,703.4637544793914,1.580000000000041
AP2-FB-3S-10BS,自动打磨,自动打磨N51,703.4637544793914,705.8333948762167,2.369640396825389
AP2-FB-3S-10BS,桁架码垛,自动分拣N51,705.8333948762167,707.0033948762167,1.169999999999959
AP2-FB-3S-3BS,分拣,自动分拣N51,707.0033948762167,708.5833948762167,1.580000000000041
AP2-FB-3S-3BS,自动打磨,自动打磨N51,708.5833948762167,712.3945339238358,3.811139047619008
AP2-FB-3S-3BS,桁架码垛,自动分拣N51,712.3945339238358,713.5645339238357,1.169999999999959
AP2-FB-3S-6BS,分拣,自动分拣N51,713.5645339238357,715.1445339238358,1.580000000000041
AP2-FB-3S-6BS,自动打磨,自动打磨N51,715.1445339238358,717.7398367809786,2.595302857142883
AP2-FB-3S-6BS,桁架码垛,自动分拣N51,717.7398367809786,718.9098367809786,1.169999999999959
AP2-G2-2-1P,自由边打磨,人工打磨N51,649.7099424239133,649.9516035521184,0.24166112820512353
AP2-G2-2-1S,自由边打磨,人工打磨N51,649.9516035521184,650.9824146290415,1.0308110769231007
A03S-1297切割后的大件,天车空驶（成品区到胎架）,天车,645.9824146290415,650.9824146290415,5.0
A03S-1297切割后的大件,天车吊运（胎架到成品区）,天车,650.9824146290415,655.9824146290415,5.0
A03S-1305,天车空驶（胎架到原料区）,天车,739.6929099276813,747.6929099276813,8.0
A03S-1305,天车吊运（原料区到胎架）,天车,747.6929099276813,750.6929099276813,3.0
AP2-F8-2-1S,分拣,自动分拣N21,805.743969969655,807.3239699696551,1.580000000000041
AP2-F8-2-1S,自动打磨,自动打磨N21,807.3239699696551,810.2261051283853,2.902135158730175
AP2-F8-2-1S,桁架码垛,自动分拣N21,810.2261051283853,811.3961051283852,1.169999999999959
TA10-CG-1-1P,自由边打磨,人工打磨N21,805.743969969655,807.3986829952961,1.6547130256410583
A03S-1296,天车空驶（胎架到原料区）,天车,774.7288720263265,777.7288720263265,3.0
A03S-1296,天车吊运（原料区到胎架）,天车,777.7288720263265,780.7288720263265,3.0
TA10-CG-1-1S,自由边打磨,人工打磨N21,807.3986829952961,808.6277549952961,1.2290719999999737
AP2-G2-1B1-1P,分拣,自动分拣N21,811.3961051283852,812.9761051283853,1.580000000000041
AP2-G2-1B1-1P,自动打磨,自动打磨N21,812.9761051283853,814.4994221918773,1.5233170634920725
AP2-G2-1B1-1P,桁架码垛,自动分拣N21,814.4994221918773,815.6694221918773,1.169999999999959
AP2-G3-4B4-1P,分拣,自动分拣N21,815.6694221918773,817.2494221918773,1.580000000000041
AP2-G3-4B4-1P,自动打磨,自动打磨N21,817.2494221918773,818.6874723506074,1.4380501587301069
AP2-G3-4B4-1P,桁架码垛,自动分拣N21,818.6874723506074,819.8574723506074,1.169999999999959
AP2-G3-4B5-1P,分拣,自动分拣N21,819.8574723506074,821.4374723506074,1.580000000000041
AP2-G3-4B5-1P,自动打磨,自动打磨N21,821.4374723506074,822.9607885410836,1.52331619047618
AP2-G3-4B5-1P,桁架码垛,自动分拣N21,822.9607885410836,824.1307885410836,1.169999999999959
AP2-G4-4B1-1P,分拣,自动分拣N21,824.1307885410836,825.7107885410836,1.580000000000041
AP2-G4-4B1-1P,自动打磨,自动打磨N21,825.7107885410836,827.1488386998137,1.4380501587301069
AP2-G4-4B1-1P,桁架码垛,自动分拣N21,827.1488386998137,828.3188386998137,1.169999999999959
AP2-AE-1B5-1P,分拣,自动分拣N21,828.3188386998137,829.8988386998137,1.580000000000041
AP2-AE-1B5-1P,自动打磨,自动打磨N21,829.8988386998137,832.8009739379089,2.902135238095184
AP2-AE-1B5-1P,桁架码垛,自动分拣N21,832.8009739379089,833.9709739379089,1.169999999999959
AP2-AE-1B5-1S,分拣,自动分拣N21,833.9709739379089,835.5509739379089,1.580000000000041
AP2-AE-1B5-1S,自动打磨,自动打磨N21,835.5509739379089,838.4531090966391,2.902135158730175
AP2-AE-1B5-1S,桁架码垛,自动分拣N21,838.4531090966391,839.623109096639,1.169999999999959
TA10-F6-1SP-5SP,分拣,自动分拣N21,839.623109096639,841.2031090966391,1.580000000000041
TA10-F6-1SP-5SP,自动打磨,自动打磨N21,841.2031090966391,842.7403374299724,1.5372283333333598
TA10-F6-1SP-5SP,桁架码垛,自动分拣N21,842.7403374299724,843.9103374299724,1.169999999999959
A03S-1305切割后的大件,天车吊运（胎架到成品区）,天车,808.6277549952961,813.6277549952961,5.0
AP2-F2-3S-4BS,分拣,自动分拣N21,847.697520123319,849.277520123319,1.580000000000041
AP2-F2-3S-4BS,自动打磨,自动打磨N21,849.277520123319,850.8331379804619,1.5556178571428063
AP2-F2-3S-4BS,桁架码垛,自动分拣N21,850.8331379804619,852.0031379804618,1.169999999999959
AP2-FB-2P-6BP,分拣,自动分拣N21,852.0031379804618,853.5831379804619,1.580000000000041
AP2-FB-2P-6BP,自动打磨,自动打磨N21,853.5831379804619,854.8984994883983,1.3153615079364727
AP2-FB-2P-6BP,桁架码垛,自动分拣N21,854.8984994883983,856.0684994883983,1.169999999999959
AP2-FB-3S-7BS,分拣,自动分拣N21,856.0684994883983,857.6484994883983,1.580000000000041
AP2-FB-3S-7BS,自动打磨,自动打磨N21,857.6484994883983,858.9701123852237,1.3216128968253997
AP2-FB-3S-7BS,桁架码垛,自动分拣N21,858.9701123852237,860.1401123852237,1.169999999999959
AP2-FC-1B1P-1P,分拣,自动分拣N21,860.1401123852237,861.7201123852237,1.580000000000041
AP2-FC-1B1P-1P,自动打磨,自动打磨N21,861.7201123852237,863.0345153614142,1.3144029761904221
AP2-FC-1B1P-1P,桁架码垛,自动分拣N21,863.0345153614142,864.2045153614141,1.169999999999959
AP2-FC-1B2S-1S,分拣,自动分拣N21,864.2045153614141,865.7845153614142,1.580000000000041
AP2-FC-1B2S-1S,自动打磨,自动打磨N21,865.7845153614142,866.9895514725252,1.2050361111110988
AP2-FC-1B2S-1S,桁架码垛,自动分拣N21,866.9895514725252,868.1595514725252,1.169999999999959
AP2-G1-1B1P-1P,分拣,自动分拣N21,868.1595514725252,869.7395514725252,1.580000000000041
AP2-G1-1B1P-1P,自动打磨,自动打磨N21,869.7395514725252,870.9445875836363,1.2050361111110988
AP2-G1-1B1P-1P,桁架码垛,自动分拣N21,870.9445875836363,872.1145875836363,1.169999999999959
AP2-G1-1B2S-1S,分拣,自动分拣N21,872.1145875836363,873.6945875836363,1.580000000000041
AP2-G1-1B2S-1S,自动打磨,自动打磨N21,873.6945875836363,874.8996236947474,1.2050361111110988
AP2-G1-1B2S-1S,桁架码垛,自动分拣N21,874.8996236947474,876.0696236947474,1.169999999999959
AP2-G1-2B1P-1P,分拣,自动分拣N21,876.0696236947474,877.6496236947474,1.580000000000041
AP2-G1-2B1P-1P,自动打磨,自动打磨N21,877.6496236947474,878.8546598058585,1.2050361111110988
AP2-G1-2B1P-1P,桁架码垛,自动分拣N21,878.8546598058585,880.0246598058585,1.169999999999959
AP2-G1-2B2S-1S,分拣,自动分拣N21,880.0246598058585,881.6046598058585,1.580000000000041
AP2-G1-2B2S-1S,自动打磨,自动打磨N21,881.6046598058585,882.8096959169696,1.2050361111110988
AP2-G1-2B2S-1S,桁架码垛,自动分拣N21,882.8096959169696,883.9796959169696,1.169999999999959
AP2-G3-1B1-1P,分拣,自动分拣N21,883.9796959169696,885.5596959169696,1.580000000000041
AP2-G3-1B1-1P,自动打磨,自动打磨N21,885.5596959169696,886.7647320280807,1.2050361111110988
AP2-G3-1B1-1P,桁架码垛,自动分拣N21,886.7647320280807,887.9347320280807,1.169999999999959
AP2-G3-1B1-1S,分拣,自动分拣N21,887.9347320280807,889.5147320280807,1.580000000000041
AP2-G3-1B1-1S,自动打磨,自动打磨N21,889.5147320280807,890.7197681391918,1.2050361111110988
AP2-G3-1B1-1S,桁架码垛,自动分拣N21,890.7197681391918,891.8897681391918,1.169999999999959
AP2-G3-2B1-1P,分拣,自动分拣N21,891.8897681391918,893.4697681391918,1.580000000000041
AP2-G3-2B1-1P,自动打磨,自动打磨N21,893.4697681391918,894.6748042503029,1.2050361111110988
AP2-G3-2B1-1P,桁架码垛,自动分拣N21,894.6748042503029,895.8448042503029,1.169999999999959
AP2-G3-2B1-1S,分拣,自动分拣N21,895.8448042503029,897.4248042503029,1.580000000000041
AP2-G3-2B1-1S,自动打磨,自动打磨N21,897.4248042503029,898.629840361414,1.2050361111110988
AP2-G3-2B1-1S,桁架码垛,自动分拣N21,898.629840361414,899.799840361414,1.169999999999959
AP2-G4-1B1-1P,分拣,自动分拣N21,899.799840361414,901.379840361414,1.580000000000041
AP2-G4-1B1-1P,自动打磨,自动打磨N21,901.379840361414,902.5848764725251,1.2050361111110988
AP2-G4-1B1-1P,桁架码垛,自动分拣N21,902.5848764725251,903.7548764725251,1.169999999999959
AP2-G4-1B1-1S,分拣,自动分拣N21,903.7548764725251,905.3348764725251,1.580000000000041
AP2-G4-1B1-1S,自动打磨,自动打磨N21,905.3348764725251,906.5399125836362,1.2050361111110988
AP2-G4-1B1-1S,桁架码垛,自动分拣N21,906.5399125836362,907.7099125836362,1.169999999999959
AP2-G4-2B1-1P,分拣,自动分拣N21,907.7099125836362,909.2899125836362,1.580000000000041
AP2-G4-2B1-1P,自动打磨,自动打磨N21,909.2899125836362,910.4949486947473,1.2050361111110988
AP2-G4-2B1-1P,桁架码垛,自动分拣N21,910.4949486947473,911.6649486947473,1.169999999999959
AP2-G4-2B1-1S,分拣,自动分拣N21,911.6649486947473,913.2449486947473,1.580000000000041
AP2-G4-2B1-1S,自动打磨,自动打磨N21,913.2449486947473,914.4499848058584,1.2050361111110988
AP2-G4-2B1-1S,桁架码垛,自动分拣N21,914.4499848058584,915.6199848058584,1.169999999999959
AP2-G5-1B1-1P,分拣,自动分拣N21,915.6199848058584,917.1999848058584,1.580000000000041
AP2-G5-1B1-1P,自动打磨,自动打磨N21,917.1999848058584,918.4050209169695,1.2050361111110988
AP2-G5-1B1-1P,桁架码垛,自动分拣N21,918.4050209169695,919.5750209169695,1.169999999999959
AP2-G5-1B1-1S,分拣,自动分拣N21,919.5750209169695,921.1550209169695,1.580000000000041
AP2-G5-1B1-1S,自动打磨,自动打磨N21,921.1550209169695,922.3600570280806,1.2050361111110988
AP2-G5-1B1-1S,桁架码垛,自动分拣N21,922.3600570280806,923.5300570280806,1.169999999999959
AP2-G5-2B1-1P,分拣,自动分拣N21,923.5300570280806,925.1100570280806,1.580000000000041
AP2-G5-2B1-1P,自动打磨,自动打磨N21,925.1100570280806,926.3150931391917,1.2050361111110988
AP2-G5-2B1-1P,桁架码垛,自动分拣N21,926.3150931391917,927.4850931391917,1.169999999999959
AP2-G5-2B1-1S,分拣,自动分拣N21,927.4850931391917,929.0650931391917,1.580000000000041
AP2-G5-2B1-1S,自动打磨,自动打磨N21,929.0650931391917,930.2701292503028,1.2050361111110988
AP2-G5-2B1-1S,桁架码垛,自动分拣N21,930.2701292503028,931.4401292503028,1.169999999999959
AP2-SGF-1SP-4BSP,分拣,自动分拣N21,931.4401292503028,932.4401292503028,1.0
A03S-1293,天车空驶（胎架到原料区）,天车,832.9103374299724,840.9103374299724,8.0
A03S-1293,天车吊运（原料区到胎架）,天车,840.9103374299724,843.9103374299724,3.0
AP2-F2-2P-3P,分拣,自动分拣N21,932.4401292503028,934.0201292503028,1.580000000000041
AP2-F2-2P-3P,自动打磨,自动打磨N21,934.0201292503028,935.1062719487155,1.0861426984126865
AP2-F2-2P-3P,桁架码垛,自动分拣N21,935.1062719487155,936.2762719487155,1.169999999999959
AP2-F2-3S-3S,分拣,自动分拣N21,936.2762719487155,937.8562719487155,1.580000000000041
AP2-F2-3S-3S,自动打磨,自动打磨N21,937.8562719487155,939.2843490915726,1.4280771428570915
AP2-F2-3S-3S,桁架码垛,自动分拣N21,939.2843490915726,940.4543490915726,1.169999999999959
AP2-F6-2P-3P,自由边打磨,人工打磨N21,891.3563745432224,891.9521024919403,0.5957279487179221
A03S-1299,天车空驶（胎架到原料区）,天车,680.0789757492327,683.0789757492327,3.0
A03S-1299,天车吊运（原料区到胎架）,天车,683.0789757492327,686.0789757492327,3.0
AP2-F6-3S-3S,自由边打磨,人工打磨N21,891.9521024919403,892.4740802868121,0.5219777948717592
AP2-F0-1B3-1P,分拣,自动分拣N21,940.4543490915726,942.0343490915726,1.580000000000041
AP2-F0-1B3-1P,自动打磨,自动打磨N21,942.0343490915726,943.1204917899853,1.0861426984126865
AP2-F0-1B3-1P,桁架码垛,自动分拣N21,943.1204917899853,944.2904917899853,1.169999999999959
AP2-F0-1B3-1S,分拣,自动分拣N21,944.2904917899853,945.8704917899853,1.580000000000041
AP2-F0-1B3-1S,自动打磨,自动打磨N21,945.8704917899853,947.680188456652,1.8096966666666958
AP2-F0-1B3-1S,桁架码垛,自动分拣N21,947.680188456652,948.850188456652,1.169999999999959
AP2-F3-1B3-1P,分拣,自动分拣N21,948.850188456652,950.430188456652,1.580000000000041
AP2-F3-1B3-1P,自动打磨,自动打磨N21,950.430188456652,951.533157424906,1.1029689682540038
AP2-F3-1B3-1P,桁架码垛,自动分拣N21,951.533157424906,952.703157424906,1.169999999999959
AP2-F4-1B3-1S,分拣,自动分拣N21,952.703157424906,954.283157424906,1.580000000000041
AP2-F4-1B3-1S,自动打磨,自动打磨N21,954.283157424906,956.2249913137949,1.9418338888889366
AP2-F4-1B3-1S,桁架码垛,自动分拣N21,956.2249913137949,957.3949913137949,1.169999999999959
AP2-FA-1B4-1P,分拣,自动分拣N21,957.3949913137949,958.9749913137949,1.580000000000041
AP2-FA-1B4-1P,自动打磨,自动打磨N21,958.9749913137949,962.1603086947473,3.1853173809523696
AP2-FA-1B4-1P,桁架码垛,自动分拣N21,962.1603086947473,963.3303086947473,1.169999999999959
AP2-FA-1B4-1S,分拣,自动分拣N21,963.3303086947473,964.9103086947473,1.580000000000041
AP2-FA-1B4-1S,自动打磨,自动打磨N21,964.9103086947473,968.0018140122077,3.09150531746036
AP2-FA-1B4-1S,桁架码垛,自动分拣N21,968.0018140122077,969.1718140122076,1.169999999999959
A03S-1293切割后的大件,天车吊运（胎架到成品区）,天车,892.4740802868121,897.4740802868121,5.0
AP2-G2-1B2-1S,分拣,自动分拣N51,731.7853569169048,733.3653569169048,1.580000000000041
AP2-G2-1B2-1S,自动打磨,自动打磨N51,733.3653569169048,734.7393562819842,1.373999365079385
AP2-G2-1B2-1S,桁架码垛,自动分拣N51,734.7393562819842,735.9093562819842,1.169999999999959
AP2-G3-4B3-1S,分拣,自动分拣N51,735.9093562819842,737.4893562819842,1.580000000000041
AP2-G3-4B3-1S,自动打磨,自动打磨N51,737.4893562819842,740.6280517581747,3.1386954761904917
AP2-G3-4B3-1S,桁架码垛,自动分拣N51,740.6280517581747,741.7980517581747,1.169999999999959
AP2-G4-4B3-1P,分拣,自动分拣N51,741.7980517581747,743.3780517581747,1.580000000000041
AP2-G4-4B3-1P,自动打磨,自动打磨N51,743.3780517581747,746.3972434248413,3.019191666666643
AP2-G4-4B3-1P,桁架码垛,自动分拣N51,746.3972434248413,747.5672434248413,1.169999999999959
AP2-G4-4B3-1S,分拣,自动分拣N51,747.5672434248413,749.1472434248413,1.580000000000041
AP2-G4-4B3-1S,自动打磨,自动打磨N51,749.1472434248413,750.5212427899207,1.373999365079385
AP2-G4-4B3-1S,桁架码垛,自动分拣N51,750.5212427899207,751.6912427899207,1.169999999999959
AP2-G5-4B3-1P,分拣,自动分拣N51,751.6912427899207,753.2712427899207,1.580000000000041
AP2-G5-4B3-1P,自动打磨,自动打磨N51,753.2712427899207,756.3108781073811,3.039635317460352
AP2-G5-4B3-1P,桁架码垛,自动分拣N51,756.3108781073811,757.480878107381,1.169999999999959
AP2-G5-4B3-1S,分拣,自动分拣N51,757.480878107381,759.0608781073811,1.580000000000041
AP2-G5-4B3-1S,自动打磨,自动打磨N51,759.0608781073811,760.4348774724605,1.373999365079385
AP2-G5-4B3-1S,桁架码垛,自动分拣N51,760.4348774724605,761.6048774724604,1.169999999999959
AP2-G2-1B1-1S,分拣,自动分拣N51,761.6048774724604,763.1848774724605,1.580000000000041
AP2-G2-1B1-1S,自动打磨,自动打磨N51,763.1848774724605,764.5588768375399,1.373999365079385
AP2-G2-1B1-1S,桁架码垛,自动分拣N51,764.5588768375399,765.7288768375398,1.169999999999959
AP2-G3-4B4-1S,分拣,自动分拣N51,765.7288768375398,767.3088768375399,1.580000000000041
AP2-G3-4B4-1S,自动打磨,自动打磨N51,767.3088768375399,768.6828762026192,1.373999365079385
AP2-G3-4B4-1S,桁架码垛,自动分拣N51,768.6828762026192,769.8528762026192,1.169999999999959
AP2-G3-4B5-1S,分拣,自动分拣N51,769.8528762026192,771.4328762026192,1.580000000000041
AP2-G3-4B5-1S,自动打磨,自动打磨N51,771.4328762026192,774.4408715994447,3.007995396825436
AP2-G3-4B5-1S,桁架码垛,自动分拣N51,774.4408715994447,775.6108715994446,1.169999999999959
AP2-G4-4B1-1S,分拣,自动分拣N51,775.6108715994446,777.1908715994447,1.580000000000041
AP2-G4-4B1-1S,自动打磨,自动打磨N51,777.1908715994447,778.5648709645241,1.373999365079385
AP2-G4-4B1-1S,桁架码垛,自动分拣N51,778.5648709645241,779.734870964524,1.169999999999959
AP2-G4-4B2-1P,分拣,自动分拣N51,779.734870964524,781.3148709645241,1.580000000000041
AP2-G4-4B2-1P,自动打磨,自动打磨N51,781.3148709645241,784.3228664407145,3.0079954761904446
AP2-G4-4B2-1P,桁架码垛,自动分拣N51,784.3228664407145,785.4928664407145,1.169999999999959
AP2-G4-4B2-1S,分拣,自动分拣N51,785.4928664407145,787.0728664407145,1.580000000000041
AP2-G4-4B2-1S,自动打磨,自动打磨N51,787.0728664407145,788.4468658057939,1.373999365079385
AP2-G4-4B2-1S,桁架码垛,自动分拣N51,788.4468658057939,789.6168658057939,1.169999999999959
AP2-G5-4B1-1P,分拣,自动分拣N51,789.6168658057939,791.1968658057939,1.580000000000041
AP2-G5-4B1-1P,自动打磨,自动打磨N51,791.1968658057939,794.2160575518257,3.0191917460317654
AP2-G5-4B1-1P,桁架码垛,自动分拣N51,794.2160575518257,795.3860575518256,1.169999999999959
AP2-G5-4B1-1S,分拣,自动分拣N51,795.3860575518256,796.9660575518257,1.580000000000041
AP2-G5-4B1-1S,自动打磨,自动打磨N51,796.9660575518257,800.0056927899209,3.0396352380952294
AP2-G5-4B1-1S,桁架码垛,自动分拣N51,800.0056927899209,801.1756927899208,1.169999999999959
AP2-G5-4B2-1P,分拣,自动分拣N51,801.1756927899208,802.7556927899209,1.580000000000041
AP2-G5-4B2-1P,自动打磨,自动打磨N51,802.7556927899209,804.1296921550003,1.373999365079385
AP2-G5-4B2-1P,桁架码垛,自动分拣N51,804.1296921550003,805.2996921550002,1.169999999999959
AP2-G5-4B2-1S,分拣,自动分拣N51,805.2996921550002,806.8796921550003,1.580000000000041
AP2-G5-4B2-1S,自动打磨,自动打磨N51,806.8796921550003,808.2536915200797,1.373999365079385
AP2-G5-4B2-1S,桁架码垛,自动分拣N51,808.2536915200797,809.4236915200796,1.169999999999959
AP2-G2-4S-1S,分拣,自动分拣N51,809.4236915200796,811.0036915200797,1.580000000000041
AP2-G2-4S-1S,自动打磨,自动打磨N51,811.0036915200797,813.5989920756352,2.595300555555582
AP2-G2-4S-1S,桁架码垛,自动分拣N51,813.5989920756352,814.7689920756352,1.169999999999959
AP2-G2-4S-2S,分拣,自动分拣N51,814.7689920756352,816.3489920756352,1.580000000000041
AP2-G2-4S-2S,自动打磨,自动打磨N51,816.3489920756352,817.7229914407146,1.373999365079385
AP2-G2-4S-2S,桁架码垛,自动分拣N51,817.7229914407146,818.8929914407146,1.169999999999959
AP2-G2-4S-3S,自由边打磨,人工打磨N51,731.7853569169048,733.167283173315,1.3819262564102246
AP2-G2-1B2-1P,分拣,自动分拣N51,818.8929914407146,820.4729914407146,1.580000000000041
AP2-G2-1B2-1P,自动打磨,自动打磨N51,820.4729914407146,823.0682920756352,2.5953006349205907
AP2-G2-1B2-1P,桁架码垛,自动分拣N51,823.0682920756352,824.2382920756352,1.169999999999959
AP2-G3-4B3-1P,分拣,自动分拣N51,824.2382920756352,825.8182920756352,1.580000000000041
AP2-G3-4B3-1P,自动打磨,自动打磨N51,825.8182920756352,827.1922914407146,1.373999365079385
AP2-G3-4B3-1P,桁架码垛,自动分拣N51,827.1922914407146,828.3622914407146,1.169999999999959
A03S-1299切割后的大件,天车空驶（成品区到胎架）,天车,728.167283173315,733.167283173315,5.0
A03S-1299切割后的大件,天车吊运（胎架到成品区）,天车,733.167283173315,738.167283173315,5.0
A03S-1295,天车空驶（胎架到原料区）,天车,921.4401292503028,929.4401292503028,8.0
A03S-1295,天车吊运（原料区到胎架）,天车,929.4401292503028,932.4401292503028,3.0
AP2-F2-2P-8BP,分拣,自动分拣N21,980.4160193743305,981.9960193743306,1.580000000000041
AP2-F2-2P-8BP,自动打磨,自动打磨N21,981.9960193743306,983.2010554854417,1.2050361111110988
AP2-F2-2P-8BP,桁架码垛,自动分拣N21,983.2010554854417,984.3710554854416,1.169999999999959
AP2-F2-3S-7BS,分拣,自动分拣N21,984.3710554854416,985.9510554854417,1.580000000000041
AP2-F2-3S-7BS,自动打磨,自动打磨N21,985.9510554854417,987.9601479457591,2.009092460317447
AP2-F2-3S-7BS,桁架码垛,自动分拣N21,987.9601479457591,989.1301479457591,1.169999999999959
AP2-F2-3S-8BS,分拣,自动分拣N21,989.1301479457591,990.1301479457591,1.0
AP2-F6-2P-1BP,分拣,自动分拣N21,990.1301479457591,991.7101479457591,1.580000000000041
AP2-F6-2P-1BP,自动打磨,自动打磨N21,991.7101479457591,992.9151840568702,1.2050361111110988
AP2-F6-2P-1BP,桁架码垛,自动分拣N21,992.9151840568702,994.0851840568702,1.169999999999959
AP2-F6-2P-1P,自由边打磨,人工打磨N21,980.4160193743305,981.0762281435613,0.660208769230735
A03S-1301,天车空驶（胎架到原料区）,天车,715.6324842935495,718.6324842935495,3.0
A03S-1301,天车吊运（原料区到胎架）,天车,718.6324842935495,721.6324842935495,3.0
AP2-F6-3S-1S,自由边打磨,人工打磨N21,981.0762281435613,981.7287446563818,0.6525165128205117
AP2-F6-3S-6BS,分拣,自动分拣N21,994.0851840568702,995.6651840568702,1.580000000000041
AP2-F6-3S-6BS,自动打磨,自动打磨N21,995.6651840568702,996.8702201679813,1.2050361111110988
AP2-F6-3S-6BS,桁架码垛,自动分拣N21,996.8702201679813,998.0402201679813,1.169999999999959
AP2-F6-3S-7BS,分拣,自动分拣N21,998.0402201679813,999.6202201679813,1.580000000000041
AP2-F6-3S-7BS,自动打磨,自动打磨N21,999.6202201679813,1002.0519291362352,2.431708968253929
AP2-F6-3S-7BS,桁架码垛,自动分拣N21,1002.0519291362352,1003.2219291362352,1.169999999999959
AP2-FB-2P-9BP,分拣,自动分拣N21,1003.2219291362352,1004.8019291362352,1.580000000000041
AP2-FB-2P-9BP,自动打磨,自动打磨N21,1004.8019291362352,1006.8095801679813,2.007651031746036
AP2-FB-2P-9BP,桁架码垛,自动分拣N21,1006.8095801679813,1007.9795801679812,1.169999999999959
AP2-FB-3S-14BS,分拣,自动分拣N21,1007.9795801679812,1009.5595801679813,1.580000000000041
AP2-FB-3S-14BS,自动打磨,自动打磨N21,1009.5595801679813,1011.4006438187749,1.8410636507936715
AP2-FB-3S-14BS,桁架码垛,自动分拣N21,1011.4006438187749,1012.5706438187749,1.169999999999959
AP2-FB-3S-15BS,分拣,自动分拣N21,1012.5706438187749,1014.1506438187749,1.580000000000041
AP2-FB-3S-15BS,自动打磨,自动打磨N21,1014.1506438187749,1016.5823527870289,2.431708968253929
AP2-FB-3S-15BS,桁架码垛,自动分拣N21,1016.5823527870289,1017.7523527870288,1.169999999999959
AP2-FB-3S-16BS,分拣,自动分拣N21,1017.7523527870288,1019.3323527870289,1.580000000000041
AP2-FB-3S-16BS,自动打磨,自动打磨N21,1019.3323527870289,1021.3529856441717,2.0206328571428003
AP2-FB-3S-16BS,桁架码垛,自动分拣N21,1021.3529856441717,1022.5229856441716,1.169999999999959
AP2-F3-1B3-1S,分拣,自动分拣N21,1022.5229856441716,1024.1029856441717,1.580000000000041
AP2-F3-1B3-1S,自动打磨,自动打磨N21,1024.1029856441717,1026.1107842156002,2.007798571428566
AP2-F3-1B3-1S,桁架码垛,自动分拣N21,1026.1107842156002,1027.2807842156003,1.1700000000000728
AP2-FC-1B3-1P,分拣,自动分拣N21,1027.2807842156003,1028.8607842156002,1.5799999999999272
AP2-FC-1B3-1P,自动打磨,自动打磨N21,1028.8607842156002,1033.1292761203622,4.268491904761959
AP2-FC-1B3-1P,桁架码垛,自动分拣N21,1033.1292761203622,1034.2992761203623,1.1700000000000728
AP2-FC-1B3-1S,分拣,自动分拣N21,1034.2992761203623,1035.8792761203622,1.5799999999999272
AP2-FC-1B3-1S,自动打磨,自动打磨N21,1035.8792761203622,1037.574776993378,1.695500873015817
AP2-FC-1B3-1S,桁架码垛,自动分拣N21,1037.574776993378,1038.744776993378,1.1700000000000728
AP2-G2-3B1-1S,分拣,自动分拣N21,1038.744776993378,1040.324776993378,1.5799999999999272
AP2-G2-3B1-1S,自动打磨,自动打磨N21,1040.324776993378,1042.3325294536955,2.0077524603175334
AP2-G2-3B1-1S,桁架码垛,自动分拣N21,1042.3325294536955,1043.5025294536956,1.1700000000000728
A03S-1295切割后的大件,天车吊运（胎架到成品区）,天车,981.7287446563818,986.7287446563818,5.0
AP2-AG-1-1P,自由边打磨,人工打磨N51,781.8790451057152,782.1207062339204,0.24166112820512353
AP2-G3-6S-1S,分拣,自动分拣N51,828.3622914407146,829.9422914407146,1.580000000000041
AP2-G3-6S-1S,自动打磨,自动打磨N51,829.9422914407146,830.9422914407146,1.0
AP2-G3-6S-1S,桁架码垛,自动分拣N51,830.9422914407146,832.1122914407146,1.169999999999959
A03S-1301切割后的大件,天车空驶（成品区到胎架）,天车,780.7288720263265,785.7288720263265,5.0
A03S-1301切割后的大件,天车吊运（胎架到成品区）,天车,785.7288720263265,790.7288720263265,5.0
A03S-1286,天车空驶（胎架到原料区）,天车,958.1718140122076,966.1718140122076,8.0
A03S-1286,天车吊运（原料区到胎架）,天车,966.1718140122076,969.1718140122076,3.0
AP2-FA-2SP-1SP,自由边打磨,人工打磨N21,1036.1551104893574,1036.6334185919216,0.47830810256414225
A03S-1288,天车空驶（胎架到原料区）,天车,822.3622914407146,825.3622914407146,3.0
A03S-1288,天车吊运（原料区到胎架）,天车,825.3622914407146,828.3622914407146,3.0
AP2-MG-2SP-1SP,分拣,自动分拣N21,1043.5025294536956,1045.0825294536955,1.5799999999999272
AP2-MG-2SP-1SP,自动打磨,自动打磨N21,1045.0825294536955,1047.155906834648,2.073377380952479
AP2-MG-2SP-1SP,桁架至坡口工作站,自动分拣N21,1047.155906834648,1048.322606834648,1.1666999999999916
AP2-MG-4SP-1SP,分拣,自动分拣N21,1048.322606834648,1049.902606834648,1.5799999999999272
AP2-MG-4SP-1SP,自动打磨,自动打磨N21,1049.902606834648,1052.0060354854415,2.103428650793603
AP2-MG-4SP-1SP,桁架至坡口工作站,自动分拣N21,1052.0060354854415,1053.1727354854415,1.1666999999999916
AP2-MG-5SP-1SP,分拣,自动分拣N21,1053.1727354854415,1054.7527354854415,1.5799999999999272
AP2-MG-5SP-1SP,自动打磨,自动打磨N21,1054.7527354854415,1056.8562047711557,2.1034692857142545
AP2-MG-5SP-1SP,桁架至坡口工作站,自动分拣N21,1056.8562047711557,1058.0229047711557,1.1666999999999916
AP2-MG-8SP-1SP,分拣,自动分拣N21,1058.0229047711557,1059.6029047711556,1.5799999999999272
AP2-MG-8SP-1SP,自动打磨,自动打磨N21,1059.6029047711556,1061.0309819140127,1.4280771428570915
AP2-MG-8SP-1SP,桁架至坡口工作站,自动分拣N21,1061.0309819140127,1062.1976819140127,1.1666999999999916
AP2-SGF-1SP-28BSP,分拣,自动分拣N21,1062.1976819140127,1063.7776819140126,1.5799999999999272
AP2-SGF-1SP-28BSP,自动打磨,自动打磨N21,1063.7776819140126,1065.3528936600444,1.575211746031755
AP2-SGF-1SP-28BSP,桁架至坡口工作站,自动分拣N21,1065.3528936600444,1066.5195936600444,1.1666999999999916
AP2-SGF-1SP-29BSP,分拣,自动分拣N21,1066.5195936600444,1068.0995936600443,1.5799999999999272
AP2-SGF-1SP-29BSP,自动打磨,自动打磨N21,1068.0995936600443,1069.74269453306,1.6431008730157828
AP2-SGF-1SP-29BSP,桁架至坡口工作站,自动分拣N21,1069.74269453306,1070.90939453306,1.1666999999999916
AP2-F0-2-1P,分拣,自动分拣N21,1070.90939453306,1072.48939453306,1.5799999999999272
AP2-F0-2-1P,自动打磨,自动打磨N21,1072.48939453306,1074.119023501314,1.6296289682538827
AP2-F0-2-1P,桁架至坡口工作站,自动分拣N21,1074.119023501314,1075.285723501314,1.1666999999999916
AP2-F0-2-1S,分拣,自动分拣N21,1075.285723501314,1076.8657235013138,1.5799999999999272
AP2-F0-2-1S,自动打磨,自动打磨N21,1076.8657235013138,1078.9743978663932,2.1086743650794233
AP2-F0-2-1S,桁架至坡口工作站,自动分拣N21,1078.9743978663932,1080.1410978663932,1.1666999999999916
AP2-F0-3-1P,分拣,自动分拣N21,1080.1410978663932,1081.7210978663932,1.5799999999999272
AP2-F0-3-1P,自动打磨,自动打磨N21,1081.7210978663932,1083.3340644536947,1.612966587301571
AP2-F0-3-1P,桁架至坡口工作站,自动分拣N21,1083.3340644536947,1084.5007644536947,1.1666999999999916
AP2-F0-3-1S,分拣,自动分拣N21,1084.5007644536947,1086.0807644536947,1.5799999999999272
AP2-F0-3-1S,自动打磨,自动打磨N21,1086.0807644536947,1087.6937082632185,1.6129438095238129
AP2-F0-3-1S,桁架至坡口工作站,自动分拣N21,1087.6937082632185,1088.8604082632185,1.1666999999999916
AP2-FA-1B3W-1P,分拣,自动分拣N21,1088.8604082632185,1090.4404082632184,1.5799999999999272
AP2-FA-1B3W-1P,自动打磨,自动打磨N21,1090.4404082632184,1092.120211993377,1.67980373015871
AP2-FA-1B3W-1P,桁架码垛,自动分拣N21,1092.120211993377,1093.2902119933772,1.1700000000000728
AP2-FA-1B3W-1S,分拣,自动分拣N21,1093.2902119933772,1094.870211993377,1.5799999999999272
AP2-FA-1B3W-1S,自动打磨,自动打磨N21,1094.870211993377,1096.6079315965517,1.7377196031745825
AP2-FA-1B3W-1S,桁架码垛,自动分拣N21,1096.6079315965517,1097.7779315965518,1.1700000000000728
AP2-FA-3K-1P,分拣,自动分拣N21,1097.7779315965518,1099.3579315965517,1.5799999999999272
AP2-FA-3K-1P,自动打磨,自动打磨N21,1099.3579315965517,1101.1225301679804,1.764598571428678
AP2-FA-3K-1P,桁架至坡口工作站,自动分拣N21,1101.1225301679804,1102.2892301679803,1.1666999999999916
AP2-FA-3K-1S,分拣,自动分拣N21,1102.2892301679803,1103.8692301679803,1.5799999999999272
AP2-FA-3K-1S,自动打磨,自动打磨N21,1103.8692301679803,1105.6338253267104,1.764595158730117
AP2-FA-3K-1S,桁架至坡口工作站,自动分拣N21,1105.6338253267104,1106.8005253267104,1.1666999999999916
AP2-SGF-1SP-5BSP,分拣,自动分拣N21,1106.8005253267104,1108.3805253267103,1.5799999999999272
AP2-SGF-1SP-5BSP,自动打磨,自动打磨N21,1108.3805253267103,1109.8383285806785,1.4578032539682226
AP2-SGF-1SP-5BSP,桁架码垛,自动分拣N21,1109.8383285806785,1111.0083285806786,1.1700000000000728
AP2-SGF-1SP-6BSP,分拣,自动分拣N21,1111.0083285806786,1112.5883285806785,1.5799999999999272
AP2-SGF-1SP-6BSP,自动打磨,自动打磨N21,1112.5883285806785,1114.3311361203612,1.7428075396826443
AP2-SGF-1SP-6BSP,桁架码垛,自动分拣N21,1114.3311361203612,1115.5011361203613,1.1700000000000728
AP2-SGF-1SP-7BSP,分拣,自动分拣N21,1115.5011361203613,1117.0811361203612,1.5799999999999272
AP2-SGF-1SP-7BSP,自动打磨,自动打磨N21,1117.0811361203612,1119.190976040996,2.1098399206348404
AP2-SGF-1SP-7BSP,桁架码垛,自动分拣N21,1119.190976040996,1120.360976040996,1.1700000000000728
AP2-SGF-1SP-8BSP,分拣,自动分拣N21,1120.360976040996,1121.940976040996,1.5799999999999272
AP2-SGF-1SP-8BSP,自动打磨,自动打磨N21,1121.940976040996,1123.6837549298848,1.742778888888779
AP2-SGF-1SP-8BSP,桁架码垛,自动分拣N21,1123.6837549298848,1124.8537549298849,1.1700000000000728
A03S-1286切割后的大件,天车吊运（胎架到坡口区）,天车,1036.6334185919216,1039.6334185919216,3.0
AP2-FA-2SP-1SP,人工坡口,人工坡口1,1039.6334185919216,1060.9174145919214,21.28399599999989
A03S-1286切割后的大件,天车吊运（坡口区到成品区）,天车,1060.9174145919214,1065.9174145919214,5.0
AP2-FB-1SP-1SP,自由边打磨,人工打磨N51,886.6784483077702,887.00202405136,0.32357574358979946
AP2-G2-1P-1P,自由边打磨,人工打磨N51,887.00202405136,887.3255996923856,0.3235756410256272
AP2-MG-1SP-1P,自由边打磨,人工打磨N51,887.3255996923856,887.381261077001,0.05566138461540504
A03S-1288切割后的大件,天车空驶（成品区到胎架）,天车,882.381261077001,887.381261077001,5.0
A03S-1288切割后的大件,天车吊运（胎架到成品区）,天车,887.381261077001,892.381261077001,5.0
A03S-1300,天车空驶（胎架到原料区）,天车,1039.6334185919216,1047.6334185919216,8.0
A03S-1300,天车吊运（原料区到胎架）,天车,1047.6334185919216,1050.6334185919216,3.0
AP2-AG-1-2P,自由边打磨,人工打磨N21,1112.4335535910593,1113.4643596423414,1.0308060512820703
A03S-1277,天车空驶（胎架到原料区）,天车,843.9103374299724,846.9103374299724,3.0
A03S-1277,天车吊运（原料区到胎架）,天车,846.9103374299724,849.9103374299724,3.0
AP2-AG-1-2S,自由边打磨,人工打磨N21,1113.4643596423414,1114.4951656936234,1.0308060512820703
A03S-1300切割后的大件,天车吊运（胎架到成品区）,天车,1114.4951656936234,1119.4951656936234,5.0
AP2-G2-4B1S-1S,分拣,自动分拣N51,958.4747644129124,960.0547644129124,1.580000000000041
AP2-G2-4B1S-1S,自动打磨,自动打磨N51,960.0547644129124,962.5965454446584,2.5417810317460408
AP2-G2-4B1S-1S,桁架码垛,自动分拣N51,962.5965454446584,963.7665454446584,1.169999999999959
AP2-G4-4B4-1P,分拣,自动分拣N51,963.7665454446584,965.3465454446584,1.580000000000041
AP2-G4-4B4-1P,自动打磨,自动打磨N51,965.3465454446584,968.2271017144997,2.880556269841236
AP2-G4-4B4-1P,桁架码垛,自动分拣N51,968.2271017144997,969.3971017144996,1.169999999999959
AP2-G4-4B4-1S,分拣,自动分拣N51,969.3971017144996,970.9771017144997,1.580000000000041
AP2-G4-4B4-1S,自动打磨,自动打磨N51,970.9771017144997,973.857658063706,2.8805563492063584
AP2-G4-4B4-1S,桁架码垛,自动分拣N51,973.857658063706,975.027658063706,1.169999999999959
AP2-G5-4B4-1P,分拣,自动分拣N51,975.027658063706,976.607658063706,1.580000000000041
AP2-G5-4B4-1P,自动打磨,自动打磨N51,976.607658063706,977.9975298891029,1.389871825396881
AP2-G5-4B4-1P,桁架码垛,自动分拣N51,977.9975298891029,979.1675298891029,1.169999999999959
AP2-G5-4B4-1S,分拣,自动分拣N51,979.1675298891029,980.7475298891029,1.580000000000041
AP2-G5-4B4-1S,自动打磨,自动打磨N51,980.7475298891029,982.2661806827537,1.5186507936507496
AP2-G5-4B4-1S,桁架码垛,自动分拣N51,982.2661806827537,983.4361806827536,1.169999999999959
AP2-SGF-1SP-10SP,自由边打磨,人工打磨N51,958.4747644129124,958.7266815923995,0.25191717948712267
A03S-1285,天车空驶（胎架到原料区）,天车,897.4740802868121,905.4740802868121,8.0
A03S-1285,天车吊运（原料区到胎架）,天车,905.4740802868121,908.4740802868121,3.0
AP2-SGF-1SP-1SP,自由边打磨,人工打磨N51,958.7266815923995,959.0618097975276,0.33512820512817143
A03S-1277切割后的大件,天车吊运（胎架到成品区）,天车,969.1718140122076,974.1718140122076,5.0
AP2-F2-2P-6BP,分拣,自动分拣N51,1039.3235895164062,1040.903589516406,1.5799999999999272
AP2-F2-2P-6BP,自动打磨,自动打磨N51,1040.903589516406,1042.6489337227554,1.745344206349273
AP2-F2-2P-6BP,桁架码垛,自动分拣N51,1042.6489337227554,1043.8189337227554,1.1700000000000728
AP2-F6-2P-8BP,分拣,自动分拣N51,1043.8189337227554,1045.3989337227554,1.5799999999999272
AP2-F6-2P-8BP,自动打磨,自动打磨N51,1045.3989337227554,1047.1442777703744,1.745344047619028
AP2-F6-2P-8BP,桁架码垛,自动分拣N51,1047.1442777703744,1048.3142777703745,1.1700000000000728
AP2-F6-3S-8BS,分拣,自动分拣N51,1048.3142777703745,1049.8942777703744,1.5799999999999272
AP2-F6-3S-8BS,自动打磨,自动打磨N51,1049.8942777703744,1050.980420468787,1.0861426984126865
AP2-F6-3S-8BS,桁架码垛,自动分拣N51,1050.980420468787,1052.1504204687872,1.1700000000000728
TA10-G13-1B1-1P,分拣,自动分拣N51,1052.1504204687872,1053.730420468787,1.5799999999999272
TA10-G13-1B1-1P,自动打磨,自动打磨N51,1053.730420468787,1055.0633570560888,1.332936587301674
TA10-G13-1B1-1P,桁架码垛,自动分拣N51,1055.0633570560888,1056.2333570560888,1.1700000000000728
TA10-G13-1B1-1S,分拣,自动分拣N51,1056.2333570560888,1057.8133570560888,1.5799999999999272
TA10-G13-1B1-1S,自动打磨,自动打磨N51,1057.8133570560888,1059.4254236433903,1.6120665873015696
TA10-G13-1B1-1S,桁架码垛,自动分拣N51,1059.4254236433903,1060.5954236433904,1.1700000000000728
AP2-AE-1SP-1SP,自由边打磨,人工打磨N51,1039.3235895164062,1039.8084101830727,0.48482066666656465
AP2-F2-3S-6BS,分拣,自动分拣N51,1060.5954236433904,1062.1754236433903,1.5799999999999272
AP2-F2-3S-6BS,自动打磨,自动打磨N51,1062.1754236433903,1063.9257413418031,1.7503176984128004
AP2-F2-3S-6BS,桁架码垛,自动分拣N51,1063.9257413418031,1065.0957413418032,1.1700000000000728
AP2-F6-2P-9BP,分拣,自动分拣N51,1065.0957413418032,1066.6757413418031,1.5799999999999272
AP2-F6-2P-9BP,自动打磨,自动打磨N51,1066.6757413418031,1068.2355989608507,1.5598576190475342
AP2-F6-2P-9BP,桁架码垛,自动分拣N51,1068.2355989608507,1069.4055989608507,1.1700000000000728
A03S-1285切割后的大件,天车空驶（成品区到胎架）,天车,1050.6334185919216,1055.6334185919216,5.0
A03S-1285切割后的大件,天车吊运（胎架到成品区）,天车,1055.6334185919216,1060.6334185919216,5.0
A03S-1284,天车空驶（胎架到原料区）,天车,1119.4951656936234,1127.4951656936234,8.0
A03S-1284,天车吊运（原料区到胎架）,天车,1127.4951656936234,1130.4951656936234,3.0
A03S-1291,天车空驶（胎架到原料区）,天车,986.7287446563818,989.7287446563818,3.0
A03S-1291,天车吊运（原料区到胎架）,天车,989.7287446563818,992.7287446563818,3.0
AP2-F3-1-2S,自由边打磨,人工打磨N21,1223.4824453521037,1224.2199133521037,0.7374680000000353
A03S-1284切割后的大件,天车吊运（胎架到坡口区）,天车,1224.2199133521037,1227.2199133521037,3.0
AP2-F3-1-2P,人工坡口,人工坡口1,1227.2199133521037,1232.0643973521037,4.844483999999966
AP2-F3-1-2S,人工坡口,人工坡口1,1232.0643973521037,1236.9088813521037,4.844483999999966
AP2-F4-1-2P,人工坡口,人工坡口1,1236.9088813521037,1242.5733133521037,5.664432000000033
AP2-F4-1-2S,人工坡口,人工坡口1,1242.5733133521037,1248.2377453521037,5.664432000000033
A03S-1284切割后的大件,天车吊运（坡口区到成品区）,天车,1248.2377453521037,1253.2377453521037,5.0
AP2-F2-1-1P,自由边打磨,人工打磨N51,1140.2964253725497,1141.5427538340882,1.2463284615384964
A03S-1289,天车空驶（胎架到原料区）,天车,1130.4951656936234,1138.4951656936234,8.0
A03S-1289,天车吊运（原料区到胎架）,天车,1138.4951656936234,1141.4951656936234,3.0
AP2-F2-1-1S,自由边打磨,人工打磨N51,1141.5427538340882,1142.1728178853703,0.6300640512820337
AP2-FA-1-1P,自由边打磨,人工打磨N51,1142.1728178853703,1142.864211834088,0.6913939487178595
AP2-FA-1-1S,自由边打磨,人工打磨N51,1142.864211834088,1143.53715962896,0.6729477948717886
TA10-T10-1B4S-1S,分拣,自动分拣N51,1140.2964253725497,1141.8764253725496,1.5799999999999272
TA10-T10-1B4S-1S,自动打磨,自动打磨N51,1141.8764253725496,1143.2345293408036,1.3581039682539995
TA10-T10-1B4S-1S,桁架码垛,自动分拣N51,1143.2345293408036,1144.4045293408037,1.1700000000000728
A03S-1291切割后的大件,天车吊运（胎架到成品区）,天车,1143.53715962896,1148.53715962896,5.0
AP2-F0-1-1P,自由边打磨,人工打磨N21,1320.3643353059786,1320.419996741876,0.055661435897491174
A03S-1302,天车空驶（胎架到原料区）,天车,1227.2199133521037,1235.2199133521037,8.0
A03S-1302,天车吊运（原料区到胎架）,天车,1235.2199133521037,1238.2199133521037,3.0
AP2-F0-1-1S,自由边打磨,人工打磨N21,1320.419996741876,1320.9268749470043,0.5068782051282597
AP2-F1-2-1P,自由边打磨,人工打磨N21,1320.9268749470043,1321.6204564341838,0.6935814871794719
AP2-F1-2-1S,自由边打磨,人工打磨N21,1321.6204564341838,1322.0462163829018,0.42575994871799594
A03S-1289切割后的大件,天车吊运（胎架到成品区）,天车,1322.0462163829018,1327.0462163829018,5.0
E01S-1204,天车空驶（胎架到原料区）,天车,1065.9174145919214,1073.9174145919214,8.0
E01S-1204,天车吊运（原料区到胎架）,天车,1073.9174145919214,1076.9174145919214,3.0
AP2-G2-3-1S,自由边打磨,人工打磨N21,1456.1092735068603,1456.7286489940398,0.6193754871794681
AP2-G4-3-1S,自由边打磨,人工打磨N21,1456.7286489940398,1457.3871311478858,0.6584821538460801
AP2-G5-1-1P,自由边打磨,人工打磨N21,1457.3871311478858,1458.0379176094243,0.6507864615384733
AP2-G5-1-1S,自由边打磨,人工打磨N21,1458.0379176094243,1458.6572930966038,0.6193754871794681
AP2-G5-2-1P,自由边打磨,人工打磨N21,1458.6572930966038,1460.1737931478858,1.516500051282037
AP2-G5-2-1S,自由边打磨,人工打磨N21,1460.1737931478858,1461.690293404296,1.5165002564101542
A03S-1302切割后的大件,天车吊运（胎架到成品区）,天车,1461.690293404296,1466.690293404296,5.0
N1-LG3-1-1P,自由边打磨,人工打磨N51,1219.0968335971163,1219.3622309304496,0.2653973333333397
E01S-1226,天车空驶（胎架到原料区）,天车,1148.53715962896,1156.53715962896,8.0
E01S-1226,天车吊运（原料区到胎架）,天车,1156.53715962896,1159.53715962896,3.0
N1-LG3-1-1S,自由边打磨,人工打磨N51,1219.3622309304496,1219.627628263783,0.2653973333333397
E01S-1204切割后的大件,天车吊运（胎架到坡口区）,天车,1219.627628263783,1222.627628263783,3.0
N1-LG3-1-1P,人工坡口,人工坡口1,1248.2377453521037,1286.0641173521037,37.82637199999999
N1-LG3-1-1S,人工坡口,人工坡口1,1286.0641173521037,1323.8904893521037,37.82637199999999
E01S-1204切割后的大件,天车吊运（坡口区到成品区）,天车,1327.0462163829018,1332.0462163829018,5.0
E01S-1244,天车空驶（胎架到原料区）,天车,1253.2377453521037,1261.2377453521037,8.0
E01S-1244,天车吊运（原料区到胎架）,天车,1261.2377453521037,1264.2377453521037,3.0
N1-F19-1SP-1BSP,分拣,自动分拣N51,1316.9145248699986,1318.4945248699985,1.5799999999999272
N1-F19-1SP-1BSP,自动打磨,自动打磨N51,1318.4945248699985,1319.4945248699985,1.0
N1-F19-1SP-1BSP,桁架码垛,自动分拣N51,1319.4945248699985,1320.6645248699986,1.1700000000000728
N1-F34-1-1P,分拣,自动分拣N51,1320.6645248699986,1322.2445248699985,1.5799999999999272
N1-F34-1-1P,自动打磨,自动打磨N51,1322.2445248699985,1324.7753973303159,2.5308724603173687
N1-F34-1-1P,桁架码垛,自动分拣N51,1324.7753973303159,1325.945397330316,1.1700000000000728
N1-F34-1-2P,分拣,自动分拣N51,1325.945397330316,1327.5253973303159,1.5799999999999272
N1-F34-1-2P,自动打磨,自动打磨N51,1327.5253973303159,1330.0562697112682,2.53087238095236
N1-F34-1-2P,桁架码垛,自动分拣N51,1330.0562697112682,1331.2262697112683,1.1700000000000728
N1-F35-1-1P,分拣,自动分拣N51,1331.2262697112683,1332.8062697112682,1.5799999999999272
N1-F35-1-1P,自动打磨,自动打磨N51,1332.8062697112682,1334.178493441427,1.3722237301587938
N1-F35-1-1P,桁架码垛,自动分拣N51,1334.178493441427,1335.348493441427,1.1700000000000728
N1-F35-1-2P,分拣,自动分拣N51,1335.348493441427,1336.928493441427,1.5799999999999272
N1-F35-1-2P,自动打磨,自动打磨N51,1336.928493441427,1338.2989857430143,1.3704923015873192
N1-F35-1-2P,桁架码垛,自动分拣N51,1338.2989857430143,1339.4689857430144,1.1700000000000728
N1-F34-1-1S,分拣,自动分拣N51,1339.4689857430144,1341.0489857430143,1.5799999999999272
N1-F34-1-1S,自动打磨,自动打磨N51,1341.0489857430143,1343.5798580446017,2.530872301587351
N1-F34-1-1S,桁架码垛,自动分拣N51,1343.5798580446017,1344.7498580446018,1.1700000000000728
N1-F34-1-2S,分拣,自动分拣N51,1344.7498580446018,1346.3298580446017,1.5799999999999272
N1-F34-1-2S,自动打磨,自动打磨N51,1346.3298580446017,1347.700350266824,1.3704922222223104
N1-F34-1-2S,桁架码垛,自动分拣N51,1347.700350266824,1348.870350266824,1.1700000000000728
N1-F35-1-1S,分拣,自动分拣N51,1348.870350266824,1350.450350266824,1.5799999999999272
N1-F35-1-1S,自动打磨,自动打磨N51,1350.450350266824,1351.8225739969828,1.3722237301587938
N1-F35-1-1S,桁架码垛,自动分拣N51,1351.8225739969828,1352.9925739969829,1.1700000000000728
N1-F35-1-2S,分拣,自动分拣N51,1352.9925739969829,1354.5725739969828,1.5799999999999272
N1-F35-1-2S,自动打磨,自动打磨N51,1354.5725739969828,1355.5725739969828,1.0
N1-F35-1-2S,桁架码垛,自动分拣N51,1355.5725739969828,1356.7425739969829,1.1700000000000728
N1-F30-1SP-1BSP,分拣,自动分拣N51,1356.7425739969829,1358.3225739969828,1.5799999999999272
N1-F30-1SP-1BSP,自动打磨,自动打磨N51,1358.3225739969828,1360.091852092221,1.7692780952381781
N1-F30-1SP-1BSP,桁架码垛,自动分拣N51,1360.091852092221,1361.261852092221,1.1700000000000728
E01S-1226切割后的大件,天车吊运（胎架到成品区）,天车,1316.9145248699986,1321.9145248699986,5.0
N1-F19-2-1BP,分拣,自动分拣N51,1370.2910336698287,1371.8710336698286,1.5799999999999272
N1-F19-2-1BP,自动打磨,自动打磨N51,1371.8710336698286,1373.2817677174478,1.410734047619144
N1-F19-2-1BP,桁架码垛,自动分拣N51,1373.2817677174478,1374.4517677174479,1.1700000000000728
N1-F30-1SP-2BSP,分拣,自动分拣N51,1374.4517677174479,1376.0317677174478,1.5799999999999272
N1-F30-1SP-2BSP,自动打磨,自动打磨N51,1376.0317677174478,1377.4425016857017,1.4107339682539077
N1-F30-1SP-2BSP,桁架码垛,自动分拣N51,1377.4425016857017,1378.6125016857018,1.1700000000000728
N1-F30-1SP-3BSP,分拣,自动分拣N51,1378.6125016857018,1380.1925016857017,1.5799999999999272
N1-F30-1SP-3BSP,自动打磨,自动打磨N51,1380.1925016857017,1381.6032356539556,1.4107339682539077
N1-F30-1SP-3BSP,桁架码垛,自动分拣N51,1381.6032356539556,1382.7732356539557,1.1700000000000728
N1-F26-4B1P-1P,分拣,自动分拣N51,1382.7732356539557,1384.3532356539556,1.5799999999999272
N1-F26-4B1P-1P,自动打磨,自动打磨N51,1384.3532356539556,1386.4319462095111,2.078710555555517
N1-F26-4B1P-1P,桁架码垛,自动分拣N51,1386.4319462095111,1387.6019462095112,1.1700000000000728
N1-F28-1B1P-1P,分拣,自动分拣N51,1387.6019462095112,1389.1819462095111,1.5799999999999272
N1-F28-1B1P-1P,自动打磨,自动打磨N51,1389.1819462095111,1391.323524146019,2.141577936507929
N1-F28-1B1P-1P,桁架码垛,自动分拣N51,1391.323524146019,1392.4935241460191,1.1700000000000728
N1-F28-2B1P-1P,分拣,自动分拣N51,1392.4935241460191,1394.073524146019,1.5799999999999272
N1-F28-2B1P-1P,自动打磨,自动打磨N51,1394.073524146019,1396.268982955543,2.1954588095238705
N1-F28-2B1P-1P,桁架码垛,自动分拣N51,1396.268982955543,1397.438982955543,1.1700000000000728
N1-F33-3B1-1P,分拣,自动分拣N51,1397.438982955543,1399.018982955543,1.5799999999999272
N1-F33-3B1-1P,自动打磨,自动打磨N51,1399.018982955543,1401.356558034908,2.337575079365024
N1-F33-3B1-1P,桁架码垛,自动分拣N51,1401.356558034908,1402.526558034908,1.1700000000000728
N1-F28-3B1S-1S,分拣,自动分拣N51,1402.526558034908,1404.106558034908,1.5799999999999272
N1-F28-3B1S-1S,自动打磨,自动打磨N51,1404.106558034908,1406.2805714476065,2.174013412698514
N1-F28-3B1S-1S,桁架码垛,自动分拣N51,1406.2805714476065,1407.4505714476065,1.1700000000000728
N1-F33-3B1-1S,分拣,自动分拣N51,1407.4505714476065,1409.0305714476065,1.5799999999999272
N1-F33-3B1-1S,自动打磨,自动打磨N51,1409.0305714476065,1411.3681466857017,2.337575238095269
N1-F33-3B1-1S,桁架码垛,自动分拣N51,1411.3681466857017,1412.5381466857018,1.1700000000000728
N1-F22-1B1-1P,分拣,自动分拣N51,1412.5381466857018,1414.1181466857017,1.5799999999999272
N1-F22-1B1-1P,自动打磨,自动打磨N51,1414.1181466857017,1416.677576050781,2.559429365079268
N1-F22-1B1-1P,桁架码垛,自动分拣N51,1416.677576050781,1417.847576050781,1.1700000000000728
N1-F20-3B1S-1S,分拣,自动分拣N51,1417.847576050781,1419.427576050781,1.5799999999999272
N1-F20-3B1S-1S,自动打磨,自动打磨N51,1419.427576050781,1421.7203676380825,2.292791587301508
N1-F20-3B1S-1S,桁架码垛,自动分拣N51,1421.7203676380825,1422.8903676380826,1.1700000000000728
N1-F21-2B1S-1S,分拣,自动分拣N51,1422.8903676380826,1424.4703676380825,1.5799999999999272
N1-F21-2B1S-1S,自动打磨,自动打磨N51,1424.4703676380825,1426.6243766063365,2.1540089682539474
N1-F21-2B1S-1S,桁架码垛,自动分拣N51,1426.6243766063365,1427.7943766063365,1.1700000000000728
N1-F22-1B1-1S,分拣,自动分拣N51,1427.7943766063365,1429.3743766063365,1.5799999999999272
N1-F22-1B1-1S,自动打磨,自动打磨N51,1429.3743766063365,1431.9338058920507,2.559429285714259
N1-F22-1B1-1S,桁架码垛,自动分拣N51,1431.9338058920507,1433.1038058920508,1.1700000000000728
N1-F27-2B1S-1S,分拣,自动分拣N51,1433.1038058920508,1434.6838058920507,1.5799999999999272
N1-F27-2B1S-1S,自动打磨,自动打磨N51,1434.6838058920507,1436.511591050781,1.8277851587301939
N1-F27-2B1S-1S,桁架码垛,自动分拣N51,1436.511591050781,1437.681591050781,1.1700000000000728
N1-LG32-1B1-1P,分拣,自动分拣N51,1437.681591050781,1439.261591050781,1.5799999999999272
N1-LG32-1B1-1P,自动打磨,自动打磨N51,1439.261591050781,1441.7732189872888,2.511627936507921
N1-LG32-1B1-1P,桁架码垛,自动分拣N51,1441.7732189872888,1442.943218987289,1.1700000000000728
N1-LG32-1B1-1S,分拣,自动分拣N51,1442.943218987289,1444.5232189872888,1.5799999999999272
N1-LG32-1B1-1S,自动打磨,自动打磨N51,1444.5232189872888,1447.0348469237967,2.511627936507921
N1-LG32-1B1-1S,桁架码垛,自动分拣N51,1447.0348469237967,1448.2048469237968,1.1700000000000728
N1-F34-1B1-1P,分拣,自动分拣N51,1448.2048469237968,1449.7848469237967,1.5799999999999272
N1-F34-1B1-1P,自动打磨,自动打磨N51,1449.7848469237967,1451.5956528761776,1.8108059523808606
N1-F34-1B1-1P,桁架码垛,自动分拣N51,1451.5956528761776,1452.7656528761777,1.1700000000000728
N1-F34-1B1-1S,分拣,自动分拣N51,1452.7656528761777,1454.3456528761776,1.5799999999999272
N1-F34-1B1-1S,自动打磨,自动打磨N51,1454.3456528761776,1456.1565669237966,1.8109140476190078
N1-F34-1B1-1S,桁架码垛,自动分拣N51,1456.1565669237966,1457.3265669237967,1.1700000000000728
N1-F34-2B1-1P,分拣,自动分拣N51,1457.3265669237967,1458.9065669237966,1.5799999999999272
N1-F34-2B1-1P,自动打磨,自动打磨N51,1458.9065669237966,1460.7022897015745,1.7957227777778826
N1-F34-2B1-1P,桁架码垛,自动分拣N51,1460.7022897015745,1461.8722897015746,1.1700000000000728
N1-F35-1B1-1S,分拣,自动分拣N51,1461.8722897015746,1463.4522897015745,1.5799999999999272
N1-F35-1B1-1S,自动打磨,自动打磨N51,1463.4522897015745,1465.2563299396697,1.80404023809524
N1-F35-1B1-1S,桁架码垛,自动分拣N51,1465.2563299396697,1466.4263299396698,1.1700000000000728
E01S-1203,天车空驶（胎架到原料区）,天车,1332.0462163829018,1340.0462163829018,8.0
E01S-1203,天车吊运（原料区到胎架）,天车,1340.0462163829018,1343.0462163829018,3.0
N1-LG1-2-10BP,分拣,自动分拣N21,1555.7755459037412,1557.3555459037411,1.5799999999999272
N1-LG1-2-10BP,自动打磨,自动打磨N21,1557.3555459037411,1559.5274602688205,2.171914365079374
N1-LG1-2-10BP,桁架码垛,自动分拣N21,1559.5274602688205,1560.6974602688206,1.1700000000000728
N1-LG1-2-10BS,分拣,自动分拣N21,1560.6974602688206,1562.2774602688205,1.5799999999999272
N1-LG1-2-10BS,自动打磨,自动打磨N21,1562.2774602688205,1563.8146885227889,1.537228253968351
N1-LG1-2-10BS,桁架码垛,自动分拣N21,1563.8146885227889,1564.984688522789,1.1700000000000728
N1-LG1-2-1BP,分拣,自动分拣N21,1564.984688522789,1566.5646885227889,1.5799999999999272
N1-LG1-2-1BP,自动打磨,自动打磨N21,1566.5646885227889,1568.0880055862808,1.5233170634919588
N1-LG1-2-1BP,桁架码垛,自动分拣N21,1568.0880055862808,1569.258005586281,1.1700000000000728
N1-LG1-2-1BS,分拣,自动分拣N21,1569.258005586281,1570.258005586281,1.0
N1-LG1-2-2BP,分拣,自动分拣N21,1570.258005586281,1571.258005586281,1.0
N1-LG1-2-2BS,分拣,自动分拣N21,1571.258005586281,1572.258005586281,1.0
N1-LG1-2-3BP,分拣,自动分拣N21,1572.258005586281,1573.8380055862808,1.5799999999999272
N1-LG1-2-3BP,自动打磨,自动打磨N21,1573.8380055862808,1575.361321776757,1.52331619047618
N1-LG1-2-3BP,桁架码垛,自动分拣N21,1575.361321776757,1576.531321776757,1.1700000000000728
N1-LG1-2-3BS,分拣,自动分拣N21,1576.531321776757,1578.111321776757,1.5799999999999272
N1-LG1-2-3BS,自动打磨,自动打磨N21,1578.111321776757,1579.645981697392,1.534659920635022
N1-LG1-2-3BS,桁架码垛,自动分拣N21,1579.645981697392,1580.815981697392,1.1700000000000728
N1-LG1-2-4BP,分拣,自动分拣N21,1580.815981697392,1582.395981697392,1.5799999999999272
N1-LG1-2-4BP,自动打磨,自动打磨N21,1582.395981697392,1584.4230396338999,2.0270579365078447
N1-LG1-2-4BP,桁架码垛,自动分拣N21,1584.4230396338999,1585.5930396339,1.1700000000000728
N1-LG1-2-4BS,分拣,自动分拣N21,1585.5930396339,1587.1730396338999,1.5799999999999272
N1-LG1-2-4BS,自动打磨,自动打磨N21,1587.1730396338999,1589.2114399513603,2.0384003174604004
N1-LG1-2-4BS,桁架码垛,自动分拣N21,1589.2114399513603,1590.3814399513603,1.1700000000000728
N1-LG1-2-5BP,分拣,自动分拣N21,1590.3814399513603,1591.9614399513603,1.5799999999999272
N1-LG1-2-5BP,自动打磨,自动打磨N21,1591.9614399513603,1593.988497887868,2.0270579365078447
N1-LG1-2-5BP,桁架码垛,自动分拣N21,1593.988497887868,1595.1584978878682,1.1700000000000728
N1-LG1-2-5BS,分拣,自动分拣N21,1595.1584978878682,1596.738497887868,1.5799999999999272
N1-LG1-2-5BS,自动打磨,自动打磨N21,1596.738497887868,1598.7768983640585,2.038400476190418
N1-LG1-2-5BS,桁架码垛,自动分拣N21,1598.7768983640585,1599.9468983640586,1.1700000000000728
N1-LG1-2-6BP,分拣,自动分拣N21,1599.9468983640586,1601.5268983640585,1.5799999999999272
N1-LG1-2-6BP,自动打磨,自动打磨N21,1601.5268983640585,1605.1332386021538,3.6063402380952994
N1-LG1-2-6BP,桁架码垛,自动分拣N21,1605.1332386021538,1606.303238602154,1.1700000000000728
N1-LG1-2-6BS,分拣,自动分拣N21,1606.303238602154,1607.8832386021538,1.5799999999999272
N1-LG1-2-6BS,自动打磨,自动打磨N21,1607.8832386021538,1609.0937544751696,1.2105158730157655
N1-LG1-2-6BS,桁架码垛,自动分拣N21,1609.0937544751696,1610.2637544751697,1.1700000000000728
N1-LG1-2-7BP,分拣,自动分拣N21,1610.2637544751697,1611.8437544751696,1.5799999999999272
N1-LG1-2-7BP,自动打磨,自动打磨N21,1611.8437544751696,1614.5384265386617,2.694672063492135
N1-LG1-2-7BP,桁架码垛,自动分拣N21,1614.5384265386617,1615.7084265386618,1.1700000000000728
N1-LG1-2-7BS,分拣,自动分拣N21,1615.7084265386618,1617.2884265386617,1.5799999999999272
N1-LG1-2-7BS,自动打磨,自动打磨N21,1617.2884265386617,1619.3154844751696,2.0270579365078447
N1-LG1-2-7BS,桁架码垛,自动分拣N21,1619.3154844751696,1620.4854844751696,1.1700000000000728
N1-LG1-2-8BP,分拣,自动分拣N21,1620.4854844751696,1622.0654844751696,1.5799999999999272
N1-LG1-2-8BP,自动打磨,自动打磨N21,1622.0654844751696,1624.0925424116774,2.0270579365078447
N1-LG1-2-8BP,桁架码垛,自动分拣N21,1624.0925424116774,1625.2625424116775,1.1700000000000728
N1-LG1-2-8BS,分拣,自动分拣N21,1625.2625424116775,1626.8425424116774,1.5799999999999272
N1-LG1-2-8BS,自动打磨,自动打磨N21,1626.8425424116774,1628.776472014852,1.9339296031746471
N1-LG1-2-8BS,桁架码垛,自动分拣N21,1628.776472014852,1629.9464720148521,1.1700000000000728
N1-LG1-2-9BP,分拣,自动分拣N21,1629.9464720148521,1631.526472014852,1.5799999999999272
N1-LG1-2-9BP,自动打磨,自动打磨N21,1631.526472014852,1633.4604015386615,1.933929523809411
N1-LG1-2-9BP,桁架码垛,自动分拣N21,1633.4604015386615,1634.6304015386615,1.1700000000000728
N1-LG1-2-9BS,分拣,自动分拣N21,1634.6304015386615,1636.2104015386615,1.5799999999999272
N1-LG1-2-9BS,自动打磨,自动打磨N21,1636.2104015386615,1638.0381866973917,1.8277851587301939
N1-LG1-2-9BS,桁架码垛,自动分拣N21,1638.0381866973917,1639.2081866973917,1.1700000000000728
N1-F21-7S-1S,自由边打磨,人工打磨N21,1555.7755459037412,1556.0409432883566,0.26539738461542584
E01S-1206,天车空驶（胎架到原料区）,天车,1466.690293404296,1469.690293404296,3.0
E01S-1206,天车吊运（原料区到胎架）,天车,1469.690293404296,1472.690293404296,3.0
N1-DB-1SP-3SP,自由边打磨,人工打磨N21,1556.0409432883566,1556.7981802627155,0.7572369743588752
N1-F31-2B1S-1S,分拣,自动分拣N21,1639.2081866973917,1640.7881866973917,1.5799999999999272
N1-F31-2B1S-1S,自动打磨,自动打磨N21,1640.7881866973917,1643.41073495136,2.6225482539682616
N1-F31-2B1S-1S,桁架码垛,自动分拣N21,1643.41073495136,1644.58073495136,1.1700000000000728
N1-ST-3-2S,分拣,自动分拣N21,1644.58073495136,1646.16073495136,1.5799999999999272
N1-ST-3-2S,自动打磨,自动打磨N21,1646.16073495136,1648.2394455069154,2.078710555555517
N1-ST-3-2S,桁架码垛,自动分拣N21,1648.2394455069154,1649.4094455069155,1.1700000000000728
N1-ST1-1B1S-1S,分拣,自动分拣N21,1649.4094455069155,1650.9894455069154,1.5799999999999272
N1-ST1-1B1S-1S,自动打磨,自动打磨N21,1650.9894455069154,1653.6119936815187,2.622548174603253
N1-ST1-1B1S-1S,桁架码垛,自动分拣N21,1653.6119936815187,1654.7819936815188,1.1700000000000728
N1-ST2-1B1S-1S,分拣,自动分拣N21,1654.7819936815188,1655.7819936815188,1.0
E01S-1203切割后的大件,天车吊运（胎架到成品区）,天车,1556.0409432883566,1561.0409432883566,5.0
E01S-1203切割后的大件,天车空驶（成品区到胎架）,天车,1561.0409432883566,1566.0409432883566,5.0
E01S-1203切割后的大件,天车吊运（胎架到坡口区）,天车,1566.0409432883566,1569.0409432883566,3.0
N1-DB-1SP-3SP,人工坡口,人工坡口1,1569.0409432883566,1655.5621832883567,86.52124000000003
E01S-1203切割后的大件,天车吊运（坡口区到成品区）,天车,1655.5621832883567,1660.5621832883567,5.0
N1-LG2-2P-1P,自由边打磨,人工打磨N21,1662.7735898946087,1663.287749227942,0.5141593333332821
E01S-1240,天车空驶（胎架到原料区）,天车,1350.261852092221,1358.261852092221,8.0
E01S-1240,天车吊运（原料区到胎架）,天车,1358.261852092221,1361.261852092221,3.0
N1-LG2-4S-1S,自由边打磨,人工打磨N21,1663.287749227942,1663.8072829202497,0.519533692307732
E01S-1206切割后的大件,天车吊运（胎架到坡口区）,天车,1663.8072829202497,1666.8072829202497,3.0
N1-LG2-2P-1P,人工坡口,人工坡口1,1666.8072829202497,1735.9034549202497,69.09617200000002
N1-LG2-4S-1S,人工坡口,人工坡口1,1735.9034549202497,1838.8221869202498,102.91873200000009
E01S-1206切割后的大件,天车吊运（坡口区到成品区）,天车,1838.8221869202498,1843.8221869202498,5.0
N1-F18-3-1P,分拣,自动分拣N51,1490.7671496347548,1492.3471496347547,1.5799999999999272
N1-F18-3-1P,自动打磨,自动打磨N51,1492.3471496347547,1493.8711760633262,1.5240264285714602
N1-F18-3-1P,桁架码垛,自动分拣N51,1493.8711760633262,1495.0411760633262,1.1700000000000728
N1-F18-3-1S,分拣,自动分拣N51,1495.0411760633262,1496.6211760633262,1.5799999999999272
N1-F18-3-1S,自动打磨,自动打磨N51,1496.6211760633262,1498.0724704284055,1.4512943650793204
N1-F18-3-1S,桁架码垛,自动分拣N51,1498.0724704284055,1499.2424704284056,1.1700000000000728
N1-F32-2-1P,分拣,自动分拣N51,1499.2424704284056,1500.8224704284055,1.5799999999999272
N1-F32-2-1P,自动打磨,自动打磨N51,1500.8224704284055,1502.8394211426912,2.016950714285713
N1-F32-2-1P,桁架码垛,自动分拣N51,1502.8394211426912,1504.0094211426913,1.1700000000000728
N1-F31-7S-1S,分拣,自动分拣N51,1504.0094211426913,1505.5894211426912,1.5799999999999272
N1-F31-7S-1S,自动打磨,自动打磨N51,1505.5894211426912,1507.6988206665008,2.109399523809543
N1-F31-7S-1S,桁架码垛,自动分拣N51,1507.6988206665008,1508.8688206665008,1.1700000000000728
N1-F32-2-1S,分拣,自动分拣N51,1508.8688206665008,1510.4488206665008,1.5799999999999272
N1-F32-2-1S,自动打磨,自动打磨N51,1510.4488206665008,1512.4657713807865,2.016950714285713
N1-F32-2-1S,桁架码垛,自动分拣N51,1512.4657713807865,1513.6357713807865,1.1700000000000728
N1-F31-1P-2P,自由边打磨,人工打磨N51,1490.7671496347548,1491.0587552244983,0.2916055897435399
N1-F31-2P-1P,自由边打磨,人工打磨N51,1491.0587552244983,1491.3503608142419,0.2916055897435399
N1-F31-3-1P,分拣,自动分拣N51,1513.6357713807865,1515.2157713807865,1.5799999999999272
N1-F31-3-1P,自动打磨,自动打磨N51,1515.2157713807865,1516.6670657458658,1.4512943650793204
N1-F31-3-1P,桁架码垛,自动分拣N51,1516.6670657458658,1517.8370657458659,1.1700000000000728
N1-F32-5-1P,分拣,自动分拣N51,1517.8370657458659,1519.4170657458658,1.5799999999999272
N1-F32-5-1P,自动打磨,自动打磨N51,1519.4170657458658,1521.2541274918976,1.83706174603185
N1-F32-5-1P,桁架码垛,自动分拣N51,1521.2541274918976,1522.4241274918977,1.1700000000000728
N1-F31-3-1S,分拣,自动分拣N51,1522.4241274918977,1524.0041274918976,1.5799999999999272
N1-F31-3-1S,自动打磨,自动打磨N51,1524.0041274918976,1526.198924952215,2.1947974603174316
N1-F31-3-1S,桁架码垛,自动分拣N51,1526.198924952215,1527.3689249522151,1.1700000000000728
N1-F31-6S-1S,自由边打磨,人工打磨N51,1491.3503608142419,1492.0672036860367,0.7168428717948245
N1-F32-5-1S,分拣,自动分拣N51,1527.3689249522151,1528.948924952215,1.5799999999999272
N1-F32-5-1S,自动打磨,自动打磨N51,1528.948924952215,1530.785986777612,1.8370618253968587
N1-F32-5-1S,桁架码垛,自动分拣N51,1530.785986777612,1531.955986777612,1.1700000000000728
N1-ST-1-1P,分拣,自动分拣N51,1531.955986777612,1533.535986777612,1.5799999999999272
N1-ST-1-1P,自动打磨,自动打磨N51,1533.535986777612,1535.3618714601516,1.8258846825397086
N1-ST-1-1P,桁架码垛,自动分拣N51,1535.3618714601516,1536.5318714601517,1.1700000000000728
N1-ST-1-1S,分拣,自动分拣N51,1536.5318714601517,1538.1118714601516,1.5799999999999272
N1-ST-1-1S,自动打磨,自动打磨N51,1538.1118714601516,1539.9377561426913,1.8258846825397086
N1-ST-1-1S,桁架码垛,自动分拣N51,1539.9377561426913,1541.1077561426914,1.1700000000000728
N1-ST-2-1P,分拣,自动分拣N51,1541.1077561426914,1542.6877561426913,1.5799999999999272
N1-ST-2-1P,自动打磨,自动打磨N51,1542.6877561426913,1544.8825536030088,2.1947974603174316
N1-ST-2-1P,桁架码垛,自动分拣N51,1544.8825536030088,1546.0525536030088,1.1700000000000728
N1-ST-2-1S,分拣,自动分拣N51,1546.0525536030088,1547.6325536030088,1.5799999999999272
N1-ST-2-1S,自动打磨,自动打磨N51,1547.6325536030088,1549.0560853490406,1.4235317460318129
N1-ST-2-1S,桁架码垛,自动分拣N51,1549.0560853490406,1550.2260853490407,1.1700000000000728
E01S-1240切割后的大件,天车空驶（成品区到胎架）,天车,1487.0672036860367,1492.0672036860367,5.0
E01S-1240切割后的大件,天车吊运（胎架到成品区）,天车,1492.0672036860367,1497.0672036860367,5.0
E01S-1205,天车空驶（胎架到原料区）,天车,1666.8072829202497,1674.8072829202497,8.0
E01S-1205,天车吊运（原料区到胎架）,天车,1674.8072829202497,1677.8072829202497,3.0
N1-LG1-2-1P,自由边打磨,人工打磨N21,1841.624148918802,1842.1480543034172,0.5239053846153183
E01S-1219,天车空驶（胎架到原料区）,天车,1472.690293404296,1475.690293404296,3.0
E01S-1219,天车吊运（原料区到胎架）,天车,1475.690293404296,1478.690293404296,3.0
N1-LG1-2-1S,自由边打磨,人工打磨N21,1842.1480543034172,1842.6720295341865,0.5239752307693379
E01S-1205切割后的大件,天车吊运（胎架到坡口区）,天车,1843.8221869202498,1846.8221869202498,3.0
N1-LG1-2-1P,人工坡口,人工坡口1,1846.8221869202498,1913.3570029202494,66.53481599999964
N1-LG1-2-1S,人工坡口,人工坡口1,1913.3570029202494,1979.9118189202495,66.55481600000007
E01S-1205切割后的大件,天车吊运（坡口区到成品区）,天车,1979.9118189202495,1984.9118189202495,5.0
N1-STB-1P-1P,自由边打磨,人工打磨N51,1516.5309194522038,1516.8549244265628,0.32400497435901343
N1-STB-2S-1S,自由边打磨,人工打磨N51,1516.8549244265628,1517.1839259137423,0.32900148717953925
E01S-1219切割后的大件,天车空驶（成品区到胎架）,天车,1512.1839259137423,1517.1839259137423,5.0
E01S-1219切割后的大件,天车吊运（胎架到成品区）,天车,1517.1839259137423,1522.1839259137423,5.0
E01S-1212,天车空驶（胎架到原料区）,天车,1522.1839259137423,1530.1839259137423,8.0
E01S-1212,天车吊运（原料区到胎架）,天车,1530.1839259137423,1533.1839259137423,3.0
E01S-1212切割后的大件,天车吊运（胎架到坡口区）,天车,1569.0409432883566,1572.0409432883566,3.0
N1-AG-6-1P,人工坡口,人工坡口1,1979.9118189202495,1986.9561949202496,7.044376000000057
N1-AG-6-1S,人工坡口,人工坡口1,1986.9561949202496,1994.0005709202496,7.044376000000057
E01S-1212切割后的大件,天车吊运（坡口区到成品区）,天车,1994.0005709202496,1999.0005709202496,5.0
E01S-1210,天车空驶（胎架到原料区）,天车,1677.8072829202497,1685.8072829202497,8.0
E01S-1210,天车吊运（原料区到胎架）,天车,1685.8072829202497,1688.8072829202497,3.0
E01S-1200,天车空驶（胎架到原料区）,天车,1544.2260853490407,1547.2260853490407,3.0
E01S-1200,天车吊运（原料区到胎架）,天车,1547.2260853490407,1550.2260853490407,3.0
E01S-1210切割后的大件,天车吊运（胎架到成品区）,天车,1874.790701176252,1879.790701176252,5.0
N1-F30-3S-1S,分拣,自动分拣N51,1608.6728228867944,1610.2528228867943,1.5799999999999272
N1-F30-3S-1S,自动打磨,自动打磨N51,1610.2528228867943,1611.6099657439372,1.3571428571428896
N1-F30-3S-1S,桁架码垛,自动分拣N51,1611.6099657439372,1612.7799657439373,1.1700000000000728
N1-DB-1SP-4SP,自由边打磨,人工打磨N51,1608.6728228867944,1609.1559343739739,0.48311148717948527
E01S-1221,天车空驶（胎架到原料区）,天车,1572.0409432883566,1580.0409432883566,8.0
E01S-1221,天车吊运（原料区到胎架）,天车,1580.0409432883566,1583.0409432883566,3.0
N1-DB-1SP-6SP,分拣,自动分拣N51,1612.7799657439373,1614.3599657439372,1.5799999999999272
N1-DB-1SP-6SP,自动打磨,自动打磨N51,1614.3599657439372,1615.894625585207,1.5346598412697858
N1-DB-1SP-6SP,桁架码垛,自动分拣N51,1615.894625585207,1617.064625585207,1.1700000000000728
N1-F30-3S-2S,分拣,自动分拣N51,1617.064625585207,1618.644625585207,1.5799999999999272
N1-F30-3S-2S,自动打磨,自动打磨N51,1618.644625585207,1620.3922981248895,1.747672539682526
N1-F30-3S-2S,桁架码垛,自动分拣N51,1620.3922981248895,1621.5622981248896,1.1700000000000728
E01S-1200切割后的大件,天车吊运（胎架到坡口区）,天车,1609.1559343739739,1612.1559343739739,3.0
N1-DB-1SP-4SP,人工坡口,人工坡口1,1994.0005709202496,2012.7861949202497,18.785624000000098
E01S-1200切割后的大件,天车吊运（坡口区到成品区）,天车,2012.7861949202497,2017.7861949202497,5.0
N1-F20-1P-1P,分拣,自动分拣N51,1726.7438482047692,1728.323848204769,1.5799999999999272
N1-F20-1P-1P,自动打磨,自动打磨N51,1728.323848204769,1729.8330172523881,1.5091690476190252
N1-F20-1P-1P,桁架码垛,自动分拣N51,1729.8330172523881,1731.0030172523882,1.1700000000000728
N1-F20-2P-1P,分拣,自动分拣N51,1731.0030172523882,1732.5830172523881,1.5799999999999272
N1-F20-2P-1P,自动打磨,自动打磨N51,1732.5830172523881,1734.0921862206421,1.5091689682540164
N1-F20-2P-1P,桁架码垛,自动分拣N51,1734.0921862206421,1735.2621862206422,1.1700000000000728
N1-F20-3S-1S,分拣,自动分拣N51,1735.2621862206422,1736.8421862206421,1.5799999999999272
N1-F20-3S-1S,自动打磨,自动打磨N51,1736.8421862206421,1738.3513552682612,1.5091690476190252
N1-F20-3S-1S,桁架码垛,自动分拣N51,1738.3513552682612,1739.5213552682612,1.1700000000000728
N1-F20-4S-1S,分拣,自动分拣N51,1739.5213552682612,1741.1013552682612,1.5799999999999272
N1-F20-4S-1S,自动打磨,自动打磨N51,1741.1013552682612,1742.6060078079438,1.5046525396826382
N1-F20-4S-1S,桁架码垛,自动分拣N51,1742.6060078079438,1743.7760078079439,1.1700000000000728
N1-F21-1P-1P,分拣,自动分拣N51,1743.7760078079439,1745.3560078079438,1.5799999999999272
N1-F21-1P-1P,自动打磨,自动打磨N51,1745.3560078079438,1746.8606602682612,1.504652460317402
N1-F21-1P-1P,桁架码垛,自动分拣N51,1746.8606602682612,1748.0306602682613,1.1700000000000728
N1-F21-2P-1P,分拣,自动分拣N51,1748.0306602682613,1749.6106602682612,1.5799999999999272
N1-F21-2P-1P,自动打磨,自动打磨N51,1749.6106602682612,1751.1153128079438,1.5046525396826382
N1-F21-2P-1P,桁架码垛,自动分拣N51,1751.1153128079438,1752.285312807944,1.1700000000000728
N1-F21-3S-1S,分拣,自动分拣N51,1752.285312807944,1753.8653128079438,1.5799999999999272
N1-F21-3S-1S,自动打磨,自动打磨N51,1753.8653128079438,1755.3699652682612,1.504652460317402
N1-F21-3S-1S,桁架码垛,自动分拣N51,1755.3699652682612,1756.5399652682613,1.1700000000000728
N1-F21-4S-1S,分拣,自动分拣N51,1756.5399652682613,1758.1199652682612,1.5799999999999272
N1-F21-4S-1S,自动打磨,自动打磨N51,1758.1199652682612,1760.3384245539755,2.218459285714289
N1-F21-4S-1S,桁架码垛,自动分拣N51,1760.3384245539755,1761.5084245539756,1.1700000000000728
N1-F22-1P-1P,分拣,自动分拣N51,1761.5084245539756,1763.0884245539755,1.5799999999999272
N1-F22-1P-1P,自动打磨,自动打磨N51,1763.0884245539755,1765.3068838396898,2.218459285714289
N1-F22-1P-1P,桁架码垛,自动分拣N51,1765.3068838396898,1766.47688383969,1.1700000000000728
N1-F22-2P-1P,分拣,自动分拣N51,1766.47688383969,1768.0568838396898,1.5799999999999272
N1-F22-2P-1P,自动打磨,自动打磨N51,1768.0568838396898,1770.4627833634993,2.4058995238094667
N1-F22-2P-1P,桁架码垛,自动分拣N51,1770.4627833634993,1771.6327833634994,1.1700000000000728
N1-F22-3S-1S,分拣,自动分拣N51,1771.6327833634994,1773.2127833634993,1.5799999999999272
N1-F22-3S-1S,自动打磨,自动打磨N51,1773.2127833634993,1775.6186828873088,2.4058995238094667
N1-F22-3S-1S,桁架码垛,自动分拣N51,1775.6186828873088,1776.7886828873088,1.1700000000000728
N1-F22-4S-1S,分拣,自动分拣N51,1776.7886828873088,1778.3686828873088,1.5799999999999272
N1-F22-4S-1S,自动打磨,自动打磨N51,1778.3686828873088,1780.2072129666738,1.8385300793650003
N1-F22-4S-1S,桁架码垛,自动分拣N51,1780.2072129666738,1781.3772129666738,1.1700000000000728
N1-F23-1P-1P,分拣,自动分拣N51,1781.3772129666738,1782.9572129666738,1.5799999999999272
N1-F23-1P-1P,自动打磨,自动打磨N51,1782.9572129666738,1784.7957429666737,1.8385299999999916
N1-F23-1P-1P,桁架码垛,自动分拣N51,1784.7957429666737,1785.9657429666738,1.1700000000000728
N1-F23-2P-1P,分拣,自动分拣N51,1785.9657429666738,1787.5457429666737,1.5799999999999272
N1-F23-2P-1P,自动打磨,自动打磨N51,1787.5457429666737,1789.948431300007,2.4026883333333444
N1-F23-2P-1P,桁架码垛,自动分拣N51,1789.948431300007,1791.1184313000072,1.1700000000000728
N1-F23-3S-1S,分拣,自动分拣N51,1791.1184313000072,1792.698431300007,1.5799999999999272
N1-F23-3S-1S,自动打磨,自动打磨N51,1792.698431300007,1794.8771923317531,2.178761031746035
N1-F23-3S-1S,桁架码垛,自动分拣N51,1794.8771923317531,1796.0471923317532,1.1700000000000728
N1-F23-4S-1S,分拣,自动分拣N51,1796.0471923317532,1797.6271923317531,1.5799999999999272
N1-F23-4S-1S,自动打磨,自动打磨N51,1797.6271923317531,1798.870189236515,1.242996904761867
N1-F23-4S-1S,桁架码垛,自动分拣N51,1798.870189236515,1800.040189236515,1.1700000000000728
N1-F24-1P-1P,分拣,自动分拣N51,1800.040189236515,1801.620189236515,1.5799999999999272
N1-F24-1P-1P,自动打磨,自动打磨N51,1801.620189236515,1802.8631860619118,1.2429968253968582
N1-F24-1P-1P,桁架码垛,自动分拣N51,1802.8631860619118,1804.033186061912,1.1700000000000728
N1-F24-2P-1P,分拣,自动分拣N51,1804.033186061912,1805.6131860619118,1.5799999999999272
N1-F24-2P-1P,自动打磨,自动打磨N51,1805.6131860619118,1807.8231286015944,2.2099425396825154
N1-F24-2P-1P,桁架码垛,自动分拣N51,1807.8231286015944,1808.9931286015944,1.1700000000000728
N1-F24-3S-1S,分拣,自动分拣N51,1808.9931286015944,1810.5731286015944,1.5799999999999272
N1-F24-3S-1S,自动打磨,自动打磨N51,1810.5731286015944,1812.7830711412769,2.2099425396825154
N1-F24-3S-1S,桁架码垛,自动分拣N51,1812.7830711412769,1813.953071141277,1.1700000000000728
N1-F24-4S-1S,分拣,自动分拣N51,1813.953071141277,1815.5330711412769,1.5799999999999272
N1-F24-4S-1S,自动打磨,自动打磨N51,1815.5330711412769,1816.7760679666737,1.2429968253968582
N1-F24-4S-1S,桁架码垛,自动分拣N51,1816.7760679666737,1817.9460679666738,1.1700000000000728
N1-F25-1P-1P,分拣,自动分拣N51,1817.9460679666738,1819.5260679666737,1.5799999999999272
N1-F25-1P-1P,自动打磨,自动打磨N51,1819.5260679666737,1821.7360104269912,2.2099424603175066
N1-F25-1P-1P,桁架码垛,自动分拣N51,1821.7360104269912,1822.9060104269913,1.1700000000000728
N1-F25-2P-1P,分拣,自动分拣N51,1822.9060104269913,1824.4860104269912,1.5799999999999272
N1-F25-2P-1P,自动打磨,自动打磨N51,1824.4860104269912,1825.729007331753,1.242996904761867
N1-F25-2P-1P,桁架码垛,自动分拣N51,1825.729007331753,1826.8990073317532,1.1700000000000728
N1-F25-3S-1S,分拣,自动分拣N51,1826.8990073317532,1828.479007331753,1.5799999999999272
N1-F25-3S-1S,自动打磨,自动打磨N51,1828.479007331753,1830.6889498714356,2.2099425396825154
N1-F25-3S-1S,桁架码垛,自动分拣N51,1830.6889498714356,1831.8589498714357,1.1700000000000728
N1-F25-4S-1S,分拣,自动分拣N51,1831.8589498714357,1833.4389498714356,1.5799999999999272
N1-F25-4S-1S,自动打磨,自动打磨N51,1833.4389498714356,1834.6819466968325,1.2429968253968582
N1-F25-4S-1S,桁架码垛,自动分拣N51,1834.6819466968325,1835.8519466968326,1.1700000000000728
N1-F26-1P-1P,分拣,自动分拣N51,1835.8519466968326,1837.4319466968325,1.5799999999999272
N1-F26-1P-1P,自动打磨,自动打磨N51,1837.4319466968325,1838.6749436015944,1.242996904761867
N1-F26-1P-1P,桁架码垛,自动分拣N51,1838.6749436015944,1839.8449436015944,1.1700000000000728
N1-F26-2P-1P,分拣,自动分拣N51,1839.8449436015944,1841.4249436015944,1.5799999999999272
N1-F26-2P-1P,自动打磨,自动打磨N51,1841.4249436015944,1843.6348861412769,2.2099425396825154
N1-F26-2P-1P,桁架码垛,自动分拣N51,1843.6348861412769,1844.804886141277,1.1700000000000728
N1-F26-3S-1S,分拣,自动分拣N51,1844.804886141277,1846.3848861412769,1.5799999999999272
N1-F26-3S-1S,自动打磨,自动打磨N51,1846.3848861412769,1847.6278830460387,1.242996904761867
N1-F26-3S-1S,桁架码垛,自动分拣N51,1847.6278830460387,1848.7978830460388,1.1700000000000728
N1-F26-4S-1S,分拣,自动分拣N51,1848.7978830460388,1850.3778830460387,1.5799999999999272
N1-F26-4S-1S,自动打磨,自动打磨N51,1850.3778830460387,1852.5878255063562,2.2099424603175066
N1-F26-4S-1S,桁架码垛,自动分拣N51,1852.5878255063562,1853.7578255063563,1.1700000000000728
E01S-1215,天车空驶（胎架到原料区）,天车,1612.1559343739739,1620.1559343739739,8.0
E01S-1215,天车吊运（原料区到胎架）,天车,1620.1559343739739,1623.1559343739739,3.0
N1-F33-2-1P,自由边打磨,人工打磨N51,1854.0265066685745,1854.3525897967795,0.3260831282050276
E01S-1225,天车空驶（胎架到原料区）,天车,1847.7578255063563,1850.7578255063563,3.0
E01S-1225,天车吊运（原料区到胎架）,天车,1850.7578255063563,1853.7578255063563,3.0
N1-F29-5P-1P,自由边打磨,人工打磨N51,1854.3525897967795,1854.6821323096,0.32954251282058067
N1-F17-1SP-1SP,自由边打磨,人工打磨N51,1854.6821323096,1855.5057220531899,0.8235897435897641
N1-F29-4P-1P,自由边打磨,人工打磨N51,1855.5057220531899,1855.6678550275487,0.16213297435888308
N1-F31-1P-1P,分拣,自动分拣N51,1854.0265066685745,1855.6065066685744,1.5799999999999272
N1-F31-1P-1P,自动打磨,自动打磨N51,1855.6065066685744,1857.1079429384156,1.5014362698411787
N1-F31-1P-1P,桁架码垛,自动分拣N51,1857.1079429384156,1858.2779429384157,1.1700000000000728
N1-F33-2-1S,自由边打磨,人工打磨N51,1855.6678550275487,1855.9939381557538,0.3260831282050276
N1-F21-6P-1P,自由边打磨,人工打磨N51,1855.9939381557538,1856.3234810788306,0.329542923076815
N1-F26-8S-1S,自由边打磨,人工打磨N51,1856.3234810788306,1856.6474860531896,0.32400497435901343
N1-LG2-5WS-1S,自由边打磨,人工打磨N51,1856.6474860531896,1856.8096190275485,0.16213297435888308
N1-ST-4-2S,分拣,自动分拣N51,1858.2779429384157,1859.8579429384156,1.5799999999999272
N1-ST-4-2S,自动打磨,自动打磨N51,1859.8579429384156,1861.1088630177808,1.2509200793651871
N1-ST-4-2S,桁架码垛,自动分拣N51,1861.1088630177808,1862.2788630177808,1.1700000000000728
E01S-1215切割后的大件,天车吊运（胎架到成品区）,天车,1856.8096190275485,1861.8096190275485,5.0
N1-LG32-2-1P,分拣,自动分拣N51,1883.325703220901,1884.905703220901,1.5799999999999272
N1-LG32-2-1P,自动打磨,自动打磨N51,1884.905703220901,1887.456369332012,2.5506661111110134
N1-LG32-2-1P,桁架码垛,自动分拣N51,1887.456369332012,1888.626369332012,1.1700000000000728
N1-LG32-2-1S,分拣,自动分拣N51,1888.626369332012,1890.206369332012,1.5799999999999272
N1-LG32-2-1S,自动打磨,自动打磨N51,1890.206369332012,1892.7372416335993,2.530872301587351
N1-LG32-2-1S,桁架码垛,自动分拣N51,1892.7372416335993,1893.9072416335994,1.1700000000000728
N1-BW-2-1P,分拣,自动分拣N51,1893.9072416335994,1895.4872416335993,1.5799999999999272
N1-BW-2-1P,自动打磨,自动打磨N51,1895.4872416335993,1897.6971841732818,2.2099425396825154
N1-BW-2-1P,桁架码垛,自动分拣N51,1897.6971841732818,1898.8671841732819,1.1700000000000728
N1-BW-2-1S,分拣,自动分拣N51,1898.8671841732819,1900.4471841732818,1.5799999999999272
N1-BW-2-1S,自动打磨,自动打磨N51,1900.4471841732818,1902.9978502050278,2.5506660317460046
N1-BW-2-1S,桁架码垛,自动分拣N51,1902.9978502050278,1904.167850205028,1.1700000000000728
N1-BW-3-1P,分拣,自动分拣N51,1904.167850205028,1905.7478502050278,1.5799999999999272
N1-BW-3-1P,自动打磨,自动打磨N51,1905.7478502050278,1908.2985163161388,2.5506661111110134
N1-BW-3-1P,桁架码垛,自动分拣N51,1908.2985163161388,1909.468516316139,1.1700000000000728
N1-BW-3-1S,分拣,自动分拣N51,1909.468516316139,1911.0485163161388,1.5799999999999272
N1-BW-3-1S,自动打磨,自动打磨N51,1911.0485163161388,1913.5991824272498,2.5506661111110134
N1-BW-3-1S,桁架码垛,自动分拣N51,1913.5991824272498,1914.76918242725,1.1700000000000728
N1-F35-2-1P,分拣,自动分拣N51,1914.76918242725,1916.3491824272498,1.5799999999999272
N1-F35-2-1P,自动打磨,自动打磨N51,1916.3491824272498,1918.8998485383609,2.5506661111110134
N1-F35-2-1P,桁架码垛,自动分拣N51,1918.8998485383609,1920.069848538361,1.1700000000000728
N1-F35-2-1S,分拣,自动分拣N51,1920.069848538361,1921.6498485383609,1.5799999999999272
N1-F35-2-1S,自动打磨,自动打磨N51,1921.6498485383609,1924.2005145701069,2.5506660317460046
N1-F35-2-1S,桁架码垛,自动分拣N51,1924.2005145701069,1925.370514570107,1.1700000000000728
N1-F35-2-2P,分拣,自动分拣N51,1925.370514570107,1926.9505145701069,1.5799999999999272
N1-F35-2-2P,自动打磨,自动打磨N51,1926.9505145701069,1929.5011806812179,2.5506661111110134
N1-F35-2-2P,桁架码垛,自动分拣N51,1929.5011806812179,1930.671180681218,1.1700000000000728
N1-F35-2-2S,分拣,自动分拣N51,1930.671180681218,1932.2511806812179,1.5799999999999272
N1-F35-2-2S,自动打磨,自动打磨N51,1932.2511806812179,1934.8018467129639,2.5506660317460046
N1-F35-2-2S,桁架码垛,自动分拣N51,1934.8018467129639,1935.971846712964,1.1700000000000728
E01S-1233,天车空驶（胎架到原料区）,天车,1861.8096190275485,1869.8096190275485,8.0
E01S-1233,天车吊运（原料区到胎架）,天车,1869.8096190275485,1872.8096190275485,3.0
N1-AG-1P-1P,自由边打磨,人工打磨N51,1923.5987775038318,1923.9432895551138,0.34451205128198126
N1-AG-2S-1S,自由边打磨,人工打磨N51,1923.9432895551138,1924.2878016576778,0.3445121025640674
E01S-1233切割后的大件,天车吊运（胎架到成品区）,天车,1924.2878016576778,1929.2878016576778,5.0
E01S-1231,天车空驶（胎架到原料区）,天车,1929.2878016576778,1937.2878016576778,8.0
E01S-1231,天车吊运（原料区到胎架）,天车,1937.2878016576778,1940.2878016576778,3.0
N1-F36-3-2BP,分拣,自动分拣N51,1985.8422678908591,1987.422267890859,1.5799999999999272
N1-F36-3-2BP,自动打磨,自动打磨N51,1987.422267890859,1989.8408113829225,2.4185434920634634
N1-F36-3-2BP,桁架码垛,自动分拣N51,1989.8408113829225,1991.0108113829226,1.1700000000000728
N1-F36-3-2BS,分拣,自动分拣N51,1991.0108113829226,1992.5908113829225,1.5799999999999272
N1-F36-3-2BS,自动打磨,自动打磨N51,1992.5908113829225,1995.0221508273669,2.4313394444443475
N1-F36-3-2BS,桁架码垛,自动分拣N51,1995.0221508273669,1996.192150827367,1.1700000000000728
N1-F36-3B1-1P,分拣,自动分拣N51,1996.192150827367,1997.7721508273669,1.5799999999999272
N1-F36-3B1-1P,自动打磨,自动打磨N51,1997.7721508273669,2000.1728581289542,2.4007073015873175
N1-F36-3B1-1P,桁架码垛,自动分拣N51,2000.1728581289542,2001.3428581289543,1.1700000000000728
N1-F36-3B1-1S,分拣,自动分拣N51,2001.3428581289543,2002.9228581289542,1.5799999999999272
N1-F36-3B1-1S,自动打磨,自动打磨N51,2002.9228581289542,2005.3235655099065,2.4007073809523263
N1-F36-3B1-1S,桁架码垛,自动分拣N51,2005.3235655099065,2006.4935655099066,1.1700000000000728
N1-F36-4-1P,自由边打磨,人工打磨N51,1985.8422678908591,1986.4672491729104,0.6249812820512943
E01S-1222,天车空驶（胎架到原料区）,天车,1940.2878016576778,1943.2878016576778,3.0
E01S-1222,天车吊运（原料区到胎架）,天车,1943.2878016576778,1946.2878016576778,3.0
N1-F36-4B1W-1P,分拣,自动分拣N51,2006.4935655099066,2008.0735655099065,1.5799999999999272
N1-F36-4B1W-1P,自动打磨,自动打磨N51,2008.0735655099065,2010.3474427321287,2.273877222222154
N1-F36-4B1W-1P,桁架码垛,自动分拣N51,2010.3474427321287,2011.5174427321288,1.1700000000000728
N1-F33-1SP-7BSP,分拣,自动分拣N51,2011.5174427321288,2013.0974427321287,1.5799999999999272
N1-F33-1SP-7BSP,自动打磨,自动打磨N51,2013.0974427321287,2015.540866224192,2.4434234920634026
N1-F33-1SP-7BSP,桁架码垛,自动分拣N51,2015.540866224192,2016.7108662241922,1.1700000000000728
N1-F36-2S-1BS,分拣,自动分拣N51,2016.7108662241922,2018.290866224192,1.5799999999999272
N1-F36-2S-1BS,自动打磨,自动打磨N51,2018.290866224192,2020.417369240065,2.1265030158729132
N1-F36-2S-1BS,桁架码垛,自动分拣N51,2020.417369240065,2021.587369240065,1.1700000000000728
N1-F36-2S-4BS,分拣,自动分拣N51,2021.587369240065,2023.167369240065,1.5799999999999272
N1-F36-2S-4BS,自动打磨,自动打磨N51,2023.167369240065,2025.2938724146682,2.126503174603158
N1-F36-2S-4BS,桁架码垛,自动分拣N51,2025.2938724146682,2026.4638724146682,1.1700000000000728
N1-F36-4-1S,自由边打磨,人工打磨N51,1986.4672491729104,1986.8206405575258,0.3533913846154064
N1-F36-4B1W-1S,分拣,自动分拣N51,2026.4638724146682,2028.0438724146682,1.5799999999999272
N1-F36-4B1W-1S,自动打磨,自动打磨N51,2028.0438724146682,2030.1701527321284,2.126280317460214
N1-F36-4B1W-1S,桁架码垛,自动分拣N51,2030.1701527321284,2031.3401527321284,1.1700000000000728
N1-F33-1B1-1P,分拣,自动分拣N51,2031.3401527321284,2032.9201527321284,1.5799999999999272
N1-F33-1B1-1P,自动打磨,自动打磨N51,2032.9201527321284,2035.0466557480013,2.1265030158729132
N1-F33-1B1-1P,桁架码垛,自动分拣N51,2035.0466557480013,2036.2166557480014,1.1700000000000728
N1-F33-1B1-1S,分拣,自动分拣N51,2036.2166557480014,2037.7966557480013,1.5799999999999272
N1-F33-1B1-1S,自动打磨,自动打磨N51,2037.7966557480013,2040.2279951130806,2.4313393650793387
N1-F33-1B1-1S,桁架码垛,自动分拣N51,2040.2279951130806,2041.3979951130807,1.1700000000000728
E01S-1231切割后的大件,天车吊运（胎架到坡口区）,天车,1986.8206405575258,1989.8206405575258,3.0
N1-F36-4-1P,人工坡口,人工坡口1,2012.7861949202497,2023.2424549202497,10.45625999999993
N1-F36-4-1S,人工坡口,人工坡口1,2023.2424549202497,2033.6987149202496,10.45625999999993
E01S-1231切割后的大件,天车吊运（坡口区到成品区）,天车,2033.6987149202496,2038.6987149202496,5.0
N1-F18-1P-1P,分拣,自动分拣N51,2041.3979951130807,2042.9779951130806,1.5799999999999272
N1-F18-1P-1P,自动打磨,自动打磨N51,2042.9779951130806,2045.1879376527631,2.2099425396825154
N1-F18-1P-1P,桁架码垛,自动分拣N51,2045.1879376527631,2046.3579376527632,1.1700000000000728
N1-F18-2S-1S,分拣,自动分拣N51,2046.3579376527632,2047.9379376527631,1.5799999999999272
N1-F18-2S-1S,自动打磨,自动打磨N51,2047.9379376527631,2049.18093447816,1.2429968253968582
N1-F18-2S-1S,桁架码垛,自动分拣N51,2049.18093447816,2050.35093447816,1.1700000000000728
N1-ST-3-1P,分拣,自动分拣N51,2050.35093447816,2051.93093447816,1.5799999999999272
N1-ST-3-1P,自动打磨,自动打磨N51,2051.93093447816,2053.173931382922,1.2429969047620943
N1-ST-3-1P,桁架码垛,自动分拣N51,2053.173931382922,2054.343931382922,1.1700000000000728
N1-ST-3-1S,分拣,自动分拣N51,2054.343931382922,2055.923931382922,1.5799999999999272
N1-ST-3-1S,自动打磨,自动打磨N51,2055.923931382922,2058.1338738432396,2.2099424603175066
N1-ST-3-1S,桁架码垛,自动分拣N51,2058.1338738432396,2059.3038738432397,1.1700000000000728
N1-ST-3-2P,分拣,自动分拣N51,2059.3038738432397,2060.8838738432396,1.5799999999999272
N1-ST-3-2P,自动打磨,自动打磨N51,2060.8838738432396,2063.0938163829223,2.209942539682743
N1-ST-3-2P,桁架码垛,自动分拣N51,2063.0938163829223,2064.2638163829224,1.1700000000000728
N1-ST-4-1P,分拣,自动分拣N51,2064.2638163829224,2065.8438163829223,1.5799999999999272
N1-ST-4-1P,自动打磨,自动打磨N51,2065.8438163829223,2067.086813208319,1.2429968253968582
N1-ST-4-1P,桁架码垛,自动分拣N51,2067.086813208319,2068.2568132083193,1.1700000000000728
N1-ST-4-1S,分拣,自动分拣N51,2068.2568132083193,2069.836813208319,1.5799999999999272
N1-ST-4-1S,自动打磨,自动打磨N51,2069.836813208319,2071.0798101130813,1.2429969047620943
N1-ST-4-1S,桁架码垛,自动分拣N51,2071.0798101130813,2072.2498101130814,1.1700000000000728
N1-ST-4-2P,分拣,自动分拣N51,2072.2498101130814,2073.8298101130813,1.5799999999999272
N1-ST-4-2P,自动打磨,自动打磨N51,2073.8298101130813,2076.039752652764,2.209942539682743
N1-ST-4-2P,桁架码垛,自动分拣N51,2076.039752652764,2077.209752652764,1.1700000000000728
E01S-1218,天车空驶（胎架到原料区）,天车,2038.6987149202496,2046.6987149202496,8.0
E01S-1218,天车吊运（原料区到胎架）,天车,2046.6987149202496,2049.6987149202496,3.0
N1-F25-7-1P,分拣,自动分拣N51,2104.85491525193,2106.43491525193,1.5799999999999272
N1-F25-7-1P,自动打磨,自动打磨N51,2106.43491525193,2107.936351521771,1.5014362698411787
N1-F25-7-1P,桁架码垛,自动分拣N51,2107.936351521771,2109.106351521771,1.1700000000000728
N1-F25-6-1P,自由边打磨,人工打磨N51,2104.85491525193,2105.1789201750066,0.3240049230766999
E01S-1220,天车空驶（胎架到原料区）,天车,1879.790701176252,1882.790701176252,3.0
E01S-1220,天车吊运（原料区到胎架）,天车,1882.790701176252,1885.790701176252,3.0
N1-F25-6-1S,自由边打磨,人工打磨N51,2105.1789201750066,2105.5029251493656,0.32400497435901343
N1-F25-7-1S,分拣,自动分拣N51,2109.106351521771,2110.686351521771,1.5799999999999272
N1-F25-7-1S,自动打磨,自动打磨N51,2110.686351521771,2112.187787791612,1.5014362698411787
N1-F25-7-1S,桁架码垛,自动分拣N51,2112.187787791612,2113.3577877916123,1.1700000000000728
N1-F29-6S-1S,自由边打磨,人工打磨N51,2105.5029251493656,2105.8269300724423,0.3240049230766999
E01S-1218切割后的大件,天车吊运（胎架到成品区）,天车,2105.8269300724423,2110.8269300724423,5.0
N1-F19-1SP-1SP,自由边打磨,人工打磨N21,1943.1780220901821,1943.5070235773617,0.32900148717953925
E01S-1230,天车空驶（胎架到原料区）,天车,1885.790701176252,1893.790701176252,8.0
E01S-1230,天车吊运（原料区到胎架）,天车,1893.790701176252,1896.790701176252,3.0
N1-F27-1SP-1SP,自由边打磨,人工打磨N21,1943.5070235773617,1943.8360250645412,0.32900148717953925
N1-F28-1P-1P,分拣,自动分拣N21,1943.1780220901821,1944.758022090182,1.5799999999999272
N1-F28-1P-1P,自动打磨,自动打磨N21,1944.758022090182,1946.267191058436,1.5091689682540164
N1-F28-1P-1P,桁架码垛,自动分拣N21,1946.267191058436,1947.4371910584362,1.1700000000000728
N1-F29-1P-1P,分拣,自动分拣N21,1947.4371910584362,1949.017191058436,1.5799999999999272
N1-F29-1P-1P,自动打磨,自动打磨N21,1949.017191058436,1950.526360106055,1.5091690476190252
N1-F29-1P-1P,桁架码垛,自动分拣N21,1950.526360106055,1951.6963601060552,1.1700000000000728
N1-F28-2S-1S,分拣,自动分拣N21,1951.6963601060552,1953.276360106055,1.5799999999999272
N1-F28-2S-1S,自动打磨,自动打磨N21,1953.276360106055,1954.785528994944,1.5091688888887802
N1-F28-2S-1S,桁架码垛,自动分拣N21,1954.785528994944,1955.955528994944,1.1700000000000728
N1-F29-2S-1S,分拣,自动分拣N21,1955.955528994944,1957.535528994944,1.5799999999999272
N1-F29-2S-1S,自动打磨,自动打磨N21,1957.535528994944,1959.044697963198,1.5091689682540164
N1-F29-2S-1S,桁架码垛,自动分拣N21,1959.044697963198,1960.214697963198,1.1700000000000728
E01S-1220切割后的大件,天车吊运（胎架到成品区）,天车,1946.2878016576778,1951.2878016576778,5.0
N1-F36-3-1P,自由边打磨,人工打磨N21,2010.5978767160366,2011.1876686647545,0.5897919487179024
N1-F36-3-1S,自由边打磨,人工打磨N21,2011.1876686647545,2011.2360968186006,0.04842815384608912
N1-F36-1P-1P,自由边打磨,人工打磨N21,2011.2360968186006,2012.3236229211648,1.0875261025641976
N1-F36-2S-1S,自由边打磨,人工打磨N21,2012.3236229211648,2013.4111489724469,1.0875260512821114
E01S-1230切割后的大件,天车空驶（成品区到胎架）,天车,2017.7861949202497,2022.7861949202497,5.0
E01S-1230切割后的大件,天车吊运（胎架到坡口区）,天车,2022.7861949202497,2025.7861949202497,3.0
N1-F36-1P-1P,人工坡口,人工坡口1,2033.6987149202496,2044.7491269202496,11.050412000000051
N1-F36-2S-1S,人工坡口,人工坡口1,2044.7491269202496,2055.8715669202497,11.122440000000097
N1-F36-3-1P,人工坡口,人工坡口1,2055.8715669202497,2064.0311909202496,8.159623999999894
N1-F36-3-1S,人工坡口,人工坡口1,2064.0311909202496,2072.2108149202495,8.179623999999876
E01S-1230切割后的大件,天车吊运（坡口区到成品区）,天车,2072.2108149202495,2077.2108149202495,5.0
E01S-1243,天车空驶（胎架到原料区）,天车,2077.2108149202495,2085.2108149202495,8.0
E01S-1243,天车吊运（原料区到胎架）,天车,2085.2108149202495,2088.2108149202495,3.0
N1-F36-3-1BP,分拣,自动分拣N51,2193.0486660758856,2194.6286660758856,1.5799999999999272
N1-F36-3-1BP,自动打磨,自动打磨N51,2194.6286660758856,2196.56259567906,1.9339296031744198
N1-F36-3-1BP,桁架码垛,自动分拣N51,2196.56259567906,2197.73259567906,1.1700000000000728
N1-F36-3-1BS,分拣,自动分拣N51,2197.73259567906,2199.31259567906,1.5799999999999272
N1-F36-3-1BS,自动打磨,自动打磨N51,2199.31259567906,2201.2465252028696,1.9339295238096383
N1-F36-3-1BS,桁架码垛,自动分拣N51,2201.2465252028696,2202.4165252028697,1.1700000000000728
N1-F17-2B1-1P,分拣,自动分拣N51,2202.4165252028697,2203.9965252028696,1.5799999999999272
N1-F17-2B1-1P,自动打磨,自动打磨N51,2203.9965252028696,2205.901553456838,1.9050282539683394
N1-F17-2B1-1P,桁架码垛,自动分拣N51,2205.901553456838,2207.071553456838,1.1700000000000728
N1-F17-2B1-1S,分拣,自动分拣N51,2207.071553456838,2208.651553456838,1.5799999999999272
N1-F17-2B1-1S,自动打磨,自动打磨N51,2208.651553456838,2210.5565817108063,1.9050282539683394
N1-F17-2B1-1S,桁架码垛,自动分拣N51,2210.5565817108063,2211.7265817108064,1.1700000000000728
N1-F31-5B1-1P,分拣,自动分拣N51,2211.7265817108064,2213.3065817108063,1.5799999999999272
N1-F31-5B1-1P,自动打磨,自动打磨N51,2213.3065817108063,2216.8428037742983,3.536222063492005
N1-F31-5B1-1P,桁架码垛,自动分拣N51,2216.8428037742983,2218.0128037742984,1.1700000000000728
N1-F34-2-1P,分拣,自动分拣N51,2218.0128037742984,2219.5928037742983,1.5799999999999272
N1-F34-2-1P,自动打磨,自动打磨N51,2219.5928037742983,2220.773416393346,1.180612619047679
N1-F34-2-1P,桁架码垛,自动分拣N51,2220.773416393346,2221.943416393346,1.1700000000000728
N1-F34-2-1S,分拣,自动分拣N51,2221.943416393346,2223.523416393346,1.5799999999999272
N1-F34-2-1S,自动打磨,自动打磨N51,2223.523416393346,2224.7040290123937,1.180612619047679
N1-F34-2-1S,桁架码垛,自动分拣N51,2224.7040290123937,2225.8740290123937,1.1700000000000728
N1-F20-1B1P-1P,分拣,自动分拣N51,2225.8740290123937,2227.4540290123937,1.5799999999999272
N1-F20-1B1P-1P,自动打磨,自动打磨N51,2227.4540290123937,2230.348824409219,2.8947953968254296
N1-F20-1B1P-1P,桁架码垛,自动分拣N51,2230.348824409219,2231.518824409219,1.1700000000000728
N1-F20-2B1P-1P,分拣,自动分拣N51,2231.518824409219,2233.098824409219,1.5799999999999272
N1-F20-2B1P-1P,自动打磨,自动打磨N51,2233.098824409219,2236.705164647314,3.606340238095072
N1-F20-2B1P-1P,桁架码垛,自动分拣N51,2236.705164647314,2237.8751646473143,1.1700000000000728
N1-F29-1B1P-1P,分拣,自动分拣N51,2237.8751646473143,2239.455164647314,1.5799999999999272
N1-F29-1B1P-1P,自动打磨,自动打磨N51,2239.455164647314,2242.5068349647745,3.051670317460321
N1-F29-1B1P-1P,桁架码垛,自动分拣N51,2242.5068349647745,2243.6768349647746,1.1700000000000728
N1-F29-2B1P-1P,分拣,自动分拣N51,2243.6768349647746,2245.2568349647745,1.5799999999999272
N1-F29-2B1P-1P,自动打磨,自动打磨N51,2245.2568349647745,2248.3087671869966,3.051932222222149
N1-F29-2B1P-1P,桁架码垛,自动分拣N51,2248.3087671869966,2249.4787671869967,1.1700000000000728
N1-F29-3B1P-1P,分拣,自动分拣N51,2249.4787671869967,2251.0587671869966,1.5799999999999272
N1-F29-3B1P-1P,自动打磨,自动打磨N51,2251.0587671869966,2255.061276631441,4.002509444444513
N1-F29-3B1P-1P,桁架码垛,自动分拣N51,2255.061276631441,2256.2312766314412,1.1700000000000728
N1-F31-5B1-1S,分拣,自动分拣N51,2256.2312766314412,2257.811276631441,1.5799999999999272
N1-F31-5B1-1S,自动打磨,自动打磨N51,2257.811276631441,2261.347498615568,3.536221984126769
N1-F31-5B1-1S,桁架码垛,自动分拣N51,2261.347498615568,2262.517498615568,1.1700000000000728
N1-F36-1P-5BP,分拣,自动分拣N51,2262.517498615568,2264.097498615568,1.5799999999999272
N1-F36-1P-5BP,自动打磨,自动打磨N51,2264.097498615568,2266.124556552076,2.0270579365078447
N1-F36-1P-5BP,桁架码垛,自动分拣N51,2266.124556552076,2267.294556552076,1.1700000000000728
N1-F26-1B1S-1S,分拣,自动分拣N51,2267.294556552076,2268.874556552076,1.5799999999999272
N1-F26-1B1S-1S,自动打磨,自动打磨N51,2268.874556552076,2272.22560067906,3.3510441269841067
N1-F26-1B1S-1S,桁架码垛,自动分拣N51,2272.22560067906,2273.39560067906,1.1700000000000728
N1-F26-2B1S-1S,分拣,自动分拣N51,2273.39560067906,2274.97560067906,1.5799999999999272
N1-F26-2B1S-1S,自动打磨,自动打磨N51,2274.97560067906,2278.0278776631867,3.05227698412682
N1-F26-2B1S-1S,桁架码垛,自动分拣N51,2278.0278776631867,2279.197877663187,1.1700000000000728
N1-F36-2S-2BS,分拣,自动分拣N51,2279.197877663187,2280.7778776631867,1.5799999999999272
N1-F36-2S-2BS,自动打磨,自动打磨N51,2280.7778776631867,2282.8049355996945,2.0270579365078447
N1-F36-2S-2BS,桁架码垛,自动分拣N51,2282.8049355996945,2283.9749355996946,1.1700000000000728
N1-JXP-902S-1S,分拣,自动分拣N51,2283.9749355996946,2285.5549355996945,1.5799999999999272
N1-JXP-902S-1S,自动打磨,自动打磨N51,2285.5549355996945,2286.7654514727105,1.2105158730159928
N1-JXP-902S-1S,桁架码垛,自动分拣N51,2286.7654514727105,2287.9354514727106,1.1700000000000728
N1-JXP-903S-1S,分拣,自动分拣N51,2287.9354514727106,2289.5154514727105,1.5799999999999272
N1-JXP-903S-1S,自动打磨,自动打磨N51,2289.5154514727105,2292.2101235362024,2.6946720634919075
N1-JXP-903S-1S,桁架码垛,自动分拣N51,2292.2101235362024,2293.3801235362025,1.1700000000000728
E01S-1216,天车空驶（胎架到原料区）,天车,2110.8269300724423,2113.8269300724423,3.0
E01S-1216,天车吊运（原料区到胎架）,天车,2113.8269300724423,2116.8269300724423,3.0
N1-LG1-4-1P,自由边打磨,人工打磨N51,2212.7041944744155,2213.0340313974925,0.3298369230769822
E01S-1227,天车空驶（胎架到原料区）,天车,1954.214697963198,1957.214697963198,3.0
E01S-1227,天车吊运（原料区到胎架）,天车,1957.214697963198,1960.214697963198,3.0
N1-LG1-4-1S,自由边打磨,人工打磨N51,2213.0340313974925,2213.36386883339,0.3298374358973888
E01S-1216切割后的大件,天车吊运（胎架到成品区）,天车,2213.36386883339,2218.36386883339,5.0
N1-MG-1SP-1SP,分拣,自动分拣N21,2037.101510980777,2038.681510980777,1.5799999999999272
N1-MG-1SP-1SP,自动打磨,自动打磨N21,2038.681510980777,2040.4507889966499,1.769278015872942
N1-MG-1SP-1SP,桁架码垛,自动分拣N21,2040.4507889966499,2041.62078899665,1.1700000000000728
N1-MG-5SP-1SP,自由边打磨,人工打磨N21,2037.101510980777,2037.6178985705205,0.5163875897435446
N1-MG-2SP-1SP,自由边打磨,人工打磨N21,2037.6178985705205,2038.542576878213,0.9246783076923748
E01S-1227切割后的大件,天车空驶（成品区到胎架）,天车,2049.6987149202496,2054.6987149202496,5.0
E01S-1227切割后的大件,天车吊运（胎架到成品区）,天车,2054.6987149202496,2059.6987149202496,5.0
E01S-1235,天车空驶（胎架到原料区）,天车,2218.36386883339,2226.36386883339,8.0
E01S-1235,天车吊运（原料区到胎架）,天车,2226.36386883339,2229.36386883339,3.0
N1-BW-1-1P,自由边打磨,人工打磨N51,2286.536093463749,2287.454798848364,0.9187053846153503
E01S-1238,天车空驶（胎架到原料区）,天车,2025.7861949202497,2028.7861949202497,3.0
E01S-1238,天车吊运（原料区到胎架）,天车,2028.7861949202497,2031.7861949202497,3.0
N1-F32-1-1P,分拣,自动分拣N51,2293.3801235362025,2294.9601235362024,1.5799999999999272
N1-F32-1-1P,自动打磨,自动打磨N51,2294.9601235362024,2297.3512975044564,2.391173968253952
N1-F32-1-1P,桁架码垛,自动分拣N51,2297.3512975044564,2298.5212975044565,1.1700000000000728
N1-LG1-1-1P,分拣,自动分拣N51,2298.5212975044565,2300.1012975044564,1.5799999999999272
N1-LG1-1-1P,自动打磨,自动打磨N51,2300.1012975044564,2302.0573533774723,1.9560558730158846
N1-LG1-1-1P,桁架码垛,自动分拣N51,2302.0573533774723,2303.2273533774724,1.1700000000000728
N1-LG1-1-1S,分拣,自动分拣N51,2303.2273533774724,2304.8073533774723,1.5799999999999272
N1-LG1-1-1S,自动打磨,自动打磨N51,2304.8073533774723,2305.882283218742,1.0749298412697499
N1-LG1-1-1S,桁架码垛,自动分拣N51,2305.882283218742,2307.052283218742,1.1700000000000728
N1-BW-1-1S,自由边打磨,人工打磨N51,2287.454798848364,2288.3537111560563,0.8989123076921715
N1-F32-1-1S,分拣,自动分拣N51,2307.052283218742,2308.632283218742,1.5799999999999272
N1-F32-1-1S,自动打磨,自动打磨N51,2308.632283218742,2310.588339091758,1.9560558730158846
N1-F32-1-1S,桁架码垛,自动分拣N51,2310.588339091758,2311.758339091758,1.1700000000000728
N1-LG2-1-1P,分拣,自动分拣N51,2311.758339091758,2313.338339091758,1.5799999999999272
N1-LG2-1-1P,自动打磨,自动打磨N51,2313.338339091758,2314.413268853663,1.0749297619049685
N1-LG2-1-1P,桁架码垛,自动分拣N51,2314.413268853663,2315.583268853663,1.1700000000000728
N1-LG2-1-1S,分拣,自动分拣N51,2315.583268853663,2317.163268853663,1.5799999999999272
N1-LG2-1-1S,自动打磨,自动打磨N51,2317.163268853663,2319.0617786155676,1.8985097619047338
N1-LG2-1-1S,桁架码垛,自动分拣N51,2319.0617786155676,2320.2317786155677,1.1700000000000728
N1-AG-4S-1S,自由边打磨,人工打磨N51,2288.3537111560563,2289.2724165406717,0.9187053846153503
E01S-1235切割后的大件,天车吊运（胎架到成品区）,天车,2289.2724165406717,2294.2724165406717,5.0
N1-F26-7P-1P,自由边打磨,人工打磨N21,2137.447477383691,2137.791989537537,0.3445121538461535
E01S-1241,天车空驶（胎架到原料区）,天车,2059.6987149202496,2067.6987149202496,8.0
E01S-1241,天车吊运（原料区到胎架）,天车,2067.6987149202496,2070.6987149202496,3.0
N1-F27-4-1P,自由边打磨,人工打磨N21,2137.791989537537,2138.1642890247167,0.37229948717958905
N1-F28-5-1P,自由边打磨,人工打磨N21,2138.1642890247167,2138.508801127281,0.34451210256429476
N1-F32-3-1P,分拣,自动分拣N21,2137.447477383691,2139.027477383691,1.5799999999999272
N1-F32-3-1P,自动打磨,自动打磨N21,2139.027477383691,2140.5606507963894,1.5331734126984884
N1-F32-3-1P,桁架码垛,自动分拣N21,2140.5606507963894,2141.7306507963895,1.1700000000000728
N1-F27-4-1S,自由边打磨,人工打磨N21,2138.508801127281,2138.8811006144606,0.37229948717958905
N1-F28-5-1S,自由边打磨,人工打磨N21,2138.8811006144606,2139.2256126144607,0.3445120000001225
N1-F32-3-1S,分拣,自动分拣N21,2141.7306507963895,2143.3106507963894,1.5799999999999272
N1-F32-3-1S,自动打磨,自动打磨N21,2143.3106507963894,2144.9002869075007,1.5896361111113038
N1-F32-3-1S,桁架码垛,自动分拣N21,2144.9002869075007,2146.0702869075008,1.1700000000000728
N1-F18-4P-1P,自由边打磨,人工打磨N21,2139.2256126144607,2139.5920154349737,0.36640282051303075
N1-F32-4-1P,自由边打磨,人工打磨N21,2139.5920154349737,2139.9730111272816,0.38099569230780617
N1-F32-4-1S,自由边打磨,人工打磨N21,2139.9730111272816,2140.3540068195894,0.38099569230780617
E01S-1238切割后的大件,天车吊运（胎架到成品区）,天车,2140.3540068195894,2145.3540068195894,5.0
N1-F36-1P-7BP,分拣,自动分拣N21,2168.437902530857,2170.017902530857,1.5799999999999272
N1-F36-1P-7BP,自动打磨,自动打磨N21,2170.017902530857,2171.4414342768887,1.4235317460315855
N1-F36-1P-7BP,桁架码垛,自动分拣N21,2171.4414342768887,2172.6114342768888,1.1700000000000728
N1-LG1-3W-1P,自由边打磨,人工打磨N21,2168.437902530857,2168.7115691975237,0.273666666666486
E01S-1213,天车空驶（胎架到原料区）,天车,2145.3540068195894,2153.3540068195894,8.0
E01S-1213,天车吊运（原料区到胎架）,天车,2153.3540068195894,2156.3540068195894,3.0
N1-F36-2S-7BS,分拣,自动分拣N21,2172.6114342768888,2174.1914342768887,1.5799999999999272
N1-F36-2S-7BS,自动打磨,自动打磨N21,2174.1914342768887,2176.0384975705397,1.84706329365099
N1-F36-2S-7BS,桁架码垛,自动分拣N21,2176.0384975705397,2177.2084975705397,1.1700000000000728
N1-LG1-3W-1S,自由边打磨,人工打磨N21,2168.7115691975237,2168.98523586419,0.273666666666486
E01S-1241切割后的大件,天车吊运（胎架到成品区）,天车,2168.98523586419,2173.98523586419,5.0
N1-F33-1SP-1SP,自由边打磨,人工打磨N21,2206.4293453828664,2207.252935126456,0.8235897435897641
E01S-1213切割后的大件,天车空驶（成品区到胎架）,天车,2202.252935126456,2207.252935126456,5.0
E01S-1213切割后的大件,天车吊运（胎架到成品区）,天车,2207.252935126456,2212.252935126456,5.0
E01S-1237,天车空驶（胎架到原料区）,天车,2294.2724165406717,2302.2724165406717,8.0
E01S-1237,天车吊运（原料区到胎架）,天车,2302.2724165406717,2305.2724165406717,3.0
N1-F23-6P-1P,自由边打磨,人工打磨N51,2345.9506049557162,2346.317007724947,0.36640276923071724
E01S-1236,天车空驶（胎架到原料区）,天车,2314.2317786155677,2317.2317786155677,3.0
E01S-1236,天车吊运（原料区到胎架）,天车,2317.2317786155677,2320.2317786155677,3.0
N1-F24-6P-1P,自由边打磨,人工打磨N51,2346.317007724947,2346.661519724947,0.3445120000001225
N1-F28-4-1P,自由边打磨,人工打磨N51,2346.661519724947,2347.0060318787932,0.3445121538461535
E01S-1237切割后的大件,天车吊运（胎架到成品区）,天车,2347.0060318787932,2352.0060318787932,5.0
N1-F30-1SP-1SP,自由边打磨,人工打磨N51,2388.5396477467502,2389.120223336494,0.5805755897436029
E01S-1239,天车空驶（胎架到原料区）,天车,2352.0060318787932,2360.0060318787932,8.0
E01S-1239,天车吊运（原料区到胎架）,天车,2360.0060318787932,2363.0060318787932,3.0
E01S-1236切割后的大件,天车吊运（胎架到成品区）,天车,2389.120223336494,2394.120223336494,5.0
N1-F26-6P-1P,自由边打磨,人工打磨N51,2436.329246483723,2436.710242176031,0.38099569230780617
E01S-1228,天车空驶（胎架到原料区）,天车,2173.98523586419,2181.98523586419,8.0
E01S-1228,天车吊运（原料区到胎架）,天车,2181.98523586419,2184.98523586419,3.0
N1-F27-3-1P,自由边打磨,人工打磨N51,2436.710242176031,2437.0018477657745,0.2916055897435399
N1-F27-3-1S,自由边打磨,人工打磨N51,2437.0018477657745,2437.293453355518,0.2916055897435399
N1-F28-4-1S,自由边打磨,人工打磨N51,2437.293453355518,2437.6320549452616,0.33860158974357546
E01S-1239切割后的大件,天车吊运（胎架到成品区）,天车,2437.6320549452616,2442.6320549452616,5.0
N1-F19-3P-1P,自由边打磨,人工打磨N21,2256.2399351611207,2256.8807922893257,0.6408571282049706
E01S-1234,天车空驶（胎架到原料区）,天车,2229.36386883339,2237.36386883339,8.0
E01S-1234,天车吊运（原料区到胎架）,天车,2237.36386883339,2240.36386883339,3.0
N1-F20-6P-1P,自由边打磨,人工打磨N21,2256.8807922893257,2257.655107827787,0.7743155384614511
N1-F22-6P-1P,自由边打磨,人工打磨N21,2257.655107827787,2258.4294233662486,0.7743155384614511
N1-F30-2P-1P,自由边打磨,人工打磨N21,2258.4294233662486,2259.202762802146,0.7733394358974692
N1-JICH-1,分拣,自动分拣N21,2256.2399351611207,2257.8199351611206,1.5799999999999272
N1-JICH-1,自动打磨,自动打磨N21,2257.8199351611206,2259.8117380182634,1.9918028571428295
N1-JICH-1,桁架码垛,自动分拣N21,2259.8117380182634,2260.9817380182635,1.1700000000000728
E01S-1228切割后的大件,天车吊运（胎架到成品区）,天车,2259.202762802146,2264.202762802146,5.0
N1-AG-5W-1P,自由边打磨,人工打磨N21,2310.5314642609974,2310.8759763122794,0.34451205128198126
N1-AG-5W-1S,自由边打磨,人工打磨N21,2310.8759763122794,2311.500957748177,0.6249814358975527
N1-LG2-3WP-1P,自由边打磨,人工打磨N21,2311.500957748177,2312.4274712866386,0.9265135384616769
E01S-1234切割后的大件,天车空驶（成品区到胎架）,天车,2320.2317786155677,2325.2317786155677,5.0
E01S-1234切割后的大件,天车吊运（胎架到成品区）,天车,2325.2317786155677,2330.2317786155677,5.0
E01S-1242,天车空驶（胎架到原料区）,天车,2394.120223336494,2402.120223336494,8.0
E01S-1242,天车吊运（原料区到胎架）,天车,2402.120223336494,2405.120223336494,3.0
N1-F26-1B1P-1P,分拣,自动分拣N51,2525.7887742394614,2527.3687742394613,1.5799999999999272
N1-F26-1B1P-1P,自动打磨,自动打磨N51,2527.3687742394613,2528.792305985493,1.4235317460315855
N1-F26-1B1P-1P,桁架码垛,自动分拣N51,2528.792305985493,2529.962305985493,1.1700000000000728
N1-F26-5B1P-1P,分拣,自动分拣N51,2529.962305985493,2531.542305985493,1.5799999999999272
N1-F26-5B1P-1P,自动打磨,自动打磨N51,2531.542305985493,2532.9658377315245,1.4235317460315855
N1-F26-5B1P-1P,桁架码垛,自动分拣N51,2532.9658377315245,2534.1358377315246,1.1700000000000728
N1-F27-1B1P-1P,分拣,自动分拣N51,2534.1358377315246,2535.7158377315245,1.5799999999999272
N1-F27-1B1P-1P,自动打磨,自动打磨N51,2535.7158377315245,2537.842489318826,2.1266515873016942
N1-F27-1B1P-1P,桁架码垛,自动分拣N51,2537.842489318826,2539.0124893188263,1.1700000000000728
N1-F27-3B1P-1P,分拣,自动分拣N51,2539.0124893188263,2540.592489318826,1.5799999999999272
N1-F27-3B1P-1P,自动打磨,自动打磨N51,2540.592489318826,2542.719140906128,2.1266515873016942
N1-F27-3B1P-1P,桁架码垛,自动分拣N51,2542.719140906128,2543.889140906128,1.1700000000000728
N1-F28-5B1P-1P,分拣,自动分拣N51,2543.889140906128,2545.469140906128,1.5799999999999272
N1-F28-5B1P-1P,自动打磨,自动打磨N51,2545.469140906128,2547.5957924934296,2.1266515873016942
N1-F28-5B1P-1P,桁架码垛,自动分拣N51,2547.5957924934296,2548.7657924934297,1.1700000000000728
N1-F28-6B1-1P,分拣,自动分拣N51,2548.7657924934297,2550.3457924934296,1.5799999999999272
N1-F28-6B1-1P,自动打磨,自动打磨N51,2550.3457924934296,2552.4724440807313,2.1266515873016942
N1-F28-6B1-1P,桁架码垛,自动分拣N51,2552.4724440807313,2553.6424440807314,1.1700000000000728
N1-F30-3B1S-1S,分拣,自动分拣N51,2553.6424440807314,2555.2224440807313,1.5799999999999272
N1-F30-3B1S-1S,自动打磨,自动打磨N51,2555.2224440807313,2557.6833491600964,2.4609050793651477
N1-F30-3B1S-1S,桁架码垛,自动分拣N51,2557.6833491600964,2558.8533491600965,1.1700000000000728
N1-F30-5B1S-1S,分拣,自动分拣N51,2558.8533491600965,2560.4333491600964,1.5799999999999272
N1-F30-5B1S-1S,自动打磨,自动打磨N51,2560.4333491600964,2563.2544395569216,2.821090396825184
N1-F30-5B1S-1S,桁架码垛,自动分拣N51,2563.2544395569216,2564.4244395569217,1.1700000000000728
N1-F31-3B1-1P,分拣,自动分拣N51,2564.4244395569217,2566.0044395569216,1.5799999999999272
N1-F31-3B1-1P,自动打磨,自动打磨N51,2566.0044395569216,2568.603018207715,2.59857865079357
N1-F31-3B1-1P,桁架码垛,自动分拣N51,2568.603018207715,2569.7730182077153,1.1700000000000728
N1-F31-4B1-1P,分拣,自动分拣N51,2569.7730182077153,2571.353018207715,1.5799999999999272
N1-F31-4B1-1P,自动打磨,自动打磨N51,2571.353018207715,2574.1768423346994,2.8238241269841637
N1-F31-4B1-1P,桁架码垛,自动分拣N51,2574.1768423346994,2575.3468423346994,1.1700000000000728
N1-F32-1B1P-1P,分拣,自动分拣N51,2575.3468423346994,2576.9268423346994,1.5799999999999272
N1-F32-1B1P-1P,自动打磨,自动打磨N51,2576.9268423346994,2579.6396998743817,2.712857539682318
N1-F32-1B1P-1P,桁架码垛,自动分拣N51,2579.6396998743817,2580.8096998743817,1.1700000000000728
N1-F36-1P-2BP,分拣,自动分拣N51,2580.8096998743817,2582.3896998743817,1.5799999999999272
N1-F36-1P-2BP,自动打磨,自动打磨N51,2582.3896998743817,2584.4167578108895,2.0270579365078447
N1-F36-1P-2BP,桁架码垛,自动分拣N51,2584.4167578108895,2585.5867578108896,1.1700000000000728
N1-F36-1P-4BP,分拣,自动分拣N51,2585.5867578108896,2587.1667578108895,1.5799999999999272
N1-F36-1P-4BP,自动打磨,自动打磨N51,2587.1667578108895,2588.590289556921,1.4235317460315855
N1-F36-1P-4BP,桁架码垛,自动分拣N51,2588.590289556921,2589.760289556921,1.1700000000000728
N1-F28-6B1-1S,分拣,自动分拣N51,2589.760289556921,2591.340289556921,1.5799999999999272
N1-F28-6B1-1S,自动打磨,自动打磨N51,2591.340289556921,2593.466941144223,2.1266515873016942
N1-F28-6B1-1S,桁架码垛,自动分拣N51,2593.466941144223,2594.636941144223,1.1700000000000728
N1-F29-5B1S-1S,分拣,自动分拣N51,2594.636941144223,2596.216941144223,1.5799999999999272
N1-F29-5B1S-1S,自动打磨,自动打磨N51,2596.216941144223,2598.3435927315245,2.1266515873016942
N1-F29-5B1S-1S,桁架码垛,自动分拣N51,2598.3435927315245,2599.5135927315246,1.1700000000000728
N1-F29-6B1S-1S,分拣,自动分拣N51,2599.5135927315246,2601.0935927315245,1.5799999999999272
N1-F29-6B1S-1S,自动打磨,自动打磨N51,2601.0935927315245,2603.910073366445,2.816480634920481
N1-F29-6B1S-1S,桁架码垛,自动分拣N51,2603.910073366445,2605.080073366445,1.1700000000000728
N1-F29-8B1S-1S,分拣,自动分拣N51,2605.080073366445,2606.660073366445,1.5799999999999272
N1-F29-8B1S-1S,自动打磨,自动打磨N51,2606.660073366445,2609.0901140807305,2.4300407142854965
N1-F29-8B1S-1S,桁架码垛,自动分拣N51,2609.0901140807305,2610.2601140807305,1.1700000000000728
N1-F31-3B1-1S,分拣,自动分拣N51,2610.2601140807305,2611.8401140807305,1.5799999999999272
N1-F31-3B1-1S,自动打磨,自动打磨N51,2611.8401140807305,2614.438692731524,2.59857865079357
N1-F31-3B1-1S,桁架码垛,自动分拣N51,2614.438692731524,2615.608692731524,1.1700000000000728
N1-F31-4B1-1S,分拣,自动分拣N51,2615.608692731524,2617.188692731524,1.5799999999999272
N1-F31-4B1-1S,自动打磨,自动打磨N51,2617.188692731524,2620.012516699778,2.823823968254146
N1-F31-4B1-1S,桁架码垛,自动分拣N51,2620.012516699778,2621.1825166997783,1.1700000000000728
N1-F32-1B2S-1S,分拣,自动分拣N51,2621.1825166997783,2622.762516699778,1.5799999999999272
N1-F32-1B2S-1S,自动打磨,自动打磨N51,2622.762516699778,2625.4732140013657,2.7106973015875155
N1-F32-1B2S-1S,桁架码垛,自动分拣N51,2625.4732140013657,2626.643214001366,1.1700000000000728
N1-F36-2S-3BS,分拣,自动分拣N51,2626.643214001366,2628.2232140013657,1.5799999999999272
N1-F36-2S-3BS,自动打磨,自动打磨N51,2628.2232140013657,2629.6467457473973,1.4235317460315855
N1-F36-2S-3BS,桁架码垛,自动分拣N51,2629.6467457473973,2630.8167457473974,1.1700000000000728
N1-F36-2S-6BS,分拣,自动分拣N51,2630.8167457473974,2632.3967457473973,1.5799999999999272
N1-F36-2S-6BS,自动打磨,自动打磨N51,2632.3967457473973,2634.4351462235877,2.038400476190418
N1-F36-2S-6BS,桁架码垛,自动分拣N51,2634.4351462235877,2635.605146223588,1.1700000000000728
E01S-1245,天车空驶（胎架到原料区）,天车,2264.202762802146,2267.202762802146,3.0
E01S-1245,天车吊运（原料区到胎架）,天车,2267.202762802146,2270.202762802146,3.0
N1-950-1S-1S,分拣,自动分拣N21,2318.7364584314114,2320.3164584314113,1.5799999999999272
N1-950-1S-1S,自动打磨,自动打磨N21,2320.3164584314113,2323.7024035901413,3.38594515873001
N1-950-1S-1S,桁架码垛,自动分拣N21,2323.7024035901413,2324.8724035901414,1.1700000000000728
E01S-1207,天车空驶（胎架到原料区）,天车,2330.2317786155677,2333.2317786155677,3.0
E01S-1207,天车吊运（原料区到胎架）,天车,2333.2317786155677,2336.2317786155677,3.0
N1-MG-6SP-1SP,自由边打磨,人工打磨N21,2349.458703714774,2350.1306472532356,0.671943538461619
E01S-1232,天车空驶（胎架到原料区）,天车,2336.2317786155677,2339.2317786155677,3.0
E01S-1232,天车吊运（原料区到胎架）,天车,2339.2317786155677,2342.2317786155677,3.0
E01S-1207切割后的大件,天车吊运（胎架到坡口区）,天车,2363.0060318787932,2366.0060318787932,3.0
N1-MG-6SP-1SP,人工坡口,人工坡口1,2366.0060318787932,2385.052015878793,19.045983999999862
E01S-1207切割后的大件,天车吊运（坡口区到成品区）,天车,2405.120223336494,2410.120223336494,5.0
N1-F18-5S-1S,自由边打磨,人工打磨N21,2422.6126004621974,2423.515392872454,0.9027924102565521
N1-F19-4S-1S,自由边打磨,人工打磨N21,2423.515392872454,2424.548186872454,1.0327940000001945
N1-F20-7S-1S,自由边打磨,人工打磨N21,2424.548186872454,2424.8558791801465,0.30769230769237765
N1-F22-7S-1S,自由边打磨,人工打磨N21,2424.8558791801465,2425.8886732314286,1.0327940512820533
N1-F23-7S-1S,自由边打磨,人工打磨N21,2425.8886732314286,2426.594800564762,0.7061273333333702
N1-F24-7S-1S,自由边打磨,人工打磨N21,2426.594800564762,2426.9393126673262,0.34451210256429476
E01S-1232切割后的大件,天车空驶（成品区到胎架）,天车,2421.9393126673262,2426.9393126673262,5.0
E01S-1232切割后的大件,天车吊运（胎架到成品区）,天车,2426.9393126673262,2431.9393126673262,5.0
E01S-1224,天车空驶（胎架到原料区）,天车,2442.6320549452616,2450.6320549452616,8.0
E01S-1224,天车吊运（原料区到胎架）,天车,2450.6320549452616,2453.6320549452616,3.0
N1-LG32-1-1P,自由边打磨,人工打磨N51,2551.3918680569227,2552.173677031282,0.7818089743591372
E01S-1217,天车空驶（胎架到原料区）,天车,2366.0060318787932,2369.0060318787932,3.0
E01S-1217,天车吊运（原料区到胎架）,天车,2369.0060318787932,2372.0060318787932,3.0
N1-LG32-1-1S,自由边打磨,人工打磨N51,2552.173677031282,2552.330690415897,0.15701338461531122
E01S-1224切割后的大件,天车吊运（胎架到成品区）,天车,2552.330690415897,2557.330690415897,5.0
N1-STR-1D1P-1P,分拣,自动分拣N21,2425.631068427202,2427.211068427202,1.5799999999999272
N1-STR-1D1P-1P,自动打磨,自动打磨N21,2427.211068427202,2428.7215309668845,1.5104625396825213
N1-STR-1D1P-1P,桁架码垛,自动分拣N21,2428.7215309668845,2429.8915309668846,1.1700000000000728
N1-STR-1D1S-1S,分拣,自动分拣N21,2429.8915309668846,2431.4715309668845,1.5799999999999272
N1-STR-1D1S-1S,自动打磨,自动打磨N21,2431.4715309668845,2432.981993665297,1.5104626984125389
N1-STR-1D1S-1S,桁架码垛,自动分拣N21,2432.981993665297,2434.151993665297,1.1700000000000728
T63S-4089,天车空驶（胎架到原料区）,天车,2557.330690415897,2565.330690415897,8.0
T63S-4089,天车吊运（原料区到胎架）,天车,2565.330690415897,2568.330690415897,3.0
STA238FC-F240-1SP-4SP,分拣,自动分拣N51,2635.605146223588,2637.1851462235877,1.5799999999999272
STA238FC-F240-1SP-4SP,自动打磨,自动打磨N51,2637.1851462235877,2638.1851462235877,1.0
STA238FC-F240-1SP-4SP,桁架码垛,自动分拣N51,2638.1851462235877,2639.355146223588,1.1700000000000728
STA238FC-F240-1SP-6SP,分拣,自动分拣N51,2639.355146223588,2640.9351462235877,1.5799999999999272
STA238FC-F240-1SP-6SP,自动打磨,自动打磨N51,2640.9351462235877,2641.9351462235877,1.0
STA238FC-F240-1SP-6SP,桁架码垛,自动分拣N51,2641.9351462235877,2643.105146223588,1.1700000000000728
STA238FC-F240-3-1P,分拣,自动分拣N51,2643.105146223588,2644.6851462235877,1.5799999999999272
STA238FC-F240-3-1P,自动打磨,自动打磨N51,2644.6851462235877,2645.6851462235877,1.0
STA238FC-F240-3-1P,桁架码垛,自动分拣N51,2645.6851462235877,2646.855146223588,1.1700000000000728
STA238FC-F240-3-1S,分拣,自动分拣N51,2646.855146223588,2648.4351462235877,1.5799999999999272
STA238FC-F240-3-1S,自动打磨,自动打磨N51,2648.4351462235877,2649.4351462235877,1.0
STA238FC-F240-3-1S,桁架码垛,自动分拣N51,2649.4351462235877,2650.605146223588,1.1700000000000728
STA238FC-F240-4P-1P,分拣,自动分拣N51,2650.605146223588,2652.1851462235877,1.5799999999999272
STA238FC-F240-4P-1P,自动打磨,自动打磨N51,2652.1851462235877,2653.1851462235877,1.0
STA238FC-F240-4P-1P,桁架码垛,自动分拣N51,2653.1851462235877,2654.355146223588,1.1700000000000728
U02S-1347,天车空驶（胎架到原料区）,天车,2629.605146223588,2632.605146223588,3.0
U02S-1347,天车吊运（原料区到胎架）,天车,2632.605146223588,2635.605146223588,3.0
DC12-F69-1B1SP-1SP,分拣,自动分拣N51,2654.355146223588,2655.9351462235877,1.5799999999999272
DC12-F69-1B1SP-1SP,自动打磨,自动打磨N51,2655.9351462235877,2657.3586779696193,1.4235317460315855
DC12-F69-1B1SP-1SP,桁架码垛,自动分拣N51,2657.3586779696193,2658.5286779696194,1.1700000000000728
DC12-F69-1B2P-1P,分拣,自动分拣N51,2658.5286779696194,2660.1086779696193,1.5799999999999272
DC12-F69-1B2P-1P,自动打磨,自动打磨N51,2660.1086779696193,2661.532209715651,1.4235317460315855
DC12-F69-1B2P-1P,桁架码垛,自动分拣N51,2661.532209715651,2662.702209715651,1.1700000000000728
DC12-F69-1B3S-1S,分拣,自动分拣N51,2662.702209715651,2664.282209715651,1.5799999999999272
DC12-F69-1B3S-1S,自动打磨,自动打磨N51,2664.282209715651,2666.129273009302,1.84706329365099
DC12-F69-1B3S-1S,桁架码垛,自动分拣N51,2666.129273009302,2667.299273009302,1.1700000000000728
DC12-F69-1B5-1P,分拣,自动分拣N51,2667.299273009302,2668.879273009302,1.5799999999999272
DC12-F69-1B5-1P,自动打磨,自动打磨N51,2668.879273009302,2670.3028047553335,1.4235317460315855
DC12-F69-1B5-1P,桁架码垛,自动分拣N51,2670.3028047553335,2671.4728047553335,1.1700000000000728
DC12-F69-1B5-1S,分拣,自动分拣N51,2671.4728047553335,2673.0528047553335,1.5799999999999272
DC12-F69-1B5-1S,自动打磨,自动打磨N51,2673.0528047553335,2674.476336501365,1.4235317460315855
DC12-F69-1B5-1S,桁架码垛,自动分拣N51,2674.476336501365,2675.646336501365,1.1700000000000728
DC12-F69-1B6-1P,分拣,自动分拣N51,2675.646336501365,2677.226336501365,1.5799999999999272
DC12-F69-1B6-1P,自动打磨,自动打磨N51,2677.226336501365,2678.6498682473966,1.4235317460315855
DC12-F69-1B6-1P,桁架码垛,自动分拣N51,2678.6498682473966,2679.8198682473967,1.1700000000000728
DC12-F69-1B7-1P,分拣,自动分拣N51,2679.8198682473967,2681.3998682473966,1.5799999999999272
DC12-F69-1B7-1P,自动打磨,自动打磨N51,2681.3998682473966,2682.823399993428,1.4235317460315855
DC12-F69-1B7-1P,桁架码垛,自动分拣N51,2682.823399993428,2683.9933999934283,1.1700000000000728
DC12-F69-1B7-1S,分拣,自动分拣N51,2683.9933999934283,2685.573399993428,1.5799999999999272
DC12-F69-1B7-1S,自动打磨,自动打磨N51,2685.573399993428,2686.99693173946,1.4235317460315855
DC12-F69-1B7-1S,桁架码垛,自动分拣N51,2686.99693173946,2688.16693173946,1.1700000000000728
DC12-F69-1B8S-1S,分拣,自动分拣N51,2688.16693173946,2689.74693173946,1.5799999999999272
DC12-F69-1B8S-1S,自动打磨,自动打磨N51,2689.74693173946,2691.1704634854914,1.4235317460315855
DC12-F69-1B8S-1S,桁架码垛,自动分拣N51,2691.1704634854914,2692.3404634854915,1.1700000000000728
U02S-1348,天车空驶（胎架到原料区）,天车,2453.6320549452616,2456.6320549452616,3.0
U02S-1348,天车吊运（原料区到胎架）,天车,2456.6320549452616,2459.6320549452616,3.0
DC12-UD-1KSP-14BSP,分拣,自动分拣N21,2479.6595068671218,2481.2395068671217,1.5799999999999272
DC12-UD-1KSP-14BSP,自动打磨,自动打磨N21,2481.2395068671217,2483.3661584544234,2.1266515873016942
DC12-UD-1KSP-14BSP,桁架码垛,自动分拣N21,2483.3661584544234,2484.5361584544235,1.1700000000000728
DC12-UD-1KSP-15BSP,分拣,自动分拣N21,2484.5361584544235,2486.1161584544234,1.5799999999999272
DC12-UD-1KSP-15BSP,自动打磨,自动打磨N21,2486.1161584544234,2488.242810041725,2.1266515873016942
DC12-UD-1KSP-15BSP,桁架码垛,自动分拣N21,2488.242810041725,2489.412810041725,1.1700000000000728
DC12-UD-1KSP-16BSP,分拣,自动分拣N21,2489.412810041725,2490.992810041725,1.5799999999999272
DC12-UD-1KSP-16BSP,自动打磨,自动打磨N21,2490.992810041725,2493.119461629027,2.1266515873016942
DC12-UD-1KSP-16BSP,桁架码垛,自动分拣N21,2493.119461629027,2494.289461629027,1.1700000000000728
DC12-UD-1KSP-3BSP,分拣,自动分拣N21,2494.289461629027,2495.869461629027,1.5799999999999272
DC12-UD-1KSP-3BSP,自动打磨,自动打磨N21,2495.869461629027,2497.9961132163285,2.1266515873016942
DC12-UD-1KSP-3BSP,桁架码垛,自动分拣N21,2497.9961132163285,2499.1661132163285,1.1700000000000728
DC12-UD-1KSP-4BSP,分拣,自动分拣N21,2499.1661132163285,2500.7461132163285,1.5799999999999272
DC12-UD-1KSP-4BSP,自动打磨,自动打磨N21,2500.7461132163285,2502.87276480363,2.1266515873016942
DC12-UD-1KSP-4BSP,桁架码垛,自动分拣N21,2502.87276480363,2504.0427648036302,1.1700000000000728
DC12-UD-1KSP-5BSP,分拣,自动分拣N21,2504.0427648036302,2505.62276480363,1.5799999999999272
DC12-UD-1KSP-5BSP,自动打磨,自动打磨N21,2505.62276480363,2507.749416390932,2.1266515873016942
DC12-UD-1KSP-5BSP,桁架码垛,自动分拣N21,2507.749416390932,2508.919416390932,1.1700000000000728
U02S-1338,天车空驶（胎架到原料区）,天车,2459.6320549452616,2462.6320549452616,3.0
U02S-1338,天车吊运（原料区到胎架）,天车,2462.6320549452616,2465.6320549452616,3.0
DC12-F70-1SP-1SP,自由边打磨,人工打磨N21,2522.3352995115683,2523.639134178235,1.3038346666667167
U02S-1338切割后的大件,天车吊运（胎架到坡口区）,天车,2523.639134178235,2526.639134178235,3.0
DC12-F70-1SP-1SP,人工坡口,人工坡口1,2526.639134178235,2547.282414178235,20.643279999999777
U02S-1338切割后的大件,天车吊运（坡口区到成品区）,天车,2547.282414178235,2552.282414178235,5.0
U02S-1344,天车空驶（胎架到原料区）,天车,2643.355146223588,2651.355146223588,8.0
U02S-1344,天车吊运（原料区到胎架）,天车,2651.355146223588,2654.355146223588,3.0
DC12-AG-3P-1P,自由边打磨,人工打磨N51,2721.4561472329965,2722.785082976586,1.3289357435896818
U02S-1343,天车空驶（胎架到原料区）,天车,2686.3404634854915,2689.3404634854915,3.0
U02S-1343,天车吊运（原料区到胎架）,天车,2689.3404634854915,2692.3404634854915,3.0
DC12-CG-3-1P,自由边打磨,人工打磨N51,2722.785082976586,2724.1745179509453,1.3894349743591192
DC12-CG-3-1S,自由边打磨,人工打磨N51,2724.1745179509453,2725.5639529253044,1.3894349743591192
DC12-DG-3-1P,自由边打磨,人工打磨N51,2725.5639529253044,2726.9533878996635,1.3894349743591192
DC12-DG-3-1S,自由边打磨,人工打磨N51,2726.9533878996635,2728.3428228740227,1.3894349743591192
DC12-DG-1-1BP,分拣,自动分拣N51,2721.4561472329965,2723.0361472329964,1.5799999999999272
DC12-DG-1-1BP,自动打磨,自动打磨N51,2723.0361472329964,2724.5693205663297,1.5331733333332522
DC12-DG-1-1BP,桁架码垛,自动分拣N51,2724.5693205663297,2725.7393205663298,1.1700000000000728
DC12-DG-1-1BS,分拣,自动分拣N51,2725.7393205663298,2727.3193205663297,1.5799999999999272
DC12-DG-1-1BS,自动打磨,自动打磨N51,2727.3193205663297,2728.852494137758,1.533173571428506
DC12-DG-1-1BS,桁架码垛,自动分拣N51,2728.852494137758,2730.0224941377583,1.1700000000000728
DC12-DG-1-2BP,分拣,自动分拣N51,2730.0224941377583,2731.602494137758,1.5799999999999272
DC12-DG-1-2BP,自动打磨,自动打磨N51,2731.602494137758,2733.169546121885,1.5670519841269197
DC12-DG-1-2BP,桁架码垛,自动分拣N51,2733.169546121885,2734.339546121885,1.1700000000000728
DC12-DG-1-2BS,分拣,自动分拣N51,2734.339546121885,2735.919546121885,1.5799999999999272
DC12-DG-1-2BS,自动打磨,自动打磨N51,2735.919546121885,2737.486598026647,1.5670519047616835
DC12-DG-1-2BS,桁架码垛,自动分拣N51,2737.486598026647,2738.656598026647,1.1700000000000728
DC12-DG-2-1BP,分拣,自动分拣N51,2738.656598026647,2740.236598026647,1.5799999999999272
DC12-DG-2-1BP,自动打磨,自动打磨N51,2740.236598026647,2741.8127758044247,1.576177777777957
DC12-DG-2-1BP,桁架码垛,自动分拣N51,2741.8127758044247,2742.982775804425,1.1700000000000728
DC12-DG-2-1BS,分拣,自动分拣N51,2742.982775804425,2744.5627758044247,1.5799999999999272
DC12-DG-2-1BS,自动打磨,自动打磨N51,2744.5627758044247,2746.1389535822027,1.576177777777957
DC12-DG-2-1BS,桁架码垛,自动分拣N51,2746.1389535822027,2747.308953582203,1.1700000000000728
DC12-DG-2-2BP,分拣,自动分拣N51,2747.308953582203,2748.8889535822027,1.5799999999999272
DC12-DG-2-2BP,自动打磨,自动打磨N51,2748.8889535822027,2750.422127074266,1.5331734920632698
DC12-DG-2-2BP,桁架码垛,自动分拣N51,2750.422127074266,2751.592127074266,1.1700000000000728
DC12-DG-2-2BS,分拣,自动分拣N51,2751.592127074266,2753.172127074266,1.5799999999999272
DC12-DG-2-2BS,自动打磨,自动打磨N51,2753.172127074266,2754.705300407599,1.5331733333332522
DC12-DG-2-2BS,桁架码垛,自动分拣N51,2754.705300407599,2755.8753004075993,1.1700000000000728
DC12-DG-2-3BP,分拣,自动分拣N51,2755.8753004075993,2757.455300407599,1.5799999999999272
DC12-DG-2-3BP,自动打磨,自动打磨N51,2757.455300407599,2758.9884738202977,1.5331734126984884
DC12-DG-2-3BP,桁架码垛,自动分拣N51,2758.9884738202977,2760.158473820298,1.1700000000000728
DC12-DG-2-3BS,分拣,自动分拣N51,2760.158473820298,2761.7384738202977,1.5799999999999272
DC12-DG-2-3BS,自动打磨,自动打磨N51,2761.7384738202977,2763.271647391726,1.533173571428506
DC12-DG-2-3BS,桁架码垛,自动分拣N51,2763.271647391726,2764.4416473917263,1.1700000000000728
DC12-F64-1B6-1P,分拣,自动分拣N51,2764.4416473917263,2766.021647391726,1.5799999999999272
DC12-F64-1B6-1P,自动打磨,自动打磨N51,2766.021647391726,2767.920157153631,1.8985097619047338
DC12-F64-1B6-1P,桁架码垛,自动分拣N51,2767.920157153631,2769.090157153631,1.1700000000000728
DC12-F64-1B6-1S,分拣,自动分拣N51,2769.090157153631,2770.670157153631,1.5799999999999272
DC12-F64-1B6-1S,自动打磨,自动打磨N51,2770.670157153631,2772.568666994901,1.89850984126997
DC12-F64-1B6-1S,桁架码垛,自动分拣N51,2772.568666994901,2773.738666994901,1.1700000000000728
DC12-F76-1B6-1P,分拣,自动分拣N51,2773.738666994901,2775.318666994901,1.5799999999999272
DC12-F76-1B6-1P,自动打磨,自动打磨N51,2775.318666994901,2776.393596756806,1.0749297619049685
DC12-F76-1B6-1P,桁架码垛,自动分拣N51,2776.393596756806,2777.563596756806,1.1700000000000728
DC12-F76-1B6-1S,分拣,自动分拣N51,2777.563596756806,2779.143596756806,1.5799999999999272
DC12-F76-1B6-1S,自动打磨,自动打磨N51,2779.143596756806,2780.2185265980756,1.0749298412697499
DC12-F76-1B6-1S,桁架码垛,自动分拣N51,2780.2185265980756,2781.3885265980757,1.1700000000000728
U02S-1344切割后的大件,天车吊运（胎架到成品区）,天车,2728.3428228740227,2733.3428228740227,5.0
DC12-AG-4S-1BS,分拣,自动分拣N51,2903.1906286566273,2904.770628656627,1.5799999999999272
DC12-AG-4S-1BS,自动打磨,自动打磨N51,2904.770628656627,2907.167807386786,2.3971787301588847
DC12-AG-4S-1BS,桁架码垛,自动分拣N51,2907.167807386786,2908.337807386786,1.1700000000000728
DC12-DG-3-1BP,分拣,自动分拣N51,2908.337807386786,2909.917807386786,1.5799999999999272
DC12-DG-3-1BP,自动打磨,自动打磨N51,2909.917807386786,2912.516179132818,2.5983717460317166
DC12-DG-3-1BP,桁架码垛,自动分拣N51,2912.516179132818,2913.686179132818,1.1700000000000728
DC12-DG-3-1BS,分拣,自动分拣N51,2913.686179132818,2915.266179132818,1.5799999999999272
DC12-DG-3-1BS,自动打磨,自动打磨N51,2915.266179132818,2917.8645507994843,2.5983716666664805
DC12-DG-3-1BS,桁架码垛,自动分拣N51,2917.8645507994843,2919.0345507994844,1.1700000000000728
DC12-DG-3-2BP,分拣,自动分拣N51,2919.0345507994844,2920.6145507994843,1.5799999999999272
DC12-DG-3-2BP,自动打磨,自动打磨N51,2920.6145507994843,2922.7073669105953,2.0928161111110057
DC12-DG-3-2BP,桁架码垛,自动分拣N51,2922.7073669105953,2923.8773669105954,1.1700000000000728
DC12-DG-3-2BS,分拣,自动分拣N51,2923.8773669105954,2925.4573669105953,1.5799999999999272
DC12-DG-3-2BS,自动打磨,自动打磨N51,2925.4573669105953,2926.9335573867857,1.476190476190368
DC12-DG-3-2BS,桁架码垛,自动分拣N51,2926.9335573867857,2928.1035573867857,1.1700000000000728
DC12-UD-1KSP-12BSP,分拣,自动分拣N51,2928.1035573867857,2929.6835573867857,1.5799999999999272
DC12-UD-1KSP-12BSP,自动打磨,自动打磨N51,2929.6835573867857,2931.810060561389,2.1265031746033856
DC12-UD-1KSP-12BSP,桁架码垛,自动分拣N51,2931.810060561389,2932.980060561389,1.1700000000000728
DC12-UD-1KSP-13BSP,分拣,自动分拣N51,2932.980060561389,2934.560060561389,1.5799999999999272
DC12-UD-1KSP-13BSP,自动打磨,自动打磨N51,2934.560060561389,2936.6863408788495,2.1262803174604414
DC12-UD-1KSP-13BSP,桁架码垛,自动分拣N51,2936.6863408788495,2937.8563408788496,1.1700000000000728
DC12-UD-1KSP-1BSP,分拣,自动分拣N51,2937.8563408788496,2939.4363408788495,1.5799999999999272
DC12-UD-1KSP-1BSP,自动打磨,自动打磨N51,2939.4363408788495,2941.5628438947224,2.1265030158729132
DC12-UD-1KSP-1BSP,桁架码垛,自动分拣N51,2941.5628438947224,2942.7328438947225,1.1700000000000728
DC12-UD-1KSP-2BSP,分拣,自动分拣N51,2942.7328438947225,2944.3128438947224,1.5799999999999272
DC12-UD-1KSP-2BSP,自动打磨,自动打磨N51,2944.3128438947224,2946.4393469105953,2.1265030158729132
DC12-UD-1KSP-2BSP,桁架码垛,自动分拣N51,2946.4393469105953,2947.6093469105954,1.1700000000000728
DC12-UD-1KSP-6BSP,分拣,自动分拣N51,2947.6093469105954,2949.1893469105953,1.5799999999999272
DC12-UD-1KSP-6BSP,自动打磨,自动打磨N51,2949.1893469105953,2950.7362621486905,1.5469152380951527
DC12-UD-1KSP-6BSP,桁架码垛,自动分拣N51,2950.7362621486905,2951.9062621486905,1.1700000000000728
DC12-CG-1-1P,自由边打磨,人工打磨N51,2903.1906286566273,2906.0428022463707,2.8521735897434155
U02S-1340,天车空驶（胎架到原料区）,天车,2770.3885265980757,2778.3885265980757,8.0
U02S-1340,天车吊运（原料区到胎架）,天车,2778.3885265980757,2781.3885265980757,3.0
DC12-CG-1-1S,自由边打磨,人工打磨N51,2906.0428022463707,2908.894975836114,2.8521735897434155
DC12-CG-2-1P,自由边打磨,人工打磨N51,2908.894975836114,2912.2041130156013,3.309137179487152
DC12-CG-2-1S,自由边打磨,人工打磨N51,2912.2041130156013,2915.5132502463703,3.309137230769011
DC12-DG-1-1P,自由边打磨,人工打磨N51,2915.5132502463703,2918.471512195088,2.958261948717791
DC12-DG-1-1S,自由边打磨,人工打磨N51,2918.471512195088,2921.429774092524,2.958261897435932
DC12-DG-1-3BP,分拣,自动分拣N51,2951.9062621486905,2953.4862621486905,1.5799999999999272
DC12-DG-1-3BP,自动打磨,自动打磨N51,2953.4862621486905,2955.0194356407537,1.5331734920632698
DC12-DG-1-3BP,桁架码垛,自动分拣N51,2955.0194356407537,2956.189435640754,1.1700000000000728
DC12-DG-1-4BS,分拣,自动分拣N51,2956.189435640754,2957.7694356407537,1.5799999999999272
DC12-DG-1-4BS,自动打磨,自动打磨N51,2957.7694356407537,2959.302609132817,1.5331734920632698
DC12-DG-1-4BS,桁架码垛,自动分拣N51,2959.302609132817,2960.472609132817,1.1700000000000728
DC12-DG-2-1P,自由边打磨,人工打磨N51,2921.429774092524,2924.8283218873958,3.3985477948717744
DC12-DG-2-1S,自由边打磨,人工打磨N51,2924.8283218873958,2928.2268698361136,3.3985479487178054
DC12-DG-2-4BP,分拣,自动分拣N51,2960.472609132817,2962.052609132817,1.5799999999999272
DC12-DG-2-4BP,自动打磨,自动打磨N51,2962.052609132817,2963.5857825455155,1.5331734126984884
DC12-DG-2-4BP,桁架码垛,自动分拣N51,2963.5857825455155,2964.7557825455156,1.1700000000000728
DC12-DG-2-5BS,分拣,自动分拣N51,2964.7557825455156,2966.3357825455155,1.5799999999999272
DC12-DG-2-5BS,自动打磨,自动打磨N51,2966.3357825455155,2967.868955958214,1.5331734126984884
DC12-DG-2-5BS,桁架码垛,自动分拣N51,2967.868955958214,2969.038955958214,1.1700000000000728
DC12-F64-1B10-1P,分拣,自动分拣N51,2969.038955958214,2970.618955958214,1.5799999999999272
DC12-F64-1B10-1P,自动打磨,自动打磨N51,2970.618955958214,2973.0196632598013,2.4007073015873175
DC12-F64-1B10-1P,桁架码垛,自动分拣N51,2973.0196632598013,2974.1896632598014,1.1700000000000728
DC12-F64-1B10-1S,分拣,自动分拣N51,2974.1896632598014,2975.7696632598013,1.5799999999999272
DC12-F64-1B10-1S,自动打磨,自动打磨N51,2975.7696632598013,2978.170370640754,2.4007073809525536
DC12-F64-1B10-1S,桁架码垛,自动分拣N51,2978.170370640754,2979.340370640754,1.1700000000000728
DC12-F64-1B11-1P,分拣,自动分拣N51,2979.340370640754,2980.920370640754,1.5799999999999272
DC12-F64-1B11-1P,自动打磨,自动打磨N51,2980.920370640754,2982.887603577262,1.9672329365080259
DC12-F64-1B11-1P,桁架码垛,自动分拣N51,2982.887603577262,2984.057603577262,1.1700000000000728
DC12-F64-1B11-1S,分拣,自动分拣N51,2984.057603577262,2985.637603577262,1.5799999999999272
DC12-F64-1B11-1S,自动打磨,自动打磨N51,2985.637603577262,2987.604836751865,1.9672331746032796
DC12-F64-1B11-1S,桁架码垛,自动分拣N51,2987.604836751865,2988.774836751865,1.1700000000000728
DC12-F64-1B8-1P,分拣,自动分拣N51,2988.774836751865,2990.354836751865,1.5799999999999272
DC12-F64-1B8-1P,自动打磨,自动打磨N51,2990.354836751865,2992.798260243929,2.44342349206363
DC12-F64-1B8-1P,桁架码垛,自动分拣N51,2992.798260243929,2993.968260243929,1.1700000000000728
DC12-F64-1B9-1P,分拣,自动分拣N51,2993.968260243929,2995.548260243929,1.5799999999999272
DC12-F64-1B9-1P,自动打磨,自动打磨N51,2995.548260243929,2997.9795996090083,2.431339365079566
DC12-F64-1B9-1P,桁架码垛,自动分拣N51,2997.9795996090083,2999.1495996090084,1.1700000000000728
DC12-F64-1B9-1S,分拣,自动分拣N51,2999.1495996090084,3000.7295996090083,1.5799999999999272
DC12-F64-1B9-1S,自动打磨,自动打磨N51,3000.7295996090083,3003.1609390534527,2.4313394444443475
DC12-F64-1B9-1S,桁架码垛,自动分拣N51,3003.1609390534527,3004.3309390534528,1.1700000000000728
DC12-F76-1B1-1P,分拣,自动分拣N51,3004.3309390534528,3005.9109390534527,1.5799999999999272
DC12-F76-1B1-1P,自动打磨,自动打磨N51,3005.9109390534527,3008.184816275675,2.2738772222223815
DC12-F76-1B1-1P,桁架码垛,自动分拣N51,3008.184816275675,3009.354816275675,1.1700000000000728
DC12-F76-1B10-1P,分拣,自动分拣N51,3009.354816275675,3010.934816275675,1.5799999999999272
DC12-F76-1B10-1P,自动打磨,自动打磨N51,3010.934816275675,3013.325990085199,2.3911738095239343
DC12-F76-1B10-1P,桁架码垛,自动分拣N51,3013.325990085199,3014.495990085199,1.1700000000000728
DC12-F76-1B10-1S,分拣,自动分拣N51,3014.495990085199,3016.075990085199,1.5799999999999272
DC12-F76-1B10-1S,自动打磨,自动打磨N51,3016.075990085199,3018.467164053453,2.391173968253952
DC12-F76-1B10-1S,桁架码垛,自动分拣N51,3018.467164053453,3019.637164053453,1.1700000000000728
DC12-F76-1B11-1P,分拣,自动分拣N51,3019.637164053453,3021.217164053453,1.5799999999999272
DC12-F76-1B11-1P,自动打磨,自动打磨N51,3021.217164053453,3023.173219926469,1.9560558730158846
DC12-F76-1B11-1P,桁架码垛,自动分拣N51,3023.173219926469,3024.343219926469,1.1700000000000728
DC12-F76-1B11-1S,分拣,自动分拣N51,3024.343219926469,3025.923219926469,1.5799999999999272
DC12-F76-1B11-1S,自动打磨,自动打磨N51,3025.923219926469,3027.8792757994847,1.9560558730158846
DC12-F76-1B11-1S,桁架码垛,自动分拣N51,3027.8792757994847,3029.049275799485,1.1700000000000728
DC12-F76-1B8-1P,分拣,自动分拣N51,3029.049275799485,3030.6292757994847,1.5799999999999272
DC12-F76-1B8-1P,自动打磨,自动打磨N51,3030.6292757994847,3033.0631657994845,2.433889999999792
DC12-F76-1B8-1P,桁架码垛,自动分拣N51,3033.0631657994845,3034.2331657994846,1.1700000000000728
DC12-F76-1B9-1P,分拣,自动分拣N51,3034.2331657994846,3035.8131657994845,1.5799999999999272
DC12-F76-1B9-1P,自动打磨,自动打磨N51,3035.8131657994845,3038.2349717518655,2.4218059523809643
DC12-F76-1B9-1P,桁架码垛,自动分拣N51,3038.2349717518655,3039.4049717518656,1.1700000000000728
DC12-F76-1B9-1S,分拣,自动分拣N51,3039.4049717518656,3040.9849717518655,1.5799999999999272
DC12-F76-1B9-1S,自动打磨,自动打磨N51,3040.9849717518655,3043.4067777042465,2.4218059523809643
DC12-F76-1B9-1S,桁架码垛,自动分拣N51,3043.4067777042465,3044.5767777042465,1.1700000000000728
U02S-1343切割后的大件,天车吊运（胎架到成品区）,天车,2928.2268698361136,2933.2268698361136,5.0
DC12-AG-1-1P,自由边打磨,人工打磨N51,3004.935127665873,3007.6915669479245,2.7564392820513604
U02S-1335,天车空驶（胎架到原料区）,天车,2497.919416390932,2505.919416390932,8.0
U02S-1335,天车吊运（原料区到胎架）,天车,2505.919416390932,2508.919416390932,3.0
DC12-AG-1-1S,自由边打磨,人工打磨N51,3007.6915669479245,3010.448006229976,2.7564392820513604
DC12-AG-2-1P,自由边打磨,人工打磨N51,3010.448006229976,3013.7203051017705,3.2722988717946464
DC12-AG-2-1S,自由边打磨,人工打磨N51,3013.7203051017705,3016.9926048453603,3.2722997435898833
DC12-F64-1B1-1P,分拣,自动分拣N51,3044.5767777042465,3046.1567777042465,1.5799999999999272
DC12-F64-1B1-1P,自动打磨,自动打磨N51,3046.1567777042465,3048.4396750058336,2.282897301587127
DC12-F64-1B1-1P,桁架码垛,自动分拣N51,3048.4396750058336,3049.6096750058337,1.1700000000000728
DC12-F64-1B1-1S,分拣,自动分拣N51,3049.6096750058337,3051.1896750058336,1.5799999999999272
DC12-F64-1B1-1S,自动打磨,自动打磨N51,3051.1896750058336,3053.4725719899607,2.282896984127092
DC12-F64-1B1-1S,桁架码垛,自动分拣N51,3053.4725719899607,3054.6425719899607,1.1700000000000728
DC12-F64-1B2-1P,分拣,自动分拣N51,3054.6425719899607,3056.2225719899607,1.5799999999999272
DC12-F64-1B2-1P,自动打磨,自动打磨N51,3056.2225719899607,3058.6825807994846,2.46000880952397
DC12-F64-1B2-1P,桁架码垛,自动分拣N51,3058.6825807994846,3059.8525807994847,1.1700000000000728
DC12-F64-1B2-1S,分拣,自动分拣N51,3059.8525807994847,3061.4325807994846,1.5799999999999272
DC12-F64-1B2-1S,自动打磨,自动打磨N51,3061.4325807994846,3063.8925896883734,2.4600088888887512
DC12-F64-1B2-1S,桁架码垛,自动分拣N51,3063.8925896883734,3065.0625896883735,1.1700000000000728
DC12-F64-1B3-1P,分拣,自动分拣N51,3065.0625896883735,3066.6425896883734,1.5799999999999272
DC12-F64-1B3-1P,自动打磨,自动打磨N51,3066.6425896883734,3069.3378710375796,2.6952813492061978
DC12-F64-1B3-1P,桁架码垛,自动分拣N51,3069.3378710375796,3070.5078710375797,1.1700000000000728
DC12-F64-1B3-1S,分拣,自动分拣N51,3070.5078710375797,3072.0878710375796,1.5799999999999272
DC12-F64-1B3-1S,自动打磨,自动打磨N51,3072.0878710375796,3074.783152386786,2.6952813492061978
DC12-F64-1B3-1S,桁架码垛,自动分拣N51,3074.783152386786,3075.953152386786,1.1700000000000728
DC12-F76-1B1-1S,分拣,自动分拣N51,3075.953152386786,3077.533152386786,1.5799999999999272
DC12-F76-1B1-1S,自动打磨,自动打磨N51,3077.533152386786,3079.807029609008,2.2738772222223815
DC12-F76-1B1-1S,桁架码垛,自动分拣N51,3079.807029609008,3080.9770296090082,1.1700000000000728
DC12-F76-1B2-1P,分拣,自动分拣N51,3080.9770296090082,3082.557029609008,1.5799999999999272
DC12-F76-1B2-1P,自动打磨,自动打磨N51,3082.557029609008,3085.0071470693256,2.450117460317415
DC12-F76-1B2-1P,桁架码垛,自动分拣N51,3085.0071470693256,3086.1771470693257,1.1700000000000728
DC12-F76-1B2-1S,分拣,自动分拣N51,3086.1771470693257,3087.7571470693256,1.5799999999999272
DC12-F76-1B2-1S,自动打磨,自动打磨N51,3087.7571470693256,3090.2072647677383,2.4501176984126687
DC12-F76-1B2-1S,桁架码垛,自动分拣N51,3090.2072647677383,3091.3772647677383,1.1700000000000728
DC12-F76-1B3-1P,分拣,自动分拣N51,3091.3772647677383,3092.9572647677383,1.5799999999999272
DC12-F76-1B3-1P,自动打磨,自动打磨N51,3092.9572647677383,3095.640340878849,2.6830761111109496
DC12-F76-1B3-1P,桁架码垛,自动分拣N51,3095.640340878849,3096.8103408788493,1.1700000000000728
DC12-F76-1B3-1S,分拣,自动分拣N51,3096.8103408788493,3098.390340878849,1.5799999999999272
DC12-F76-1B3-1S,自动打磨,自动打磨N51,3098.390340878849,3101.0734169105954,2.683076031746168
DC12-F76-1B3-1S,桁架码垛,自动分拣N51,3101.0734169105954,3102.2434169105954,1.1700000000000728
U02S-1340切割后的大件,天车吊运（胎架到坡口区）,天车,3016.9926048453603,3019.9926048453603,3.0
DC12-AG-1-1P,人工坡口,人工坡口1,3019.9926048453603,3021.65351684536,1.6609119999998256
DC12-AG-1-1S,人工坡口,人工坡口1,3021.65351684536,3023.31442884536,1.6609119999998256
DC12-AG-2-1P,人工坡口,人工坡口1,3023.31442884536,3026.80834884536,3.493919999999889
DC12-AG-2-1S,人工坡口,人工坡口1,3026.80834884536,3030.30226884536,3.493919999999889
U02S-1340切割后的大件,天车吊运（坡口区到成品区）,天车,3030.30226884536,3035.30226884536,5.0
DC12-UD-1KSP-10BSP,分拣,自动分拣N21,2582.115480613562,2583.695480613562,1.5799999999999272
DC12-UD-1KSP-10BSP,自动打磨,自动打磨N21,2583.695480613562,2586.1265303754667,2.4310497619048874
DC12-UD-1KSP-10BSP,桁架码垛,自动分拣N21,2586.1265303754667,2587.296530375467,1.1700000000000728
DC12-UD-1KSP-8BSP,分拣,自动分拣N21,2587.296530375467,2588.8765303754667,1.5799999999999272
DC12-UD-1KSP-8BSP,自动打磨,自动打磨N21,2588.8765303754667,2590.675701645308,1.7991712698412812
DC12-UD-1KSP-8BSP,桁架码垛,自动分拣N21,2590.675701645308,2591.845701645308,1.1700000000000728
DC12-CHL-1E-1P,分拣,自动分拣N21,2591.845701645308,2592.845701645308,1.0
DC12-CHL-1E-1P,桁架至坡口工作站,自动分拣N21,2592.845701645308,2594.0124016453083,1.166700000000219
DC12-CHL-1E-1S,分拣,自动分拣N21,2594.0124016453083,2595.0124016453083,1.0
DC12-CHL-1E-1S,桁架至坡口工作站,自动分拣N21,2595.0124016453083,2596.1791016453085,1.166700000000219
DC12-CHL-2E-1P,分拣,自动分拣N21,2596.1791016453085,2597.1791016453085,1.0
DC12-CHL-2E-1P,桁架至坡口工作站,自动分拣N21,2597.1791016453085,2598.3458016453087,1.166700000000219
DC12-CHL-2E-1S,分拣,自动分拣N21,2598.3458016453087,2599.3458016453087,1.0
DC12-CHL-2E-1S,桁架至坡口工作站,自动分拣N21,2599.3458016453087,2600.512501645309,1.166700000000219
DC12-CHL-4E-1P,分拣,自动分拣N21,2600.512501645309,2602.092501645309,1.5799999999999272
DC12-CHL-4E-1P,自动打磨,自动打磨N21,2602.092501645309,2604.0843045024517,1.9918028571428295
DC12-CHL-4E-1P,桁架至坡口工作站,自动分拣N21,2604.0843045024517,2605.251004502452,1.166700000000219
DC12-CHL-4E-1S,分拣,自动分拣N21,2605.251004502452,2606.831004502452,1.5799999999999272
DC12-CHL-4E-1S,自动打磨,自动打磨N21,2606.831004502452,2608.8228072008646,1.9918026984128119
DC12-CHL-4E-1S,桁架至坡口工作站,自动分拣N21,2608.8228072008646,2609.989507200865,1.166700000000219
DC12-CHL-6E-1P,分拣,自动分拣N21,2609.989507200865,2611.569507200865,1.5799999999999272
DC12-CHL-6E-1P,自动打磨,自动打磨N21,2611.569507200865,2613.3387852961027,1.7692780952379508
DC12-CHL-6E-1P,桁架至坡口工作站,自动分拣N21,2613.3387852961027,2614.505485296103,1.166700000000219
DC12-CHL-6E-1S,分拣,自动分拣N21,2614.505485296103,2616.085485296103,1.5799999999999272
DC12-CHL-6E-1S,自动打磨,自动打磨N21,2616.085485296103,2617.854763311976,1.7692780158731694
DC12-CHL-6E-1S,桁架至坡口工作站,自动分拣N21,2617.854763311976,2619.0214633119763,1.166700000000219
U02S-1341,天车空驶（胎架到原料区）,天车,2526.639134178235,2534.639134178235,8.0
U02S-1341,天车吊运（原料区到胎架）,天车,2534.639134178235,2537.639134178235,3.0
DC12-F68-1SP-1SP,分拣,自动分拣N21,2619.9460720695274,2621.5260720695273,1.5799999999999272
DC12-F68-1SP-1SP,自动打磨,自动打磨N21,2621.5260720695273,2627.2802764346065,5.754204365079204
DC12-F68-1SP-1SP,桁架码垛,自动分拣N21,2627.2802764346065,2628.4502764346066,1.1700000000000728
DC12-F71-1SP-1SP,分拣,自动分拣N21,2628.4502764346066,2630.0302764346065,1.5799999999999272
DC12-F71-1SP-1SP,自动打磨,自动打磨N21,2630.0302764346065,2632.6690901647653,2.638813730158745
DC12-F71-1SP-1SP,桁架码垛,自动分拣N21,2632.6690901647653,2633.8390901647654,1.1700000000000728
DC12-F72-1SP-1SP,分拣,自动分拣N21,2633.8390901647654,2635.4190901647653,1.5799999999999272
DC12-F72-1SP-1SP,自动打磨,自动打磨N21,2635.4190901647653,2641.02950976794,5.610419603174705
DC12-F72-1SP-1SP,桁架码垛,自动分拣N21,2641.02950976794,2642.19950976794,1.1700000000000728
DC12-UD-1KSP-7BSP,分拣,自动分拣N21,2642.19950976794,2643.77950976794,1.5799999999999272
DC12-UD-1KSP-7BSP,自动打磨,自动打磨N21,2643.77950976794,2644.8544581012734,1.0749483333333956
DC12-UD-1KSP-7BSP,桁架码垛,自动分拣N21,2644.8544581012734,2646.0244581012735,1.1700000000000728
DC12-UD-1KSP-9BSP,分拣,自动分拣N21,2646.0244581012735,2647.6044581012734,1.5799999999999272
DC12-UD-1KSP-9BSP,自动打磨,自动打磨N21,2647.6044581012734,2650.023001593337,2.418543492063691
DC12-UD-1KSP-9BSP,桁架码垛,自动分拣N21,2650.023001593337,2651.193001593337,1.1700000000000728
DC12-F71-2-1P,分拣,自动分拣N21,2651.193001593337,2652.773001593337,1.5799999999999272
DC12-F71-2-1P,自动打磨,自动打磨N21,2652.773001593337,2656.7807831012738,4.00778150793667
DC12-F71-2-1P,桁架码垛,自动分拣N21,2656.7807831012738,2657.950783101274,1.1700000000000728
DC12-F71-2-1S,分拣,自动分拣N21,2657.950783101274,2659.5307831012738,1.5799999999999272
DC12-F71-2-1S,自动打磨,自动打磨N21,2659.5307831012738,2663.53856445048,4.007781349206198
DC12-F71-2-1S,桁架码垛,自动分拣N21,2663.53856445048,2664.70856445048,1.1700000000000728
DC12-UD-1KSP-11BSP,分拣,自动分拣N21,2664.70856445048,2666.28856445048,1.5799999999999272
DC12-UD-1KSP-11BSP,自动打磨,自动打磨N21,2666.28856445048,2668.201337704448,1.9127732539682256
DC12-UD-1KSP-11BSP,桁架码垛,自动分拣N21,2668.201337704448,2669.3713377044483,1.1700000000000728
U02S-1345,天车空驶（胎架到原料区）,天车,2613.0214633119763,2616.0214633119763,3.0
U02S-1345,天车吊运（原料区到胎架）,天车,2616.0214633119763,2619.0214633119763,3.0
DC12-AG-1-1BP,分拣,自动分拣N21,2669.3713377044483,2670.951337704448,1.5799999999999272
DC12-AG-1-1BP,自动打磨,自动打磨N21,2670.951337704448,2672.5409738155595,1.5896361111113038
DC12-AG-1-1BP,桁架码垛,自动分拣N21,2672.5409738155595,2673.7109738155596,1.1700000000000728
DC12-AG-1-1BS,分拣,自动分拣N21,2673.7109738155596,2675.2909738155595,1.5799999999999272
DC12-AG-1-1BS,自动打磨,自动打磨N21,2675.2909738155595,2676.8806100060356,1.5896361904760852
DC12-AG-1-1BS,桁架码垛,自动分拣N21,2676.8806100060356,2678.0506100060356,1.1700000000000728
DC12-AG-2-1BP,分拣,自动分拣N21,2678.0506100060356,2679.6306100060356,1.5799999999999272
DC12-AG-2-1BP,自动打磨,自动打磨N21,2679.6306100060356,2681.2202461965117,1.5896361904760852
DC12-AG-2-1BP,桁架码垛,自动分拣N21,2681.2202461965117,2682.3902461965117,1.1700000000000728
DC12-AG-2-1BS,分拣,自动分拣N21,2682.3902461965117,2683.9702461965117,1.5799999999999272
DC12-AG-2-1BS,自动打磨,自动打磨N21,2683.9702461965117,2685.5598823869877,1.5896361904760852
DC12-AG-2-1BS,桁架码垛,自动分拣N21,2685.5598823869877,2686.729882386988,1.1700000000000728
DC12-CG-1-1BP,分拣,自动分拣N21,2686.729882386988,2688.3098823869877,1.5799999999999272
DC12-CG-1-1BP,自动打磨,自动打磨N21,2688.3098823869877,2689.761176752067,1.4512943650793204
DC12-CG-1-1BP,桁架码垛,自动分拣N21,2689.761176752067,2690.931176752067,1.1700000000000728
DC12-CG-1-1BS,分拣,自动分拣N21,2690.931176752067,2692.511176752067,1.5799999999999272
DC12-CG-1-1BS,自动打磨,自动打磨N21,2692.511176752067,2693.9624711171464,1.4512943650793204
DC12-CG-1-1BS,桁架码垛,自动分拣N21,2693.9624711171464,2695.1324711171465,1.1700000000000728
DC12-CG-1-2BP,分拣,自动分拣N21,2695.1324711171465,2696.7124711171464,1.5799999999999272
DC12-CG-1-2BP,自动打磨,自动打磨N21,2696.7124711171464,2698.2364973869876,1.5240262698412153
DC12-CG-1-2BP,桁架码垛,自动分拣N21,2698.2364973869876,2699.4064973869877,1.1700000000000728
DC12-CG-1-2BS,分拣,自动分拣N21,2699.4064973869877,2700.9864973869876,1.5799999999999272
DC12-CG-1-2BS,自动打磨,自动打磨N21,2700.9864973869876,2702.510523815559,1.5240264285712328
DC12-CG-1-2BS,桁架码垛,自动分拣N21,2702.510523815559,2703.680523815559,1.1700000000000728
DC12-CG-2-1BP,分拣,自动分拣N21,2703.680523815559,2705.260523815559,1.5799999999999272
DC12-CG-2-1BP,自动打磨,自动打磨N21,2705.260523815559,2706.711818180638,1.4512943650793204
DC12-CG-2-1BP,桁架码垛,自动分拣N21,2706.711818180638,2707.881818180638,1.1700000000000728
DC12-CG-2-1BS,分拣,自动分拣N21,2707.881818180638,2709.461818180638,1.5799999999999272
DC12-CG-2-1BS,自动打磨,自动打磨N21,2709.461818180638,2710.9131125457175,1.4512943650793204
DC12-CG-2-1BS,桁架码垛,自动分拣N21,2710.9131125457175,2712.0831125457175,1.1700000000000728
DC12-CG-2-2BP,分拣,自动分拣N21,2712.0831125457175,2713.6631125457175,1.5799999999999272
DC12-CG-2-2BP,自动打磨,自动打磨N21,2713.6631125457175,2715.114406910797,1.4512943650793204
DC12-CG-2-2BP,桁架码垛,自动分拣N21,2715.114406910797,2716.284406910797,1.1700000000000728
DC12-CG-2-2BS,分拣,自动分拣N21,2716.284406910797,2717.864406910797,1.5799999999999272
DC12-CG-2-2BS,自动打磨,自动打磨N21,2717.864406910797,2719.315701275876,1.4512943650793204
DC12-CG-2-2BS,桁架码垛,自动分拣N21,2719.315701275876,2720.485701275876,1.1700000000000728
U02S-1346,天车空驶（胎架到原料区）,天车,2663.3713377044483,2666.3713377044483,3.0
U02S-1346,天车吊运（原料区到胎架）,天车,2666.3713377044483,2669.3713377044483,3.0
DC12-AG-1-2BP,分拣,自动分拣N21,2720.485701275876,2722.065701275876,1.5799999999999272
DC12-AG-1-2BP,自动打磨,自动打磨N21,2722.065701275876,2724.2604987361938,2.194797460317659
DC12-AG-1-2BP,桁架至坡口工作站,自动分拣N21,2724.2604987361938,2725.427198736194,1.166700000000219
DC12-AG-1-2BS,分拣,自动分拣N21,2725.427198736194,2727.007198736194,1.5799999999999272
DC12-AG-1-2BS,自动打磨,自动打磨N21,2727.007198736194,2729.2019961965116,2.194797460317659
DC12-AG-1-2BS,桁架至坡口工作站,自动分拣N21,2729.2019961965116,2730.368696196512,1.166700000000219
DC12-AG-2-2BP,分拣,自动分拣N21,2730.368696196512,2731.9486961965117,1.5799999999999272
DC12-AG-2-2BP,自动打磨,自动打磨N21,2731.9486961965117,2734.0580958790515,2.109399682539788
DC12-AG-2-2BP,桁架至坡口工作站,自动分拣N21,2734.0580958790515,2735.2247958790517,1.166700000000219
DC12-AG-2-2BS,分拣,自动分拣N21,2735.2247958790517,2736.8047958790517,1.5799999999999272
DC12-AG-2-2BS,自动打磨,自动打磨N21,2736.8047958790517,2738.914195402861,2.1093995238093157
DC12-AG-2-2BS,桁架至坡口工作站,自动分拣N21,2738.914195402861,2740.080895402861,1.166700000000219
DC12-CG-2-3BP,分拣,自动分拣N21,2740.080895402861,2741.660895402861,1.5799999999999272
DC12-CG-2-3BP,自动打磨,自动打磨N21,2741.660895402861,2743.677846117147,2.01695071428594
DC12-CG-2-3BP,桁架至坡口工作站,自动分拣N21,2743.677846117147,2744.8445461171473,1.166700000000219
DC12-CG-2-3BS,分拣,自动分拣N21,2744.8445461171473,2746.424546117147,1.5799999999999272
DC12-CG-2-3BS,自动打磨,自动打磨N21,2746.424546117147,2748.441496831433,2.01695071428594
DC12-CG-2-3BS,桁架至坡口工作站,自动分拣N21,2748.441496831433,2749.6081968314334,1.166700000000219
DC12-F64-1B7-1P,分拣,自动分拣N21,2749.6081968314334,2751.1881968314333,1.5799999999999272
DC12-F64-1B7-1P,自动打磨,自动打磨N21,2751.1881968314333,2753.025258577465,1.83706174603185
DC12-F64-1B7-1P,桁架码垛,自动分拣N21,2753.025258577465,2754.195258577465,1.1700000000000728
DC12-F64-1B7-1S,分拣,自动分拣N21,2754.195258577465,2755.775258577465,1.5799999999999272
DC12-F64-1B7-1S,自动打磨,自动打磨N21,2755.775258577465,2757.6123204028618,1.8370618253966313
DC12-F64-1B7-1S,桁架码垛,自动分拣N21,2757.6123204028618,2758.782320402862,1.1700000000000728
DC12-F76-1B7-1P,分拣,自动分拣N21,2758.782320402862,2760.3623204028618,1.5799999999999272
DC12-F76-1B7-1P,自动打磨,自动打磨N21,2760.3623204028618,2762.1882050854015,1.8258846825397086
DC12-F76-1B7-1P,桁架码垛,自动分拣N21,2762.1882050854015,2763.3582050854016,1.1700000000000728
DC12-F76-1B7-1S,分拣,自动分拣N21,2763.3582050854016,2764.9382050854015,1.5799999999999272
DC12-F76-1B7-1S,自动打磨,自动打磨N21,2764.9382050854015,2766.764089767941,1.8258846825397086
DC12-F76-1B7-1S,桁架码垛,自动分拣N21,2766.764089767941,2767.9340897679413,1.1700000000000728
U02S-1342,天车空驶（胎架到原料区）,天车,2714.485701275876,2717.485701275876,3.0
U02S-1342,天车吊运（原料区到胎架）,天车,2717.485701275876,2720.485701275876,3.0
U02S-1336,天车空驶（胎架到原料区）,天车,2761.9340897679413,2764.9340897679413,3.0
U02S-1336,天车吊运（原料区到胎架）,天车,2764.9340897679413,2767.9340897679413,3.0
U02S-1342切割后的大件,天车吊运（胎架到成品区）,天车,2781.3885265980757,2786.3885265980757,5.0
DC12-F64-1B4W-1P,分拣,自动分拣N21,2826.3280109873335,2827.9080109873335,1.5799999999999272
DC12-F64-1B4W-1P,自动打磨,自动打磨N21,2827.9080109873335,2830.1063564635238,2.1983454761902976
DC12-F64-1B4W-1P,桁架至坡口工作站,自动分拣N21,2830.1063564635238,2831.273056463524,1.166700000000219
DC12-F64-1B4W-1S,分拣,自动分拣N21,2831.273056463524,2832.853056463524,1.5799999999999272
DC12-F64-1B4W-1S,自动打磨,自动打磨N21,2832.853056463524,2835.051401939714,2.1983454761902976
DC12-F64-1B4W-1S,桁架至坡口工作站,自动分拣N21,2835.051401939714,2836.2181019397144,1.166700000000219
DC12-F64-1B5W-1P,分拣,自动分拣N21,2836.2181019397144,2837.7981019397143,1.5799999999999272
DC12-F64-1B5W-1P,自动打磨,自动打磨N21,2837.7981019397143,2839.994936780984,2.1968348412697196
DC12-F64-1B5W-1P,桁架至坡口工作站,自动分拣N21,2839.994936780984,2841.1616367809843,1.166700000000219
DC12-F64-1B5W-1S,分拣,自动分拣N21,2841.1616367809843,2842.741636780984,1.5799999999999272
DC12-F64-1B5W-1S,自动打磨,自动打磨N21,2842.741636780984,2844.938471622254,2.1968348412697196
DC12-F64-1B5W-1S,桁架至坡口工作站,自动分拣N21,2844.938471622254,2846.105171622254,1.166700000000219
DC12-F76-1B4W-1P,分拣,自动分拣N21,2846.105171622254,2847.685171622254,1.5799999999999272
DC12-F76-1B4W-1P,自动打磨,自动打磨N21,2847.685171622254,2849.8760070984445,2.1908354761903865
DC12-F76-1B4W-1P,桁架至坡口工作站,自动分拣N21,2849.8760070984445,2851.0427070984447,1.166700000000219
DC12-F76-1B4W-1S,分拣,自动分拣N21,2851.0427070984447,2852.6227070984446,1.5799999999999272
DC12-F76-1B4W-1S,自动打磨,自动打磨N21,2852.6227070984446,2854.81354249527,2.190835396825605
DC12-F76-1B4W-1S,桁架至坡口工作站,自动分拣N21,2854.81354249527,2855.9802424952704,1.166700000000219
DC12-F76-1B5W-1P,分拣,自动分拣N21,2855.9802424952704,2857.5602424952704,1.5799999999999272
DC12-F76-1B5W-1P,自动打磨,自动打磨N21,2857.5602424952704,2859.7495492413022,2.189306746031889
DC12-F76-1B5W-1P,桁架至坡口工作站,自动分拣N21,2859.7495492413022,2860.9162492413025,1.166700000000219
DC12-F76-1B5W-1S,分拣,自动分拣N21,2860.9162492413025,2862.4962492413024,1.5799999999999272
DC12-F76-1B5W-1S,自动打磨,自动打磨N21,2862.4962492413024,2864.685556066699,2.1893068253966703
DC12-F76-1B5W-1S,桁架至坡口工作站,自动分拣N21,2864.685556066699,2865.8522560666993,1.166700000000219
U02S-1339,天车空驶（胎架到原料区）,天车,2786.3885265980757,2794.3885265980757,8.0
U02S-1339,天车吊运（原料区到胎架）,天车,2794.3885265980757,2797.3885265980757,3.0
DC12-F64-1KSP-1SP,自由边打磨,人工打磨N21,2860.692858365515,2861.1761802629508,0.4833218974358715
DC12-F64-1KSP-2SP,自由边打磨,人工打磨N21,2861.1761802629508,2861.659502109105,0.48332184615401275
DC12-F76-1KSP-1SP,自由边打磨,人工打磨N21,2861.659502109105,2862.142823955259,0.48332184615401275
DC12-F76-1KSP-2SP,自由边打磨,人工打磨N21,2862.142823955259,2862.626145801413,0.48332184615401275
U02S-1339切割后的大件,天车吊运（胎架到坡口区）,天车,2862.626145801413,2865.626145801413,3.0
DC12-F64-1KSP-1SP,人工坡口,人工坡口1,3030.30226884536,3037.10229684536,6.800028000000111
DC12-F64-1KSP-2SP,人工坡口,人工坡口1,3037.10229684536,3043.88232484536,6.780028000000129
DC12-F76-1KSP-1SP,人工坡口,人工坡口1,3043.88232484536,3050.60602084536,6.723696000000018
DC12-F76-1KSP-2SP,人工坡口,人工坡口1,3050.60602084536,3057.34971684536,6.743696
U02S-1339切割后的大件,天车吊运（坡口区到成品区）,天车,3057.34971684536,3062.34971684536,5.0
U02A-1330,天车空驶（胎架到原料区）,天车,2865.626145801413,2873.626145801413,8.0
U02A-1330,天车吊运（原料区到胎架）,天车,2873.626145801413,2876.626145801413,3.0
U02A-1330切割后的大件,天车吊运（胎架到成品区）,天车,2933.4959299661964,2938.4959299661964,5.0
U02A-1331,天车空驶（胎架到原料区）,天车,3035.30226884536,3043.30226884536,8.0
U02A-1331,天车吊运（原料区到胎架）,天车,3043.30226884536,3046.30226884536,3.0
U02S-1337,天车空驶（胎架到原料区）,天车,3096.2434169105954,3099.2434169105954,3.0
U02S-1337,天车吊运（原料区到胎架）,天车,3099.2434169105954,3102.2434169105954,3.0
U02A-1331切割后的大件,天车吊运（胎架到成品区）,天车,3102.976494779269,3107.976494779269,5.0
DC12-F69-1SP-1SP,自由边打磨,人工打磨N51,3146.142399923716,3147.4462345903826,1.3038346666667167
U02B-1333,天车空驶（胎架到原料区）,天车,2876.626145801413,2884.626145801413,8.0
U02B-1333,天车吊运（原料区到胎架）,天车,2884.626145801413,2887.626145801413,3.0
U02S-1337切割后的大件,天车吊运（胎架到坡口区）,天车,3147.4462345903826,3150.4462345903826,3.0
DC12-F69-1SP-1SP,人工坡口,人工坡口1,3150.4462345903826,3171.0695145903824,20.623279999999795
U02S-1337切割后的大件,天车吊运（坡口区到成品区）,天车,3171.0695145903824,3176.0695145903824,5.0
DC12-UD-1KSP-2SP,自由边打磨,人工打磨N21,2969.945014233622,2972.9810930028525,3.0360787692306985
U02B-1333切割后的大件,天车空驶（成品区到胎架）,天车,2967.9810930028525,2972.9810930028525,5.0
U02B-1333切割后的大件,天车吊运（胎架到成品区）,天车,2972.9810930028525,2977.9810930028525,5.0
U02B-1332,天车空驶（胎架到原料区）,天车,3107.976494779269,3115.976494779269,8.0
U02B-1332,天车吊运（原料区到胎架）,天车,3115.976494779269,3118.976494779269,3.0
DC12-UD-1KSP-1SP,自由边打磨,人工打磨N51,3177.319436662099,3183.9893457903045,6.6699091282052905
U02B-1334,天车空驶（胎架到原料区）,天车,2938.4959299661964,2941.4959299661964,3.0
U02B-1334,天车吊运（原料区到胎架）,天车,2941.4959299661964,2944.4959299661964,3.0
U02B-1332切割后的大件,天车吊运（胎架到成品区）,天车,3183.9893457903045,3188.9893457903045,5.0
T63S-4103,天车空驶（胎架到原料区）,天车,2977.9810930028525,2985.9810930028525,8.0
T63S-4103,天车吊运（原料区到胎架）,天车,2985.9810930028525,2988.9810930028525,3.0
U02B-1334切割后的大件,天车吊运（胎架到成品区）,天车,2998.7992781294256,3003.7992781294256,5.0
STA238FC-BG-1-1P,自由边打磨,人工打磨N21,3050.091205691759,3053.7937787174,3.702573025640959
T63S-4100,天车空驶（胎架到原料区）,天车,3003.7992781294256,3011.7992781294256,8.0
T63S-4100,天车吊运（原料区到胎架）,天车,3011.7992781294256,3014.7992781294256,3.0
STA238FC-BG-1-1S,自由边打磨,人工打磨N21,3053.7937787174,3057.3513551276565,3.557576410256388
STA238FC-MG-1SP-1SP,自由边打磨,人工打磨N21,3057.3513551276565,3060.7975178968873,3.4461627692307957
STA238FC-BG-2WP-2P,分拣,自动分拣N21,3050.091205691759,3051.671205691759,1.5799999999999272
STA238FC-BG-2WP-2P,自动打磨,自动打磨N21,3051.671205691759,3054.484662517156,2.81345682539677
STA238FC-BG-2WP-2P,桁架码垛,自动分拣N21,3054.484662517156,3055.654662517156,1.1700000000000728
STA238FC-BG-3WS-2S,分拣,自动分拣N21,3055.654662517156,3057.234662517156,1.5799999999999272
STA238FC-BG-3WS-2S,自动打磨,自动打磨N21,3057.234662517156,3060.0481193425526,2.81345682539677
STA238FC-BG-3WS-2S,桁架码垛,自动分拣N21,3060.0481193425526,3061.2181193425527,1.1700000000000728
STA238FC-MG-2WSP-2SP,分拣,自动分拣N21,3061.2181193425527,3062.7981193425526,1.5799999999999272
STA238FC-MG-2WSP-2SP,自动打磨,自动打磨N21,3062.7981193425526,3065.6115761679494,2.81345682539677
STA238FC-MG-2WSP-2SP,桁架码垛,自动分拣N21,3065.6115761679494,3066.7815761679494,1.1700000000000728
T63S-4103切割后的大件,天车吊运（胎架到成品区）,天车,3062.34971684536,3067.34971684536,5.0
STA238FC-F238-CG1-1P,分拣,自动分拣N21,3099.1064314077357,3100.6864314077357,1.5799999999999272
STA238FC-F238-CG1-1P,自动打磨,自动打磨N21,3100.6864314077357,3101.9294283124977,1.2429969047620943
STA238FC-F238-CG1-1P,桁架码垛,自动分拣N21,3101.9294283124977,3103.099428312498,1.1700000000000728
STA238FC-F238-CG1-1S,分拣,自动分拣N21,3103.099428312498,3104.6794283124977,1.5799999999999272
STA238FC-F238-CG1-1S,自动打磨,自动打磨N21,3104.6794283124977,3105.9224251378946,1.2429968253968582
STA238FC-F238-CG1-1S,桁架码垛,自动分拣N21,3105.9224251378946,3107.0924251378947,1.1700000000000728
STA238FC-F238-CG1D1-1P,分拣,自动分拣N21,3107.0924251378947,3108.6724251378946,1.5799999999999272
STA238FC-F238-CG1D1-1P,自动打磨,自动打磨N21,3108.6724251378946,3110.8823676775773,2.209942539682743
STA238FC-F238-CG1D1-1P,桁架码垛,自动分拣N21,3110.8823676775773,3112.0523676775774,1.1700000000000728
STA238FC-F238-CG1D1-1S,分拣,自动分拣N21,3112.0523676775774,3113.6323676775773,1.5799999999999272
STA238FC-F238-CG1D1-1S,自动打磨,自动打磨N21,3113.6323676775773,3115.84231021726,2.209942539682743
STA238FC-F238-CG1D1-1S,桁架码垛,自动分拣N21,3115.84231021726,3117.01231021726,1.1700000000000728
STA238FC-F238-CG2-1P,分拣,自动分拣N21,3117.01231021726,3118.59231021726,1.5799999999999272
STA238FC-F238-CG2-1P,自动打磨,自动打磨N21,3118.59231021726,3119.835307042657,1.2429968253968582
STA238FC-F238-CG2-1P,桁架码垛,自动分拣N21,3119.835307042657,3121.005307042657,1.1700000000000728
STA238FC-F238-CG2-1S,分拣,自动分拣N21,3121.005307042657,3122.585307042657,1.5799999999999272
STA238FC-F238-CG2-1S,自动打磨,自动打磨N21,3122.585307042657,3123.828303947419,1.2429969047620943
STA238FC-F238-CG2-1S,桁架码垛,自动分拣N21,3123.828303947419,3124.998303947419,1.1700000000000728
STA238FC-F238-CG2D1-1P,分拣,自动分拣N21,3124.998303947419,3126.578303947419,1.5799999999999272
STA238FC-F238-CG2D1-1P,自动打磨,自动打磨N21,3126.578303947419,3128.7882464077366,2.2099424603175066
STA238FC-F238-CG2D1-1P,桁架码垛,自动分拣N21,3128.7882464077366,3129.9582464077366,1.1700000000000728
STA238FC-F238-CG2D1-1S,分拣,自动分拣N21,3129.9582464077366,3131.5382464077366,1.5799999999999272
STA238FC-F238-CG2D1-1S,自动打磨,自动打磨N21,3131.5382464077366,3133.7481889474193,2.209942539682743
STA238FC-F238-CG2D1-1S,桁架码垛,自动分拣N21,3133.7481889474193,3134.9181889474194,1.1700000000000728
STA238FC-F238-CG3-1P,分拣,自动分拣N21,3134.9181889474194,3136.4981889474193,1.5799999999999272
STA238FC-F238-CG3-1P,自动打磨,自动打磨N21,3136.4981889474193,3137.741185772816,1.2429968253968582
STA238FC-F238-CG3-1P,桁架码垛,自动分拣N21,3137.741185772816,3138.911185772816,1.1700000000000728
STA238FC-F238-CG3-1S,分拣,自动分拣N21,3138.911185772816,3140.491185772816,1.5799999999999272
STA238FC-F238-CG3-1S,自动打磨,自动打磨N21,3140.491185772816,3141.7341826775782,1.2429969047620943
STA238FC-F238-CG3-1S,桁架码垛,自动分拣N21,3141.7341826775782,3142.9041826775783,1.1700000000000728
STA238FC-F238-CG3D1-1P,分拣,自动分拣N21,3142.9041826775783,3144.4841826775782,1.5799999999999272
STA238FC-F238-CG3D1-1P,自动打磨,自动打磨N21,3144.4841826775782,3146.694125217261,2.209942539682743
STA238FC-F238-CG3D1-1P,桁架码垛,自动分拣N21,3146.694125217261,3147.864125217261,1.1700000000000728
STA238FC-F238-CG3D1-1S,分拣,自动分拣N21,3147.864125217261,3149.444125217261,1.5799999999999272
STA238FC-F238-CG3D1-1S,自动打磨,自动打磨N21,3149.444125217261,3151.6540676775785,2.2099424603175066
STA238FC-F238-CG3D1-1S,桁架码垛,自动分拣N21,3151.6540676775785,3152.8240676775786,1.1700000000000728
STA238FC-F238-CG4D1SP-1S,分拣,自动分拣N21,3152.8240676775786,3154.4040676775785,1.5799999999999272
STA238FC-F238-CG4D1SP-1S,自动打磨,自动打磨N21,3154.4040676775785,3156.6140102172612,2.209942539682743
STA238FC-F238-CG4D1SP-1S,桁架码垛,自动分拣N21,3156.6140102172612,3157.7840102172613,1.1700000000000728
STA238FC-F238-CG4SP-1SP,分拣,自动分拣N21,3157.7840102172613,3159.3640102172612,1.5799999999999272
STA238FC-F238-CG4SP-1SP,自动打磨,自动打磨N21,3159.3640102172612,3160.6070071220233,1.2429969047620943
STA238FC-F238-CG4SP-1SP,桁架码垛,自动分拣N21,3160.6070071220233,3161.7770071220234,1.1700000000000728
STA238FC-F240-CG1-1P,分拣,自动分拣N21,3161.7770071220234,3163.3570071220233,1.5799999999999272
STA238FC-F240-CG1-1P,自动打磨,自动打磨N21,3163.3570071220233,3164.60000394742,1.2429968253968582
STA238FC-F240-CG1-1P,桁架码垛,自动分拣N21,3164.60000394742,3165.7700039474203,1.1700000000000728
STA238FC-F240-CG1-1S,分拣,自动分拣N21,3165.7700039474203,3167.35000394742,1.5799999999999272
STA238FC-F240-CG1-1S,自动打磨,自动打磨N21,3167.35000394742,3168.5930008521823,1.2429969047620943
STA238FC-F240-CG1-1S,桁架码垛,自动分拣N21,3168.5930008521823,3169.7630008521824,1.1700000000000728
STA238FC-F240-CG1D1-1P,分拣,自动分拣N21,3169.7630008521824,3171.3430008521823,1.5799999999999272
STA238FC-F240-CG1D1-1P,自动打磨,自动打磨N21,3171.3430008521823,3173.5529433125,2.2099424603175066
STA238FC-F240-CG1D1-1P,桁架码垛,自动分拣N21,3173.5529433125,3174.7229433125,1.1700000000000728
STA238FC-F240-CG1D1-1S,分拣,自动分拣N21,3174.7229433125,3176.3029433125,1.5799999999999272
STA238FC-F240-CG1D1-1S,自动打磨,自动打磨N21,3176.3029433125,3178.5128858521825,2.209942539682743
STA238FC-F240-CG1D1-1S,桁架码垛,自动分拣N21,3178.5128858521825,3179.6828858521826,1.1700000000000728
STA238FC-F240-CG2-1P,分拣,自动分拣N21,3179.6828858521826,3181.2628858521825,1.5799999999999272
STA238FC-F240-CG2-1P,自动打磨,自动打磨N21,3181.2628858521825,3182.5058826775794,1.2429968253968582
STA238FC-F240-CG2-1P,桁架码垛,自动分拣N21,3182.5058826775794,3183.6758826775795,1.1700000000000728
STA238FC-F240-CG2-1S,分拣,自动分拣N21,3183.6758826775795,3185.2558826775794,1.5799999999999272
STA238FC-F240-CG2-1S,自动打磨,自动打磨N21,3185.2558826775794,3186.4988795823415,1.2429969047620943
STA238FC-F240-CG2-1S,桁架码垛,自动分拣N21,3186.4988795823415,3187.6688795823416,1.1700000000000728
STA238FC-F240-CG2D1-1P,分拣,自动分拣N21,3187.6688795823416,3189.2488795823415,1.5799999999999272
STA238FC-F240-CG2D1-1P,自动打磨,自动打磨N21,3189.2488795823415,3191.4588221220242,2.209942539682743
STA238FC-F240-CG2D1-1P,桁架码垛,自动分拣N21,3191.4588221220242,3192.6288221220243,1.1700000000000728
STA238FC-F240-CG2D1-1S,分拣,自动分拣N21,3192.6288221220243,3194.2088221220242,1.5799999999999272
STA238FC-F240-CG2D1-1S,自动打磨,自动打磨N21,3194.2088221220242,3196.418764661707,2.209942539682743
STA238FC-F240-CG2D1-1S,桁架码垛,自动分拣N21,3196.418764661707,3197.588764661707,1.1700000000000728
STA238FC-F240-CG3-1P,分拣,自动分拣N21,3197.588764661707,3199.168764661707,1.5799999999999272
STA238FC-F240-CG3-1P,自动打磨,自动打磨N21,3199.168764661707,3200.411761566469,1.2429969047620943
STA238FC-F240-CG3-1P,桁架码垛,自动分拣N21,3200.411761566469,3201.581761566469,1.1700000000000728
STA238FC-F240-CG3-1S,分拣,自动分拣N21,3201.581761566469,3203.161761566469,1.5799999999999272
STA238FC-F240-CG3-1S,自动打磨,自动打磨N21,3203.161761566469,3204.404758391866,1.2429968253968582
STA238FC-F240-CG3-1S,桁架码垛,自动分拣N21,3204.404758391866,3205.574758391866,1.1700000000000728
STA238FC-F240-CG3D1-1P,分拣,自动分拣N21,3205.574758391866,3207.154758391866,1.5799999999999272
STA238FC-F240-CG3D1-1P,自动打磨,自动打磨N21,3207.154758391866,3209.3647009315487,2.209942539682743
STA238FC-F240-CG3D1-1P,桁架码垛,自动分拣N21,3209.3647009315487,3210.5347009315487,1.1700000000000728
STA238FC-F240-CG3D1-1S,分拣,自动分拣N21,3210.5347009315487,3212.1147009315487,1.5799999999999272
STA238FC-F240-CG3D1-1S,自动打磨,自动打磨N21,3212.1147009315487,3214.324643391866,2.2099424603175066
STA238FC-F240-CG3D1-1S,桁架码垛,自动分拣N21,3214.324643391866,3215.4946433918662,1.1700000000000728
STA238FC-F240-CG4D1SP-1S,分拣,自动分拣N21,3215.4946433918662,3217.074643391866,1.5799999999999272
STA238FC-F240-CG4D1SP-1S,自动打磨,自动打磨N21,3217.074643391866,3219.284585931549,2.209942539682743
STA238FC-F240-CG4D1SP-1S,桁架码垛,自动分拣N21,3219.284585931549,3220.454585931549,1.1700000000000728
STA238FC-F240-CG4SP-1SP,分拣,自动分拣N21,3220.454585931549,3222.034585931549,1.5799999999999272
STA238FC-F240-CG4SP-1SP,自动打磨,自动打磨N21,3222.034585931549,3223.277582836311,1.2429969047620943
STA238FC-F240-CG4SP-1SP,桁架码垛,自动分拣N21,3223.277582836311,3224.447582836311,1.1700000000000728
STA238FC-F238A-2P-1P,分拣,自动分拣N21,3224.447582836311,3226.027582836311,1.5799999999999272
STA238FC-F238A-2P-1P,自动打磨,自动打磨N21,3226.027582836311,3229.3763587093267,3.348775873015711
STA238FC-F238A-2P-1P,桁架码垛,自动分拣N21,3229.3763587093267,3230.546358709327,1.1700000000000728
STA238FC-F238A-3SP-1SP,分拣,自动分拣N21,3230.546358709327,3232.1263587093267,1.5799999999999272
STA238FC-F238A-3SP-1SP,自动打磨,自动打磨N21,3232.1263587093267,3234.52904704266,2.402688333333117
STA238FC-F238A-3SP-1SP,桁架码垛,自动分拣N21,3234.52904704266,3235.69904704266,1.1700000000000728
STA238FC-F238A-4S-1S,分拣,自动分拣N21,3235.69904704266,3237.27904704266,1.5799999999999272
STA238FC-F238A-4S-1S,自动打磨,自动打磨N21,3237.27904704266,3240.6328090267866,3.353761984126777
STA238FC-F238A-4S-1S,桁架码垛,自动分拣N21,3240.6328090267866,3241.8028090267867,1.1700000000000728
STA238FC-F240A-1SP-1SP,分拣,自动分拣N21,3241.8028090267867,3243.3828090267866,1.5799999999999272
STA238FC-F240A-1SP-1SP,自动打磨,自动打磨N21,3243.3828090267866,3246.1911497410724,2.808340714285805
STA238FC-F240A-1SP-1SP,桁架码垛,自动分拣N21,3246.1911497410724,3247.3611497410725,1.1700000000000728
STA238FC-F240A-2P-1P,分拣,自动分拣N21,3247.3611497410725,3248.9411497410724,1.5799999999999272
STA238FC-F240A-2P-1P,自动打磨,自动打磨N21,3248.9411497410724,3252.2899257728186,3.3487760317461834
STA238FC-F240A-2P-1P,桁架码垛,自动分拣N21,3252.2899257728186,3253.4599257728187,1.1700000000000728
STA238FC-F240A-4S-1S,分拣,自动分拣N21,3253.4599257728187,3255.0399257728186,1.5799999999999272
STA238FC-F240A-4S-1S,自动打磨,自动打磨N21,3255.0399257728186,3258.3936876775806,3.3537619047619955
STA238FC-F240A-4S-1S,桁架码垛,自动分拣N21,3258.3936876775806,3259.5636876775807,1.1700000000000728
STA238FC-R3-1B1P-1P,分拣,自动分拣N21,3259.5636876775807,3261.1436876775806,1.5799999999999272
STA238FC-R3-1B1P-1P,自动打磨,自动打磨N21,3261.1436876775806,3263.3224487093266,2.178761031746035
STA238FC-R3-1B1P-1P,桁架码垛,自动分拣N21,3263.3224487093266,3264.4924487093267,1.1700000000000728
T63S-4093,天车空驶（胎架到原料区）,天车,3067.34971684536,3075.34971684536,8.0
T63S-4093,天车吊运（原料区到胎架）,天车,3075.34971684536,3078.34971684536,3.0
STA238FC-F238-1SP-2SP,自由边打磨,人工打磨N21,3146.3930322004035,3152.2238285080957,5.830796307692253
T63S-4093切割后的大件,天车吊运（胎架到成品区）,天车,3152.2238285080957,3157.2238285080957,5.0
T63S-4094,天车空驶（胎架到原料区）,天车,3157.2238285080957,3165.2238285080957,8.0
T63S-4094,天车吊运（原料区到胎架）,天车,3165.2238285080957,3168.2238285080957,3.0
STA238FC-F240-1SP-2SP,分拣,自动分拣N21,3264.4924487093267,3266.0724487093266,1.5799999999999272
STA238FC-F240-1SP-2SP,自动打磨,自动打磨N21,3266.0724487093266,3267.3862475188503,1.3137988095236324
STA238FC-F240-1SP-2SP,桁架码垛,自动分拣N21,3267.3862475188503,3268.5562475188503,1.1700000000000728
STA238FC-F240-1SP-3SP,自由边打磨,人工打磨N21,3212.5269595878567,3218.749556100677,6.222596512820473
STA238FC-F240-1SP-5SP,分拣,自动分拣N21,3268.5562475188503,3269.5562475188503,1.0
STA238FC-F240-1SP-5SP,桁架至坡口工作站,自动分拣N21,3269.5562475188503,3270.7229475188506,1.166700000000219
T63S-4094切割后的大件,天车吊运（胎架到成品区）,天车,3218.749556100677,3223.749556100677,5.0
T63S-4098,天车空驶（胎架到原料区）,天车,3253.4924487093267,3261.4924487093267,8.0
T63S-4098,天车吊运（原料区到胎架）,天车,3261.4924487093267,3264.4924487093267,3.0
STA238FC-F238-1SP-1SP,自由边打磨,人工打磨N21,3300.9460656956753,3301.9728411828546,1.0267754871792931
T63S-4099,天车空驶（胎架到原料区）,天车,3176.0695145903824,3179.0695145903824,3.0
T63S-4099,天车吊运（原料区到胎架）,天车,3179.0695145903824,3182.0695145903824,3.0
T63S-4098切割后的大件,天车吊运（胎架到成品区）,天车,3301.9728411828546,3306.9728411828546,5.0
STA238FC-F240-1SP-1SP,自由边打磨,人工打磨N51,3218.515164146494,3219.5419396336733,1.0267754871792931
T63S-4102,天车空驶（胎架到原料区）,天车,3188.9893457903045,3196.9893457903045,8.0
T63S-4102,天车吊运（原料区到胎架）,天车,3196.9893457903045,3199.9893457903045,3.0
T63S-4099切割后的大件,天车吊运（胎架到成品区）,天车,3223.749556100677,3228.749556100677,5.0
STA238FC-ADD-1SP-1SP,自由边打磨,人工打磨N51,3254.528319368688,3260.0896980353546,5.561378666666769
T63S-4101,天车空驶（胎架到原料区）,天车,3228.749556100677,3236.749556100677,8.0
T63S-4101,天车吊运（原料区到胎架）,天车,3236.749556100677,3239.749556100677,3.0
T63S-4102切割后的大件,天车吊运（胎架到成品区）,天车,3264.4924487093267,3269.4924487093267,5.0
STA238FC-F238-1SP-1BSP,分拣,自动分拣N51,3283.2781595801534,3284.8581595801534,1.5799999999999272
STA238FC-F238-1SP-1BSP,自动打磨,自动打磨N51,3284.8581595801534,3287.4088256118994,2.5506660317460046
STA238FC-F238-1SP-1BSP,桁架码垛,自动分拣N51,3287.4088256118994,3288.5788256118994,1.1700000000000728
STA238FC-F238-1SP-2BSP,分拣,自动分拣N51,3288.5788256118994,3290.1588256118994,1.5799999999999272
STA238FC-F238-1SP-2BSP,自动打磨,自动打磨N51,3290.1588256118994,3292.7094917230106,2.5506661111112408
STA238FC-F238-1SP-2BSP,桁架码垛,自动分拣N51,3292.7094917230106,3293.8794917230107,1.1700000000000728
STA238FC-F238-1SP-3BSP,分拣,自动分拣N51,3293.8794917230107,3295.4594917230106,1.5799999999999272
STA238FC-F238-1SP-3BSP,自动打磨,自动打磨N51,3295.4594917230106,3298.010157834122,2.5506661111112408
STA238FC-F238-1SP-3BSP,桁架码垛,自动分拣N51,3298.010157834122,3299.180157834122,1.1700000000000728
STA238FC-F238-1SP-4BSP,分拣,自动分拣N51,3299.180157834122,3300.760157834122,1.5799999999999272
STA238FC-F238-1SP-4BSP,自动打磨,自动打磨N51,3300.760157834122,3303.310823945233,2.5506661111112408
STA238FC-F238-1SP-4BSP,桁架码垛,自动分拣N51,3303.310823945233,3304.480823945233,1.1700000000000728
STA238FC-F240-1SP-1BSP,分拣,自动分拣N51,3304.480823945233,3306.060823945233,1.5799999999999272
STA238FC-F240-1SP-1BSP,自动打磨,自动打磨N51,3306.060823945233,3308.611489976979,2.5506660317460046
STA238FC-F240-1SP-1BSP,桁架码垛,自动分拣N51,3308.611489976979,3309.781489976979,1.1700000000000728
STA238FC-F240-1SP-2BSP,分拣,自动分拣N51,3309.781489976979,3311.361489976979,1.5799999999999272
STA238FC-F240-1SP-2BSP,自动打磨,自动打磨N51,3311.361489976979,3313.9121560880903,2.5506661111112408
STA238FC-F240-1SP-2BSP,桁架码垛,自动分拣N51,3313.9121560880903,3315.0821560880904,1.1700000000000728
STA238FC-F240-1SP-3BSP,分拣,自动分拣N51,3315.0821560880904,3316.6621560880903,1.5799999999999272
STA238FC-F240-1SP-3BSP,自动打磨,自动打磨N51,3316.6621560880903,3319.2128221198363,2.5506660317460046
STA238FC-F240-1SP-3BSP,桁架码垛,自动分拣N51,3319.2128221198363,3320.3828221198364,1.1700000000000728
STA238FC-F240-1SP-4BSP,分拣,自动分拣N51,3320.3828221198364,3321.9628221198363,1.5799999999999272
STA238FC-F240-1SP-4BSP,自动打磨,自动打磨N51,3321.9628221198363,3324.5134882309476,2.5506661111112408
STA238FC-F240-1SP-4BSP,桁架码垛,自动分拣N51,3324.5134882309476,3325.6834882309477,1.1700000000000728
STA238FC-F240-1SP-5BSP,分拣,自动分拣N51,3325.6834882309477,3327.2634882309476,1.5799999999999272
STA238FC-F240-1SP-5BSP,自动打磨,自动打磨N51,3327.2634882309476,3329.794360532535,2.530872301587351
STA238FC-F240-1SP-5BSP,桁架码垛,自动分拣N51,3329.794360532535,3330.964360532535,1.1700000000000728
STA238FC-F240-1SP-6BSP,分拣,自动分拣N51,3330.964360532535,3332.544360532535,1.5799999999999272
STA238FC-F240-1SP-6BSP,自动打磨,自动打磨N51,3332.544360532535,3335.0752329928523,2.5308724603173687
STA238FC-F240-1SP-6BSP,桁架码垛,自动分拣N51,3335.0752329928523,3336.2452329928524,1.1700000000000728
STA238FC-F240-1SP-7BSP,分拣,自动分拣N51,3336.2452329928524,3337.8252329928523,1.5799999999999272
STA238FC-F240-1SP-7BSP,自动打磨,自动打磨N51,3337.8252329928523,3340.3561052944397,2.530872301587351
STA238FC-F240-1SP-7BSP,桁架码垛,自动分拣N51,3340.3561052944397,3341.5261052944397,1.1700000000000728
STA238FC-F240-1SP-8BSP,分拣,自动分拣N51,3341.5261052944397,3343.1061052944397,1.5799999999999272
STA238FC-F240-1SP-8BSP,自动打磨,自动打磨N51,3343.1061052944397,3345.6369776753922,2.5308723809525873
STA238FC-F240-1SP-8BSP,桁架码垛,自动分拣N51,3345.6369776753922,3346.8069776753923,1.1700000000000728
STA238FC-AG-1-1P,分拣,自动分拣N51,3346.8069776753923,3348.3869776753922,1.5799999999999272
STA238FC-AG-1-1P,自动打磨,自动打磨N51,3348.3869776753922,3350.9154141833287,2.528436507936476
STA238FC-AG-1-1P,桁架码垛,自动分拣N51,3350.9154141833287,3352.085414183329,1.1700000000000728
STA238FC-AG-1-1S,分拣,自动分拣N51,3352.085414183329,3353.6654141833287,1.5799999999999272
STA238FC-AG-1-1S,自动打磨,自动打磨N51,3353.6654141833287,3356.193850691265,2.528436507936476
STA238FC-AG-1-1S,桁架码垛,自动分拣N51,3356.193850691265,3357.3638506912653,1.1700000000000728
STA238FC-CG-1-1P,分拣,自动分拣N51,3357.3638506912653,3358.943850691265,1.5799999999999272
STA238FC-CG-1-1P,自动打磨,自动打磨N51,3358.943850691265,3361.4722871992017,2.528436507936476
STA238FC-CG-1-1P,桁架码垛,自动分拣N51,3361.4722871992017,3362.6422871992017,1.1700000000000728
STA238FC-CG-1-1S,分拣,自动分拣N51,3362.6422871992017,3364.2222871992017,1.5799999999999272
STA238FC-CG-1-1S,自动打磨,自动打磨N51,3364.2222871992017,3366.750723707138,2.528436507936476
STA238FC-CG-1-1S,桁架码垛,自动分拣N51,3366.750723707138,3367.920723707138,1.1700000000000728
T63S-4097,天车空驶（胎架到原料区）,天车,3269.4924487093267,3277.4924487093267,8.0
T63S-4097,天车吊运（原料区到胎架）,天车,3277.4924487093267,3280.4924487093267,3.0
STA238FC-P1-1B1-1P,分拣,自动分拣N51,3367.920723707138,3369.500723707138,1.5799999999999272
STA238FC-P1-1B1-1P,自动打磨,自动打磨N51,3369.500723707138,3371.906623230948,2.405899523809694
STA238FC-P1-1B1-1P,桁架码垛,自动分拣N51,3371.906623230948,3373.076623230948,1.1700000000000728
STA238FC-P1-1B1-1S,分拣,自动分拣N51,3373.076623230948,3374.656623230948,1.5799999999999272
STA238FC-P1-1B1-1S,自动打磨,自动打磨N51,3374.656623230948,3377.0625227547575,2.405899523809694
STA238FC-P1-1B1-1S,桁架码垛,自动分拣N51,3377.0625227547575,3378.2325227547576,1.1700000000000728
STA238FC-P1-1B2-1P,分拣,自动分拣N51,3378.2325227547576,3379.8125227547575,1.5799999999999272
STA238FC-P1-1B2-1P,自动打磨,自动打磨N51,3379.8125227547575,3381.6510528341228,1.8385300793652277
STA238FC-P1-1B2-1P,桁架码垛,自动分拣N51,3381.6510528341228,3382.821052834123,1.1700000000000728
STA238FC-P1-1B2-1S,分拣,自动分拣N51,3382.821052834123,3384.4010528341228,1.5799999999999272
STA238FC-P1-1B2-1S,自动打磨,自动打磨N51,3384.4010528341228,3386.2395828341228,1.8385299999999916
STA238FC-P1-1B2-1S,桁架码垛,自动分拣N51,3386.2395828341228,3387.409582834123,1.1700000000000728
STA238FC-P1-1-1P,分拣,自动分拣N51,3387.409582834123,3388.9895828341228,1.5799999999999272
STA238FC-P1-1-1P,自动打磨,自动打磨N51,3388.9895828341228,3391.208042119837,2.218459285714289
STA238FC-P1-1-1P,桁架码垛,自动分拣N51,3391.208042119837,3392.378042119837,1.1700000000000728
STA238FC-P1-1-1S,分拣,自动分拣N51,3392.378042119837,3393.958042119837,1.5799999999999272
STA238FC-P1-1-1S,自动打磨,自动打磨N51,3393.958042119837,3396.1765014055513,2.218459285714289
STA238FC-P1-1-1S,桁架码垛,自动分拣N51,3396.1765014055513,3397.3465014055514,1.1700000000000728
STA238FC-P1-1F1-2P,分拣,自动分拣N51,3397.3465014055514,3398.9265014055513,1.5799999999999272
STA238FC-P1-1F1-2P,自动打磨,自动打磨N51,3398.9265014055513,3403.480296008726,4.553794603174538
STA238FC-P1-1F1-2P,桁架码垛,自动分拣N51,3403.480296008726,3404.650296008726,1.1700000000000728
STA238FC-P1-1F1-2S,分拣,自动分拣N51,3404.650296008726,3406.230296008726,1.5799999999999272
STA238FC-P1-1F1-2S,自动打磨,自动打磨N51,3406.230296008726,3410.7840906119004,4.553794603174538
STA238FC-P1-1F1-2S,桁架码垛,自动分拣N51,3410.7840906119004,3411.9540906119005,1.1700000000000728
T63S-4092,天车空驶（胎架到原料区）,天车,3361.920723707138,3364.920723707138,3.0
T63S-4092,天车吊运（原料区到胎架）,天车,3364.920723707138,3367.920723707138,3.0
STA238FC-S1-1B1-1P,分拣,自动分拣N51,3414.0560116555885,3415.6360116555884,1.5799999999999272
STA238FC-S1-1B1-1P,自动打磨,自动打磨N51,3415.6360116555884,3416.8869317349536,1.2509200793651871
STA238FC-S1-1B1-1P,桁架码垛,自动分拣N51,3416.8869317349536,3418.0569317349537,1.1700000000000728
STA238FC-S1-1B1-1S,分拣,自动分拣N51,3418.0569317349537,3419.6369317349536,1.5799999999999272
STA238FC-S1-1B1-1S,自动打磨,自动打磨N51,3419.6369317349536,3420.8878518143188,1.2509200793651871
STA238FC-S1-1B1-1S,桁架码垛,自动分拣N51,3420.8878518143188,3422.057851814319,1.1700000000000728
STA238FC-S1-2B1-1P,分拣,自动分拣N51,3422.057851814319,3423.6378518143188,1.5799999999999272
STA238FC-S1-2B1-1P,自动打磨,自动打磨N51,3423.6378518143188,3424.888771893684,1.2509200793651871
STA238FC-S1-2B1-1P,桁架码垛,自动分拣N51,3424.888771893684,3426.058771893684,1.1700000000000728
STA238FC-R2-1B1P-1P,分拣,自动分拣N51,3426.058771893684,3427.638771893684,1.5799999999999272
STA238FC-R2-1B1P-1P,自动打磨,自动打磨N51,3427.638771893684,3429.140208163525,1.5014362698411787
STA238FC-R2-1B1P-1P,桁架码垛,自动分拣N51,3429.140208163525,3430.310208163525,1.1700000000000728
STA238FC-R2-1B2P-1P,分拣,自动分拣N51,3430.310208163525,3431.890208163525,1.5799999999999272
STA238FC-R2-1B2P-1P,自动打磨,自动打磨N51,3431.890208163525,3433.3916444333663,1.5014362698411787
STA238FC-R2-1B2P-1P,桁架码垛,自动分拣N51,3433.3916444333663,3434.5616444333664,1.1700000000000728
STA238FC-R2-2B1WS-1S,分拣,自动分拣N51,3434.5616444333664,3436.1416444333663,1.5799999999999272
STA238FC-R2-2B1WS-1S,自动打磨,自动打磨N51,3436.1416444333663,3437.6516513381284,1.5100069047621218
STA238FC-R2-2B1WS-1S,桁架码垛,自动分拣N51,3437.6516513381284,3438.8216513381285,1.1700000000000728
STA238FC-R2-2B2WS-1S,分拣,自动分拣N51,3438.8216513381285,3440.4016513381284,1.5799999999999272
STA238FC-R2-2B2WS-1S,自动打磨,自动打磨N51,3440.4016513381284,3441.9116576079696,1.510006269841142
STA238FC-R2-2B2WS-1S,桁架码垛,自动分拣N51,3441.9116576079696,3443.0816576079696,1.1700000000000728
STA238FC-R2-3B1S-1S,分拣,自动分拣N51,3443.0816576079696,3444.6616576079696,1.5799999999999272
STA238FC-R2-3B1S-1S,自动打磨,自动打磨N51,3444.6616576079696,3446.166310068287,1.5046524603176294
STA238FC-R2-3B1S-1S,桁架码垛,自动分拣N51,3446.166310068287,3447.3363100682873,1.1700000000000728
STA238FC-R2-3B2S-1S,分拣,自动分拣N51,3447.3363100682873,3448.916310068287,1.5799999999999272
STA238FC-R2-3B2S-1S,自动打磨,自动打磨N51,3448.916310068287,3450.420962528605,1.5046524603176294
STA238FC-R2-3B2S-1S,桁架码垛,自动分拣N51,3450.420962528605,3451.590962528605,1.1700000000000728
STA238FC-TOP-1SP-1SP,自由边打磨,人工打磨N51,3414.0560116555885,3415.3511495017424,1.2951378461539207
T63S-4096,天车空驶（胎架到原料区）,天车,3280.4924487093267,3283.4924487093267,3.0
T63S-4096,天车吊运（原料区到胎架）,天车,3283.4924487093267,3286.4924487093267,3.0
STA238FC-TOP-1SP-3SP,自由边打磨,人工打磨N51,3415.3511495017424,3416.6462873478963,1.2951378461539207
T63S-4092切割后的大件,天车吊运（胎架到坡口区）,天车,3416.6462873478963,3419.6462873478963,3.0
STA238FC-TOP-1SP-1SP,人工坡口,人工坡口1,3419.6462873478963,3435.816731347896,16.17044399999986
STA238FC-TOP-1SP-3SP,人工坡口,人工坡口1,3435.816731347896,3452.007175347896,16.190443999999843
T63S-4092切割后的大件,天车吊运（坡口区到成品区）,天车,3452.007175347896,3457.007175347896,5.0
STA238FC-AG-2P-1P,分拣,自动分拣N21,3338.167232583457,3339.747232583457,1.5799999999999272
STA238FC-AG-2P-1P,自动打磨,自动打磨N21,3339.747232583457,3342.0045852025046,2.2573526190476514
STA238FC-AG-2P-1P,桁架码垛,自动分拣N21,3342.0045852025046,3343.1745852025047,1.1700000000000728
STA238FC-AG-3S-1S,分拣,自动分拣N21,3343.1745852025047,3344.7545852025046,1.5799999999999272
STA238FC-AG-3S-1S,自动打磨,自动打磨N21,3344.7545852025046,3347.0203834564727,2.2657982539681143
STA238FC-AG-3S-1S,桁架码垛,自动分拣N21,3347.0203834564727,3348.190383456473,1.1700000000000728
STA238FC-BG-2WP-1P,分拣,自动分拣N21,3348.190383456473,3349.190383456473,1.0
STA238FC-BG-3WS-1S,分拣,自动分拣N21,3349.190383456473,3350.190383456473,1.0
STA238FC-CG-2-1P,分拣,自动分拣N21,3350.190383456473,3351.7703834564727,1.5799999999999272
STA238FC-CG-2-1P,自动打磨,自动打磨N21,3351.7703834564727,3354.0379420279014,2.267558571428708
STA238FC-CG-2-1P,桁架码垛,自动分拣N21,3354.0379420279014,3355.2079420279015,1.1700000000000728
STA238FC-CG-2-1S,分拣,自动分拣N21,3355.2079420279015,3356.7879420279014,1.5799999999999272
STA238FC-CG-2-1S,自动打磨,自动打磨N21,3356.7879420279014,3359.05550059933,2.267558571428708
STA238FC-CG-2-1S,桁架码垛,自动分拣N21,3359.05550059933,3360.22550059933,1.1700000000000728
STA238FC-MG-2WSP-1SP,分拣,自动分拣N21,3360.22550059933,3361.22550059933,1.0
T63S-4091,天车空驶（胎架到原料区）,天车,3306.9728411828546,3314.9728411828546,8.0
T63S-4091,天车吊运（原料区到胎架）,天车,3314.9728411828546,3317.9728411828546,3.0
STA238FC-P1-1F1-1P,分拣,自动分拣N21,3361.22550059933,3362.80550059933,1.5799999999999272
STA238FC-P1-1F1-1P,自动打磨,自动打磨N21,3362.80550059933,3366.738769250124,3.933268650793707
STA238FC-P1-1F1-1P,桁架码垛,自动分拣N21,3366.738769250124,3367.908769250124,1.1700000000000728
STA238FC-P1-1F1-1S,分拣,自动分拣N21,3367.908769250124,3369.488769250124,1.5799999999999272
STA238FC-P1-1F1-1S,自动打磨,自动打磨N21,3369.488769250124,3373.4220379802828,3.933268730158943
STA238FC-P1-1F1-1S,桁架码垛,自动分拣N21,3373.4220379802828,3374.592037980283,1.1700000000000728
STA238FC-P1-1F1-3P,分拣,自动分拣N21,3374.592037980283,3376.1720379802828,1.5799999999999272
STA238FC-P1-1F1-3P,自动打磨,自动打磨N21,3376.1720379802828,3378.446641154886,2.2746031746032713
STA238FC-P1-1F1-3P,桁架码垛,自动分拣N21,3378.446641154886,3379.616641154886,1.1700000000000728
STA238FC-P1-1F1-3S,分拣,自动分拣N21,3379.616641154886,3381.196641154886,1.5799999999999272
STA238FC-P1-1F1-3S,自动打磨,自动打磨N21,3381.196641154886,3383.4712443294893,2.2746031746032713
STA238FC-P1-1F1-3S,桁架码垛,自动分拣N21,3383.4712443294893,3384.6412443294894,1.1700000000000728
T63S-4088,天车空驶（胎架到原料区）,天车,3405.9540906119005,3408.9540906119005,3.0
T63S-4088,天车吊运（原料区到胎架）,天车,3408.9540906119005,3411.9540906119005,3.0
STA238FC-F238A-3SP-2SP,分拣,自动分拣N51,3451.590962528605,3453.170962528605,1.5799999999999272
STA238FC-F238A-3SP-2SP,自动打磨,自动打磨N51,3453.170962528605,3455.1587281635257,1.9877656349208337
STA238FC-F238A-3SP-2SP,桁架码垛,自动分拣N51,3455.1587281635257,3456.3287281635257,1.1700000000000728
STA238FC-F240-5S-1S,分拣,自动分拣N51,3456.3287281635257,3457.9087281635257,1.5799999999999272
STA238FC-F240-5S-1S,自动打磨,自动打磨N51,3457.9087281635257,3458.9087281635257,1.0
STA238FC-F240-5S-1S,桁架码垛,自动分拣N51,3458.9087281635257,3460.0787281635257,1.1700000000000728
STA238FC-F238A-1P-1P,分拣,自动分拣N51,3460.0787281635257,3461.6587281635257,1.5799999999999272
STA238FC-F238A-1P-1P,自动打磨,自动打磨N51,3461.6587281635257,3464.0992982428907,2.4405700793649885
STA238FC-F238A-1P-1P,桁架码垛,自动分拣N51,3464.0992982428907,3465.2692982428907,1.1700000000000728
T63S-4855,天车空驶（胎架到原料区）,天车,3355.22550059933,3358.22550059933,3.0
T63S-4855,天车吊运（原料区到胎架）,天车,3358.22550059933,3361.22550059933,3.0
STA238FC-F238-1B1P-1P,分拣,自动分拣N21,3384.6412443294894,3386.2212443294893,1.5799999999999272
STA238FC-F238-1B1P-1P,自动打磨,自动打磨N21,3386.2212443294893,3387.5917365517116,1.3704922222223104
STA238FC-F238-1B1P-1P,桁架码垛,自动分拣N21,3387.5917365517116,3388.7617365517117,1.1700000000000728
STA238FC-F238-1B2WS-1S,分拣,自动分拣N21,3388.7617365517117,3390.3417365517116,1.5799999999999272
STA238FC-F238-1B2WS-1S,自动打磨,自动打磨N21,3390.3417365517116,3391.71396028187,1.3722237301585665
STA238FC-F238-1B2WS-1S,桁架码垛,自动分拣N21,3391.71396028187,3392.8839602818703,1.1700000000000728
STA238FC-F240-1B1P-1P,分拣,自动分拣N21,3392.8839602818703,3394.46396028187,1.5799999999999272
STA238FC-F240-1B1P-1P,自动打磨,自动打磨N21,3394.46396028187,3395.8344525834573,1.3704923015870918
STA238FC-F240-1B1P-1P,桁架码垛,自动分拣N21,3395.8344525834573,3397.0044525834574,1.1700000000000728
STA238FC-F240-1B2WS-1S,分拣,自动分拣N21,3397.0044525834574,3398.5844525834573,1.5799999999999272
STA238FC-F240-1B2WS-1S,自动打磨,自动打磨N21,3398.5844525834573,3399.956676313616,1.3722237301585665
STA238FC-F240-1B2WS-1S,桁架码垛,自动分拣N21,3399.956676313616,3401.126676313616,1.1700000000000728
T63S-4090,天车空驶（胎架到原料区）,天车,3445.590962528605,3448.590962528605,3.0
T63S-4090,天车吊运（原料区到胎架）,天车,3448.590962528605,3451.590962528605,3.0
STA238FC-TOP-1SP-6SP,自由边打磨,人工打磨N51,3470.3245249807824,3474.6659440577055,4.341419076923103
T63S-4084,天车空驶（胎架到原料区）,天车,3378.6412443294894,3381.6412443294894,3.0
T63S-4084,天车吊运（原料区到胎架）,天车,3381.6412443294894,3384.6412443294894,3.0
T63S-4090切割后的大件,天车吊运（胎架到成品区）,天车,3474.6659440577055,3479.6659440577055,5.0
STA238FC-TOP-1SP-4SP,分拣,自动分拣N21,3403.7469790511846,3404.7469790511846,1.0
STA238FC-TOP-1SP-4SP,桁架至坡口工作站,自动分拣N21,3404.7469790511846,3405.9136790511848,1.166700000000219
STA238FC-TOP-1SP-5SP,分拣,自动分拣N21,3405.9136790511848,3407.4936790511847,1.5799999999999272
STA238FC-TOP-1SP-5SP,自动打磨,自动打磨N21,3407.4936790511847,3408.874108654359,1.3804296031744343
STA238FC-TOP-1SP-5SP,桁架至坡口工作站,自动分拣N21,3408.874108654359,3410.0408086543594,1.166700000000219
T63S-4087,天车空驶（胎架到原料区）,天车,3457.007175347896,3465.007175347896,8.0
T63S-4087,天车吊运（原料区到胎架）,天车,3465.007175347896,3468.007175347896,3.0
STA238FC-TOP-1SP-7SP,自由边打磨,人工打磨N51,3494.0705478072064,3498.4295839610527,4.3590361538463185
T63S-4086,天车空驶（胎架到原料区）,天车,3395.126676313616,3398.126676313616,3.0
T63S-4086,天车吊运（原料区到胎架）,天车,3398.126676313616,3401.126676313616,3.0
T63S-4087切割后的大件,天车吊运（胎架到成品区）,天车,3498.4295839610527,3503.4295839610527,5.0
STA238FC-TOP-1SP-2SP,自由边打磨,人工打磨N21,3437.675182458802,3445.0149363049554,7.339753846153599
T63S-4095,天车空驶（胎架到原料区）,天车,3419.6462873478963,3427.6462873478963,8.0
T63S-4095,天车吊运（原料区到胎架）,天车,3427.6462873478963,3430.6462873478963,3.0
T63S-4086切割后的大件,天车吊运（胎架到成品区）,天车,3468.007175347896,3473.007175347896,5.0
STA238FC-R1-1B1-1P,分拣,自动分拣N21,3477.9341503167916,3479.5141503167915,1.5799999999999272
STA238FC-R1-1B1-1P,自动打磨,自动打磨N21,3479.5141503167915,3481.0246122215535,1.5104619047619963
STA238FC-R1-1B1-1P,桁架码垛,自动分拣N21,3481.0246122215535,3482.1946122215536,1.1700000000000728
STA238FC-R1-1B1-1S,分拣,自动分拣N21,3482.1946122215536,3483.7746122215535,1.5799999999999272
STA238FC-R1-1B1-1S,自动打磨,自动打磨N21,3483.7746122215535,3485.285074919966,1.5104626984125389
STA238FC-R1-1B1-1S,桁架码垛,自动分拣N21,3485.285074919966,3486.455074919966,1.1700000000000728
STA238FC-R1-1B2-1P,分拣,自动分拣N21,3486.455074919966,3488.035074919966,1.5799999999999272
STA238FC-R1-1B2-1P,自动打磨,自动打磨N21,3488.035074919966,3489.5455374596486,1.5104625396825213
STA238FC-R1-1B2-1P,桁架码垛,自动分拣N21,3489.5455374596486,3490.7155374596487,1.1700000000000728
STA238FC-R1-1B2-1S,分拣,自动分拣N21,3490.7155374596487,3492.2955374596486,1.5799999999999272
STA238FC-R1-1B2-1S,自动打磨,自动打磨N21,3492.2955374596486,3493.806000158061,1.5104626984125389
STA238FC-R1-1B2-1S,桁架码垛,自动分拣N21,3493.806000158061,3494.976000158061,1.1700000000000728
STA238FC-R1-2B1P-1P,分拣,自动分拣N21,3494.976000158061,3496.556000158061,1.5799999999999272
STA238FC-R1-2B1P-1P,自动打磨,自动打磨N21,3496.556000158061,3498.0574363485375,1.5014361904763973
STA238FC-R1-2B1P-1P,桁架码垛,自动分拣N21,3498.0574363485375,3499.2274363485376,1.1700000000000728
STA238FC-R1-2B2P-1P,分拣,自动分拣N21,3499.2274363485376,3500.8074363485375,1.5799999999999272
STA238FC-R1-2B2P-1P,自动打磨,自动打磨N21,3500.8074363485375,3502.3088726183787,1.5014362698411787
STA238FC-R1-2B2P-1P,桁架码垛,自动分拣N21,3502.3088726183787,3503.478872618379,1.1700000000000728
STA238FC-R1-3B1P-1P,分拣,自动分拣N21,3503.478872618379,3505.0588726183787,1.5799999999999272
STA238FC-R1-3B1P-1P,自动打磨,自动打磨N21,3505.0588726183787,3506.56030888822,1.5014362698411787
STA238FC-R1-3B1P-1P,桁架码垛,自动分拣N21,3506.56030888822,3507.73030888822,1.1700000000000728
STA238FC-R1-3B2P-1P,分拣,自动分拣N21,3507.73030888822,3509.31030888822,1.5799999999999272
STA238FC-R1-3B2P-1P,自动打磨,自动打磨N21,3509.31030888822,3510.811745158061,1.5014362698411787
STA238FC-R1-3B2P-1P,桁架码垛,自动分拣N21,3510.811745158061,3511.981745158061,1.1700000000000728
STA238FC-R1-4B1P-1P,分拣,自动分拣N21,3511.981745158061,3513.561745158061,1.5799999999999272
STA238FC-R1-4B1P-1P,自动打磨,自动打磨N21,3513.561745158061,3515.0631813485375,1.5014361904763973
STA238FC-R1-4B1P-1P,桁架码垛,自动分拣N21,3515.0631813485375,3516.2331813485375,1.1700000000000728
STA238FC-R1-4B2P-1P,分拣,自动分拣N21,3516.2331813485375,3517.8131813485375,1.5799999999999272
STA238FC-R1-4B2P-1P,自动打磨,自动打磨N21,3517.8131813485375,3519.3146176183786,1.5014362698411787
STA238FC-R1-4B2P-1P,桁架码垛,自动分拣N21,3519.3146176183786,3520.4846176183787,1.1700000000000728
STA238FC-R1-5B1-1P,分拣,自动分拣N21,3520.4846176183787,3522.0646176183786,1.5799999999999272
STA238FC-R1-5B1-1P,自动打磨,自动打磨N21,3522.0646176183786,3523.5737865866327,1.5091689682540164
STA238FC-R1-5B1-1P,桁架码垛,自动分拣N21,3523.5737865866327,3524.7437865866327,1.1700000000000728
STA238FC-R1-5B1-1S,分拣,自动分拣N21,3524.7437865866327,3526.3237865866327,1.5799999999999272
STA238FC-R1-5B1-1S,自动打磨,自动打磨N21,3526.3237865866327,3527.8329555548867,1.5091689682540164
STA238FC-R1-5B1-1S,桁架码垛,自动分拣N21,3527.8329555548867,3529.0029555548867,1.1700000000000728
STA238FC-R1-5B2-1P,分拣,自动分拣N21,3529.0029555548867,3530.5829555548867,1.5799999999999272
STA238FC-R1-5B2-1P,自动打磨,自动打磨N21,3530.5829555548867,3532.0921245231407,1.5091689682540164
STA238FC-R1-5B2-1P,桁架码垛,自动分拣N21,3532.0921245231407,3533.2621245231408,1.1700000000000728
STA238FC-R1-5B2-1S,分拣,自动分拣N21,3533.2621245231408,3534.8421245231407,1.5799999999999272
STA238FC-R1-5B2-1S,自动打磨,自动打磨N21,3534.8421245231407,3536.3512934913947,1.5091689682540164
STA238FC-R1-5B2-1S,桁架码垛,自动分拣N21,3536.3512934913947,3537.5212934913948,1.1700000000000728
STA238FC-R1-6B1-1P,分拣,自动分拣N21,3537.5212934913948,3539.1012934913947,1.5799999999999272
STA238FC-R1-6B1-1P,自动打磨,自动打磨N21,3539.1012934913947,3540.6104623802835,1.5091688888887802
STA238FC-R1-6B1-1P,桁架码垛,自动分拣N21,3540.6104623802835,3541.7804623802836,1.1700000000000728
STA238FC-R1-6B1-1S,分拣,自动分拣N21,3541.7804623802836,3543.3604623802835,1.5799999999999272
STA238FC-R1-6B1-1S,自动打磨,自动打磨N21,3543.3604623802835,3544.8696314279027,1.5091690476192525
STA238FC-R1-6B1-1S,桁架码垛,自动分拣N21,3544.8696314279027,3546.039631427903,1.1700000000000728
STA238FC-R1-6B2-1P,分拣,自动分拣N21,3546.039631427903,3547.6196314279027,1.5799999999999272
STA238FC-R1-6B2-1P,自动打磨,自动打磨N21,3547.6196314279027,3549.1288003961567,1.5091689682540164
STA238FC-R1-6B2-1P,桁架码垛,自动分拣N21,3549.1288003961567,3550.298800396157,1.1700000000000728
STA238FC-R1-6B2-1S,分拣,自动分拣N21,3550.298800396157,3551.8788003961567,1.5799999999999272
STA238FC-R1-6B2-1S,自动打磨,自动打磨N21,3551.8788003961567,3553.387969443776,1.5091690476192525
STA238FC-R1-6B2-1S,桁架码垛,自动分拣N21,3553.387969443776,3554.557969443776,1.1700000000000728
STA238FC-R1-7B1S-1S,分拣,自动分拣N21,3554.557969443776,3556.137969443776,1.5799999999999272
STA238FC-R1-7B1S-1S,自动打磨,自动打磨N21,3556.137969443776,3557.64713841203,1.5091689682540164
STA238FC-R1-7B1S-1S,桁架码垛,自动分拣N21,3557.64713841203,3558.81713841203,1.1700000000000728
STA238FC-R1-7B2S-1S,分拣,自动分拣N21,3558.81713841203,3560.39713841203,1.5799999999999272
STA238FC-R1-7B2S-1S,自动打磨,自动打磨N21,3560.39713841203,3561.9063074596493,1.5091690476192525
STA238FC-R1-7B2S-1S,桁架码垛,自动分拣N21,3561.9063074596493,3563.0763074596493,1.1700000000000728
STA238FC-R1-8B1S-1S,分拣,自动分拣N21,3563.0763074596493,3564.6563074596493,1.5799999999999272
STA238FC-R1-8B1S-1S,自动打磨,自动打磨N21,3564.6563074596493,3566.1609599993317,1.5046525396824109
STA238FC-R1-8B1S-1S,桁架码垛,自动分拣N21,3566.1609599993317,3567.3309599993318,1.1700000000000728
STA238FC-R1-8B2S-1S,分拣,自动分拣N21,3567.3309599993318,3568.9109599993317,1.5799999999999272
STA238FC-R1-8B2S-1S,自动打磨,自动打磨N21,3568.9109599993317,3570.4156124596493,1.5046524603176294
STA238FC-R1-8B2S-1S,桁架码垛,自动分拣N21,3570.4156124596493,3571.5856124596494,1.1700000000000728
STA238FC-R1-9B1S-1S,分拣,自动分拣N21,3571.5856124596494,3573.1656124596493,1.5799999999999272
STA238FC-R1-9B1S-1S,自动打磨,自动打磨N21,3573.1656124596493,3574.6702649993317,1.5046525396824109
STA238FC-R1-9B1S-1S,桁架码垛,自动分拣N21,3574.6702649993317,3575.840264999332,1.1700000000000728
STA238FC-R1-9B2S-1S,分拣,自动分拣N21,3575.840264999332,3577.4202649993317,1.5799999999999272
STA238FC-R1-9B2S-1S,自动打磨,自动打磨N21,3577.4202649993317,3578.9249174596494,1.5046524603176294
STA238FC-R1-9B2S-1S,桁架码垛,自动分拣N21,3578.9249174596494,3580.0949174596494,1.1700000000000728
料框_N2_AP2_P1_坡口,自动坡口,自动坡口1,285.32439042467223,288.88649987522166,3.5621094505494284
料框_N2_AP2_P1_坡口,自动坡口,自动坡口1,300.0399837580055,303.73778595580774,3.6978021978022184
料框_N5_BN1_P6_坡口,AGV转运(至坡口),AGV1,532.7165409807477,540.4665409807477,7.75
料框_N5_BN1_P6_坡口,AGV至坡口工作站,AGV2,540.4665409807477,548.2165409807477,7.75
料框_N5_BN1_P6_坡口,自动坡口,自动坡口1,548.2165409807477,555.4104362687058,7.193895287958071
料框_N2_BN1_P1_坡口,自动坡口,自动坡口1,618.2753550078348,622.5601910734086,4.284836065573813
料框_N2_BN1_P1_坡口,自动坡口,自动坡口1,623.3017598491047,627.5865959146785,4.284836065573813
料框_N2_BN1_P1_坡口,自动坡口,自动坡口1,628.3281646903745,632.6130007559483,4.284836065573813
料框_N2_BN1_P1_坡口,自动坡口,自动坡口1,632.9042159602158,637.1890520257896,4.284836065573813
料框_N2_BN1_P1_坡口,自动坡口,自动坡口1,637.4802673094222,641.765103374996,4.284836065573813
料框_N2_BN1_P1_坡口,自动坡口,自动坡口1,642.0226899284698,646.3075259940437,4.284836065573813
料框_N2_BN1_P1_坡口,自动坡口,自动坡口1,646.3075259940437,650.5923620596175,4.284836065573813
料框_N2_BN1_P1_坡口,自动坡口,自动坡口1,650.730864055454,655.0157001210279,4.284836065573813
料框_N2_BN1_P1_坡口,自动坡口,自动坡口1,655.0384674681525,659.3233035337263,4.284836065573813
料框_N2_BN1_P1_坡口,自动坡口,自动坡口1,661.1985027062477,665.4833387718215,4.284836065573813
料框_N2_BN1_P1_坡口,自动坡口,自动坡口1,665.5680334998985,669.8528695654724,4.284836065573813
料框_N5_AP2_P4,AGV转运(至半框),AGV1,662.0319321778042,669.7819321778042,7.75
料框_N2_BN1_P1_坡口,自动坡口,自动坡口1,671.6179977856128,675.9028338511866,4.284836065573813
料框_N2_BN1_P1_坡口,自动坡口,自动坡口1,675.9028338511866,680.1876699167605,4.284836065573813
料框_N2_BN1_P1_坡口,自动坡口,自动坡口1,680.3363392935494,684.6211753591232,4.284836065573813
料框_N2_BN1_P1_坡口,自动坡口,自动坡口1,684.6211753591232,688.906011424697,4.284836065573813
料框_N2_BN1_P1_坡口,自动坡口,自动坡口1,688.9432869919622,693.228123057536,4.284836065573813
料框_N2_BN1_P1_坡口,自动坡口,自动坡口1,693.5084986586289,698.2441543963339,4.735655737704974
料框_N2_BN1_P1_坡口,自动坡口,自动坡口1,699.056343737994,703.791999475699,4.735655737704974
料框_N2_BN1_P1_坡口,自动坡口,自动坡口1,704.6041890554543,709.4914841374215,4.887295081967181
料框_N2_BN1_P1_坡口,自动坡口,自动坡口1,709.4914841374215,714.2250906947985,4.733606557377016
料框_N5_AP2_P1_坡口,AGV转运(至坡口),AGV2,702.0033948762167,709.7533948762167,7.75
料框_N5_AP2_P1_坡口,AGV至坡口工作站,AGV1,709.8533948762167,712.6033948762167,2.75
料框_N5_AP2_P1_坡口,自动坡口,自动坡口1,714.2250906947985,732.087526174048,17.862435479249484
料框_N2_BN1_P1_坡口,自动坡口,自动坡口1,732.087526174048,736.976870436343,4.889344262295026
料框_N2_BN1_P1_坡口,自动坡口,自动坡口1,736.976870436343,741.712526174048,4.735655737704974
料框_N2_BN1_P2,AGV转运(至半框),AGV2,736.7399705626019,744.4899705626019,7.75
料框_N2_AP2_P1_坡口,自动坡口,自动坡口1,771.8849227406122,775.5745594927489,3.689636752136721
料框_N5_AP2_P2,AGV转运(至半框),AGV1,804.4236915200796,812.1736915200796,7.75
料框_N5_AP2_P3,AGV转运(至半框),AGV2,813.8929914407146,821.6429914407146,7.75
料框_N2_AP2_P2,AGV转运(至半框),AGV1,823.3188386998137,831.0688386998137,7.75
料框_N2_AP2_P3,AGV转运(至半框),AGV2,927.4401292503028,935.1901292503028,7.75
料框_N2_AP2_P1,AGV转运(至半框),AGV1,1017.5229856441716,1025.2729856441715,7.749999999999886
料框_N2_AP2_P1_坡口,自动坡口,自动坡口1,1048.322606834648,1054.5298589714002,6.207252136752231
料框_N2_AP2_P1_坡口,自动坡口,自动坡口1,1054.5298589714002,1058.8888333303746,4.358974358974365
料框_N2_AP2_P1_坡口,自动坡口,自动坡口1,1058.8888333303746,1063.2264401679815,4.337606837606927
料框_N5_AP2_P1,AGV转运(至半框),AGV2,1055.5954236433904,1063.3454236433904,7.75
料框_N2_AP2_P1_坡口,自动坡口,自动坡口1,1063.2264401679815,1068.4234700825114,5.197029914529821
料框_AP2_P1_合盘,AGV合盘至坡口工作站,AGV1,1063.3454236433904,1066.0954236433904,2.75
料框_N2_AP2_P1_坡口,自动坡口,自动坡口1,1068.4234700825114,1072.486275638067,4.062805555555542
料框_N2_AP2_P1_坡口,自动坡口,自动坡口1,1072.486275638067,1076.5464102534515,4.060134615384641
料框_N2_AP2_P4_坡口,自动坡口,自动坡口1,1076.5464102534515,1082.5923504243917,6.0459401709401845
料框_N2_AP2_P4_坡口,自动坡口,自动坡口1,1082.5923504243917,1088.638290595332,6.0459401709401845
料框_N2_AP2_P4_坡口,自动坡口,自动坡口1,1088.638290595332,1094.1378055525968,5.499514957264864
料框_N2_AP2_P4_坡口,自动坡口,自动坡口1,1094.1378055525968,1099.6373205098616,5.499514957264864
料框_N2_AP2_P4,AGV转运(至半框),AGV2,1092.7779315965518,1100.5279315965518,7.75
料框_AP2_P4_合盘,AGV合盘至坡口工作站,AGV1,1100.5279315965518,1103.2779315965518,2.75
料框_N2_AP2_P4_坡口,自动坡口,自动坡口1,1102.2892301679803,1107.7901532449034,5.500923076923073
料框_N2_AP2_P4_坡口,自动坡口,自动坡口1,1107.7901532449034,1113.2910763218265,5.500923076923073
料框_N2_AP2_P5,AGV转运(至半框),AGV2,1119.8537549298849,1127.6037549298849,7.75
料框_N5_AP2_P5,AGV转运(至半框),AGV1,1139.4045293408037,1147.1545293408037,7.75
料框_AP2_P1,AGV至小部材放置区,AGV2,1466.690293404296,1469.440293404296,2.75
料框_AP2_P2,AGV至小部材放置区,AGV1,1468.065293404296,1470.815293404296,2.75
料框_AP2_P3,AGV至小部材放置区,AGV2,1469.440293404296,1477.190293404296,7.75
料框_AP2_P4,AGV至小部材放置区,AGV1,1475.815293404296,1483.565293404296,7.75
料框_AP2_P5,AGV至小部材放置区,AGV2,1482.190293404296,1489.940293404296,7.75
料框_N5_BN1_P1,AGV转运(至半框),AGV1,1494.2424704284056,1501.9924704284056,7.75
料框_N5_BN1_P2_坡口,AGV转运(至坡口),AGV2,1607.7799657439373,1615.5299657439373,7.75
料框_N5_BN1_P2_坡口,AGV至坡口工作站,AGV1,1615.6299657439372,1618.3799657439372,2.75
料框_N5_BN1_P2_坡口,自动坡口,自动坡口1,1618.3799657439372,1627.7790447817379,9.399079037800675
料框_N5_BN1_P9_坡口,AGV转运(至坡口),AGV2,1616.5622981248896,1624.3122981248896,7.75
料框_N5_BN1_P9_坡口,AGV至坡口工作站,AGV1,1624.4122981248895,1627.1622981248895,2.75
料框_N5_BN1_P9_坡口,自动坡口,自动坡口1,1627.7790447817379,1648.2142939226314,20.435249140893575
料框_BN1_P2_合盘,AGV合盘至坡口工作站,AGV2,1627.7790447817379,1630.5290447817379,2.75
料框_N2_BN1_P1,AGV转运(至半框),AGV1,1634.2081866973917,1641.9581866973917,7.75
料框_BN1_P1_合盘,AGV合盘至坡口工作站,AGV2,1641.9581866973917,1644.7081866973917,2.75
料框_N5_BN1_P2,AGV转运(至半框),AGV1,1848.7578255063563,1856.5078255063563,7.75
料框_N5_BN1_P8,AGV转运(至半框),AGV2,2036.3979951130807,2044.1479951130807,7.75
料框_N2_BN1_P4,AGV转运(至半框),AGV1,2136.7306507963895,2144.4806507963895,7.75
料框_N2_BN1_P5,AGV转运(至半框),AGV2,2143.1056507963895,2150.8556507963895,7.75
料框_N2_BN1_P6,AGV转运(至半框),AGV1,2167.6114342768888,2175.3614342768888,7.75
料框_N5_BN1_P3,AGV转运(至半框),AGV2,2197.4165252028697,2205.1665252028697,7.75
料框_N5_BN1_P9,AGV转运(至半框),AGV1,2288.3801235362025,2296.1301235362025,7.75
料框_N5_BN1_P4,AGV转运(至半框),AGV2,2302.052283218742,2309.802283218742,7.75
料框_N5_BN1_P5,AGV转运(至半框),AGV1,2308.427283218742,2316.177283218742,7.75
料框_N2_BN1_P7,AGV转运(至半框),AGV2,2319.8724035901414,2327.6224035901414,7.75
料框_N2_BN1_P9,AGV转运(至半框),AGV1,2429.151993665297,2436.901993665297,7.75
料框_BN1_P9_合盘,AGV合盘至坡口工作站,AGV2,2436.901993665297,2439.651993665297,2.75
料框_N2_DC12_P1,AGV转运(至半框),AGV1,2503.919416390932,2511.669416390932,7.75
料框_N5_BN1_P6,AGV转运(至半框),AGV2,2584.760289556921,2592.510289556921,7.75
料框_BN1_P6_合盘,AGV合盘至坡口工作站,AGV1,2592.510289556921,2595.260289556921,2.75
料框_N2_DC12_P4_坡口,自动坡口,自动坡口1,2594.0124016453083,2600.4507465375295,6.4383448922212665
料框_N2_DC12_P4_坡口,自动坡口,自动坡口1,2600.4507465375295,2606.879719358523,6.428972820993295
料框_N2_DC12_P4_坡口,自动坡口,自动坡口1,2606.879719358523,2613.585359470988,6.705640112465062
料框_N2_DC12_P4_坡口,自动坡口,自动坡口1,2613.585359470988,2620.290999583453,6.705640112465062
料框_N2_DC12_P4_坡口,自动坡口,自动坡口1,2620.290999583453,2626.4419442882327,6.150944704779704
料框_N2_DC12_P4_坡口,自动坡口,自动坡口1,2626.4419442882327,2632.5928889930124,6.150944704779704
料框_N2_DC12_P4_坡口,自动坡口,自动坡口1,2632.5928889930124,2638.7411345412784,6.148245548266004
料框_N2_DC12_P4_坡口,自动坡口,自动坡口1,2638.7411345412784,2644.880008018317,6.138873477038487
料框_N5_BN1_P7,AGV转运(至半框),AGV2,2630.605146223588,2638.355146223588,7.75
料框_BN1_P1,AGV至小部材放置区,AGV1,2638.355146223588,2641.105146223588,2.75
料框_BN1_P2,AGV至小部材放置区,AGV2,2639.730146223588,2642.480146223588,2.75
料框_BN1_P3,AGV至小部材放置区,AGV1,2641.105146223588,2648.855146223588,7.75
料框_BN1_P4,AGV至小部材放置区,AGV2,2647.480146223588,2655.230146223588,7.75
料框_BN1_P5,AGV至小部材放置区,AGV1,2653.855146223588,2661.605146223588,7.75
料框_BN1_P6,AGV至小部材放置区,AGV2,2660.230146223588,2667.980146223588,7.75
料框_BN1_P7,AGV至小部材放置区,AGV1,2666.605146223588,2674.355146223588,7.75
料框_BN1_P8,AGV至小部材放置区,AGV2,2672.980146223588,2680.730146223588,7.75
料框_BN1_P9,AGV至小部材放置区,AGV1,2679.355146223588,2687.105146223588,7.75
料框_N5_STA238FC_P1_坡口,AGV转运(至坡口),AGV2,2680.730146223588,2688.480146223588,7.75
料框_N2_DC12_P4,AGV转运(至半框),AGV1,2687.105146223588,2694.855146223588,7.75
料框_N5_STA238FC_P1_坡口,AGV至坡口工作站,AGV2,2694.855146223588,2697.605146223588,2.75
料框_N5_STA238FC_P1_坡口,自动坡口,自动坡口1,2697.605146223588,2709.2137911372156,11.608644913627813
料框_N2_DC12_P2,AGV转运(至半框),AGV1,2715.485701275876,2723.235701275876,7.75
料框_N2_DC12_P2_坡口,自动坡口,自动坡口1,2725.427198736194,2729.05808878855,3.6308900523558805
料框_N2_DC12_P2_坡口,自动坡口,自动坡口1,2730.368696196512,2734.001222374522,3.6325261780102664
料框_N2_DC12_P2_坡口,自动坡口,自动坡口1,2735.2247958790517,2738.8556859314076,3.6308900523558805
料框_N2_DC12_P2_坡口,自动坡口,自动坡口1,2740.080895402861,2743.711785455217,3.6308900523558805
料框_N2_DC12_P2_坡口,自动坡口,自动坡口1,2744.8445461171473,2748.475436169503,3.6308900523558805
料框_N2_DC12_P2_坡口,自动坡口,自动坡口1,2749.6081968314334,2753.2407230094436,3.6325261780102664
料框_DC12_P2_合盘,AGV合盘至坡口工作站,AGV2,2753.2407230094436,2755.9907230094436,2.75
料框_N2_DC12_P3,AGV转运(至半框),AGV1,2762.9340897679413,2770.6840897679413,7.75
料框_N5_DC12_P4,AGV转运(至半框),AGV2,2776.3885265980757,2784.1385265980757,7.75
料框_DC12_P4_合盘,AGV合盘至坡口工作站,AGV1,2784.1385265980757,2786.8885265980757,2.75
料框_N2_DC12_P3_坡口,自动坡口,自动坡口1,2831.273056463524,2836.673066060453,5.400009596929067
料框_N2_DC12_P3_坡口,自动坡口,自动坡口1,2836.673066060453,2842.082672586365,5.40960652591184
料框_N2_DC12_P3_坡口,自动坡口,自动坡口1,2842.082672586365,2847.4834883253284,5.400815738963502
料框_N2_DC12_P3_坡口,自动坡口,自动坡口1,2847.4834883253284,2852.884304064292,5.400815738963502
料框_N2_DC12_P3_坡口,自动坡口,自动坡口1,2852.884304064292,2858.287104448169,5.402800383877093
料框_N2_DC12_P3_坡口,自动坡口,自动坡口1,2858.287104448169,2863.6803079030633,5.393203454894319
料框_N2_DC12_P3_坡口,自动坡口,自动坡口1,2863.6803079030633,2869.0744038723533,5.394095969289992
料框_N2_DC12_P3_坡口,自动坡口,自动坡口1,2869.0744038723533,2874.4684998416433,5.394095969289992
料框_DC12_P3_合盘,AGV合盘至坡口工作站,AGV2,2874.4684998416433,2877.2184998416433,2.75
料框_N5_DC12_P1,AGV转运(至半框),AGV1,2946.9062621486905,2954.6562621486905,7.75
料框_N5_DC12_P2,AGV转运(至半框),AGV2,2964.038955958214,2971.788955958214,7.75
料框_N5_DC12_P3,AGV转运(至半框),AGV1,3097.2434169105954,3104.9934169105954,7.75
料框_DC12_P1,AGV至小部材放置区,AGV2,3188.9893457903045,3191.7393457903045,2.75
料框_DC12_P2,AGV至小部材放置区,AGV1,3190.3643457903045,3193.1143457903045,2.75
料框_DC12_P3,AGV至小部材放置区,AGV2,3191.7393457903045,3199.4893457903045,7.75
料框_DC12_P4,AGV至小部材放置区,AGV1,3198.1143457903045,3205.8643457903045,7.75
料框_N2_STA238FC_P1,AGV转运(至半框),AGV2,3263.5562475188503,3271.3062475188503,7.75
料框_N2_STA238FC_P1_坡口,自动坡口,自动坡口1,3270.7229475188506,3274.8436492456954,4.1207017268448
料框_STA238FC_P1_合盘,AGV合盘至坡口工作站,AGV1,3271.3062475188503,3279.0562475188503,7.75
料框_N2_STA238FC_P2,AGV转运(至半框),AGV2,3379.6412443294894,3387.3912443294894,7.75
料框_N5_STA238FC_P1,AGV转运(至半框),AGV1,3382.409582834123,3390.159582834123,7.75
料框_N2_STA238FC_P3_坡口,自动坡口,自动坡口1,3405.9136790511848,3418.1755679400735,12.261888888888734
料框_N2_STA238FC_P3_坡口,自动坡口,自动坡口1,3418.1755679400735,3430.4374568289622,12.261888888888734
料框_N5_STA238FC_P2,AGV转运(至半框),AGV2,3421.058771893684,3428.808771893684,7.75
料框_N5_STA238FC_P3,AGV转运(至半框),AGV1,3446.590962528605,3454.340962528605,7.75
料框_N5_STA238FC_P2_坡口,AGV转运(至坡口),AGV2,3455.0787281635257,3462.8287281635257,7.75
料框_N5_STA238FC_P2_坡口,AGV至坡口工作站,AGV1,3462.9287281635256,3465.6787281635256,2.75
料框_N5_STA238FC_P2_坡口,自动坡口,自动坡口1,3465.6787281635256,3499.844145947262,34.1654177837363
料框_N5_STA238FC_P3_坡口,AGV转运(至坡口),AGV2,3462.8287281635257,3470.5787281635257,7.75
料框_N5_STA238FC_P3_坡口,AGV至坡口工作站,AGV1,3470.6787281635256,3473.4287281635256,2.75
料框_N5_STA238FC_P3_坡口,自动坡口,自动坡口1,3499.844145947262,3508.293392178418,8.44924623115594
料框_STA238FC_P2_合盘,AGV合盘至坡口工作站,AGV2,3499.844145947262,3502.594145947262,2.75
料框_STA238FC_P3_合盘,AGV合盘至坡口工作站,AGV1,3508.293392178418,3511.043392178418,2.75
料框_STA238FC_P1,AGV至小部材放置区,AGV2,3511.043392178418,3513.793392178418,2.75
料框_STA238FC_P2,AGV至小部材放置区,AGV1,3512.418392178418,3515.168392178418,2.75
料框_STA238FC_P3,AGV至小部材放置区,AGV2,3513.793392178418,3521.543392178418,7.75
料框_N2_STA238FC_P3,AGV转运(至半框),AGV1,3575.0949174596494,3582.8449174596494,7.75
