零件名,工序,资源,开始(min),结束(min),时长(min)
A03S-1304,天车空驶（胎架到原料区）,天车,0.0,3.0,3.0
A03S-1304,天车吊运（原料区到胎架）,天车,3.0,6.0,3.0
AP2-FC-1-1P,自由边打磨,人工打磨N21,28.298601144113015,29.95331416975404,1.6547130256410263
A03S-1274,天车空驶（胎架到原料区）,天车,6.0,9.0,3.0
A03S-1274,天车吊运（原料区到胎架）,天车,9.0,12.0,3.0
AP2-FC-1-1S,自由边打磨,人工打磨N21,29.95331416975404,31.608027144113017,1.6547129743589757
A03S-1304切割后的大件,天车吊运（胎架到成品区）,天车,31.608027144113017,36.60802714411302,5.0
AP2-818-1S,分拣,自动分拣N51,37.93377497591521,39.51377497591521,1.5799999999999983
AP2-818-1S,自动打磨,自动打磨N51,39.51377497591521,41.46631624575648,1.9525412698412694
AP2-818-1S,桁架码垛,自动分拣N51,41.46631624575648,42.63631624575648,1.1700000000000017
AP2-821-1P,分拣,自动分拣N51,42.63631624575648,44.21631624575648,1.5799999999999983
AP2-821-1P,自动打磨,自动打磨N51,44.21631624575648,46.012214340994575,1.795898095238094
AP2-821-1P,桁架码垛,自动分拣N51,46.012214340994575,47.18221434099458,1.1700000000000017
AP2-821-1S,分拣,自动分拣N51,47.18221434099458,48.762214340994575,1.5799999999999983
AP2-821-1S,自动打磨,自动打磨N51,48.762214340994575,50.55811370607394,1.7958993650793644
AP2-821-1S,桁架码垛,自动分拣N51,50.55811370607394,51.72811370607394,1.1700000000000017
AP2-823-1P,分拣,自动分拣N51,51.72811370607394,53.30811370607394,1.5799999999999983
AP2-823-1P,自动打磨,自动打磨N51,53.30811370607394,55.119823071153306,1.8117093650793663
AP2-823-1P,桁架码垛,自动分拣N51,55.119823071153306,56.28982307115331,1.1700000000000017
AP2-823-1S,分拣,自动分拣N51,56.28982307115331,57.869823071153306,1.5799999999999983
AP2-823-1S,自动打磨,自动打磨N51,57.869823071153306,59.68153243623267,1.8117093650793663
AP2-823-1S,桁架码垛,自动分拣N51,59.68153243623267,60.851532436232674,1.1700000000000017
AP2-826-1P,分拣,自动分拣N51,60.851532436232674,62.43153243623267,1.5799999999999983
AP2-826-1P,自动打磨,自动打磨N51,62.43153243623267,64.18193719813743,1.7504047619047611
AP2-826-1P,桁架码垛,自动分拣N51,64.18193719813743,65.35193719813743,1.1700000000000017
AP2-826-1S,分拣,自动分拣N51,65.35193719813743,66.93193719813743,1.5799999999999983
AP2-826-1S,自动打磨,自动打磨N51,66.93193719813743,68.6823419600422,1.7504047619047611
AP2-826-1S,桁架码垛,自动分拣N51,68.6823419600422,69.8523419600422,1.1700000000000017
AP2-829-1S,分拣,自动分拣N51,69.8523419600422,71.4323419600422,1.5799999999999983
AP2-829-1S,自动打磨,自动打磨N51,71.4323419600422,73.38488338861362,1.952541428571422
AP2-829-1S,桁架码垛,自动分拣N51,73.38488338861362,74.55488338861362,1.1700000000000017
AP2-831-1P,分拣,自动分拣N51,74.55488338861362,76.13488338861362,1.5799999999999983
AP2-831-1P,自动打磨,自动打磨N51,76.13488338861362,77.82140029337552,1.686516904761902
AP2-831-1P,桁架码垛,自动分拣N51,77.82140029337552,78.99140029337552,1.1700000000000017
AP2-831-1S,分拣,自动分拣N51,78.99140029337552,80.57140029337552,1.5799999999999983
AP2-831-1S,自动打磨,自动打磨N51,80.57140029337552,82.25800830924854,1.68660801587302
AP2-831-1S,桁架码垛,自动分拣N51,82.25800830924854,83.42800830924854,1.1700000000000017
AP2-832-1P,分拣,自动分拣N51,83.42800830924854,85.00800830924854,1.5799999999999983
AP2-832-1P,自动打磨,自动打磨N51,85.00800830924854,86.71689434099457,1.708886031746033
AP2-832-1P,桁架码垛,自动分拣N51,86.71689434099457,87.88689434099457,1.1700000000000017
AP2-832-1S,分拣,自动分拣N51,87.88689434099457,89.46689434099457,1.5799999999999983
AP2-832-1S,自动打磨,自动打磨N51,89.46689434099457,91.17587188067711,1.708977539682536
AP2-832-1S,桁架码垛,自动分拣N51,91.17587188067711,92.34587188067711,1.1700000000000017
AP2-830-1P,分拣,自动分拣N51,92.34587188067711,93.92587188067711,1.5799999999999983
AP2-830-1P,自动打磨,自动打磨N51,93.92587188067711,95.6082068806771,1.6823349999999948
AP2-830-1P,桁架码垛,自动分拣N51,95.6082068806771,96.7782068806771,1.1700000000000017
AP2-830-1S,分拣,自动分拣N51,96.7782068806771,98.3582068806771,1.5799999999999983
AP2-830-1S,自动打磨,自动打磨N51,98.3582068806771,100.0405418806771,1.6823349999999948
AP2-830-1S,桁架码垛,自动分拣N51,100.0405418806771,101.2105418806771,1.1700000000000017
AP2-833-1P,分拣,自动分拣N51,101.2105418806771,102.7905418806771,1.5799999999999983
AP2-833-1P,自动打磨,自动打磨N51,102.7905418806771,105.39507180131201,2.604529920634917
AP2-833-1P,桁架码垛,自动分拣N51,105.39507180131201,106.56507180131202,1.1700000000000017
AP2-833-1S,分拣,自动分拣N51,106.56507180131202,108.14507180131201,1.5799999999999983
AP2-833-1S,自动打磨,自动打磨N51,108.14507180131201,110.22291545210567,2.0778436507936533
AP2-833-1S,桁架码垛,自动分拣N51,110.22291545210567,111.39291545210567,1.1700000000000017
A03S-1287,天车空驶（胎架到原料区）,天车,12.0,20.0,8.0
A03S-1287,天车吊运（原料区到胎架）,天车,20.0,23.0,3.0
AP2-F2-3S-5BS,分拣,自动分拣N21,62.97299689355172,64.55299689355172,1.5799999999999983
AP2-F2-3S-5BS,自动打磨,自动打磨N21,64.55299689355172,66.2297927665676,1.6767958730158767
AP2-F2-3S-5BS,桁架至坡口工作站,自动分拣N21,66.2297927665676,67.3964927665676,1.1667000000000058
AP2-F5-1P-1P,自由边打磨,人工打磨N21,62.97299689355172,63.267598021756854,0.2946011282051302
A03S-1297,天车空驶（胎架到原料区）,天车,23.0,26.0,3.0
A03S-1297,天车吊运（原料区到胎架）,天车,26.0,29.0,3.0
AP2-F5-2S-1S,自由边打磨,人工打磨N21,63.267598021756854,63.59598304739788,0.3283850256410261
AP2-F6-2P-7BP,分拣,自动分拣N21,67.3964927665676,68.9764927665676,1.5799999999999983
AP2-F6-2P-7BP,自动打磨,自动打磨N21,68.9764927665676,70.64846744910729,1.671974682539684
AP2-F6-2P-7BP,桁架码垛,自动分拣N21,70.64846744910729,71.81846744910729,1.1700000000000017
TA10-F9-1SP-3SP,分拣,自动分拣N21,71.81846744910729,73.39846744910729,1.5799999999999983
TA10-F9-1SP-3SP,自动打磨,自动打磨N21,73.39846744910729,75.07044205228189,1.6719746031746041
TA10-F9-1SP-3SP,桁架码垛,自动分拣N21,75.07044205228189,76.24044205228189,1.1700000000000017
A03S-1287切割后的大件,天车吊运（胎架到成品区）,天车,63.59598304739788,68.59598304739788,5.0
AP2-F6-3S-4BS,分拣,自动分拣N51,111.39291545210567,112.97291545210567,1.5799999999999983
AP2-F6-3S-4BS,自动打磨,自动打磨N51,112.97291545210567,115.34255576956599,2.3696403174603233
AP2-F6-3S-4BS,桁架码垛,自动分拣N51,115.34255576956599,116.51255576956599,1.1700000000000017
AP2-FB-2P-7BP,分拣,自动分拣N51,116.51255576956599,118.09255576956599,1.5799999999999983
AP2-FB-2P-7BP,自动打磨,自动打磨N51,118.09255576956599,119.46655513464536,1.3739993650793707
AP2-FB-2P-7BP,桁架码垛,自动分拣N51,119.46655513464536,120.63655513464536,1.1700000000000017
AP2-FB-2P-8BP,分拣,自动分拣N51,120.63655513464536,122.21655513464536,1.5799999999999983
AP2-FB-2P-8BP,自动打磨,自动打磨N51,122.21655513464536,126.02769418226441,3.8111390476190508
AP2-FB-2P-8BP,桁架码垛,自动分拣N51,126.02769418226441,127.19769418226441,1.1700000000000017
AP2-FB-3S-10BS,分拣,自动分拣N51,127.19769418226441,128.7776941822644,1.5799999999999983
AP2-FB-3S-10BS,自动打磨,自动打磨N51,128.7776941822644,131.1473345790898,2.369640396825389
AP2-FB-3S-10BS,桁架码垛,自动分拣N51,131.1473345790898,132.3173345790898,1.1699999999999875
AP2-FB-3S-3BS,分拣,自动分拣N51,132.3173345790898,133.8973345790898,1.5800000000000125
AP2-FB-3S-3BS,自动打磨,自动打磨N51,133.8973345790898,137.70847362670884,3.8111390476190365
AP2-FB-3S-3BS,桁架码垛,自动分拣N51,137.70847362670884,138.87847362670882,1.1699999999999875
AP2-FB-3S-6BS,分拣,自动分拣N51,138.87847362670882,140.45847362670884,1.5800000000000125
AP2-FB-3S-6BS,自动打磨,自动打磨N51,140.45847362670884,143.0537764838517,2.5953028571428547
AP2-FB-3S-6BS,桁架码垛,自动分拣N51,143.0537764838517,144.22377648385168,1.1699999999999875
AP2-G2-2-1P,自由边打磨,人工打磨N51,75.02388212678606,75.26554325499119,0.24166112820512353
A03S-1305,天车空驶（胎架到原料区）,天车,36.60802714411302,44.60802714411302,8.0
A03S-1305,天车吊运（原料区到胎架）,天车,44.60802714411302,47.60802714411302,3.0
AP2-G2-2-1S,自由边打磨,人工打磨N51,75.26554325499119,76.29635433191426,1.0308110769230723
A03S-1297切割后的大件,天车吊运（胎架到成品区）,天车,76.29635433191426,81.29635433191426,5.0
AP2-F8-2-1S,分拣,自动分拣N21,101.25553999561043,102.83553999561043,1.5799999999999983
AP2-F8-2-1S,自动打磨,自动打磨N21,102.83553999561043,105.7376751543406,2.902135158730161
AP2-F8-2-1S,桁架码垛,自动分拣N21,105.7376751543406,106.9076751543406,1.1700000000000017
TA10-CG-1-1P,自由边打磨,人工打磨N21,101.25553999561043,102.91025302125146,1.6547130256410298
A03S-1296,天车空驶（胎架到原料区）,天车,81.29635433191426,89.29635433191426,8.0
A03S-1296,天车吊运（原料区到胎架）,天车,89.29635433191426,92.29635433191426,3.0
TA10-CG-1-1S,自由边打磨,人工打磨N21,102.91025302125146,104.13932502125147,1.2290720000000022
AP2-G2-1B1-1P,分拣,自动分拣N21,106.9076751543406,108.4876751543406,1.5799999999999983
AP2-G2-1B1-1P,自动打磨,自动打磨N21,108.4876751543406,110.01099221783265,1.5233170634920583
AP2-G2-1B1-1P,桁架码垛,自动分拣N21,110.01099221783265,111.18099221783265,1.1700000000000017
AP2-G3-4B4-1P,分拣,自动分拣N21,111.18099221783265,112.76099221783265,1.5799999999999983
AP2-G3-4B4-1P,自动打磨,自动打磨N21,112.76099221783265,114.19904237656282,1.4380501587301637
AP2-G3-4B4-1P,桁架码垛,自动分拣N21,114.19904237656282,115.36904237656282,1.1700000000000017
AP2-G3-4B5-1P,分拣,自动分拣N21,115.36904237656282,116.94904237656282,1.5799999999999983
AP2-G3-4B5-1P,自动打磨,自动打磨N21,116.94904237656282,118.47235856703901,1.5233161904761943
AP2-G3-4B5-1P,桁架码垛,自动分拣N21,118.47235856703901,119.64235856703901,1.1700000000000017
AP2-G4-4B1-1P,分拣,自动分拣N21,119.64235856703901,121.22235856703901,1.5799999999999983
AP2-G4-4B1-1P,自动打磨,自动打磨N21,121.22235856703901,122.66040872576917,1.4380501587301637
AP2-G4-4B1-1P,桁架码垛,自动分拣N21,122.66040872576917,123.83040872576917,1.1700000000000017
AP2-AE-1B5-1P,分拣,自动分拣N21,123.83040872576917,125.41040872576917,1.5799999999999983
AP2-AE-1B5-1P,自动打磨,自动打磨N21,125.41040872576917,128.3125439638644,2.9021352380952408
AP2-AE-1B5-1P,桁架码垛,自动分拣N21,128.3125439638644,129.4825439638644,1.1699999999999875
AP2-AE-1B5-1S,分拣,自动分拣N21,129.4825439638644,131.0625439638644,1.5800000000000125
AP2-AE-1B5-1S,自动打磨,自动打磨N21,131.0625439638644,133.96467912259456,2.9021351587301467
AP2-AE-1B5-1S,桁架码垛,自动分拣N21,133.96467912259456,135.13467912259455,1.1699999999999875
TA10-F6-1SP-5SP,分拣,自动分拣N21,135.13467912259455,136.71467912259456,1.5800000000000125
TA10-F6-1SP-5SP,自动打磨,自动打磨N21,136.71467912259456,138.2519074559279,1.5372283333333314
TA10-F6-1SP-5SP,桁架码垛,自动分拣N21,138.2519074559279,139.42190745592788,1.1699999999999875
A03S-1305切割后的大件,天车吊运（胎架到成品区）,天车,104.13932502125147,109.13932502125147,5.0
AP2-F2-3S-4BS,分拣,自动分拣N21,143.20909014927437,144.7890901492744,1.5800000000000125
AP2-F2-3S-4BS,自动打磨,自动打磨N21,144.7890901492744,146.34470800641725,1.5556178571428632
AP2-F2-3S-4BS,桁架码垛,自动分拣N21,146.34470800641725,147.51470800641724,1.1699999999999875
AP2-FB-2P-6BP,分拣,自动分拣N21,147.51470800641724,149.09470800641725,1.5800000000000125
AP2-FB-2P-6BP,自动打磨,自动打磨N21,149.09470800641725,150.41006951435375,1.315361507936501
AP2-FB-2P-6BP,桁架码垛,自动分拣N21,150.41006951435375,151.58006951435374,1.1699999999999875
AP2-FB-3S-7BS,分拣,自动分拣N21,151.58006951435374,153.16006951435375,1.5800000000000125
AP2-FB-3S-7BS,自动打磨,自动打磨N21,153.16006951435375,154.48168241117915,1.3216128968253997
AP2-FB-3S-7BS,桁架码垛,自动分拣N21,154.48168241117915,155.65168241117914,1.1699999999999875
AP2-FC-1B1P-1P,分拣,自动分拣N21,155.65168241117914,157.23168241117915,1.5800000000000125
AP2-FC-1B1P-1P,自动打磨,自动打磨N21,157.23168241117915,158.54608538736963,1.314402976190479
AP2-FC-1B1P-1P,桁架码垛,自动分拣N21,158.54608538736963,159.71608538736962,1.1699999999999875
AP2-FC-1B2S-1S,分拣,自动分拣N21,159.71608538736962,161.29608538736963,1.5800000000000125
AP2-FC-1B2S-1S,自动打磨,自动打磨N21,161.29608538736963,162.50112149848073,1.2050361111110988
AP2-FC-1B2S-1S,桁架码垛,自动分拣N21,162.50112149848073,163.67112149848072,1.1699999999999875
AP2-G1-1B1P-1P,分拣,自动分拣N21,163.67112149848072,165.25112149848073,1.5800000000000125
AP2-G1-1B1P-1P,自动打磨,自动打磨N21,165.25112149848073,166.45615760959183,1.2050361111110988
AP2-G1-1B1P-1P,桁架码垛,自动分拣N21,166.45615760959183,167.62615760959181,1.1699999999999875
AP2-G1-1B2S-1S,分拣,自动分拣N21,167.62615760959181,169.20615760959183,1.5800000000000125
AP2-G1-1B2S-1S,自动打磨,自动打磨N21,169.20615760959183,170.41119372070293,1.2050361111110988
AP2-G1-1B2S-1S,桁架码垛,自动分拣N21,170.41119372070293,171.5811937207029,1.1699999999999875
AP2-G1-2B1P-1P,分拣,自动分拣N21,171.5811937207029,173.16119372070293,1.5800000000000125
AP2-G1-2B1P-1P,自动打磨,自动打磨N21,173.16119372070293,174.36622983181402,1.2050361111110988
AP2-G1-2B1P-1P,桁架码垛,自动分拣N21,174.36622983181402,175.536229831814,1.1699999999999875
AP2-G1-2B2S-1S,分拣,自动分拣N21,175.536229831814,177.11622983181402,1.5800000000000125
AP2-G1-2B2S-1S,自动打磨,自动打磨N21,177.11622983181402,178.32126594292512,1.2050361111110988
AP2-G1-2B2S-1S,桁架码垛,自动分拣N21,178.32126594292512,179.4912659429251,1.1699999999999875
AP2-G3-1B1-1P,分拣,自动分拣N21,179.4912659429251,181.07126594292512,1.5800000000000125
AP2-G3-1B1-1P,自动打磨,自动打磨N21,181.07126594292512,182.27630205403622,1.2050361111110988
AP2-G3-1B1-1P,桁架码垛,自动分拣N21,182.27630205403622,183.4463020540362,1.1699999999999875
AP2-G3-1B1-1S,分拣,自动分拣N21,183.4463020540362,185.02630205403622,1.5800000000000125
AP2-G3-1B1-1S,自动打磨,自动打磨N21,185.02630205403622,186.23133816514732,1.2050361111110988
AP2-G3-1B1-1S,桁架码垛,自动分拣N21,186.23133816514732,187.4013381651473,1.1699999999999875
AP2-G3-2B1-1P,分拣,自动分拣N21,187.4013381651473,188.98133816514732,1.5800000000000125
AP2-G3-2B1-1P,自动打磨,自动打磨N21,188.98133816514732,190.18637427625842,1.2050361111110988
AP2-G3-2B1-1P,桁架码垛,自动分拣N21,190.18637427625842,191.3563742762584,1.1699999999999875
AP2-G3-2B1-1S,分拣,自动分拣N21,191.3563742762584,192.93637427625842,1.5800000000000125
AP2-G3-2B1-1S,自动打磨,自动打磨N21,192.93637427625842,194.14141038736952,1.2050361111110988
AP2-G3-2B1-1S,桁架码垛,自动分拣N21,194.14141038736952,195.3114103873695,1.1699999999999875
AP2-G4-1B1-1P,分拣,自动分拣N21,195.3114103873695,196.89141038736952,1.5800000000000125
AP2-G4-1B1-1P,自动打磨,自动打磨N21,196.89141038736952,198.09644649848062,1.2050361111110988
AP2-G4-1B1-1P,桁架码垛,自动分拣N21,198.09644649848062,199.2664464984806,1.1699999999999875
AP2-G4-1B1-1S,分拣,自动分拣N21,199.2664464984806,200.84644649848062,1.5800000000000125
AP2-G4-1B1-1S,自动打磨,自动打磨N21,200.84644649848062,202.05148260959172,1.2050361111110988
AP2-G4-1B1-1S,桁架码垛,自动分拣N21,202.05148260959172,203.2214826095917,1.1699999999999875
AP2-G4-2B1-1P,分拣,自动分拣N21,203.2214826095917,204.80148260959172,1.5800000000000125
AP2-G4-2B1-1P,自动打磨,自动打磨N21,204.80148260959172,206.00651872070281,1.2050361111110988
AP2-G4-2B1-1P,桁架码垛,自动分拣N21,206.00651872070281,207.1765187207028,1.1699999999999875
AP2-G4-2B1-1S,分拣,自动分拣N21,207.1765187207028,208.75651872070281,1.5800000000000125
AP2-G4-2B1-1S,自动打磨,自动打磨N21,208.75651872070281,209.9615548318139,1.2050361111110988
AP2-G4-2B1-1S,桁架码垛,自动分拣N21,209.9615548318139,211.1315548318139,1.1699999999999875
AP2-G5-1B1-1P,分拣,自动分拣N21,211.1315548318139,212.7115548318139,1.5800000000000125
AP2-G5-1B1-1P,自动打磨,自动打磨N21,212.7115548318139,213.916590942925,1.2050361111110988
AP2-G5-1B1-1P,桁架码垛,自动分拣N21,213.916590942925,215.086590942925,1.1699999999999875
AP2-G5-1B1-1S,分拣,自动分拣N21,215.086590942925,216.666590942925,1.5800000000000125
AP2-G5-1B1-1S,自动打磨,自动打磨N21,216.666590942925,217.8716270540361,1.2050361111110988
AP2-G5-1B1-1S,桁架码垛,自动分拣N21,217.8716270540361,219.0416270540361,1.1699999999999875
AP2-G5-2B1-1P,分拣,自动分拣N21,219.0416270540361,220.6216270540361,1.5800000000000125
AP2-G5-2B1-1P,自动打磨,自动打磨N21,220.6216270540361,221.8266631651472,1.2050361111110988
AP2-G5-2B1-1P,桁架码垛,自动分拣N21,221.8266631651472,222.9966631651472,1.1699999999999875
AP2-G5-2B1-1S,分拣,自动分拣N21,222.9966631651472,224.5766631651472,1.5800000000000125
AP2-G5-2B1-1S,自动打磨,自动打磨N21,224.5766631651472,225.7816992762583,1.2050361111110988
AP2-G5-2B1-1S,桁架码垛,自动分拣N21,225.7816992762583,226.9516992762583,1.1699999999999875
AP2-SGF-1SP-4BSP,分拣,自动分拣N21,226.9516992762583,227.9516992762583,1.0
A03S-1293,天车空驶（胎架到原料区）,天车,128.42190745592788,136.42190745592788,8.0
A03S-1293,天车吊运（原料区到胎架）,天车,136.42190745592788,139.42190745592788,3.0
AP2-F2-2P-3P,分拣,自动分拣N21,227.9516992762583,229.5316992762583,1.5800000000000125
AP2-F2-2P-3P,自动打磨,自动打磨N21,229.5316992762583,230.617841974671,1.0861426984126865
AP2-F2-2P-3P,桁架码垛,自动分拣N21,230.617841974671,231.78784197467098,1.1699999999999875
AP2-F2-3S-3S,分拣,自动分拣N21,231.78784197467098,233.367841974671,1.5800000000000125
AP2-F2-3S-3S,自动打磨,自动打磨N21,233.367841974671,234.79591911752814,1.4280771428571484
AP2-F2-3S-3S,桁架码垛,自动分拣N21,234.79591911752814,235.96591911752813,1.1699999999999875
AP2-F6-2P-3P,自由边打磨,人工打磨N21,186.86794456917778,187.46367251789573,0.5957279487179505
A03S-1299,天车空驶（胎架到原料区）,天车,109.13932502125147,112.13932502125147,3.0
A03S-1299,天车吊运（原料区到胎架）,天车,112.13932502125147,115.13932502125147,3.0
AP2-F6-3S-3S,自由边打磨,人工打磨N21,187.46367251789573,187.98565031276752,0.5219777948717876
AP2-F0-1B3-1P,分拣,自动分拣N21,235.96591911752813,237.54591911752814,1.5800000000000125
AP2-F0-1B3-1P,自动打磨,自动打磨N21,237.54591911752814,238.63206181594083,1.0861426984126865
AP2-F0-1B3-1P,桁架码垛,自动分拣N21,238.63206181594083,239.80206181594082,1.1699999999999875
AP2-F0-1B3-1S,分拣,自动分拣N21,239.80206181594082,241.38206181594083,1.5800000000000125
AP2-F0-1B3-1S,自动打磨,自动打磨N21,241.38206181594083,243.1917584826075,1.8096966666666674
AP2-F0-1B3-1S,桁架码垛,自动分拣N21,243.1917584826075,244.36175848260748,1.1699999999999875
AP2-F3-1B3-1P,分拣,自动分拣N21,244.36175848260748,245.9417584826075,1.5800000000000125
AP2-F3-1B3-1P,自动打磨,自动打磨N21,245.9417584826075,247.04472745086147,1.1029689682539754
AP2-F3-1B3-1P,桁架码垛,自动分拣N21,247.04472745086147,248.21472745086146,1.1699999999999875
AP2-F4-1B3-1S,分拣,自动分拣N21,248.21472745086146,249.79472745086147,1.5800000000000125
AP2-F4-1B3-1S,自动打磨,自动打磨N21,249.79472745086147,251.73656133975035,1.9418338888888798
AP2-F4-1B3-1S,桁架码垛,自动分拣N21,251.73656133975035,252.90656133975034,1.1699999999999875
AP2-FA-1B4-1P,分拣,自动分拣N21,252.90656133975034,254.48656133975035,1.5800000000000125
AP2-FA-1B4-1P,自动打磨,自动打磨N21,254.48656133975035,257.67187872070275,3.185317380952398
AP2-FA-1B4-1P,桁架码垛,自动分拣N21,257.67187872070275,258.84187872070277,1.170000000000016
AP2-FA-1B4-1S,分拣,自动分拣N21,258.84187872070277,260.42187872070275,1.579999999999984
AP2-FA-1B4-1S,自动打磨,自动打磨N21,260.42187872070275,263.51338403816305,3.091505317460303
AP2-FA-1B4-1S,桁架码垛,自动分拣N21,263.51338403816305,264.68338403816307,1.170000000000016
A03S-1293切割后的大件,天车吊运（胎架到成品区）,天车,187.98565031276752,192.98565031276752,5.0
AP2-G2-1B2-1S,分拣,自动分拣N51,160.84570618892363,162.42570618892364,1.5800000000000125
AP2-G2-1B2-1S,自动打磨,自动打磨N51,162.42570618892364,163.799705554003,1.3739993650793565
AP2-G2-1B2-1S,桁架码垛,自动分拣N51,163.799705554003,164.96970555400299,1.1699999999999875
AP2-G3-4B3-1S,分拣,自动分拣N51,164.96970555400299,166.549705554003,1.5800000000000125
AP2-G3-4B3-1S,自动打磨,自动打磨N51,166.549705554003,169.68840103019346,3.1386954761904633
AP2-G3-4B3-1S,桁架码垛,自动分拣N51,169.68840103019346,170.85840103019345,1.1699999999999875
AP2-G4-4B3-1P,分拣,自动分拣N51,170.85840103019345,172.43840103019346,1.5800000000000125
AP2-G4-4B3-1P,自动打磨,自动打磨N51,172.43840103019346,175.45759269686013,3.0191916666666714
AP2-G4-4B3-1P,桁架码垛,自动分拣N51,175.45759269686013,176.62759269686012,1.1699999999999875
AP2-G4-4B3-1S,分拣,自动分拣N51,176.62759269686012,178.20759269686013,1.5800000000000125
AP2-G4-4B3-1S,自动打磨,自动打磨N51,178.20759269686013,179.5815920619395,1.3739993650793565
AP2-G4-4B3-1S,桁架码垛,自动分拣N51,179.5815920619395,180.75159206193948,1.1699999999999875
AP2-G5-4B3-1P,分拣,自动分拣N51,180.75159206193948,182.3315920619395,1.5800000000000125
AP2-G5-4B3-1P,自动打磨,自动打磨N51,182.3315920619395,185.3712273793998,3.0396353174603234
AP2-G5-4B3-1P,桁架码垛,自动分拣N51,185.3712273793998,186.5412273793998,1.1699999999999875
AP2-G5-4B3-1S,分拣,自动分拣N51,186.5412273793998,188.1212273793998,1.5800000000000125
AP2-G5-4B3-1S,自动打磨,自动打磨N51,188.1212273793998,189.49522674447917,1.3739993650793565
AP2-G5-4B3-1S,桁架码垛,自动分拣N51,189.49522674447917,190.66522674447916,1.1699999999999875
AP2-G2-1B1-1S,分拣,自动分拣N51,190.66522674447916,192.24522674447917,1.5800000000000125
AP2-G2-1B1-1S,自动打磨,自动打磨N51,192.24522674447917,193.61922610955853,1.3739993650793565
AP2-G2-1B1-1S,桁架码垛,自动分拣N51,193.61922610955853,194.7892261095585,1.1699999999999875
AP2-G3-4B4-1S,分拣,自动分拣N51,194.7892261095585,196.36922610955853,1.5800000000000125
AP2-G3-4B4-1S,自动打磨,自动打磨N51,196.36922610955853,197.74322547463788,1.3739993650793565
AP2-G3-4B4-1S,桁架码垛,自动分拣N51,197.74322547463788,198.91322547463787,1.1699999999999875
AP2-G3-4B5-1S,分拣,自动分拣N51,198.91322547463787,200.49322547463788,1.5800000000000125
AP2-G3-4B5-1S,自动打磨,自动打磨N51,200.49322547463788,203.5012208714633,3.0079953968254074
AP2-G3-4B5-1S,桁架码垛,自动分拣N51,203.5012208714633,204.67122087146328,1.1699999999999875
AP2-G4-4B1-1S,分拣,自动分拣N51,204.67122087146328,206.2512208714633,1.5800000000000125
AP2-G4-4B1-1S,自动打磨,自动打磨N51,206.2512208714633,207.62522023654265,1.3739993650793565
AP2-G4-4B1-1S,桁架码垛,自动分拣N51,207.62522023654265,208.79522023654263,1.1699999999999875
AP2-G4-4B2-1P,分拣,自动分拣N51,208.79522023654263,210.37522023654265,1.5800000000000125
AP2-G4-4B2-1P,自动打磨,自动打磨N51,210.37522023654265,213.38321571273312,3.007995476190473
AP2-G4-4B2-1P,桁架码垛,自动分拣N51,213.38321571273312,214.5532157127331,1.1699999999999875
AP2-G4-4B2-1S,分拣,自动分拣N51,214.5532157127331,216.13321571273312,1.5800000000000125
AP2-G4-4B2-1S,自动打磨,自动打磨N51,216.13321571273312,217.50721507781248,1.3739993650793565
AP2-G4-4B2-1S,桁架码垛,自动分拣N51,217.50721507781248,218.67721507781246,1.1699999999999875
AP2-G5-4B1-1P,分拣,自动分拣N51,218.67721507781246,220.25721507781248,1.5800000000000125
AP2-G5-4B1-1P,自动打磨,自动打磨N51,220.25721507781248,223.2764068238442,3.019191746031737
AP2-G5-4B1-1P,桁架码垛,自动分拣N51,223.2764068238442,224.4464068238442,1.1699999999999875
AP2-G5-4B1-1S,分拣,自动分拣N51,224.4464068238442,226.0264068238442,1.5800000000000125
AP2-G5-4B1-1S,自动打磨,自动打磨N51,226.0264068238442,229.06604206193944,3.0396352380952294
AP2-G5-4B1-1S,桁架码垛,自动分拣N51,229.06604206193944,230.23604206193943,1.1699999999999875
AP2-G5-4B2-1P,分拣,自动分拣N51,230.23604206193943,231.81604206193944,1.5800000000000125
AP2-G5-4B2-1P,自动打磨,自动打磨N51,231.81604206193944,233.1900414270188,1.3739993650793565
AP2-G5-4B2-1P,桁架码垛,自动分拣N51,233.1900414270188,234.36004142701879,1.1699999999999875
AP2-G5-4B2-1S,分拣,自动分拣N51,234.36004142701879,235.9400414270188,1.5800000000000125
AP2-G5-4B2-1S,自动打磨,自动打磨N51,235.9400414270188,237.31404079209815,1.3739993650793565
AP2-G5-4B2-1S,桁架码垛,自动分拣N51,237.31404079209815,238.48404079209814,1.1699999999999875
AP2-G2-4S-1S,分拣,自动分拣N51,238.48404079209814,240.06404079209815,1.5800000000000125
AP2-G2-4S-1S,自动打磨,自动打磨N51,240.06404079209815,242.6593413476537,2.5953005555555535
AP2-G2-4S-1S,桁架码垛,自动分拣N51,242.6593413476537,243.8293413476537,1.1699999999999875
AP2-G2-4S-2S,分拣,自动分拣N51,243.8293413476537,245.4093413476537,1.5800000000000125
AP2-G2-4S-2S,自动打磨,自动打磨N51,245.4093413476537,246.78334071273306,1.3739993650793565
AP2-G2-4S-2S,桁架码垛,自动分拣N51,246.78334071273306,247.95334071273305,1.1699999999999875
AP2-G2-4S-3S,自由边打磨,人工打磨N51,160.84570618892363,162.22763244533388,1.381926256410253
AP2-G2-1B2-1P,分拣,自动分拣N51,247.95334071273305,249.53334071273306,1.5800000000000125
AP2-G2-1B2-1P,自动打磨,自动打磨N51,249.53334071273306,252.12864134765368,2.595300634920619
AP2-G2-1B2-1P,桁架码垛,自动分拣N51,252.12864134765368,253.29864134765367,1.1699999999999875
AP2-G3-4B3-1P,分拣,自动分拣N51,253.29864134765367,254.87864134765368,1.5800000000000125
AP2-G3-4B3-1P,自动打磨,自动打磨N51,254.87864134765368,256.25264071273307,1.373999365079385
AP2-G3-4B3-1P,桁架码垛,自动分拣N51,256.25264071273307,257.4226407127331,1.170000000000016
A03S-1299切割后的大件,天车空驶（成品区到胎架）,天车,157.22763244533388,162.22763244533388,5.0
A03S-1299切割后的大件,天车吊运（胎架到成品区）,天车,162.22763244533388,167.22763244533388,5.0
A03S-1295,天车空驶（胎架到原料区）,天车,216.9516992762583,224.9516992762583,8.0
A03S-1295,天车吊运（原料区到胎架）,天车,224.9516992762583,227.9516992762583,3.0
AP2-F2-2P-8BP,分拣,自动分拣N21,275.92758940028597,277.50758940028595,1.579999999999984
AP2-F2-2P-8BP,自动打磨,自动打磨N21,277.50758940028595,278.71262551139705,1.2050361111110988
AP2-F2-2P-8BP,桁架码垛,自动分拣N21,278.71262551139705,279.88262551139707,1.170000000000016
AP2-F2-3S-7BS,分拣,自动分拣N21,279.88262551139707,281.46262551139705,1.579999999999984
AP2-F2-3S-7BS,自动打磨,自动打磨N21,281.46262551139705,283.4717179717145,2.009092460317447
AP2-F2-3S-7BS,桁架码垛,自动分拣N21,283.4717179717145,284.6417179717145,1.170000000000016
AP2-F2-3S-8BS,分拣,自动分拣N21,284.6417179717145,285.6417179717145,1.0
AP2-F6-2P-1BP,分拣,自动分拣N21,285.6417179717145,287.2217179717145,1.579999999999984
AP2-F6-2P-1BP,自动打磨,自动打磨N21,287.2217179717145,288.4267540828256,1.2050361111110988
AP2-F6-2P-1BP,桁架码垛,自动分拣N21,288.4267540828256,289.5967540828256,1.170000000000016
AP2-F6-2P-1P,自由边打磨,人工打磨N21,275.92758940028597,276.58779816951676,0.6602087692307919
A03S-1301,天车空驶（胎架到原料区）,天车,139.42190745592788,142.42190745592788,3.0
A03S-1301,天车吊运（原料区到胎架）,天车,142.42190745592788,145.42190745592788,3.0
AP2-F6-3S-1S,自由边打磨,人工打磨N21,276.58779816951676,277.24031468233727,0.6525165128205117
AP2-F6-3S-6BS,分拣,自动分拣N21,289.5967540828256,291.1767540828256,1.579999999999984
AP2-F6-3S-6BS,自动打磨,自动打磨N21,291.1767540828256,292.3817901939367,1.2050361111110988
AP2-F6-3S-6BS,桁架码垛,自动分拣N21,292.3817901939367,293.5517901939367,1.170000000000016
AP2-F6-3S-7BS,分拣,自动分拣N21,293.5517901939367,295.1317901939367,1.579999999999984
AP2-F6-3S-7BS,自动打磨,自动打磨N21,295.1317901939367,297.5634991621907,2.431708968253986
AP2-F6-3S-7BS,桁架码垛,自动分拣N21,297.5634991621907,298.7334991621907,1.170000000000016
AP2-FB-2P-9BP,分拣,自动分拣N21,298.7334991621907,300.3134991621907,1.579999999999984
AP2-FB-2P-9BP,自动打磨,自动打磨N21,300.3134991621907,302.3211501939367,2.007651031746036
AP2-FB-2P-9BP,桁架码垛,自动分拣N21,302.3211501939367,303.49115019393673,1.170000000000016
AP2-FB-3S-14BS,分拣,自动分拣N21,303.49115019393673,305.0711501939367,1.579999999999984
AP2-FB-3S-14BS,自动打磨,自动打磨N21,305.0711501939367,306.9122138447304,1.8410636507936715
AP2-FB-3S-14BS,桁架码垛,自动分拣N21,306.9122138447304,308.0822138447304,1.170000000000016
AP2-FB-3S-15BS,分拣,自动分拣N21,308.0822138447304,309.6622138447304,1.579999999999984
AP2-FB-3S-15BS,自动打磨,自动打磨N21,309.6622138447304,312.0939228129844,2.431708968253986
AP2-FB-3S-15BS,桁架码垛,自动分拣N21,312.0939228129844,313.2639228129844,1.170000000000016
AP2-FB-3S-16BS,分拣,自动分拣N21,313.2639228129844,314.8439228129844,1.579999999999984
AP2-FB-3S-16BS,自动打磨,自动打磨N21,314.8439228129844,316.86455567012723,2.020632857142857
AP2-FB-3S-16BS,桁架码垛,自动分拣N21,316.86455567012723,318.03455567012725,1.170000000000016
AP2-F3-1B3-1S,分拣,自动分拣N21,318.03455567012725,319.61455567012723,1.579999999999984
AP2-F3-1B3-1S,自动打磨,自动打磨N21,319.61455567012723,321.6223542415558,2.007798571428566
AP2-F3-1B3-1S,桁架码垛,自动分拣N21,321.6223542415558,322.7923542415558,1.170000000000016
AP2-FC-1B3-1P,分拣,自动分拣N21,322.7923542415558,324.3723542415558,1.579999999999984
AP2-FC-1B3-1P,自动打磨,自动打磨N21,324.3723542415558,328.6408461463177,4.268491904761902
AP2-FC-1B3-1P,桁架码垛,自动分拣N21,328.6408461463177,329.8108461463177,1.170000000000016
AP2-FC-1B3-1S,分拣,自动分拣N21,329.8108461463177,331.3908461463177,1.579999999999984
AP2-FC-1B3-1S,自动打磨,自动打磨N21,331.3908461463177,333.0863470193336,1.6955008730158738
AP2-FC-1B3-1S,桁架码垛,自动分拣N21,333.0863470193336,334.2563470193336,1.170000000000016
AP2-G2-3B1-1S,分拣,自动分拣N21,334.2563470193336,335.8363470193336,1.579999999999984
AP2-G2-3B1-1S,自动打磨,自动打磨N21,335.8363470193336,337.84409947965105,2.0077524603174766
AP2-G2-3B1-1S,桁架码垛,自动分拣N21,337.84409947965105,339.01409947965107,1.170000000000016
A03S-1295切割后的大件,天车吊运（胎架到成品区）,天车,277.24031468233727,282.24031468233727,5.0
AP2-AG-1-1P,自由边打磨,人工打磨N51,210.93939437773412,211.18105550593924,0.24166112820512353
AP2-G3-6S-1S,分拣,自动分拣N51,257.4226407127331,259.00264071273307,1.579999999999984
AP2-G3-6S-1S,自动打磨,自动打磨N51,259.00264071273307,260.00264071273307,1.0
AP2-G3-6S-1S,桁架码垛,自动分拣N51,260.00264071273307,261.1726407127331,1.170000000000016
A03S-1301切割后的大件,天车空驶（成品区到胎架）,天车,206.18105550593924,211.18105550593924,5.0
A03S-1301切割后的大件,天车吊运（胎架到成品区）,天车,211.18105550593924,216.18105550593924,5.0
A03S-1286,天车空驶（胎架到原料区）,天车,253.68338403816307,261.68338403816307,8.0
A03S-1286,天车吊运（原料区到胎架）,天车,261.68338403816307,264.68338403816307,3.0
AP2-FA-2SP-1SP,自由边打磨,人工打磨N21,331.6666805153129,332.144988617877,0.4783081025640854
A03S-1288,天车空驶（胎架到原料区）,天车,264.68338403816307,267.68338403816307,3.0
A03S-1288,天车吊运（原料区到胎架）,天车,267.68338403816307,270.68338403816307,3.0
AP2-MG-2SP-1SP,分拣,自动分拣N21,339.01409947965107,340.59409947965105,1.579999999999984
AP2-MG-2SP-1SP,自动打磨,自动打磨N21,340.59409947965105,342.6674768606034,2.0733773809523655
AP2-MG-2SP-1SP,桁架至坡口工作站,自动分拣N21,342.6674768606034,343.8341768606034,1.1666999999999916
AP2-MG-4SP-1SP,分拣,自动分拣N21,343.8341768606034,345.4141768606034,1.579999999999984
AP2-MG-4SP-1SP,自动打磨,自动打磨N21,345.4141768606034,347.51760551139705,2.10342865079366
AP2-MG-4SP-1SP,桁架至坡口工作站,自动分拣N21,347.51760551139705,348.68430551139704,1.1666999999999916
AP2-MG-5SP-1SP,分拣,自动分拣N21,348.68430551139704,350.264305511397,1.579999999999984
AP2-MG-5SP-1SP,自动打磨,自动打磨N21,350.264305511397,352.3677747971113,2.1034692857142545
AP2-MG-5SP-1SP,桁架至坡口工作站,自动分拣N21,352.3677747971113,353.5344747971113,1.1666999999999916
AP2-MG-8SP-1SP,分拣,自动分拣N21,353.5344747971113,355.11447479711126,1.579999999999984
AP2-MG-8SP-1SP,自动打磨,自动打磨N21,355.11447479711126,356.5425519399684,1.4280771428571484
AP2-MG-8SP-1SP,桁架至坡口工作站,自动分拣N21,356.5425519399684,357.7092519399684,1.1666999999999916
AP2-SGF-1SP-28BSP,分拣,自动分拣N21,357.7092519399684,359.2892519399684,1.579999999999984
AP2-SGF-1SP-28BSP,自动打磨,自动打磨N21,359.2892519399684,360.86446368600014,1.575211746031755
AP2-SGF-1SP-28BSP,桁架至坡口工作站,自动分拣N21,360.86446368600014,362.0311636860001,1.1666999999999916
AP2-SGF-1SP-29BSP,分拣,自动分拣N21,362.0311636860001,363.6111636860001,1.579999999999984
AP2-SGF-1SP-29BSP,自动打磨,自动打磨N21,363.6111636860001,365.254264559016,1.6431008730158965
AP2-SGF-1SP-29BSP,桁架至坡口工作站,自动分拣N21,365.254264559016,366.420964559016,1.1666999999999916
AP2-F0-2-1P,分拣,自动分拣N21,366.420964559016,368.000964559016,1.579999999999984
AP2-F0-2-1P,自动打磨,自动打磨N21,368.000964559016,369.63059352727,1.6296289682539964
AP2-F0-2-1P,桁架至坡口工作站,自动分拣N21,369.63059352727,370.79729352726997,1.1666999999999916
AP2-F0-2-1S,分拣,自动分拣N21,370.79729352726997,372.37729352726996,1.579999999999984
AP2-F0-2-1S,自动打磨,自动打磨N21,372.37729352726996,374.4859678923493,2.1086743650793665
AP2-F0-2-1S,桁架至坡口工作站,自动分拣N21,374.4859678923493,375.6526678923493,1.1666999999999916
AP2-F0-3-1P,分拣,自动分拣N21,375.6526678923493,377.2326678923493,1.579999999999984
AP2-F0-3-1P,自动打磨,自动打磨N21,377.2326678923493,378.84563447965087,1.612966587301571
AP2-F0-3-1P,桁架至坡口工作站,自动分拣N21,378.84563447965087,380.01233447965086,1.1666999999999916
AP2-F0-3-1S,分拣,自动分拣N21,380.01233447965086,381.59233447965084,1.579999999999984
AP2-F0-3-1S,自动打磨,自动打磨N21,381.59233447965084,383.20527828917466,1.6129438095238129
AP2-F0-3-1S,桁架至坡口工作站,自动分拣N21,383.20527828917466,384.37197828917465,1.1666999999999916
AP2-FA-1B3W-1P,分拣,自动分拣N21,384.37197828917465,385.95197828917463,1.579999999999984
AP2-FA-1B3W-1P,自动打磨,自动打磨N21,385.95197828917463,387.63178201933334,1.67980373015871
AP2-FA-1B3W-1P,桁架码垛,自动分拣N21,387.63178201933334,388.80178201933336,1.170000000000016
AP2-FA-1B3W-1S,分拣,自动分拣N21,388.80178201933336,390.38178201933334,1.579999999999984
AP2-FA-1B3W-1S,自动打磨,自动打磨N21,390.38178201933334,392.1195016225079,1.7377196031745825
AP2-FA-1B3W-1S,桁架码垛,自动分拣N21,392.1195016225079,393.28950162250794,1.170000000000016
AP2-FA-3K-1P,分拣,自动分拣N21,393.28950162250794,394.8695016225079,1.579999999999984
AP2-FA-3K-1P,自动打磨,自动打磨N21,394.8695016225079,396.6341001939365,1.7645985714285644
AP2-FA-3K-1P,桁架至坡口工作站,自动分拣N21,396.6341001939365,397.8008001939365,1.1666999999999916
AP2-FA-3K-1S,分拣,自动分拣N21,397.8008001939365,399.38080019393647,1.579999999999984
AP2-FA-3K-1S,自动打磨,自动打磨N21,399.38080019393647,401.14539535266664,1.7645951587301738
AP2-FA-3K-1S,桁架至坡口工作站,自动分拣N21,401.14539535266664,402.31209535266663,1.1666999999999916
AP2-SGF-1SP-5BSP,分拣,自动分拣N21,402.31209535266663,403.8920953526666,1.579999999999984
AP2-SGF-1SP-5BSP,自动打磨,自动打磨N21,403.8920953526666,405.3498986066349,1.4578032539682795
AP2-SGF-1SP-5BSP,桁架码垛,自动分拣N21,405.3498986066349,406.5198986066349,1.170000000000016
AP2-SGF-1SP-6BSP,分拣,自动分拣N21,406.5198986066349,408.0998986066349,1.579999999999984
AP2-SGF-1SP-6BSP,自动打磨,自动打磨N21,408.0998986066349,409.8427061463174,1.7428075396825307
AP2-SGF-1SP-6BSP,桁架码垛,自动分拣N21,409.8427061463174,411.01270614631744,1.170000000000016
AP2-SGF-1SP-7BSP,分拣,自动分拣N21,411.01270614631744,412.5927061463174,1.579999999999984
AP2-SGF-1SP-7BSP,自动打磨,自动打磨N21,412.5927061463174,414.7025460669523,2.1098399206348972
AP2-SGF-1SP-7BSP,桁架码垛,自动分拣N21,414.7025460669523,415.87254606695234,1.170000000000016
AP2-SGF-1SP-8BSP,分拣,自动分拣N21,415.87254606695234,417.4525460669523,1.579999999999984
AP2-SGF-1SP-8BSP,自动打磨,自动打磨N21,417.4525460669523,419.1953249558412,1.7427788888888927
AP2-SGF-1SP-8BSP,桁架码垛,自动分拣N21,419.1953249558412,420.36532495584123,1.170000000000016
A03S-1286切割后的大件,天车吊运（胎架到坡口区）,天车,332.144988617877,335.144988617877,3.0
AP2-FA-2SP-1SP,人工坡口,人工坡口1,335.144988617877,356.428984617877,21.283996000000002
A03S-1286切割后的大件,天车吊运（坡口区到成品区）,天车,356.428984617877,361.428984617877,5.0
AP2-FB-1SP-1SP,自由边打磨,人工打磨N51,328.9995409052187,329.3231166488084,0.3235757435897426
AP2-G2-1P-1P,自由边打磨,人工打磨N51,329.3231166488084,329.64669228983405,0.3235756410256272
AP2-MG-1SP-1P,自由边打磨,人工打磨N51,329.64669228983405,329.70235367444945,0.05566138461540504
A03S-1288切割后的大件,天车空驶（成品区到胎架）,天车,335.144988617877,340.144988617877,5.0
A03S-1288切割后的大件,天车吊运（胎架到成品区）,天车,340.144988617877,345.144988617877,5.0
A03S-1300,天车空驶（胎架到原料区）,天车,345.144988617877,353.144988617877,8.0
A03S-1300,天车吊运（原料区到胎架）,天车,353.144988617877,356.144988617877,3.0
AP2-AG-1-2P,自由边打磨,人工打磨N21,417.9451236170148,418.9759296682969,1.0308060512820703
A03S-1277,天车空驶（胎架到原料区）,天车,270.68338403816307,273.68338403816307,3.0
A03S-1277,天车吊运（原料区到胎架）,天车,273.68338403816307,276.68338403816307,3.0
AP2-AG-1-2S,自由边打磨,人工打磨N21,418.9759296682969,420.00673571957896,1.0308060512820703
A03S-1300切割后的大件,天车吊运（胎架到成品区）,天车,420.00673571957896,425.00673571957896,5.0
AP2-G2-4B1S-1S,分拣,自动分拣N51,400.7958570103608,402.3758570103608,1.579999999999984
AP2-G2-4B1S-1S,自动打磨,自动打磨N51,402.3758570103608,404.91763804210683,2.5417810317460408
AP2-G2-4B1S-1S,桁架码垛,自动分拣N51,404.91763804210683,406.08763804210685,1.170000000000016
AP2-G4-4B4-1P,分拣,自动分拣N51,406.08763804210685,407.66763804210683,1.579999999999984
AP2-G4-4B4-1P,自动打磨,自动打磨N51,407.66763804210683,410.5481943119481,2.8805562698412928
AP2-G4-4B4-1P,桁架码垛,自动分拣N51,410.5481943119481,411.71819431194814,1.170000000000016
AP2-G4-4B4-1S,分拣,自动分拣N51,411.71819431194814,413.2981943119481,1.579999999999984
AP2-G4-4B4-1S,自动打磨,自动打磨N51,413.2981943119481,416.1787506611545,2.8805563492063584
AP2-G4-4B4-1S,桁架码垛,自动分拣N51,416.1787506611545,417.3487506611545,1.170000000000016
AP2-G5-4B4-1P,分拣,自动分拣N51,417.3487506611545,418.9287506611545,1.579999999999984
AP2-G5-4B4-1P,自动打磨,自动打磨N51,418.9287506611545,420.3186224865513,1.389871825396824
AP2-G5-4B4-1P,桁架码垛,自动分拣N51,420.3186224865513,421.4886224865513,1.170000000000016
AP2-G5-4B4-1S,分拣,自动分拣N51,421.4886224865513,423.0686224865513,1.579999999999984
AP2-G5-4B4-1S,自动打磨,自动打磨N51,423.0686224865513,424.5872732802021,1.5186507936508065
AP2-G5-4B4-1S,桁架码垛,自动分拣N51,424.5872732802021,425.7572732802021,1.170000000000016
AP2-SGF-1SP-10SP,自由边打磨,人工打磨N51,400.7958570103608,401.047774189848,0.2519171794871795
A03S-1285,天车空驶（胎架到原料区）,天车,361.428984617877,369.428984617877,8.0
A03S-1285,天车吊运（原料区到胎架）,天车,369.428984617877,372.428984617877,3.0
AP2-SGF-1SP-1SP,自由边打磨,人工打磨N51,401.047774189848,401.3829023949762,0.3351282051282283
A03S-1277切割后的大件,天车吊运（胎架到成品区）,天车,401.3829023949762,406.3829023949762,5.0
AP2-F2-2P-6BP,分拣,自动分拣N51,481.6446821138546,483.2246821138546,1.579999999999984
AP2-F2-2P-6BP,自动打磨,自动打磨N51,483.2246821138546,484.97002632020383,1.7453442063492162
AP2-F2-2P-6BP,桁架码垛,自动分拣N51,484.97002632020383,486.14002632020384,1.170000000000016
AP2-F6-2P-8BP,分拣,自动分拣N51,486.14002632020384,487.72002632020383,1.579999999999984
AP2-F6-2P-8BP,自动打磨,自动打磨N51,487.72002632020383,489.46537036782286,1.745344047619028
AP2-F6-2P-8BP,桁架码垛,自动分拣N51,489.46537036782286,490.6353703678229,1.170000000000016
AP2-F6-3S-8BS,分拣,自动分拣N51,490.6353703678229,492.21537036782286,1.579999999999984
AP2-F6-3S-8BS,自动打磨,自动打磨N51,492.21537036782286,493.30151306623554,1.0861426984126865
AP2-F6-3S-8BS,桁架码垛,自动分拣N51,493.30151306623554,494.47151306623556,1.170000000000016
TA10-G13-1B1-1P,分拣,自动分拣N51,494.47151306623556,496.05151306623554,1.579999999999984
TA10-G13-1B1-1P,自动打磨,自动打磨N51,496.05151306623554,497.3844496535371,1.3329365873015604
TA10-G13-1B1-1P,桁架码垛,自动分拣N51,497.3844496535371,498.5544496535371,1.170000000000016
TA10-G13-1B1-1S,分拣,自动分拣N51,498.5544496535371,500.1344496535371,1.579999999999984
TA10-G13-1B1-1S,自动打磨,自动打磨N51,500.1344496535371,501.7465162408387,1.6120665873015696
TA10-G13-1B1-1S,桁架码垛,自动分拣N51,501.7465162408387,502.9165162408387,1.170000000000016
AP2-AE-1SP-1SP,自由边打磨,人工打磨N51,481.6446821138546,482.1295027805213,0.48482066666667833
A03S-1283,天车空驶（胎架到原料区）,天车,425.00673571957896,433.00673571957896,8.0
A03S-1283,天车吊运（原料区到胎架）,天车,433.00673571957896,436.00673571957896,3.0
AP2-F2-3S-6BS,分拣,自动分拣N51,502.9165162408387,504.4965162408387,1.579999999999984
AP2-F2-3S-6BS,自动打磨,自动打磨N51,504.4965162408387,506.24683393925136,1.7503176984126867
AP2-F2-3S-6BS,桁架码垛,自动分拣N51,506.24683393925136,507.4168339392514,1.170000000000016
AP2-F6-2P-9BP,分拣,自动分拣N51,507.4168339392514,508.99683393925136,1.579999999999984
AP2-F6-2P-9BP,自动打磨,自动打磨N51,508.99683393925136,510.55669155829895,1.559857619047591
AP2-F6-2P-9BP,桁架码垛,自动分拣N51,510.55669155829895,511.72669155829897,1.170000000000016
A03S-1285切割后的大件,天车吊运（胎架到成品区）,天车,482.1295027805213,487.1295027805213,5.0
AP2-F1-1SP-1SP,自由边打磨,人工打磨N51,565.6616946132283,566.6579224081,0.9962277948717428
A03S-1276,天车空驶（胎架到原料区）,天车,500.72669155829897,508.72669155829897,8.0
A03S-1276,天车吊运（原料区到胎架）,天车,508.72669155829897,511.72669155829897,3.0
AP2-F2-4SP-1SP,分拣,自动分拣N51,565.6616946132283,567.2416946132283,1.580000000000041
AP2-F2-4SP-1SP,自动打磨,自动打磨N51,567.2416946132283,568.5291315179902,1.2874369047618757
AP2-F2-4SP-1SP,桁架码垛,自动分拣N51,568.5291315179902,569.6991315179902,1.169999999999959
AP2-F3-2SP-1SP,分拣,自动分拣N51,569.6991315179902,571.2791315179902,1.580000000000041
AP2-F3-2SP-1SP,自动打磨,自动打磨N51,571.2791315179902,572.2791315179902,1.0
AP2-F3-2SP-1SP,桁架码垛,自动分拣N51,572.2791315179902,573.4491315179902,1.169999999999959
AP2-F2-1-2P,自由边打磨,人工打磨N51,566.6579224081,567.3268701004077,0.6689476923077109
AP2-F2-1-2S,自由边打磨,人工打磨N51,567.3268701004077,567.9958177927155,0.6689476923077109
A03S-1283切割后的大件,天车吊运（胎架到坡口区）,天车,567.9958177927155,570.9958177927155,3.0
AP2-F1-1SP-1SP,人工坡口,人工坡口1,570.9958177927155,633.7906057927155,62.79478800000004
AP2-F2-1-2P,人工坡口,人工坡口1,633.7906057927155,640.5941337927155,6.803528000000028
AP2-F2-1-2S,人工坡口,人工坡口1,640.5941337927155,647.4176617927155,6.82352800000001
A03S-1283切割后的大件,天车吊运（坡口区到成品区）,天车,647.4176617927155,652.4176617927155,5.0
AP2-818-1P,分拣,自动分拣N51,653.0319602862986,654.6119602862987,1.580000000000041
AP2-818-1P,自动打磨,自动打磨N51,654.6119602862987,656.1306110799494,1.5186507936507496
AP2-818-1P,桁架码垛,自动分拣N51,656.1306110799494,657.3006110799494,1.169999999999959
AP2-AG-1-3BP,分拣,自动分拣N51,657.3006110799494,658.8806110799494,1.580000000000041
AP2-AG-1-3BP,自动打磨,自动打磨N51,658.8806110799494,660.7760071910606,1.895396111111154
AP2-AG-1-3BP,桁架码垛,自动分拣N51,660.7760071910606,661.9460071910605,1.169999999999959
AP2-CG-1B1-1P,分拣,自动分拣N51,661.9460071910605,663.5260071910606,1.580000000000041
AP2-CG-1B1-1P,自动打磨,自动打磨N51,663.5260071910606,664.9839806037589,1.4579734126983794
AP2-CG-1B1-1P,桁架码垛,自动分拣N51,664.9839806037589,666.1539806037589,1.169999999999959
AP2-CG-1B1-1S,分拣,自动分拣N51,666.1539806037589,667.7339806037589,1.580000000000041
AP2-CG-1B1-1S,自动打磨,自动打磨N51,667.7339806037589,669.8402073497907,2.10622674603178
AP2-CG-1B1-1S,桁架码垛,自动分拣N51,669.8402073497907,671.0102073497907,1.169999999999959
AP2-F6-2P-2BP,分拣,自动分拣N51,671.0102073497907,672.5902073497907,1.580000000000041
AP2-F6-2P-2BP,自动打磨,自动打磨N51,672.5902073497907,674.0547695720129,1.4645622222221846
AP2-F6-2P-2BP,桁架码垛,自动分拣N51,674.0547695720129,675.2247695720129,1.169999999999959
AP2-F7-1B1-1P,分拣,自动分拣N51,675.2247695720129,676.8047695720129,1.580000000000041
AP2-F7-1B1-1P,自动打磨,自动打磨N51,676.8047695720129,678.8462357624891,2.0414661904761715
AP2-F7-1B1-1P,桁架码垛,自动分拣N51,678.8462357624891,680.016235762489,1.169999999999959
AP2-F7-1B1-1S,分拣,自动分拣N51,680.016235762489,681.5962357624891,1.580000000000041
AP2-F7-1B1-1S,自动打磨,自动打磨N51,681.5962357624891,683.5061317942351,1.9098960317460296
AP2-F7-1B1-1S,桁架码垛,自动分拣N51,683.5061317942351,684.6761317942351,1.169999999999959
AP2-F8-1B1-1P,分拣,自动分拣N51,684.6761317942351,686.2561317942351,1.580000000000041
AP2-F8-1B1-1P,自动打磨,自动打磨N51,686.2561317942351,688.0959019529653,1.8397701587301754
AP2-F8-1B1-1P,桁架码垛,自动分拣N51,688.0959019529653,689.2659019529652,1.169999999999959
AP2-FB-3S-2BS,分拣,自动分拣N51,689.2659019529652,690.8459019529653,1.580000000000041
AP2-FB-3S-2BS,自动打磨,自动打磨N51,690.8459019529653,692.5734057228066,1.7275037698412916
AP2-FB-3S-2BS,桁架码垛,自动分拣N51,692.5734057228066,693.7434057228065,1.169999999999959
AP2-MG-1SP-1BP,分拣,自动分拣N51,693.7434057228065,695.3234057228066,1.580000000000041
AP2-MG-1SP-1BP,自动打磨,自动打磨N51,695.3234057228066,697.2279309609019,1.9045252380952888
AP2-MG-1SP-1BP,桁架码垛,自动分拣N51,697.2279309609019,698.3979309609018,1.169999999999959
AP2-MG-1SP-2BP,分拣,自动分拣N51,698.3979309609018,699.9779309609019,1.580000000000041
AP2-MG-1SP-2BP,自动打磨,自动打磨N51,699.9779309609019,701.7789178656637,1.800986904761885
AP2-MG-1SP-2BP,桁架码垛,自动分拣N51,701.7789178656637,702.9489178656637,1.169999999999959
AP2-F0-1B1P-1P,分拣,自动分拣N51,702.9489178656637,704.5289178656637,1.580000000000041
AP2-F0-1B1P-1P,自动打磨,自动打磨N51,704.5289178656637,707.1874550085209,2.658537142857199
AP2-F0-1B1P-1P,桁架码垛,自动分拣N51,707.1874550085209,708.3574550085209,1.169999999999959
AP2-F0-1B2S-1S,分拣,自动分拣N51,708.3574550085209,709.9374550085209,1.580000000000041
AP2-F0-1B2S-1S,自动打磨,自动打磨N51,709.9374550085209,712.0339746910606,2.096519682539679
AP2-F0-1B2S-1S,桁架码垛,自动分拣N51,712.0339746910606,713.2039746910606,1.169999999999959
AP2-F1-1B1P-1P,分拣,自动分拣N51,713.2039746910606,714.7839746910606,1.580000000000041
AP2-F1-1B1P-1P,自动打磨,自动打磨N51,714.7839746910606,716.348561040267,1.5645863492063654
AP2-F1-1B1P-1P,桁架码垛,自动分拣N51,716.348561040267,717.518561040267,1.169999999999959
AP2-F1-1B2S-1S,分拣,自动分拣N51,717.518561040267,719.098561040267,1.580000000000041
AP2-F1-1B2S-1S,自动打磨,自动打磨N51,719.098561040267,720.6631473101082,1.564586269841243
AP2-F1-1B2S-1S,桁架码垛,自动分拣N51,720.6631473101082,721.8331473101082,1.169999999999959
AP2-F1-1B3-1P,分拣,自动分拣N51,721.8331473101082,723.4131473101082,1.580000000000041
AP2-F1-1B3-1P,自动打磨,自动打磨N51,723.4131473101082,726.1586532624892,2.745505952380995
AP2-F1-1B3-1P,桁架码垛,自动分拣N51,726.1586532624892,727.3286532624892,1.169999999999959
AP2-F1-1B3-1S,分拣,自动分拣N51,727.3286532624892,728.9086532624892,1.580000000000041
AP2-F1-1B3-1S,自动打磨,自动打磨N51,728.9086532624892,731.6887254053464,2.7800721428571933
AP2-F1-1B3-1S,桁架码垛,自动分拣N51,731.6887254053464,732.8587254053464,1.169999999999959
AP2-F3-1B1P-1P,分拣,自动分拣N51,732.8587254053464,734.4387254053464,1.580000000000041
AP2-F3-1B1P-1P,自动打磨,自动打磨N51,734.4387254053464,737.2491173101083,2.8103919047619
AP2-F3-1B1P-1P,桁架码垛,自动分拣N51,737.2491173101083,738.4191173101083,1.169999999999959
AP2-F4-1B1P-1P,分拣,自动分拣N51,738.4191173101083,739.9991173101083,1.580000000000041
AP2-F4-1B1P-1P,自动打磨,自动打磨N51,739.9991173101083,741.757480087886,1.7583627777777338
AP2-F4-1B1P-1P,桁架码垛,自动分拣N51,741.757480087886,742.927480087886,1.169999999999959
AP2-F5-1B1P-1P,分拣,自动分拣N51,742.927480087886,744.507480087886,1.580000000000041
AP2-F5-1B1P-1P,自动打磨,自动打磨N51,744.507480087886,746.3542493736003,1.846769285714231
AP2-F5-1B1P-1P,桁架码垛,自动分拣N51,746.3542493736003,747.5242493736002,1.169999999999959
AP2-F5-1B3-1P,分拣,自动分拣N51,747.5242493736002,749.1042493736003,1.580000000000041
AP2-F5-1B3-1P,自动打磨,自动打磨N51,749.1042493736003,751.948171119632,2.843921746031697
AP2-F5-1B3-1P,桁架码垛,自动分拣N51,751.948171119632,753.1181711196319,1.169999999999959
AP2-F5-1B3-1S,分拣,自动分拣N51,753.1181711196319,754.698171119632,1.580000000000041
AP2-F5-1B3-1S,自动打磨,自动打磨N51,754.698171119632,756.5055927069336,1.8074215873016328
AP2-F5-1B3-1S,桁架码垛,自动分拣N51,756.5055927069336,757.6755927069336,1.169999999999959
AP2-F7-1B1P-1P,分拣,自动分拣N51,757.6755927069336,759.2555927069336,1.580000000000041
AP2-F7-1B1P-1P,自动打磨,自动打磨N51,759.2555927069336,761.0705115164574,1.8149188095237605
AP2-F7-1B1P-1P,桁架码垛,自动分拣N51,761.0705115164574,762.2405115164573,1.169999999999959
AP2-F7-1B2S-1S,分拣,自动分拣N51,762.2405115164573,763.8205115164574,1.580000000000041
AP2-F7-1B2S-1S,自动打磨,自动打磨N51,763.8205115164574,765.7304075482034,1.9098960317460296
AP2-F7-1B2S-1S,桁架码垛,自动分拣N51,765.7304075482034,766.9004075482034,1.169999999999959
AP2-F8-1B1P-1P,分拣,自动分拣N51,766.9004075482034,768.4804075482034,1.580000000000041
AP2-F8-1B1P-1P,自动打磨,自动打磨N51,768.4804075482034,771.0248296910605,2.5444221428571154
AP2-F8-1B1P-1P,桁架码垛,自动分拣N51,771.0248296910605,772.1948296910605,1.169999999999959
AP2-F8-1B2S-1S,分拣,自动分拣N51,772.1948296910605,773.7748296910605,1.580000000000041
AP2-F8-1B2S-1S,自动打磨,自动打磨N51,773.7748296910605,775.5023332624891,1.7275035714285423
AP2-F8-1B2S-1S,桁架码垛,自动分拣N51,775.5023332624891,776.672333262489,1.169999999999959
AP2-F9-1B1P-1P,分拣,自动分拣N51,776.672333262489,778.2523332624891,1.580000000000041
AP2-F9-1B1P-1P,自动打磨,自动打磨N51,778.2523332624891,780.1047526275685,1.8524193650794132
AP2-F9-1B1P-1P,桁架码垛,自动分拣N51,780.1047526275685,781.2747526275684,1.169999999999959
AP2-FA-1B1P-1P,分拣,自动分拣N51,781.2747526275684,782.8547526275685,1.580000000000041
AP2-FA-1B1P-1P,自动打磨,自动打磨N51,782.8547526275685,784.6381362783621,1.7833836507936667
AP2-FA-1B1P-1P,桁架码垛,自动分拣N51,784.6381362783621,785.8081362783621,1.169999999999959
AP2-FA-1B2S-1S,分拣,自动分拣N51,785.8081362783621,787.3881362783621,1.580000000000041
AP2-FA-1B2S-1S,自动打磨,自动打磨N51,787.3881362783621,789.1715199291558,1.7833836507936667
AP2-FA-1B2S-1S,桁架码垛,自动分拣N51,789.1715199291558,790.3415199291558,1.169999999999959
AP2-SGF-1SP-1BSP,分拣,自动分拣N51,790.3415199291558,791.9215199291558,1.580000000000041
AP2-SGF-1SP-1BSP,自动打磨,自动打磨N51,791.9215199291558,793.3810760402669,1.4595561111110555
AP2-SGF-1SP-1BSP,桁架码垛,自动分拣N51,793.3810760402669,794.5510760402668,1.169999999999959
AP2-SGF-1SP-2BSP,分拣,自动分拣N51,794.5510760402668,796.1310760402669,1.580000000000041
AP2-SGF-1SP-2BSP,自动打磨,自动打磨N51,796.1310760402669,798.026472151378,1.895396111111154
AP2-SGF-1SP-2BSP,桁架码垛,自动分拣N51,798.026472151378,799.196472151378,1.169999999999959
A03S-1292,天车空驶（胎架到原料区）,天车,570.9958177927155,578.9958177927155,8.0
A03S-1292,天车吊运（原料区到胎架）,天车,578.9958177927155,581.9958177927155,3.0
AP2-F2-2P-2BP,分拣,自动分拣N51,799.196472151378,800.776472151378,1.580000000000041
AP2-F2-2P-2BP,自动打磨,自动打磨N51,800.776472151378,802.8810673101082,2.104595158730149
AP2-F2-2P-2BP,桁架码垛,自动分拣N51,802.8810673101082,804.0510673101081,1.169999999999959
AP2-F2-2P-2P,自由边打磨,人工打磨N51,778.9852893187676,779.4559051136395,0.4706157948718328
A03S-1294,天车空驶（胎架到原料区）,天车,436.00673571957896,439.00673571957896,3.0
A03S-1294,天车吊运（原料区到胎架）,天车,439.00673571957896,442.00673571957896,3.0
AP2-F2-3S-2BS,分拣,自动分拣N51,804.0510673101081,805.6310673101082,1.580000000000041
AP2-F2-3S-2BS,自动打磨,自动打磨N51,805.6310673101082,807.3716347704257,1.740567460317493
AP2-F2-3S-2BS,桁架码垛,自动分拣N51,807.3716347704257,808.5416347704256,1.169999999999959
AP2-F2-3S-2S,自由边打磨,人工打磨N51,779.4559051136395,779.9402778828702,0.48437276923073114
AP2-F2-3S-3BS,分拣,自动分拣N51,808.5416347704256,810.1216347704257,1.580000000000041
AP2-F2-3S-3BS,自动打磨,自动打磨N51,810.1216347704257,811.7984306434415,1.6767958730158625
AP2-F2-3S-3BS,桁架码垛,自动分拣N51,811.7984306434415,812.9684306434415,1.169999999999959
AP2-F6-2P-3BP,分拣,自动分拣N51,812.9684306434415,814.5484306434415,1.580000000000041
AP2-F6-2P-3BP,自动打磨,自动打磨N51,814.5484306434415,816.1961292148701,1.6476985714285775
AP2-F6-2P-3BP,桁架码垛,自动分拣N51,816.1961292148701,817.36612921487,1.169999999999959
AP2-F6-2P-5BP,分拣,自动分拣N51,817.36612921487,818.9461292148701,1.580000000000041
AP2-F6-2P-5BP,自动打磨,自动打磨N51,818.9461292148701,820.454344135505,1.5082149206349413
AP2-F6-2P-5BP,桁架码垛,自动分拣N51,820.454344135505,821.624344135505,1.169999999999959
AP2-F6-3S-1BS,分拣,自动分拣N51,821.624344135505,823.204344135505,1.580000000000041
AP2-F6-3S-1BS,自动打磨,自动打磨N51,823.204344135505,825.2272546910606,2.0229105555555407
AP2-F6-3S-1BS,桁架码垛,自动分拣N51,825.2272546910606,826.3972546910605,1.169999999999959
AP2-F6-3S-2BS,分拣,自动分拣N51,826.3972546910605,827.9772546910606,1.580000000000041
AP2-F6-3S-2BS,自动打磨,自动打磨N51,827.9772546910606,828.9772546910606,1.0
AP2-F6-3S-2BS,桁架码垛,自动分拣N51,828.9772546910606,830.1472546910605,1.169999999999959
AP2-F6-3S-3BS,分拣,自动分拣N51,830.1472546910605,831.7272546910606,1.580000000000041
AP2-F6-3S-3BS,自动打磨,自动打磨N51,831.7272546910606,832.8133973894733,1.0861426984126865
AP2-F6-3S-3BS,桁架码垛,自动分拣N51,832.8133973894733,833.9833973894732,1.169999999999959
AP2-F6-3S-5BS,分拣,自动分拣N51,833.9833973894732,835.5633973894733,1.580000000000041
AP2-F6-3S-5BS,自动打磨,自动打磨N51,835.5633973894733,837.5863080243939,2.022910634920663
AP2-F6-3S-5BS,桁架码垛,自动分拣N51,837.5863080243939,838.7563080243939,1.169999999999959
AP2-FB-2P-1P,自由边打磨,人工打磨N51,779.9402778828702,780.705545729024,0.7652678461538471
AP2-FB-2P-3BP,分拣,自动分拣N51,838.7563080243939,840.3363080243939,1.580000000000041
AP2-FB-2P-3BP,自动打磨,自动打磨N51,840.3363080243939,842.0768755640764,1.7405675396825018
AP2-FB-2P-3BP,桁架码垛,自动分拣N51,842.0768755640764,843.2468755640764,1.169999999999959
AP2-FB-2P-4BP,分拣,自动分拣N51,843.2468755640764,844.8268755640764,1.580000000000041
AP2-FB-2P-4BP,自动打磨,自动打磨N51,844.8268755640764,846.5602652466162,1.7333896825397233
AP2-FB-2P-4BP,桁架码垛,自动分拣N51,846.5602652466162,847.7302652466161,1.169999999999959
AP2-FB-3S-1S,自由边打磨,人工打磨N51,780.705545729024,781.1364673700497,0.430921641025634
AP2-FB-3S-5BS,分拣,自动分拣N51,847.7302652466161,849.3102652466162,1.580000000000041
AP2-FB-3S-5BS,自动打磨,自动打磨N51,849.3102652466162,851.262727072013,1.952461825396881
AP2-FB-3S-5BS,桁架码垛,自动分拣N51,851.262727072013,852.432727072013,1.169999999999959
AP2-MG-6SP-1SP,分拣,自动分拣N51,852.432727072013,854.012727072013,1.580000000000041
AP2-MG-6SP-1SP,自动打磨,自动打磨N51,854.012727072013,855.3723988974099,1.3596718253968447
AP2-MG-6SP-1SP,桁架码垛,自动分拣N51,855.3723988974099,856.5423988974098,1.169999999999959
AP2-MG-7SP-1SP,分拣,自动分拣N51,856.5423988974098,858.1223988974099,1.580000000000041
AP2-MG-7SP-1SP,自动打磨,自动打磨N51,858.1223988974099,859.2085416751877,1.086142777777809
AP2-MG-7SP-1SP,桁架码垛,自动分拣N51,859.2085416751877,860.3785416751876,1.169999999999959
AP2-AE-1B3-1S,分拣,自动分拣N51,860.3785416751876,861.9585416751877,1.580000000000041
AP2-AE-1B3-1S,自动打磨,自动打磨N51,861.9585416751877,864.1429107228067,2.184369047619043
AP2-AE-1B3-1S,桁架码垛,自动分拣N51,864.1429107228067,865.3129107228067,1.169999999999959
AP2-AE-1B4-1S,分拣,自动分拣N51,865.3129107228067,866.8929107228067,1.580000000000041
AP2-AE-1B4-1S,自动打磨,自动打磨N51,866.8929107228067,869.0244460402671,2.1315353174603615
AP2-AE-1B4-1S,桁架码垛,自动分拣N51,869.0244460402671,870.194446040267,1.169999999999959
AP2-F5-1B2S-1S,分拣,自动分拣N51,870.194446040267,871.7744460402671,1.580000000000041
AP2-F5-1B2S-1S,自动打磨,自动打磨N51,871.7744460402671,873.4542498497909,1.6798038095238326
AP2-F5-1B2S-1S,桁架码垛,自动分拣N51,873.4542498497909,874.6242498497909,1.169999999999959
AP2-FB-3S-9BS,分拣,自动分拣N51,874.6242498497909,876.2042498497909,1.580000000000041
AP2-FB-3S-9BS,自动打磨,自动打磨N51,876.2042498497909,877.5628042148703,1.3585543650793852
AP2-FB-3S-9BS,桁架码垛,自动分拣N51,877.5628042148703,878.7328042148703,1.169999999999959
AP2-G2-3B1-1P,分拣,自动分拣N51,878.7328042148703,880.3128042148703,1.580000000000041
AP2-G2-3B1-1P,自动打磨,自动打磨N51,880.3128042148703,882.5484291355052,2.235624920634905
AP2-G2-3B1-1P,桁架码垛,自动分拣N51,882.5484291355052,883.7184291355052,1.169999999999959
TA10-F9-1SP-2SP,分拣,自动分拣N51,883.7184291355052,885.2984291355052,1.580000000000041
TA10-F9-1SP-2SP,自动打磨,自动打磨N51,885.2984291355052,887.03181889741,1.733389761904732
TA10-F9-1SP-2SP,桁架码垛,自动分拣N51,887.03181889741,888.2018188974099,1.169999999999959
A03S-1292切割后的大件,天车吊运（胎架到成品区）,天车,781.1364673700497,786.1364673700497,5.0
AP2-AG-1-3BS,分拣,自动分拣N21,630.288726937902,631.868726937902,1.580000000000041
AP2-AG-1-3BS,自动打磨,自动打磨N21,631.868726937902,632.9548696363147,1.0861426984126865
AP2-AG-1-3BS,桁架码垛,自动分拣N21,632.9548696363147,634.1248696363147,1.169999999999959
AP2-CG-1-1P,自由边打磨,人工打磨N21,630.288726937902,631.6550711430302,1.3663442051282573
AP2-CG-1-1S,自由边打磨,人工打磨N21,631.6550711430302,633.0214153481585,1.3663442051282573
AP2-F2-2P-1BP,分拣,自动分拣N21,634.1248696363147,635.7048696363147,1.580000000000041
AP2-F2-2P-1BP,自动打磨,自动打磨N21,635.7048696363147,637.7253817791718,2.0205121428571147
AP2-F2-2P-1BP,桁架码垛,自动分拣N21,637.7253817791718,638.8953817791718,1.169999999999959
AP2-F2-2P-1P,自由边打磨,人工打磨N21,633.0214153481585,634.3381232455944,1.3167078974358901
AP2-F2-2P-3BP,分拣,自动分拣N21,638.8953817791718,640.4753817791718,1.580000000000041
AP2-F2-2P-3BP,自动打磨,自动打磨N21,640.4753817791718,642.9078081283782,2.4324263492063665
AP2-F2-2P-3BP,桁架码垛,自动分拣N21,642.9078081283782,644.0778081283781,1.169999999999959
AP2-F2-2P-4BP,分拣,自动分拣N21,644.0778081283781,645.6578081283782,1.580000000000041
AP2-F2-2P-4BP,自动打磨,自动打磨N21,645.6578081283782,648.6835095569496,3.0257014285714376
AP2-F2-2P-4BP,桁架码垛,自动分拣N21,648.6835095569496,649.8535095569496,1.169999999999959
AP2-F2-3S-1BS,分拣,自动分拣N21,649.8535095569496,651.4335095569496,1.580000000000041
AP2-F2-3S-1BS,自动打磨,自动打磨N21,651.4335095569496,653.441096937902,2.0075873809523728
AP2-F2-3S-1BS,桁架码垛,自动分拣N21,653.441096937902,654.611096937902,1.169999999999959
AP2-F2-3S-1S,自由边打磨,人工打磨N21,634.3381232455944,635.6548310917482,1.316707846153804
AP2-F6-2P-2P,自由边打磨,人工打磨N21,635.6548310917482,636.5558984250815,0.9010673333333443
AP2-F6-2P-4BP,分拣,自动分拣N21,654.611096937902,656.191096937902,1.580000000000041
AP2-F6-2P-4BP,自动打磨,自动打磨N21,656.191096937902,658.1997156680607,2.0086187301586733
AP2-F6-2P-4BP,桁架码垛,自动分拣N21,658.1997156680607,659.3697156680606,1.169999999999959
AP2-F6-2P-4P,自由边打磨,人工打磨N21,636.5558984250815,637.5023724763636,0.9464740512820526
AP2-F6-2P-6BP,分拣,自动分拣N21,659.3697156680606,660.9497156680607,1.580000000000041
AP2-F6-2P-6BP,自动打磨,自动打磨N21,660.9497156680607,663.3809289220289,2.4312132539682807
AP2-F6-2P-6BP,桁架码垛,自动分拣N21,663.3809289220289,664.5509289220289,1.169999999999959
AP2-F6-3S-10BS,分拣,自动分拣N21,664.5509289220289,666.1309289220289,1.580000000000041
AP2-F6-3S-10BS,自动打磨,自动打磨N21,666.1309289220289,667.9341840807591,1.8032551587301668
AP2-F6-3S-10BS,桁架码垛,自动分拣N21,667.9341840807591,669.1041840807591,1.169999999999959
AP2-F6-3S-2S,自由边打磨,人工打磨N21,637.5023724763636,638.4271564763636,0.9247840000000451
AP2-F6-3S-4S,自由边打磨,人工打磨N21,638.4271564763636,639.3372227327739,0.9100662564102322
AP2-F7-2-1P,分拣,自动分拣N21,669.1041840807591,670.6841840807591,1.580000000000041
AP2-F7-2-1P,自动打磨,自动打磨N21,670.6841840807591,673.0786928109178,2.394508730158691
AP2-F7-2-1P,桁架码垛,自动分拣N21,673.0786928109178,674.2486928109178,1.169999999999959
AP2-F7-2-1S,分拣,自动分拣N21,674.2486928109178,675.8286928109178,1.580000000000041
AP2-F7-2-1S,自动打磨,自动打磨N21,675.8286928109178,678.9432731283781,3.114580317460309
AP2-F7-2-1S,桁架码垛,自动分拣N21,678.9432731283781,680.1132731283781,1.169999999999959
AP2-F8-1B1-1S,分拣,自动分拣N21,680.1132731283781,681.6932731283781,1.580000000000041
AP2-F8-1B1-1S,自动打磨,自动打磨N21,681.6932731283781,683.4226382077431,1.7293650793650386
AP2-F8-1B1-1S,桁架码垛,自动分拣N21,683.4226382077431,684.5926382077431,1.169999999999959
AP2-F8-2-1P,分拣,自动分拣N21,684.5926382077431,686.1726382077431,1.580000000000041
AP2-F8-2-1P,自动打磨,自动打磨N21,686.1726382077431,688.3011125728225,2.1284743650793416
AP2-F8-2-1P,桁架码垛,自动分拣N21,688.3011125728225,689.4711125728224,1.169999999999959
AP2-FB-2P-11BP,分拣,自动分拣N21,689.4711125728224,691.0511125728225,1.580000000000041
AP2-FB-2P-11BP,自动打磨,自动打磨N21,691.0511125728225,694.1656928902828,3.114580317460309
AP2-FB-2P-11BP,桁架码垛,自动分拣N21,694.1656928902828,695.3356928902828,1.169999999999959
AP2-FB-2P-2BP,分拣,自动分拣N21,695.3356928902828,696.9156928902828,1.580000000000041
AP2-FB-2P-2BP,自动打磨,自动打磨N21,696.9156928902828,698.4091421759971,1.4934492857142914
AP2-FB-2P-2BP,桁架码垛,自动分拣N21,698.4091421759971,699.579142175997,1.169999999999959
AP2-FB-2P-5BP,分拣,自动分拣N21,699.579142175997,701.1591421759971,1.580000000000041
AP2-FB-2P-5BP,自动打磨,自动打磨N21,701.1591421759971,703.3948115410765,2.2356693650793886
AP2-FB-2P-5BP,桁架码垛,自动分拣N21,703.3948115410765,704.5648115410764,1.169999999999959
AP2-FB-3S-12BS,分拣,自动分拣N21,704.5648115410764,706.1448115410765,1.580000000000041
AP2-FB-3S-12BS,自动打磨,自动打磨N21,706.1448115410765,708.1644261442511,2.0196146031746594
AP2-FB-3S-12BS,桁架至坡口工作站,自动分拣N21,708.1644261442511,709.3311261442511,1.1666999999999916
AP2-FB-3S-13BS,分拣,自动分拣N21,709.3311261442511,710.9111261442512,1.580000000000041
AP2-FB-3S-13BS,自动打磨,自动打磨N21,710.9111261442512,713.3435523347274,2.432426190476235
AP2-FB-3S-13BS,桁架码垛,自动分拣N21,713.3435523347274,714.5135523347274,1.169999999999959
AP2-FB-3S-4BS,分拣,自动分拣N21,714.5135523347274,716.0935523347274,1.580000000000041
AP2-FB-3S-4BS,自动打磨,自动打磨N21,716.0935523347274,718.1462924934575,2.052740158730103
AP2-FB-3S-4BS,桁架码垛,自动分拣N21,718.1462924934575,719.3162924934575,1.169999999999959
AP2-FB-3S-8BS,分拣,自动分拣N21,719.3162924934575,720.8962924934575,1.580000000000041
AP2-FB-3S-8BS,自动打磨,自动打磨N21,720.8962924934575,722.8800194775845,1.9837269841269745
AP2-FB-3S-8BS,桁架至坡口工作站,自动分拣N21,722.8800194775845,724.0467194775845,1.1666999999999916
AP2-AE-1B1-1P,分拣,自动分拣N21,724.0467194775845,725.6267194775845,1.580000000000041
AP2-AE-1B1-1P,自动打磨,自动打磨N21,725.6267194775845,727.6490434458385,2.0223239682539997
AP2-AE-1B1-1P,桁架码垛,自动分拣N21,727.6490434458385,728.8190434458385,1.169999999999959
AP2-AE-1B1-1S,分拣,自动分拣N21,728.8190434458385,730.3990434458385,1.580000000000041
AP2-AE-1B1-1S,自动打磨,自动打磨N21,730.3990434458385,732.4171147156798,2.0180712698412435
AP2-AE-1B1-1S,桁架码垛,自动分拣N21,732.4171147156798,733.5871147156797,1.169999999999959
AP2-AE-1B2-1P,分拣,自动分拣N21,733.5871147156797,735.1671147156798,1.580000000000041
AP2-AE-1B2-1P,自动打磨,自动打磨N21,735.1671147156798,736.6605638426639,1.49344912698416
AP2-AE-1B2-1P,桁架码垛,自动分拣N21,736.6605638426639,737.8305638426639,1.169999999999959
AP2-AE-1B2-1S,分拣,自动分拣N21,737.8305638426639,739.4105638426639,1.580000000000041
AP2-AE-1B2-1S,自动打磨,自动打磨N21,739.4105638426639,741.4286348744099,2.01807103174599
AP2-AE-1B2-1S,桁架码垛,自动分拣N21,741.4286348744099,742.5986348744099,1.169999999999959
AP2-AE-1B3-1P,分拣,自动分拣N21,742.5986348744099,744.1786348744099,1.580000000000041
AP2-AE-1B3-1P,自动打磨,自动打磨N21,744.1786348744099,746.2767773347274,2.09814246031749
AP2-AE-1B3-1P,桁架码垛,自动分拣N21,746.2767773347274,747.4467773347274,1.169999999999959
AP2-AE-1B4-1P,分拣,自动分拣N21,747.4467773347274,749.0267773347274,1.580000000000041
AP2-AE-1B4-1P,自动打磨,自动打磨N21,749.0267773347274,751.0764191601243,2.0496418253968613
AP2-AE-1B4-1P,桁架码垛,自动分拣N21,751.0764191601243,752.2464191601242,1.169999999999959
AP2-F3-1B2S-1S,分拣,自动分拣N21,752.2464191601242,753.8264191601243,1.580000000000041
AP2-F3-1B2S-1S,自动打磨,自动打磨N21,753.8264191601243,755.833297969648,2.006878809523755
AP2-F3-1B2S-1S,桁架码垛,自动分拣N21,755.833297969648,757.003297969648,1.169999999999959
AP2-F4-1B2S-1S,分拣,自动分拣N21,757.003297969648,758.583297969648,1.580000000000041
AP2-F4-1B2S-1S,自动打磨,自动打磨N21,758.583297969648,760.278705906156,1.6954079365079906
AP2-F4-1B2S-1S,桁架码垛,自动分拣N21,760.278705906156,761.448705906156,1.169999999999959
AP2-F4-1B3-1P,分拣,自动分拣N21,761.448705906156,763.028705906156,1.580000000000041
AP2-F4-1B3-1P,自动打磨,自动打磨N21,763.028705906156,765.0510300331401,2.022324126984131
AP2-F4-1B3-1P,桁架码垛,自动分拣N21,765.0510300331401,766.2210300331401,1.169999999999959
AP2-F9-1B2S-1S,分拣,自动分拣N21,766.2210300331401,767.8010300331401,1.580000000000041
AP2-F9-1B2S-1S,自动打磨,自动打磨N21,767.8010300331401,769.7339186839338,1.9328886507936431
AP2-F9-1B2S-1S,桁架码垛,自动分拣N21,769.7339186839338,770.9039186839337,1.169999999999959
AP2-FC-1B4P-1P,分拣,自动分拣N21,770.9039186839337,772.4839186839338,1.580000000000041
AP2-FC-1B4P-1P,自动打磨,自动打磨N21,772.4839186839338,774.4926513823465,2.0087326984127003
AP2-FC-1B4P-1P,桁架码垛,自动分拣N21,774.4926513823465,775.6626513823464,1.169999999999959
A03S-1294切割后的大件,天车空驶（成品区到胎架）,天车,634.3372227327739,639.3372227327739,5.0
A03S-1294切割后的大件,天车吊运（胎架到成品区）,天车,639.3372227327739,644.3372227327739,5.0
A03S-1303,天车空驶（胎架到原料区）,天车,788.196472151378,796.196472151378,8.0
A03S-1303,天车吊运（原料区到胎架）,天车,796.196472151378,799.196472151378,3.0
AP2-G3-3-1P,自由边打磨,人工打磨N51,851.9412120873817,852.3639609078945,0.42274882051276563
AP2-G3-3-1S,自由边打磨,人工打磨N51,852.3639609078945,852.7867097284072,0.42274882051276563
AP2-G4-4-1P,自由边打磨,人工打磨N51,852.7867097284072,854.407631471997,1.6209217435897472
AP2-G4-4-1S,自由边打磨,人工打磨N51,854.407631471997,856.0285533181508,1.6209218461538057
AP2-G5-3-1P,自由边打磨,人工打磨N51,856.0285533181508,857.6832663437918,1.6547130256410583
AP2-G5-3-1S,自由边打磨,人工打磨N51,857.6832663437918,858.4678817284072,0.7846153846153356
A03S-1303切割后的大件,天车吊运（胎架到成品区）,天车,858.4678817284072,863.4678817284072,5.0
A03S-1251,天车空驶（胎架到原料区）,天车,863.4678817284072,871.4678817284072,8.0
A03S-1251,天车吊运（原料区到胎架）,天车,871.4678817284072,874.4678817284072,3.0
AP2-JMG-650P,自由边打磨,人工打磨N51,927.4420958370243,927.8073382985629,0.36524246153851436
A03S-1290,天车空驶（胎架到原料区）,天车,442.00673571957896,445.00673571957896,3.0
A03S-1290,天车吊运（原料区到胎架）,天车,445.00673571957896,448.00673571957896,3.0
AP2-JMG-650S,自由边打磨,人工打磨N51,927.8073382985629,928.3499590165115,0.5426207179486937
A03S-1251切割后的大件,天车吊运（胎架到坡口区）,天车,928.3499590165115,931.3499590165115,3.0
AP2-JMG-650P,人工坡口,人工坡口1,931.3499590165115,966.8627270165116,35.51276800000005
AP2-JMG-650S,人工坡口,人工坡口1,966.8627270165116,1002.3754950165116,35.51276800000005
A03S-1251切割后的大件,天车吊运（坡口区到成品区）,天车,1002.3754950165116,1007.3754950165116,5.0
AP2-F3-1-1P,自由边打磨,人工打磨N21,731.1971308069666,731.4940748582486,0.2969440512820256
AP2-F3-1-1S,自由边打磨,人工打磨N21,731.4940748582486,731.7931210120947,0.29904615384612043
AP2-F4-1-1P,自由边打磨,人工打磨N21,731.7931210120947,732.3365774223512,0.5434564102564536
AP2-F4-1-1S,自由边打磨,人工打磨N21,732.3365774223512,733.0140741403,0.6774967179487703
A03S-1290切割后的大件,天车空驶（成品区到胎架）,天车,728.0140741403,733.0140741403,5.0
A03S-1290切割后的大件,天车吊运（胎架到成品区）,天车,733.0140741403,738.0140741403,5.0
A03S-1284,天车空驶（胎架到原料区）,天车,738.0140741403,746.0140741403,8.0
A03S-1284,天车吊运（原料区到胎架）,天车,746.0140741403,749.0140741403,3.0
AP2-F3-1-2S,自由边打磨,人工打磨N21,842.0013537987802,842.7388217987802,0.7374680000000353
A03S-1284切割后的大件,天车吊运（胎架到坡口区）,天车,842.7388217987802,845.7388217987802,3.0
AP2-F3-1-2P,人工坡口,人工坡口1,1002.3754950165116,1007.2199790165116,4.844483999999966
AP2-F3-1-2S,人工坡口,人工坡口1,1007.2199790165116,1012.0644630165116,4.844483999999966
AP2-F4-1-2P,人工坡口,人工坡口1,1012.0644630165116,1017.7288950165116,5.664432000000033
AP2-F4-1-2S,人工坡口,人工坡口1,1017.7288950165116,1023.3933270165116,5.664432000000033
A03S-1284切割后的大件,天车吊运（坡口区到成品区）,天车,1023.3933270165116,1028.3933270165116,5.0
A03S-1291,天车空驶（胎架到原料区）,天车,877.2018188974099,885.2018188974099,8.0
A03S-1291,天车吊运（原料区到胎架）,天车,885.2018188974099,888.2018188974099,3.0
AP2-F2-1-1P,自由边打磨,人工打磨N51,1028.4149316931678,1029.6612601547063,1.2463284615384964
A03S-1289,天车空驶（胎架到原料区）,天车,769.6626513823464,772.6626513823464,3.0
A03S-1289,天车吊运（原料区到胎架）,天车,772.6626513823464,775.6626513823464,3.0
AP2-F2-1-1S,自由边打磨,人工打磨N51,1029.6612601547063,1030.2913242059883,0.6300640512820337
AP2-FA-1-1P,自由边打磨,人工打磨N51,1030.2913242059883,1030.9827181547062,0.6913939487178595
AP2-FA-1-1S,自由边打磨,人工打磨N51,1030.9827181547062,1031.655665949578,0.6729477948717886
TA10-T10-1B4S-1S,分拣,自动分拣N51,1028.4149316931678,1029.9949316931677,1.5799999999999272
TA10-T10-1B4S-1S,自动打磨,自动打磨N51,1029.9949316931677,1031.3530356614217,1.3581039682539995
TA10-T10-1B4S-1S,桁架码垛,自动分拣N51,1031.3530356614217,1032.5230356614218,1.1700000000000728
A03S-1291切割后的大件,天车吊运（胎架到成品区）,天车,1031.655665949578,1036.655665949578,5.0
AP2-F0-1-1P,自由边打磨,人工打磨N21,938.8832437526552,938.9389051885527,0.055661435897491174
A03S-1302,天车空驶（胎架到原料区）,天车,845.7388217987802,853.7388217987802,8.0
A03S-1302,天车吊运（原料区到胎架）,天车,853.7388217987802,856.7388217987802,3.0
AP2-F0-1-1S,自由边打磨,人工打磨N21,938.9389051885527,939.4457833936809,0.5068782051282597
AP2-F1-2-1P,自由边打磨,人工打磨N21,939.4457833936809,940.1393648808604,0.6935814871794719
AP2-F1-2-1S,自由边打磨,人工打磨N21,940.1393648808604,940.5651248295784,0.42575994871799594
A03S-1289切割后的大件,天车吊运（胎架到成品区）,天车,940.5651248295784,945.5651248295784,5.0
E01S-1208,天车空驶（胎架到原料区）,天车,945.5651248295784,953.5651248295784,8.0
E01S-1208,天车吊运（原料区到胎架）,天车,953.5651248295784,956.5651248295784,3.0
AP2-G2-3-1S,自由边打磨,人工打磨N21,1074.6281819535368,1075.2475574407163,0.6193754871794681
AP2-G4-3-1S,自由边打磨,人工打磨N21,1075.2475574407163,1075.9060395945623,0.6584821538460801
AP2-G5-1-1P,自由边打磨,人工打磨N21,1075.9060395945623,1076.5568260561008,0.6507864615384733
AP2-G5-1-1S,自由边打磨,人工打磨N21,1076.5568260561008,1077.1762015432803,0.6193754871794681
AP2-G5-2-1P,自由边打磨,人工打磨N21,1077.1762015432803,1078.6927015945623,1.516500051282037
AP2-G5-2-1S,自由边打磨,人工打磨N21,1078.6927015945623,1080.2092018509725,1.5165002564101542
A03S-1302切割后的大件,天车吊运（胎架到成品区）,天车,1080.2092018509725,1085.2092018509725,5.0
N1-F21-5-1P,分拣,自动分拣N21,1290.8021616544952,1292.3821616544951,1.5799999999999272
N1-F21-5-1P,自动打磨,自动打磨N21,1292.3821616544951,1294.4220742735426,2.039912619047527
N1-F21-5-1P,桁架至坡口工作站,自动分拣N21,1294.4220742735426,1295.5887742735426,1.1666999999999916
N1-F21-5-1S,分拣,自动分拣N21,1295.5887742735426,1297.1687742735426,1.5799999999999272
N1-F21-5-1S,自动打磨,自动打磨N21,1297.1687742735426,1299.4484791148125,2.279704841269904
N1-F21-5-1S,桁架至坡口工作站,自动分拣N21,1299.4484791148125,1300.6151791148125,1.1666999999999916
N1-F22-5-1P,分拣,自动分拣N21,1300.6151791148125,1302.1951791148124,1.5799999999999272
N1-F22-5-1P,自动打磨,自动打磨N21,1302.1951791148124,1304.4748839560823,2.279704841269904
N1-F22-5-1P,桁架至坡口工作站,自动分拣N21,1304.4748839560823,1305.6415839560823,1.1666999999999916
N1-F22-5-1S,分拣,自动分拣N21,1305.6415839560823,1307.2215839560822,1.5799999999999272
N1-F22-5-1S,自动打磨,自动打磨N21,1307.2215839560822,1309.0509352259235,1.8293512698412542
N1-F22-5-1S,桁架至坡口工作站,自动分拣N21,1309.0509352259235,1310.2176352259235,1.1666999999999916
N1-F23-5-1P,分拣,自动分拣N21,1310.2176352259235,1311.7976352259234,1.5799999999999272
N1-F23-5-1P,自动打磨,自动打磨N21,1311.7976352259234,1313.6269865751296,1.829351349206263
N1-F23-5-1P,桁架至坡口工作站,自动分拣N21,1313.6269865751296,1314.7936865751296,1.1666999999999916
N1-F23-5-1S,分拣,自动分拣N21,1314.7936865751296,1316.3736865751296,1.5799999999999272
N1-F23-5-1S,自动打磨,自动打磨N21,1316.3736865751296,1318.1694091941772,1.7957226190476376
N1-F23-5-1S,桁架至坡口工作站,自动分拣N21,1318.1694091941772,1319.3361091941772,1.1666999999999916
N1-F24-5-1P,分拣,自动分拣N21,1319.3361091941772,1320.9161091941771,1.5799999999999272
N1-F24-5-1P,自动打磨,自动打磨N21,1320.9161091941771,1322.326843162431,1.4107339682539077
N1-F24-5-1P,桁架至坡口工作站,自动分拣N21,1322.326843162431,1323.493543162431,1.1666999999999916
N1-F24-5-1S,分拣,自动分拣N21,1323.493543162431,1325.073543162431,1.5799999999999272
N1-F24-5-1S,自动打磨,自动打磨N21,1325.073543162431,1326.8775833211612,1.8040401587302313
N1-F24-5-1S,桁架至坡口工作站,自动分拣N21,1326.8775833211612,1328.0442833211612,1.1666999999999916
N1-F25-5-1P,分拣,自动分拣N21,1328.0442833211612,1329.624283321161,1.5799999999999272
N1-F25-5-1P,自动打磨,自动打磨N21,1329.624283321161,1331.1851867338596,1.560903412698508
N1-F25-5-1P,桁架至坡口工作站,自动分拣N21,1331.1851867338596,1332.3518867338596,1.1666999999999916
N1-F25-5-1S,分拣,自动分拣N21,1332.3518867338596,1333.9318867338595,1.5799999999999272
N1-F25-5-1S,自动打磨,自动打磨N21,1333.9318867338595,1337.3452219719547,3.4133352380952147
N1-F25-5-1S,桁架至坡口工作站,自动分拣N21,1337.3452219719547,1338.5119219719547,1.1666999999999916
N1-F26-5-1P,分拣,自动分拣N21,1338.5119219719547,1340.0919219719547,1.5799999999999272
N1-F26-5-1P,自动打磨,自动打磨N21,1340.0919219719547,1341.7147527656055,1.6228307936507917
N1-F26-5-1P,桁架至坡口工作站,自动分拣N21,1341.7147527656055,1342.8814527656054,1.1666999999999916
N1-F26-5-1S,分拣,自动分拣N21,1342.8814527656054,1344.4614527656054,1.5799999999999272
N1-F26-5-1S,自动打磨,自动打磨N21,1344.4614527656054,1347.7647170513196,3.303264285714249
N1-F26-5-1S,桁架至坡口工作站,自动分拣N21,1347.7647170513196,1348.9314170513196,1.1666999999999916
N1-F27-2-1P,分拣,自动分拣N21,1348.9314170513196,1350.5114170513195,1.5799999999999272
N1-F27-2-1P,自动打磨,自动打磨N21,1350.5114170513195,1351.9164176862403,1.4050006349207251
N1-F27-2-1P,桁架至坡口工作站,自动分拣N21,1351.9164176862403,1353.0831176862403,1.1666999999999916
N1-F27-2-1S,分拣,自动分拣N21,1353.0831176862403,1354.6631176862402,1.5799999999999272
N1-F27-2-1S,自动打磨,自动打磨N21,1354.6631176862402,1356.483058559256,1.8199408730158666
N1-F27-2-1S,桁架至坡口工作站,自动分拣N21,1356.483058559256,1357.649758559256,1.1666999999999916
N1-F28-3-1P,分拣,自动分拣N21,1357.649758559256,1359.229758559256,1.5799999999999272
N1-F28-3-1P,自动打磨,自动打磨N21,1359.229758559256,1360.7262567338591,1.4964981746031754
N1-F28-3-1P,桁架至坡口工作站,自动分拣N21,1360.7262567338591,1361.8929567338591,1.1666999999999916
N1-F28-3-1S,分拣,自动分拣N21,1361.8929567338591,1363.472956733859,1.5799999999999272
N1-F28-3-1S,自动打磨,自动打磨N21,1363.472956733859,1365.0900062576686,1.6170495238095555
N1-F28-3-1S,桁架至坡口工作站,自动分拣N21,1365.0900062576686,1366.2567062576686,1.1666999999999916
N1-F29-3-1P,分拣,自动分拣N21,1366.2567062576686,1367.8367062576685,1.5799999999999272
N1-F29-3-1P,自动打磨,自动打磨N21,1367.8367062576685,1369.6552179243351,1.818511666666609
N1-F29-3-1P,桁架至坡口工作站,自动分拣N21,1369.6552179243351,1370.8219179243351,1.1666999999999916
N1-F29-3-1S,分拣,自动分拣N21,1370.8219179243351,1372.401917924335,1.5799999999999272
N1-F29-3-1S,自动打磨,自动打磨N21,1372.401917924335,1375.2030630037002,2.801145079365142
N1-F29-3-1S,桁架至坡口工作站,自动分拣N21,1375.2030630037002,1376.3697630037002,1.1666999999999916
E01S-1205,天车空驶（胎架到原料区）,天车,1085.2092018509725,1093.2092018509725,8.0
E01S-1205,天车吊运（原料区到胎架）,天车,1093.2092018509725,1096.2092018509725,3.0
N1-LG1-2-1P,自由边打磨,人工打磨N21,1454.6190276530474,1455.1429330376627,0.5239053846153183
E01S-1240,天车空驶（胎架到原料区）,天车,931.3499590165115,934.3499590165115,3.0
E01S-1240,天车吊运（原料区到胎架）,天车,934.3499590165115,937.3499590165115,3.0
N1-LG1-2-1S,自由边打磨,人工打磨N21,1455.1429330376627,1455.666908268432,0.5239752307693379
E01S-1205切割后的大件,天车吊运（胎架到坡口区）,天车,1455.666908268432,1458.666908268432,3.0
N1-LG1-2-1P,人工坡口,人工坡口1,1458.666908268432,1525.2017242684317,66.53481599999964
N1-LG1-2-1S,人工坡口,人工坡口1,1525.2017242684317,1591.7565402684318,66.55481600000007
E01S-1205切割后的大件,天车吊运（坡口区到成品区）,天车,1591.7565402684318,1596.7565402684318,5.0
N1-F18-3-1P,分拣,自动分拣N51,1148.8910476580938,1150.4710476580938,1.5799999999999272
N1-F18-3-1P,自动打磨,自动打磨N51,1150.4710476580938,1151.9950740866652,1.5240264285714602
N1-F18-3-1P,桁架码垛,自动分拣N51,1151.9950740866652,1153.1650740866653,1.1700000000000728
N1-F18-3-1S,分拣,自动分拣N51,1153.1650740866653,1154.7450740866652,1.5799999999999272
N1-F18-3-1S,自动打磨,自动打磨N51,1154.7450740866652,1156.1963684517445,1.4512943650793204
N1-F18-3-1S,桁架码垛,自动分拣N51,1156.1963684517445,1157.3663684517446,1.1700000000000728
N1-F32-2-1P,分拣,自动分拣N51,1157.3663684517446,1158.9463684517445,1.5799999999999272
N1-F32-2-1P,自动打磨,自动打磨N51,1158.9463684517445,1160.9633191660303,2.016950714285713
N1-F32-2-1P,桁架码垛,自动分拣N51,1160.9633191660303,1162.1333191660303,1.1700000000000728
N1-F31-7S-1S,分拣,自动分拣N51,1162.1333191660303,1163.7133191660303,1.5799999999999272
N1-F31-7S-1S,自动打磨,自动打磨N51,1163.7133191660303,1165.8227186898398,2.109399523809543
N1-F31-7S-1S,桁架码垛,自动分拣N51,1165.8227186898398,1166.9927186898399,1.1700000000000728
N1-F32-2-1S,分拣,自动分拣N51,1166.9927186898399,1168.5727186898398,1.5799999999999272
N1-F32-2-1S,自动打磨,自动打磨N51,1168.5727186898398,1170.5896694041255,2.016950714285713
N1-F32-2-1S,桁架码垛,自动分拣N51,1170.5896694041255,1171.7596694041256,1.1700000000000728
N1-F31-1P-2P,自由边打磨,人工打磨N51,1148.8910476580938,1149.1826532478374,0.2916055897435399
N1-F31-2P-1P,自由边打磨,人工打磨N51,1149.1826532478374,1149.474258837581,0.2916055897435399
N1-F31-3-1P,分拣,自动分拣N51,1171.7596694041256,1173.3396694041255,1.5799999999999272
N1-F31-3-1P,自动打磨,自动打磨N51,1173.3396694041255,1174.7909637692048,1.4512943650793204
N1-F31-3-1P,桁架码垛,自动分拣N51,1174.7909637692048,1175.960963769205,1.1700000000000728
N1-F32-5-1P,分拣,自动分拣N51,1175.960963769205,1177.5409637692048,1.5799999999999272
N1-F32-5-1P,自动打磨,自动打磨N51,1177.5409637692048,1179.3780255152367,1.83706174603185
N1-F32-5-1P,桁架码垛,自动分拣N51,1179.3780255152367,1180.5480255152368,1.1700000000000728
N1-F31-3-1S,分拣,自动分拣N51,1180.5480255152368,1182.1280255152367,1.5799999999999272
N1-F31-3-1S,自动打磨,自动打磨N51,1182.1280255152367,1184.3228229755541,2.1947974603174316
N1-F31-3-1S,桁架码垛,自动分拣N51,1184.3228229755541,1185.4928229755542,1.1700000000000728
N1-F31-6S-1S,自由边打磨,人工打磨N51,1149.474258837581,1150.1911017093757,0.7168428717948245
N1-F32-5-1S,分拣,自动分拣N51,1185.4928229755542,1187.0728229755541,1.5799999999999272
N1-F32-5-1S,自动打磨,自动打磨N51,1187.0728229755541,1188.909884800951,1.8370618253968587
N1-F32-5-1S,桁架码垛,自动分拣N51,1188.909884800951,1190.079884800951,1.1700000000000728
N1-ST-1-1P,分拣,自动分拣N51,1190.079884800951,1191.659884800951,1.5799999999999272
N1-ST-1-1P,自动打磨,自动打磨N51,1191.659884800951,1193.4857694834907,1.8258846825397086
N1-ST-1-1P,桁架码垛,自动分拣N51,1193.4857694834907,1194.6557694834908,1.1700000000000728
N1-ST-1-1S,分拣,自动分拣N51,1194.6557694834908,1196.2357694834907,1.5799999999999272
N1-ST-1-1S,自动打磨,自动打磨N51,1196.2357694834907,1198.0616541660304,1.8258846825397086
N1-ST-1-1S,桁架码垛,自动分拣N51,1198.0616541660304,1199.2316541660305,1.1700000000000728
N1-ST-2-1P,分拣,自动分拣N51,1199.2316541660305,1200.8116541660304,1.5799999999999272
N1-ST-2-1P,自动打磨,自动打磨N51,1200.8116541660304,1203.0064516263478,2.1947974603174316
N1-ST-2-1P,桁架码垛,自动分拣N51,1203.0064516263478,1204.176451626348,1.1700000000000728
N1-ST-2-1S,分拣,自动分拣N51,1204.176451626348,1205.7564516263478,1.5799999999999272
N1-ST-2-1S,自动打磨,自动打磨N51,1205.7564516263478,1207.1799833723796,1.4235317460318129
N1-ST-2-1S,桁架码垛,自动分拣N51,1207.1799833723796,1208.3499833723797,1.1700000000000728
E01S-1240切割后的大件,天车空驶（成品区到胎架）,天车,1145.1911017093757,1150.1911017093757,5.0
E01S-1240切割后的大件,天车吊运（胎架到成品区）,天车,1150.1911017093757,1155.1911017093757,5.0
E01S-1206,天车空驶（胎架到原料区）,天车,1365.3697630037002,1373.3697630037002,8.0
E01S-1206,天车吊运（原料区到胎架）,天车,1373.3697630037002,1376.3697630037002,3.0
N1-LG2-2P-1P,自由边打磨,人工打磨N21,1561.6170716439149,1562.1312309772482,0.5141593333332821
E01S-1229,天车空驶（胎架到原料区）,天车,1458.666908268432,1461.666908268432,3.0
E01S-1229,天车吊运（原料区到胎架）,天车,1461.666908268432,1464.666908268432,3.0
N1-LG2-4S-1S,自由边打磨,人工打磨N21,1562.1312309772482,1562.6507646695559,0.519533692307732
E01S-1206切割后的大件,天车吊运（胎架到坡口区）,天车,1562.6507646695559,1565.6507646695559,3.0
N1-LG2-2P-1P,人工坡口,人工坡口1,1591.7565402684318,1660.8527122684318,69.09617200000002
N1-LG2-4S-1S,人工坡口,人工坡口1,1660.8527122684318,1763.7714442684319,102.91873200000009
E01S-1206切割后的大件,天车吊运（坡口区到成品区）,天车,1763.7714442684319,1768.7714442684319,5.0
N1-CG-2KS-1S,自由边打磨,人工打磨N21,1633.9244959110226,1634.6939588340995,0.7694629230768442
E01S-1204,天车空驶（胎架到原料区）,天车,1036.655665949578,1044.655665949578,8.0
E01S-1204,天车吊运（原料区到胎架）,天车,1044.655665949578,1047.655665949578,3.0
N1-CG-1KP-1P,自由边打磨,人工打磨N21,1634.6939588340995,1635.467298269997,0.7733394358974692
N1-F33-1SP-1BSP,分拣,自动分拣N21,1633.9244959110226,1635.5044959110226,1.5799999999999272
N1-F33-1SP-1BSP,自动打磨,自动打磨N21,1635.5044959110226,1637.695331307848,2.1908353968253778
N1-F33-1SP-1BSP,桁架码垛,自动分拣N21,1637.695331307848,1638.865331307848,1.1700000000000728
N1-F33-1SP-2BSP,分拣,自动分拣N21,1638.865331307848,1640.445331307848,1.5799999999999272
N1-F33-1SP-2BSP,自动打磨,自动打磨N21,1640.445331307848,1642.6346380538796,2.1893067460316615
N1-F33-1SP-2BSP,桁架码垛,自动分拣N21,1642.6346380538796,1643.8046380538797,1.1700000000000728
N1-F33-1SP-3BSP,分拣,自动分拣N21,1643.8046380538797,1645.3846380538796,1.5799999999999272
N1-F33-1SP-3BSP,自动打磨,自动打磨N21,1645.3846380538796,1647.5739448792765,2.1893068253968977
N1-F33-1SP-3BSP,桁架码垛,自动分拣N21,1647.5739448792765,1648.7439448792766,1.1700000000000728
N1-F33-1SP-4BSP,分拣,自动分拣N21,1648.7439448792766,1650.3239448792765,1.5799999999999272
N1-F33-1SP-4BSP,自动打磨,自动打磨N21,1650.3239448792765,1652.6068421808639,2.2828973015873544
N1-F33-1SP-4BSP,桁架码垛,自动分拣N21,1652.6068421808639,1653.776842180864,1.1700000000000728
N1-F33-1SP-5BSP,分拣,自动分拣N21,1653.776842180864,1655.3568421808639,1.5799999999999272
N1-F33-1SP-5BSP,自动打磨,自动打磨N21,1655.3568421808639,1657.639739164991,2.282896984127092
N1-F33-1SP-5BSP,桁架码垛,自动分拣N21,1657.639739164991,1658.809739164991,1.1700000000000728
N1-F33-1SP-6BSP,分拣,自动分拣N21,1658.809739164991,1660.389739164991,1.5799999999999272
N1-F33-1SP-6BSP,自动打磨,自动打磨N21,1660.389739164991,1662.8497479745147,2.4600088095237425
N1-F33-1SP-6BSP,桁架码垛,自动分拣N21,1662.8497479745147,1664.0197479745148,1.1700000000000728
N1-F36-1P-1BP,分拣,自动分拣N21,1664.0197479745148,1665.5997479745147,1.5799999999999272
N1-F36-1P-1BP,自动打磨,自动打磨N21,1665.5997479745147,1668.049865434832,2.450117460317415
N1-F36-1P-1BP,桁架码垛,自动分拣N21,1668.049865434832,1669.2198654348322,1.1700000000000728
N1-F36-1P-3BP,分拣,自动分拣N21,1669.2198654348322,1670.799865434832,1.5799999999999272
N1-F36-1P-3BP,自动打磨,自动打磨N21,1670.799865434832,1673.2499831332448,2.4501176984126687
N1-F36-1P-3BP,桁架码垛,自动分拣N21,1673.2499831332448,1674.4199831332448,1.1700000000000728
N1-F36-1P-6BP,分拣,自动分拣N21,1674.4199831332448,1675.9999831332448,1.5799999999999272
N1-F36-1P-6BP,自动打磨,自动打磨N21,1675.9999831332448,1678.4599920221337,2.4600088888889786
N1-F36-1P-6BP,桁架码垛,自动分拣N21,1678.4599920221337,1679.6299920221338,1.1700000000000728
N1-F36-2S-5BS,分拣,自动分拣N21,1679.6299920221338,1681.2099920221337,1.5799999999999272
N1-F36-2S-5BS,自动打磨,自动打磨N21,1681.2099920221337,1683.9052733713402,2.695281349206425
N1-F36-2S-5BS,桁架码垛,自动分拣N21,1683.9052733713402,1685.0752733713402,1.1700000000000728
N1-F36-1P/C1P,分拣,自动分拣N21,1685.0752733713402,1686.6552733713402,1.5799999999999272
N1-F36-1P/C1P,自动打磨,自动打磨N21,1686.6552733713402,1689.3505547205466,2.695281349206425
N1-F36-1P/C1P,桁架码垛,自动分拣N21,1689.3505547205466,1690.5205547205467,1.1700000000000728
N1-F36-1P/C2P,分拣,自动分拣N21,1690.5205547205467,1692.1005547205466,1.5799999999999272
N1-F36-1P/C2P,自动打磨,自动打磨N21,1692.1005547205466,1694.3744319427688,2.273877222222154
N1-F36-1P/C2P,桁架码垛,自动分拣N21,1694.3744319427688,1695.5444319427688,1.1700000000000728
E01S-1229切割后的大件,天车吊运（胎架到成品区）,天车,1635.467298269997,1640.467298269997,5.0
N1-LG3-1-1P,自由边打磨,人工打磨N51,1227.6914558826604,1227.9568532159938,0.2653973333333397
E01S-1226,天车空驶（胎架到原料区）,天车,1197.3499833723797,1205.3499833723797,8.0
E01S-1226,天车吊运（原料区到胎架）,天车,1205.3499833723797,1208.3499833723797,3.0
N1-LG3-1-1S,自由边打磨,人工打磨N51,1227.9568532159938,1228.222250549327,0.2653973333333397
E01S-1204切割后的大件,天车吊运（胎架到坡口区）,天车,1228.222250549327,1231.222250549327,3.0
N1-LG3-1-1P,人工坡口,人工坡口1,1763.7714442684319,1801.5978162684319,37.82637199999999
N1-LG3-1-1S,人工坡口,人工坡口1,1801.5978162684319,1839.4241882684319,37.82637199999999
E01S-1204切割后的大件,天车吊运（坡口区到成品区）,天车,1839.4241882684319,1844.4241882684319,5.0
N1-F19-1SP-1BSP,分拣,自动分拣N51,1325.5091471555427,1327.0891471555426,1.5799999999999272
N1-F19-1SP-1BSP,自动打磨,自动打磨N51,1327.0891471555426,1328.0891471555426,1.0
N1-F19-1SP-1BSP,桁架码垛,自动分拣N51,1328.0891471555426,1329.2591471555427,1.1700000000000728
N1-F34-1-1P,分拣,自动分拣N51,1329.2591471555427,1330.8391471555426,1.5799999999999272
N1-F34-1-1P,自动打磨,自动打磨N51,1330.8391471555426,1333.37001961586,2.5308724603173687
N1-F34-1-1P,桁架码垛,自动分拣N51,1333.37001961586,1334.54001961586,1.1700000000000728
N1-F34-1-2P,分拣,自动分拣N51,1334.54001961586,1336.12001961586,1.5799999999999272
N1-F34-1-2P,自动打磨,自动打磨N51,1336.12001961586,1338.6508919968123,2.53087238095236
N1-F34-1-2P,桁架码垛,自动分拣N51,1338.6508919968123,1339.8208919968124,1.1700000000000728
N1-F35-1-1P,分拣,自动分拣N51,1339.8208919968124,1341.4008919968123,1.5799999999999272
N1-F35-1-1P,自动打磨,自动打磨N51,1341.4008919968123,1342.7731157269711,1.3722237301587938
N1-F35-1-1P,桁架码垛,自动分拣N51,1342.7731157269711,1343.9431157269712,1.1700000000000728
N1-F35-1-2P,分拣,自动分拣N51,1343.9431157269712,1345.5231157269711,1.5799999999999272
N1-F35-1-2P,自动打磨,自动打磨N51,1345.5231157269711,1346.8936080285584,1.3704923015873192
N1-F35-1-2P,桁架码垛,自动分拣N51,1346.8936080285584,1348.0636080285585,1.1700000000000728
N1-F34-1-1S,分拣,自动分拣N51,1348.0636080285585,1349.6436080285584,1.5799999999999272
N1-F34-1-1S,自动打磨,自动打磨N51,1349.6436080285584,1352.1744803301458,2.530872301587351
N1-F34-1-1S,桁架码垛,自动分拣N51,1352.1744803301458,1353.3444803301459,1.1700000000000728
N1-F34-1-2S,分拣,自动分拣N51,1353.3444803301459,1354.9244803301458,1.5799999999999272
N1-F34-1-2S,自动打磨,自动打磨N51,1354.9244803301458,1356.294972552368,1.3704922222223104
N1-F34-1-2S,桁架码垛,自动分拣N51,1356.294972552368,1357.4649725523682,1.1700000000000728
N1-F35-1-1S,分拣,自动分拣N51,1357.4649725523682,1359.044972552368,1.5799999999999272
N1-F35-1-1S,自动打磨,自动打磨N51,1359.044972552368,1360.417196282527,1.3722237301587938
N1-F35-1-1S,桁架码垛,自动分拣N51,1360.417196282527,1361.587196282527,1.1700000000000728
N1-F35-1-2S,分拣,自动分拣N51,1361.587196282527,1363.167196282527,1.5799999999999272
N1-F35-1-2S,自动打磨,自动打磨N51,1363.167196282527,1364.167196282527,1.0
N1-F35-1-2S,桁架码垛,自动分拣N51,1364.167196282527,1365.337196282527,1.1700000000000728
N1-F30-1SP-1BSP,分拣,自动分拣N51,1365.337196282527,1366.917196282527,1.5799999999999272
N1-F30-1SP-1BSP,自动打磨,自动打磨N51,1366.917196282527,1368.686474377765,1.7692780952381781
N1-F30-1SP-1BSP,桁架码垛,自动分拣N51,1368.686474377765,1369.8564743777652,1.1700000000000728
E01S-1226切割后的大件,天车空驶（成品区到胎架）,天车,1320.5091471555427,1325.5091471555427,5.0
E01S-1226切割后的大件,天车吊运（胎架到成品区）,天车,1325.5091471555427,1330.5091471555427,5.0
E01S-1203,天车空驶（胎架到原料区）,天车,1565.6507646695559,1573.6507646695559,8.0
E01S-1203,天车吊运（原料区到胎架）,天车,1573.6507646695559,1576.6507646695559,3.0
N1-LG1-2-10BP,分拣,自动分拣N21,1733.5907683079035,1735.1707683079035,1.5799999999999272
N1-LG1-2-10BP,自动打磨,自动打磨N21,1735.1707683079035,1737.3426826729828,2.171914365079374
N1-LG1-2-10BP,桁架码垛,自动分拣N21,1737.3426826729828,1738.512682672983,1.1700000000000728
N1-LG1-2-10BS,分拣,自动分拣N21,1738.512682672983,1740.0926826729828,1.5799999999999272
N1-LG1-2-10BS,自动打磨,自动打磨N21,1740.0926826729828,1741.6299109269512,1.537228253968351
N1-LG1-2-10BS,桁架码垛,自动分拣N21,1741.6299109269512,1742.7999109269513,1.1700000000000728
N1-LG1-2-1BP,分拣,自动分拣N21,1742.7999109269513,1744.3799109269512,1.5799999999999272
N1-LG1-2-1BP,自动打磨,自动打磨N21,1744.3799109269512,1745.9032279904432,1.5233170634919588
N1-LG1-2-1BP,桁架码垛,自动分拣N21,1745.9032279904432,1747.0732279904432,1.1700000000000728
N1-LG1-2-1BS,分拣,自动分拣N21,1747.0732279904432,1748.0732279904432,1.0
N1-LG1-2-2BP,分拣,自动分拣N21,1748.0732279904432,1749.0732279904432,1.0
N1-LG1-2-2BS,分拣,自动分拣N21,1749.0732279904432,1750.0732279904432,1.0
N1-LG1-2-3BP,分拣,自动分拣N21,1750.0732279904432,1751.6532279904432,1.5799999999999272
N1-LG1-2-3BP,自动打磨,自动打磨N21,1751.6532279904432,1753.1765441809193,1.52331619047618
N1-LG1-2-3BP,桁架码垛,自动分拣N21,1753.1765441809193,1754.3465441809194,1.1700000000000728
N1-LG1-2-3BS,分拣,自动分拣N21,1754.3465441809194,1755.9265441809193,1.5799999999999272
N1-LG1-2-3BS,自动打磨,自动打磨N21,1755.9265441809193,1757.4612041015544,1.534659920635022
N1-LG1-2-3BS,桁架码垛,自动分拣N21,1757.4612041015544,1758.6312041015544,1.1700000000000728
N1-LG1-2-4BP,分拣,自动分拣N21,1758.6312041015544,1760.2112041015544,1.5799999999999272
N1-LG1-2-4BP,自动打磨,自动打磨N21,1760.2112041015544,1762.2382620380622,2.0270579365078447
N1-LG1-2-4BP,桁架码垛,自动分拣N21,1762.2382620380622,1763.4082620380623,1.1700000000000728
N1-LG1-2-4BS,分拣,自动分拣N21,1763.4082620380623,1764.9882620380622,1.5799999999999272
N1-LG1-2-4BS,自动打磨,自动打磨N21,1764.9882620380622,1767.0266623555226,2.0384003174604004
N1-LG1-2-4BS,桁架码垛,自动分拣N21,1767.0266623555226,1768.1966623555227,1.1700000000000728
N1-LG1-2-5BP,分拣,自动分拣N21,1768.1966623555227,1769.7766623555226,1.5799999999999272
N1-LG1-2-5BP,自动打磨,自动打磨N21,1769.7766623555226,1771.8037202920304,2.0270579365078447
N1-LG1-2-5BP,桁架码垛,自动分拣N21,1771.8037202920304,1772.9737202920305,1.1700000000000728
N1-LG1-2-5BS,分拣,自动分拣N21,1772.9737202920305,1774.5537202920304,1.5799999999999272
N1-LG1-2-5BS,自动打磨,自动打磨N21,1774.5537202920304,1776.5921207682209,2.038400476190418
N1-LG1-2-5BS,桁架码垛,自动分拣N21,1776.5921207682209,1777.762120768221,1.1700000000000728
N1-LG1-2-6BP,分拣,自动分拣N21,1777.762120768221,1779.3421207682209,1.5799999999999272
N1-LG1-2-6BP,自动打磨,自动打磨N21,1779.3421207682209,1782.9484610063162,3.6063402380952994
N1-LG1-2-6BP,桁架码垛,自动分拣N21,1782.9484610063162,1784.1184610063162,1.1700000000000728
N1-LG1-2-6BS,分拣,自动分拣N21,1784.1184610063162,1785.6984610063162,1.5799999999999272
N1-LG1-2-6BS,自动打磨,自动打磨N21,1785.6984610063162,1786.908976879332,1.2105158730157655
N1-LG1-2-6BS,桁架码垛,自动分拣N21,1786.908976879332,1788.078976879332,1.1700000000000728
N1-LG1-2-7BP,分拣,自动分拣N21,1788.078976879332,1789.658976879332,1.5799999999999272
N1-LG1-2-7BP,自动打磨,自动打磨N21,1789.658976879332,1792.353648942824,2.694672063492135
N1-LG1-2-7BP,桁架码垛,自动分拣N21,1792.353648942824,1793.5236489428241,1.1700000000000728
N1-LG1-2-7BS,分拣,自动分拣N21,1793.5236489428241,1795.103648942824,1.5799999999999272
N1-LG1-2-7BS,自动打磨,自动打磨N21,1795.103648942824,1797.130706879332,2.0270579365078447
N1-LG1-2-7BS,桁架码垛,自动分拣N21,1797.130706879332,1798.300706879332,1.1700000000000728
N1-LG1-2-8BP,分拣,自动分拣N21,1798.300706879332,1799.880706879332,1.5799999999999272
N1-LG1-2-8BP,自动打磨,自动打磨N21,1799.880706879332,1801.9077648158398,2.0270579365078447
N1-LG1-2-8BP,桁架码垛,自动分拣N21,1801.9077648158398,1803.0777648158398,1.1700000000000728
N1-LG1-2-8BS,分拣,自动分拣N21,1803.0777648158398,1804.6577648158398,1.5799999999999272
N1-LG1-2-8BS,自动打磨,自动打磨N21,1804.6577648158398,1806.5916944190144,1.9339296031746471
N1-LG1-2-8BS,桁架码垛,自动分拣N21,1806.5916944190144,1807.7616944190145,1.1700000000000728
N1-LG1-2-9BP,分拣,自动分拣N21,1807.7616944190145,1809.3416944190144,1.5799999999999272
N1-LG1-2-9BP,自动打磨,自动打磨N21,1809.3416944190144,1811.2756239428238,1.933929523809411
N1-LG1-2-9BP,桁架码垛,自动分拣N21,1811.2756239428238,1812.4456239428239,1.1700000000000728
N1-LG1-2-9BS,分拣,自动分拣N21,1812.4456239428239,1814.0256239428238,1.5799999999999272
N1-LG1-2-9BS,自动打磨,自动打磨N21,1814.0256239428238,1815.853409101554,1.8277851587301939
N1-LG1-2-9BS,桁架码垛,自动分拣N21,1815.853409101554,1817.023409101554,1.1700000000000728
N1-F21-7S-1S,自由边打磨,人工打磨N21,1733.5907683079035,1733.856165692519,0.26539738461542584
E01S-1244,天车空驶（胎架到原料区）,天车,1231.222250549327,1234.222250549327,3.0
E01S-1244,天车吊运（原料区到胎架）,天车,1234.222250549327,1237.222250549327,3.0
N1-DB-1SP-3SP,自由边打磨,人工打磨N21,1733.856165692519,1734.6134026668778,0.7572369743588752
N1-F31-2B1S-1S,分拣,自动分拣N21,1817.023409101554,1818.603409101554,1.5799999999999272
N1-F31-2B1S-1S,自动打磨,自动打磨N21,1818.603409101554,1821.2259573555223,2.6225482539682616
N1-F31-2B1S-1S,桁架码垛,自动分拣N21,1821.2259573555223,1822.3959573555223,1.1700000000000728
N1-ST-3-2S,分拣,自动分拣N21,1822.3959573555223,1823.9759573555223,1.5799999999999272
N1-ST-3-2S,自动打磨,自动打磨N21,1823.9759573555223,1826.0546679110778,2.078710555555517
N1-ST-3-2S,桁架码垛,自动分拣N21,1826.0546679110778,1827.2246679110779,1.1700000000000728
N1-ST1-1B1S-1S,分拣,自动分拣N21,1827.2246679110779,1828.8046679110778,1.5799999999999272
N1-ST1-1B1S-1S,自动打磨,自动打磨N21,1828.8046679110778,1831.427216085681,2.622548174603253
N1-ST1-1B1S-1S,桁架码垛,自动分拣N21,1831.427216085681,1832.597216085681,1.1700000000000728
N1-ST2-1B1S-1S,分拣,自动分拣N21,1832.597216085681,1833.597216085681,1.0
E01S-1203切割后的大件,天车吊运（胎架到成品区）,天车,1733.856165692519,1738.856165692519,5.0
E01S-1203切割后的大件,天车空驶（成品区到胎架）,天车,1738.856165692519,1743.856165692519,5.0
E01S-1203切割后的大件,天车吊运（胎架到坡口区）,天车,1743.856165692519,1746.856165692519,3.0
N1-DB-1SP-3SP,人工坡口,人工坡口1,1839.4241882684319,1925.945428268432,86.52124000000003
E01S-1203切割后的大件,天车吊运（坡口区到成品区）,天车,1925.945428268432,1930.945428268432,5.0
N1-F19-2-1BP,分拣,自动分拣N51,1378.8856559553728,1380.4656559553728,1.5799999999999272
N1-F19-2-1BP,自动打磨,自动打磨N51,1380.4656559553728,1381.876390002992,1.410734047619144
N1-F19-2-1BP,桁架码垛,自动分拣N51,1381.876390002992,1383.046390002992,1.1700000000000728
N1-F30-1SP-2BSP,分拣,自动分拣N51,1383.046390002992,1384.626390002992,1.5799999999999272
N1-F30-1SP-2BSP,自动打磨,自动打磨N51,1384.626390002992,1386.0371239712458,1.4107339682539077
N1-F30-1SP-2BSP,桁架码垛,自动分拣N51,1386.0371239712458,1387.207123971246,1.1700000000000728
N1-F30-1SP-3BSP,分拣,自动分拣N51,1387.207123971246,1388.7871239712458,1.5799999999999272
N1-F30-1SP-3BSP,自动打磨,自动打磨N51,1388.7871239712458,1390.1978579394997,1.4107339682539077
N1-F30-1SP-3BSP,桁架码垛,自动分拣N51,1390.1978579394997,1391.3678579394998,1.1700000000000728
N1-F26-4B1P-1P,分拣,自动分拣N51,1391.3678579394998,1392.9478579394997,1.5799999999999272
N1-F26-4B1P-1P,自动打磨,自动打磨N51,1392.9478579394997,1395.0265684950552,2.078710555555517
N1-F26-4B1P-1P,桁架码垛,自动分拣N51,1395.0265684950552,1396.1965684950553,1.1700000000000728
N1-F28-1B1P-1P,分拣,自动分拣N51,1396.1965684950553,1397.7765684950552,1.5799999999999272
N1-F28-1B1P-1P,自动打磨,自动打磨N51,1397.7765684950552,1399.9181464315632,2.141577936507929
N1-F28-1B1P-1P,桁架码垛,自动分拣N51,1399.9181464315632,1401.0881464315632,1.1700000000000728
N1-F28-2B1P-1P,分拣,自动分拣N51,1401.0881464315632,1402.6681464315632,1.5799999999999272
N1-F28-2B1P-1P,自动打磨,自动打磨N51,1402.6681464315632,1404.863605241087,2.1954588095238705
N1-F28-2B1P-1P,桁架码垛,自动分拣N51,1404.863605241087,1406.0336052410871,1.1700000000000728
N1-F33-3B1-1P,分拣,自动分拣N51,1406.0336052410871,1407.613605241087,1.5799999999999272
N1-F33-3B1-1P,自动打磨,自动打磨N51,1407.613605241087,1409.951180320452,2.337575079365024
N1-F33-3B1-1P,桁架码垛,自动分拣N51,1409.951180320452,1411.1211803204521,1.1700000000000728
N1-F28-3B1S-1S,分拣,自动分拣N51,1411.1211803204521,1412.701180320452,1.5799999999999272
N1-F28-3B1S-1S,自动打磨,自动打磨N51,1412.701180320452,1414.8751937331506,2.174013412698514
N1-F28-3B1S-1S,桁架码垛,自动分拣N51,1414.8751937331506,1416.0451937331507,1.1700000000000728
N1-F33-3B1-1S,分拣,自动分拣N51,1416.0451937331507,1417.6251937331506,1.5799999999999272
N1-F33-3B1-1S,自动打磨,自动打磨N51,1417.6251937331506,1419.9627689712459,2.337575238095269
N1-F33-3B1-1S,桁架码垛,自动分拣N51,1419.9627689712459,1421.132768971246,1.1700000000000728
N1-F22-1B1-1P,分拣,自动分拣N51,1421.132768971246,1422.7127689712459,1.5799999999999272
N1-F22-1B1-1P,自动打磨,自动打磨N51,1422.7127689712459,1425.2721983363251,2.559429365079268
N1-F22-1B1-1P,桁架码垛,自动分拣N51,1425.2721983363251,1426.4421983363252,1.1700000000000728
N1-F20-3B1S-1S,分拣,自动分拣N51,1426.4421983363252,1428.0221983363251,1.5799999999999272
N1-F20-3B1S-1S,自动打磨,自动打磨N51,1428.0221983363251,1430.3149899236266,2.292791587301508
N1-F20-3B1S-1S,桁架码垛,自动分拣N51,1430.3149899236266,1431.4849899236267,1.1700000000000728
N1-F21-2B1S-1S,分拣,自动分拣N51,1431.4849899236267,1433.0649899236266,1.5799999999999272
N1-F21-2B1S-1S,自动打磨,自动打磨N51,1433.0649899236266,1435.2189988918806,2.1540089682539474
N1-F21-2B1S-1S,桁架码垛,自动分拣N51,1435.2189988918806,1436.3889988918806,1.1700000000000728
N1-F22-1B1-1S,分拣,自动分拣N51,1436.3889988918806,1437.9689988918806,1.5799999999999272
N1-F22-1B1-1S,自动打磨,自动打磨N51,1437.9689988918806,1440.5284281775948,2.559429285714259
N1-F22-1B1-1S,桁架码垛,自动分拣N51,1440.5284281775948,1441.698428177595,1.1700000000000728
N1-F27-2B1S-1S,分拣,自动分拣N51,1441.698428177595,1443.2784281775948,1.5799999999999272
N1-F27-2B1S-1S,自动打磨,自动打磨N51,1443.2784281775948,1445.106213336325,1.8277851587301939
N1-F27-2B1S-1S,桁架码垛,自动分拣N51,1445.106213336325,1446.276213336325,1.1700000000000728
N1-LG32-1B1-1P,分拣,自动分拣N51,1446.276213336325,1447.856213336325,1.5799999999999272
N1-LG32-1B1-1P,自动打磨,自动打磨N51,1447.856213336325,1450.367841272833,2.511627936507921
N1-LG32-1B1-1P,桁架码垛,自动分拣N51,1450.367841272833,1451.537841272833,1.1700000000000728
N1-LG32-1B1-1S,分拣,自动分拣N51,1451.537841272833,1453.117841272833,1.5799999999999272
N1-LG32-1B1-1S,自动打磨,自动打磨N51,1453.117841272833,1455.6294692093409,2.511627936507921
N1-LG32-1B1-1S,桁架码垛,自动分拣N51,1455.6294692093409,1456.799469209341,1.1700000000000728
N1-F34-1B1-1P,分拣,自动分拣N51,1456.799469209341,1458.3794692093409,1.5799999999999272
N1-F34-1B1-1P,自动打磨,自动打磨N51,1458.3794692093409,1460.1902751617217,1.8108059523808606
N1-F34-1B1-1P,桁架码垛,自动分拣N51,1460.1902751617217,1461.3602751617218,1.1700000000000728
N1-F34-1B1-1S,分拣,自动分拣N51,1461.3602751617218,1462.9402751617217,1.5799999999999272
N1-F34-1B1-1S,自动打磨,自动打磨N51,1462.9402751617217,1464.7511892093407,1.8109140476190078
N1-F34-1B1-1S,桁架码垛,自动分拣N51,1464.7511892093407,1465.9211892093408,1.1700000000000728
N1-F34-2B1-1P,分拣,自动分拣N51,1465.9211892093408,1467.5011892093407,1.5799999999999272
N1-F34-2B1-1P,自动打磨,自动打磨N51,1467.5011892093407,1469.2969119871186,1.7957227777778826
N1-F34-2B1-1P,桁架码垛,自动分拣N51,1469.2969119871186,1470.4669119871187,1.1700000000000728
N1-F35-1B1-1S,分拣,自动分拣N51,1470.4669119871187,1472.0469119871186,1.5799999999999272
N1-F35-1B1-1S,自动打磨,自动打磨N51,1472.0469119871186,1473.8509522252139,1.80404023809524
N1-F35-1B1-1S,桁架码垛,自动分拣N51,1473.8509522252139,1475.020952225214,1.1700000000000728
E01S-1246,天车空驶（胎架到原料区）,天车,1376.3697630037002,1384.3697630037002,8.0
E01S-1246,天车吊运（原料区到胎架）,天车,1384.3697630037002,1387.3697630037002,3.0
N1-F19-2-1BS,分拣,自动分拣N51,1475.020952225214,1476.6009522252139,1.5799999999999272
N1-F19-2-1BS,自动打磨,自动打磨N51,1476.6009522252139,1478.0116861934678,1.4107339682539077
N1-F19-2-1BS,桁架码垛,自动分拣N51,1478.0116861934678,1479.1816861934678,1.1700000000000728
N1-F33-1B1K-1P,分拣,自动分拣N51,1479.1816861934678,1480.7616861934678,1.5799999999999272
N1-F33-1B1K-1P,自动打磨,自动打磨N51,1480.7616861934678,1483.562831272833,2.801145079365142
N1-F33-1B1K-1P,桁架码垛,自动分拣N51,1483.562831272833,1484.732831272833,1.1700000000000728
N1-F32-2B1-1P,分拣,自动分拣N51,1484.732831272833,1486.312831272833,1.5799999999999272
N1-F32-2B1-1P,自动打磨,自动打磨N51,1486.312831272833,1488.1421825426742,1.8293512698412542
N1-F32-2B1-1P,桁架码垛,自动分拣N51,1488.1421825426742,1489.3121825426742,1.1700000000000728
N1-F26-3B1S-1S,分拣,自动分拣N51,1489.3121825426742,1490.8921825426742,1.5799999999999272
N1-F26-3B1S-1S,自动打磨,自动打磨N51,1490.8921825426742,1494.3055177807694,3.4133352380952147
N1-F26-3B1S-1S,桁架码垛,自动分拣N51,1494.3055177807694,1495.4755177807695,1.1700000000000728
N1-F28-4B1S-1S,分拣,自动分拣N51,1495.4755177807695,1497.0555177807694,1.5799999999999272
N1-F28-4B1S-1S,自动打磨,自动打磨N51,1497.0555177807694,1498.6783485744202,1.6228307936507917
N1-F28-4B1S-1S,桁架码垛,自动分拣N51,1498.6783485744202,1499.8483485744202,1.1700000000000728
N1-AG-3-1P,分拣,自动分拣N51,1499.8483485744202,1501.4283485744202,1.5799999999999272
N1-AG-3-1P,自动打磨,自动打磨N51,1501.4283485744202,1503.4682611934677,2.039912619047527
N1-AG-3-1P,桁架码垛,自动分拣N51,1503.4682611934677,1504.6382611934678,1.1700000000000728
N1-F17-1B1-1P,分拣,自动分拣N51,1504.6382611934678,1506.2182611934677,1.5799999999999272
N1-F17-1B1-1P,自动打磨,自动打磨N51,1506.2182611934677,1508.4979660347376,2.279704841269904
N1-F17-1B1-1P,桁架码垛,自动分拣N51,1508.4979660347376,1509.6679660347377,1.1700000000000728
N1-F17-1B1-1S,分拣,自动分拣N51,1509.6679660347377,1511.2479660347376,1.5799999999999272
N1-F17-1B1-1S,自动打磨,自动打磨N51,1511.2479660347376,1513.5276708760075,2.279704841269904
N1-F17-1B1-1S,桁架码垛,自动分拣N51,1513.5276708760075,1514.6976708760076,1.1700000000000728
N1-F29-4B1P-1P,分拣,自动分拣N51,1514.6976708760076,1516.2776708760075,1.5799999999999272
N1-F29-4B1P-1P,自动打磨,自动打磨N51,1516.2776708760075,1519.5809351617218,3.303264285714249
N1-F29-4B1P-1P,桁架码垛,自动分拣N51,1519.5809351617218,1520.7509351617218,1.1700000000000728
N1-F30-2B1P-1P,分拣,自动分拣N51,1520.7509351617218,1522.3309351617218,1.5799999999999272
N1-F30-2B1P-1P,自动打磨,自动打磨N51,1522.3309351617218,1523.827433336325,1.4964981746031754
N1-F30-2B1P-1P,桁架码垛,自动分拣N51,1523.827433336325,1524.997433336325,1.1700000000000728
N1-F30-4B1P-1P,分拣,自动分拣N51,1524.997433336325,1526.577433336325,1.5799999999999272
N1-F30-4B1P-1P,自动打磨,自动打磨N51,1526.577433336325,1528.3959450029915,1.818511666666609
N1-F30-4B1P-1P,桁架码垛,自动分拣N51,1528.3959450029915,1529.5659450029916,1.1700000000000728
N1-F32-2B1-1S,分拣,自动分拣N51,1529.5659450029916,1531.1459450029915,1.5799999999999272
N1-F32-2B1-1S,自动打磨,自动打磨N51,1531.1459450029915,1532.9752963521978,1.829351349206263
N1-F32-2B1-1S,桁架码垛,自动分拣N51,1532.9752963521978,1534.1452963521979,1.1700000000000728
N1-AG-3-1S,分拣,自动分拣N51,1534.1452963521979,1535.7252963521978,1.5799999999999272
N1-AG-3-1S,自动打磨,自动打磨N51,1535.7252963521978,1537.7652089712453,2.039912619047527
N1-AG-3-1S,桁架码垛,自动分拣N51,1537.7652089712453,1538.9352089712454,1.1700000000000728
N1-F27-4B1S-1S,分拣,自动分拣N51,1538.9352089712454,1540.5152089712453,1.5799999999999272
N1-F27-4B1S-1S,自动打磨,自动打磨N51,1540.5152089712453,1542.3351498442612,1.8199408730158666
N1-F27-4B1S-1S,桁架码垛,自动分拣N51,1542.3351498442612,1543.5051498442613,1.1700000000000728
N1-F33-1B1K-1S,分拣,自动分拣N51,1543.5051498442613,1545.0851498442612,1.5799999999999272
N1-F33-1B1K-1S,自动打磨,自动打磨N51,1545.0851498442612,1547.8862951617216,2.8011453174603957
N1-F33-1B1K-1S,桁架码垛,自动分拣N51,1547.8862951617216,1549.0562951617217,1.1700000000000728
N1-F21-1B1P-1P,分拣,自动分拣N51,1549.0562951617217,1550.6362951617216,1.5799999999999272
N1-F21-1B1P-1P,自动打磨,自动打磨N51,1550.6362951617216,1552.19719857442,1.560903412698508
N1-F21-1B1P-1P,桁架码垛,自动分拣N51,1552.19719857442,1553.3671985744202,1.1700000000000728
N1-F30-1B1P-1P,分拣,自动分拣N51,1553.3671985744202,1554.94719857442,1.5799999999999272
N1-F30-1B1P-1P,自动打磨,自动打磨N51,1554.94719857442,1556.3521992093408,1.4050006349207251
N1-F30-1B1P-1P,桁架码垛,自动分拣N51,1556.3521992093408,1557.522199209341,1.1700000000000728
N1-F31-1B1P-1P,分拣,自动分拣N51,1557.522199209341,1559.1021992093408,1.5799999999999272
N1-F31-1B1P-1P,自动打磨,自动打磨N51,1559.1021992093408,1560.7192487331504,1.6170495238095555
N1-F31-1B1P-1P,桁架码垛,自动分拣N51,1560.7192487331504,1561.8892487331505,1.1700000000000728
N1-F34-2B1-1S,分拣,自动分拣N51,1561.8892487331505,1563.4692487331504,1.5799999999999272
N1-F34-2B1-1S,自动打磨,自动打磨N51,1563.4692487331504,1565.264971352198,1.7957226190476376
N1-F34-2B1-1S,桁架码垛,自动分拣N51,1565.264971352198,1566.434971352198,1.1700000000000728
N1-F35-1B1-1P,分拣,自动分拣N51,1566.434971352198,1568.014971352198,1.5799999999999272
N1-F35-1B1-1P,自动打磨,自动打磨N51,1568.014971352198,1569.8190115109282,1.8040401587302313
N1-F35-1B1-1P,桁架码垛,自动分拣N51,1569.8190115109282,1570.9890115109283,1.1700000000000728
E01S-1209,天车空驶（胎架到原料区）,天车,1689.5444319427688,1692.5444319427688,3.0
E01S-1209,天车吊运（原料区到胎架）,天车,1692.5444319427688,1695.5444319427688,3.0
N1-F19-2-1P,分拣,自动分拣N21,1833.597216085681,1835.177216085681,1.5799999999999272
N1-F19-2-1P,自动打磨,自动打磨N21,1835.177216085681,1837.9783614031414,2.8011453174603957
N1-F19-2-1P,桁架至坡口工作站,自动分拣N21,1837.9783614031414,1839.1450614031414,1.1666999999999916
N1-F19-2-1S,分拣,自动分拣N21,1839.1450614031414,1840.1450614031414,1.0
N1-F19-2-1S,桁架至坡口工作站,自动分拣N21,1840.1450614031414,1841.3117614031414,1.1666999999999916
N1-F20-5-1P,分拣,自动分拣N21,1841.3117614031414,1842.8917614031413,1.5799999999999272
N1-F20-5-1P,自动打磨,自动打磨N21,1842.8917614031413,1844.272191006316,1.3804296031746617
N1-F20-5-1P,桁架至坡口工作站,自动分拣N21,1844.272191006316,1845.438891006316,1.1666999999999916
N1-F20-5-1S,分拣,自动分拣N21,1845.438891006316,1847.018891006316,1.5799999999999272
N1-F20-5-1S,自动打磨,自动打磨N21,1847.018891006316,1849.0066566412365,1.9877656349206063
N1-F20-5-1S,桁架至坡口工作站,自动分拣N21,1849.0066566412365,1850.1733566412365,1.1666999999999916
E01S-1223,天车空驶（胎架到原料区）,天车,1827.597216085681,1830.597216085681,3.0
E01S-1223,天车吊运（原料区到胎架）,天车,1830.597216085681,1833.597216085681,3.0
N1-F31-4P-1P,分拣,自动分拣N21,1867.3279034658447,1868.9079034658446,1.5799999999999272
N1-F31-4P-1P,自动打磨,自动打磨N21,1868.9079034658446,1871.117846005527,2.2099425396825154
N1-F31-4P-1P,桁架码垛,自动分拣N21,1871.117846005527,1872.2878460055272,1.1700000000000728
N1-F31-5S-1S,分拣,自动分拣N21,1872.2878460055272,1873.867846005527,1.5799999999999272
N1-F31-5S-1S,自动打磨,自动打磨N21,1873.867846005527,1875.110842910289,1.242996904761867
N1-F31-5S-1S,桁架码垛,自动分拣N21,1875.110842910289,1876.280842910289,1.1700000000000728
N1-F32-6P-1P,分拣,自动分拣N21,1876.280842910289,1877.860842910289,1.5799999999999272
N1-F32-6P-1P,自动打磨,自动打磨N21,1877.860842910289,1879.1038397356858,1.2429968253968582
N1-F32-6P-1P,桁架码垛,自动分拣N21,1879.1038397356858,1880.273839735686,1.1700000000000728
N1-F32-7S-1S,分拣,自动分拣N21,1880.273839735686,1881.8538397356858,1.5799999999999272
N1-F32-7S-1S,自动打磨,自动打磨N21,1881.8538397356858,1884.0637822753683,2.2099425396825154
N1-F32-7S-1S,桁架码垛,自动分拣N21,1884.0637822753683,1885.2337822753684,1.1700000000000728
E01S-1211,天车空驶（胎架到原料区）,天车,1469.020952225214,1472.020952225214,3.0
E01S-1211,天车吊运（原料区到胎架）,天车,1472.020952225214,1475.020952225214,3.0
E01S-1211切割后的大件,天车吊运（胎架到坡口区）,天车,1498.6078625276116,1501.6078625276116,3.0
N1-CG-2KS-2S,人工坡口,人工坡口1,1925.945428268432,1946.121008268432,20.175580000000082
N1-F29-7S-1S,人工坡口,人工坡口1,1946.121008268432,1962.441120268432,16.32011200000011
N1-F31-8S-1S,人工坡口,人工坡口1,1962.441120268432,1989.785364268432,27.34424399999989
E01S-1211切割后的大件,天车吊运（坡口区到成品区）,天车,1989.785364268432,1994.785364268432,5.0
E01S-1219,天车空驶（胎架到原料区）,天车,1501.6078625276116,1509.6078625276116,8.0
E01S-1219,天车吊运（原料区到胎架）,天车,1509.6078625276116,1512.6078625276116,3.0
N1-STB-1P-1P,自由边打磨,人工打磨N51,1538.3716323450606,1538.6956373194196,0.32400497435901343
N1-STB-2S-1S,自由边打磨,人工打磨N51,1538.6956373194196,1539.0246388065991,0.32900148717953925
E01S-1219切割后的大件,天车吊运（胎架到成品区）,天车,1539.0246388065991,1544.0246388065991,5.0
E01S-1212,天车空驶（胎架到原料区）,天车,1544.0246388065991,1552.0246388065991,8.0
E01S-1212,天车吊运（原料区到胎架）,天车,1552.0246388065991,1555.0246388065991,3.0
E01S-1212切割后的大件,天车吊运（胎架到坡口区）,天车,1586.9262327047013,1589.9262327047013,3.0
N1-AG-6-1P,人工坡口,人工坡口1,1989.785364268432,1996.829740268432,7.044376000000057
N1-AG-6-1S,人工坡口,人工坡口1,1996.829740268432,2003.874116268432,7.044376000000057
E01S-1212切割后的大件,天车吊运（坡口区到成品区）,天车,2003.874116268432,2008.874116268432,5.0
E01S-1210,天车空驶（胎架到原料区）,天车,1844.4241882684319,1852.4241882684319,8.0
E01S-1210,天车吊运（原料区到胎架）,天车,1852.4241882684319,1855.4241882684319,3.0
E01S-1200,天车空驶（胎架到原料区）,天车,1576.6507646695559,1579.6507646695559,3.0
E01S-1200,天车吊运（原料区到胎架）,天车,1579.6507646695559,1582.6507646695559,3.0
E01S-1210切割后的大件,天车吊运（胎架到成品区）,天车,1900.4944557232948,1905.4944557232948,5.0
N1-F30-3S-1S,分拣,自动分拣N51,1630.5135357796512,1632.0935357796511,1.5799999999999272
N1-F30-3S-1S,自动打磨,自动打磨N51,1632.0935357796511,1633.450678636794,1.3571428571428896
N1-F30-3S-1S,桁架码垛,自动分拣N51,1633.450678636794,1634.620678636794,1.1700000000000728
N1-DB-1SP-4SP,自由边打磨,人工打磨N51,1630.5135357796512,1630.9966472668307,0.48311148717948527
E01S-1221,天车空驶（胎架到原料区）,天车,1596.7565402684318,1604.7565402684318,8.0
E01S-1221,天车吊运（原料区到胎架）,天车,1604.7565402684318,1607.7565402684318,3.0
N1-DB-1SP-6SP,分拣,自动分拣N51,1634.620678636794,1636.200678636794,1.5799999999999272
N1-DB-1SP-6SP,自动打磨,自动打磨N51,1636.200678636794,1637.7353384780638,1.5346598412697858
N1-DB-1SP-6SP,桁架码垛,自动分拣N51,1637.7353384780638,1638.9053384780639,1.1700000000000728
N1-F30-3S-2S,分拣,自动分拣N51,1638.9053384780639,1640.4853384780638,1.5799999999999272
N1-F30-3S-2S,自动打磨,自动打磨N51,1640.4853384780638,1642.2330110177463,1.747672539682526
N1-F30-3S-2S,桁架码垛,自动分拣N51,1642.2330110177463,1643.4030110177464,1.1700000000000728
E01S-1200切割后的大件,天车吊运（胎架到坡口区）,天车,1630.9966472668307,1633.9966472668307,3.0
N1-DB-1SP-4SP,人工坡口,人工坡口1,2003.874116268432,2022.6597402684322,18.785624000000098
E01S-1200切割后的大件,天车吊运（坡口区到成品区）,天车,2022.6597402684322,2027.6597402684322,5.0
N1-F20-1P-1P,分拣,自动分拣N51,1748.584561097626,1750.164561097626,1.5799999999999272
N1-F20-1P-1P,自动打磨,自动打磨N51,1750.164561097626,1751.673730145245,1.5091690476190252
N1-F20-1P-1P,桁架码垛,自动分拣N51,1751.673730145245,1752.843730145245,1.1700000000000728
N1-F20-2P-1P,分拣,自动分拣N51,1752.843730145245,1754.423730145245,1.5799999999999272
N1-F20-2P-1P,自动打磨,自动打磨N51,1754.423730145245,1755.932899113499,1.5091689682540164
N1-F20-2P-1P,桁架码垛,自动分拣N51,1755.932899113499,1757.102899113499,1.1700000000000728
N1-F20-3S-1S,分拣,自动分拣N51,1757.102899113499,1758.682899113499,1.5799999999999272
N1-F20-3S-1S,自动打磨,自动打磨N51,1758.682899113499,1760.192068161118,1.5091690476190252
N1-F20-3S-1S,桁架码垛,自动分拣N51,1760.192068161118,1761.362068161118,1.1700000000000728
N1-F20-4S-1S,分拣,自动分拣N51,1761.362068161118,1762.942068161118,1.5799999999999272
N1-F20-4S-1S,自动打磨,自动打磨N51,1762.942068161118,1764.4467207008006,1.5046525396826382
N1-F20-4S-1S,桁架码垛,自动分拣N51,1764.4467207008006,1765.6167207008007,1.1700000000000728
N1-F21-1P-1P,分拣,自动分拣N51,1765.6167207008007,1767.1967207008006,1.5799999999999272
N1-F21-1P-1P,自动打磨,自动打磨N51,1767.1967207008006,1768.701373161118,1.504652460317402
N1-F21-1P-1P,桁架码垛,自动分拣N51,1768.701373161118,1769.871373161118,1.1700000000000728
N1-F21-2P-1P,分拣,自动分拣N51,1769.871373161118,1771.451373161118,1.5799999999999272
N1-F21-2P-1P,自动打磨,自动打磨N51,1771.451373161118,1772.9560257008006,1.5046525396826382
N1-F21-2P-1P,桁架码垛,自动分拣N51,1772.9560257008006,1774.1260257008007,1.1700000000000728
N1-F21-3S-1S,分拣,自动分拣N51,1774.1260257008007,1775.7060257008006,1.5799999999999272
N1-F21-3S-1S,自动打磨,自动打磨N51,1775.7060257008006,1777.210678161118,1.504652460317402
N1-F21-3S-1S,桁架码垛,自动分拣N51,1777.210678161118,1778.380678161118,1.1700000000000728
N1-F21-4S-1S,分拣,自动分拣N51,1778.380678161118,1779.960678161118,1.5799999999999272
N1-F21-4S-1S,自动打磨,自动打磨N51,1779.960678161118,1782.1791374468323,2.218459285714289
N1-F21-4S-1S,桁架码垛,自动分拣N51,1782.1791374468323,1783.3491374468324,1.1700000000000728
N1-F22-1P-1P,分拣,自动分拣N51,1783.3491374468324,1784.9291374468323,1.5799999999999272
N1-F22-1P-1P,自动打磨,自动打磨N51,1784.9291374468323,1787.1475967325466,2.218459285714289
N1-F22-1P-1P,桁架码垛,自动分拣N51,1787.1475967325466,1788.3175967325467,1.1700000000000728
N1-F22-2P-1P,分拣,自动分拣N51,1788.3175967325467,1789.8975967325466,1.5799999999999272
N1-F22-2P-1P,自动打磨,自动打磨N51,1789.8975967325466,1792.303496256356,2.4058995238094667
N1-F22-2P-1P,桁架码垛,自动分拣N51,1792.303496256356,1793.4734962563562,1.1700000000000728
N1-F22-3S-1S,分拣,自动分拣N51,1793.4734962563562,1795.053496256356,1.5799999999999272
N1-F22-3S-1S,自动打磨,自动打磨N51,1795.053496256356,1797.4593957801656,2.4058995238094667
N1-F22-3S-1S,桁架码垛,自动分拣N51,1797.4593957801656,1798.6293957801656,1.1700000000000728
N1-F22-4S-1S,分拣,自动分拣N51,1798.6293957801656,1800.2093957801656,1.5799999999999272
N1-F22-4S-1S,自动打磨,自动打磨N51,1800.2093957801656,1802.0479258595306,1.8385300793650003
N1-F22-4S-1S,桁架码垛,自动分拣N51,1802.0479258595306,1803.2179258595306,1.1700000000000728
N1-F23-1P-1P,分拣,自动分拣N51,1803.2179258595306,1804.7979258595306,1.5799999999999272
N1-F23-1P-1P,自动打磨,自动打磨N51,1804.7979258595306,1806.6364558595305,1.8385299999999916
N1-F23-1P-1P,桁架码垛,自动分拣N51,1806.6364558595305,1807.8064558595306,1.1700000000000728
N1-F23-2P-1P,分拣,自动分拣N51,1807.8064558595306,1809.3864558595305,1.5799999999999272
N1-F23-2P-1P,自动打磨,自动打磨N51,1809.3864558595305,1811.789144192864,2.4026883333333444
N1-F23-2P-1P,桁架码垛,自动分拣N51,1811.789144192864,1812.959144192864,1.1700000000000728
N1-F23-3S-1S,分拣,自动分拣N51,1812.959144192864,1814.539144192864,1.5799999999999272
N1-F23-3S-1S,自动打磨,自动打磨N51,1814.539144192864,1816.71790522461,2.178761031746035
N1-F23-3S-1S,桁架码垛,自动分拣N51,1816.71790522461,1817.88790522461,1.1700000000000728
N1-F23-4S-1S,分拣,自动分拣N51,1817.88790522461,1819.46790522461,1.5799999999999272
N1-F23-4S-1S,自动打磨,自动打磨N51,1819.46790522461,1820.7109021293718,1.242996904761867
N1-F23-4S-1S,桁架码垛,自动分拣N51,1820.7109021293718,1821.8809021293719,1.1700000000000728
N1-F24-1P-1P,分拣,自动分拣N51,1821.8809021293719,1823.4609021293718,1.5799999999999272
N1-F24-1P-1P,自动打磨,自动打磨N51,1823.4609021293718,1824.7038989547686,1.2429968253968582
N1-F24-1P-1P,桁架码垛,自动分拣N51,1824.7038989547686,1825.8738989547687,1.1700000000000728
N1-F24-2P-1P,分拣,自动分拣N51,1825.8738989547687,1827.4538989547686,1.5799999999999272
N1-F24-2P-1P,自动打磨,自动打磨N51,1827.4538989547686,1829.6638414944512,2.2099425396825154
N1-F24-2P-1P,桁架码垛,自动分拣N51,1829.6638414944512,1830.8338414944512,1.1700000000000728
N1-F24-3S-1S,分拣,自动分拣N51,1830.8338414944512,1832.4138414944512,1.5799999999999272
N1-F24-3S-1S,自动打磨,自动打磨N51,1832.4138414944512,1834.6237840341337,2.2099425396825154
N1-F24-3S-1S,桁架码垛,自动分拣N51,1834.6237840341337,1835.7937840341338,1.1700000000000728
N1-F24-4S-1S,分拣,自动分拣N51,1835.7937840341338,1837.3737840341337,1.5799999999999272
N1-F24-4S-1S,自动打磨,自动打磨N51,1837.3737840341337,1838.6167808595305,1.2429968253968582
N1-F24-4S-1S,桁架码垛,自动分拣N51,1838.6167808595305,1839.7867808595306,1.1700000000000728
N1-F25-1P-1P,分拣,自动分拣N51,1839.7867808595306,1841.3667808595305,1.5799999999999272
N1-F25-1P-1P,自动打磨,自动打磨N51,1841.3667808595305,1843.576723319848,2.2099424603175066
N1-F25-1P-1P,桁架码垛,自动分拣N51,1843.576723319848,1844.7467233198481,1.1700000000000728
N1-F25-2P-1P,分拣,自动分拣N51,1844.7467233198481,1846.326723319848,1.5799999999999272
N1-F25-2P-1P,自动打磨,自动打磨N51,1846.326723319848,1847.56972022461,1.242996904761867
N1-F25-2P-1P,桁架码垛,自动分拣N51,1847.56972022461,1848.73972022461,1.1700000000000728
N1-F25-3S-1S,分拣,自动分拣N51,1848.73972022461,1850.31972022461,1.5799999999999272
N1-F25-3S-1S,自动打磨,自动打磨N51,1850.31972022461,1852.5296627642924,2.2099425396825154
N1-F25-3S-1S,桁架码垛,自动分拣N51,1852.5296627642924,1853.6996627642925,1.1700000000000728
N1-F25-4S-1S,分拣,自动分拣N51,1853.6996627642925,1855.2796627642924,1.5799999999999272
N1-F25-4S-1S,自动打磨,自动打磨N51,1855.2796627642924,1856.5226595896893,1.2429968253968582
N1-F25-4S-1S,桁架码垛,自动分拣N51,1856.5226595896893,1857.6926595896894,1.1700000000000728
N1-F26-1P-1P,分拣,自动分拣N51,1857.6926595896894,1859.2726595896893,1.5799999999999272
N1-F26-1P-1P,自动打磨,自动打磨N51,1859.2726595896893,1860.5156564944512,1.242996904761867
N1-F26-1P-1P,桁架码垛,自动分拣N51,1860.5156564944512,1861.6856564944512,1.1700000000000728
N1-F26-2P-1P,分拣,自动分拣N51,1861.6856564944512,1863.2656564944512,1.5799999999999272
N1-F26-2P-1P,自动打磨,自动打磨N51,1863.2656564944512,1865.4755990341337,2.2099425396825154
N1-F26-2P-1P,桁架码垛,自动分拣N51,1865.4755990341337,1866.6455990341337,1.1700000000000728
N1-F26-3S-1S,分拣,自动分拣N51,1866.6455990341337,1868.2255990341337,1.5799999999999272
N1-F26-3S-1S,自动打磨,自动打磨N51,1868.2255990341337,1869.4685959388955,1.242996904761867
N1-F26-3S-1S,桁架码垛,自动分拣N51,1869.4685959388955,1870.6385959388956,1.1700000000000728
N1-F26-4S-1S,分拣,自动分拣N51,1870.6385959388956,1872.2185959388955,1.5799999999999272
N1-F26-4S-1S,自动打磨,自动打磨N51,1872.2185959388955,1874.428538399213,2.2099424603175066
N1-F26-4S-1S,桁架码垛,自动分拣N51,1874.428538399213,1875.598538399213,1.1700000000000728
E01S-1215,天车空驶（胎架到原料区）,天车,1640.467298269997,1648.467298269997,8.0
E01S-1215,天车吊运（原料区到胎架）,天车,1648.467298269997,1651.467298269997,3.0
N1-F33-2-1P,自由边打磨,人工打磨N51,1875.8672195614313,1876.1933026896363,0.3260831282050276
E01S-1225,天车空驶（胎架到原料区）,天车,1869.598538399213,1872.598538399213,3.0
E01S-1225,天车吊运（原料区到胎架）,天车,1872.598538399213,1875.598538399213,3.0
N1-F29-5P-1P,自由边打磨,人工打磨N51,1876.1933026896363,1876.522845202457,0.32954251282058067
N1-F17-1SP-1SP,自由边打磨,人工打磨N51,1876.522845202457,1877.3464349460467,0.8235897435897641
N1-F29-4P-1P,自由边打磨,人工打磨N51,1877.3464349460467,1877.5085679204055,0.16213297435888308
N1-F31-1P-1P,分拣,自动分拣N51,1875.8672195614313,1877.4472195614312,1.5799999999999272
N1-F31-1P-1P,自动打磨,自动打磨N51,1877.4472195614312,1878.9486558312724,1.5014362698411787
N1-F31-1P-1P,桁架码垛,自动分拣N51,1878.9486558312724,1880.1186558312725,1.1700000000000728
N1-F33-2-1S,自由边打磨,人工打磨N51,1877.5085679204055,1877.8346510486106,0.3260831282050276
N1-F21-6P-1P,自由边打磨,人工打磨N51,1877.8346510486106,1878.1641939716874,0.329542923076815
N1-F26-8S-1S,自由边打磨,人工打磨N51,1878.1641939716874,1878.4881989460464,0.32400497435901343
N1-LG2-5WS-1S,自由边打磨,人工打磨N51,1878.4881989460464,1878.6503319204053,0.16213297435888308
N1-ST-4-2S,分拣,自动分拣N51,1880.1186558312725,1881.6986558312724,1.5799999999999272
N1-ST-4-2S,自动打磨,自动打磨N51,1881.6986558312724,1882.9495759106376,1.2509200793651871
N1-ST-4-2S,桁架码垛,自动分拣N51,1882.9495759106376,1884.1195759106376,1.1700000000000728
E01S-1215切割后的大件,天车吊运（胎架到成品区）,天车,1878.6503319204053,1883.6503319204053,5.0
N1-LG32-2-1P,分拣,自动分拣N51,1905.1664161137578,1906.7464161137577,1.5799999999999272
N1-LG32-2-1P,自动打磨,自动打磨N51,1906.7464161137577,1909.2970822248687,2.5506661111110134
N1-LG32-2-1P,桁架码垛,自动分拣N51,1909.2970822248687,1910.4670822248688,1.1700000000000728
N1-LG32-2-1S,分拣,自动分拣N51,1910.4670822248688,1912.0470822248687,1.5799999999999272
N1-LG32-2-1S,自动打磨,自动打磨N51,1912.0470822248687,1914.577954526456,2.530872301587351
N1-LG32-2-1S,桁架码垛,自动分拣N51,1914.577954526456,1915.7479545264562,1.1700000000000728
N1-BW-2-1P,分拣,自动分拣N51,1915.7479545264562,1917.327954526456,1.5799999999999272
N1-BW-2-1P,自动打磨,自动打磨N51,1917.327954526456,1919.5378970661386,2.2099425396825154
N1-BW-2-1P,桁架码垛,自动分拣N51,1919.5378970661386,1920.7078970661387,1.1700000000000728
N1-BW-2-1S,分拣,自动分拣N51,1920.7078970661387,1922.2878970661386,1.5799999999999272
N1-BW-2-1S,自动打磨,自动打磨N51,1922.2878970661386,1924.8385630978846,2.5506660317460046
N1-BW-2-1S,桁架码垛,自动分拣N51,1924.8385630978846,1926.0085630978847,1.1700000000000728
N1-BW-3-1P,分拣,自动分拣N51,1926.0085630978847,1927.5885630978846,1.5799999999999272
N1-BW-3-1P,自动打磨,自动打磨N51,1927.5885630978846,1930.1392292089956,2.5506661111110134
N1-BW-3-1P,桁架码垛,自动分拣N51,1930.1392292089956,1931.3092292089957,1.1700000000000728
N1-BW-3-1S,分拣,自动分拣N51,1931.3092292089957,1932.8892292089956,1.5799999999999272
N1-BW-3-1S,自动打磨,自动打磨N51,1932.8892292089956,1935.4398953201066,2.5506661111110134
N1-BW-3-1S,桁架码垛,自动分拣N51,1935.4398953201066,1936.6098953201067,1.1700000000000728
N1-F35-2-1P,分拣,自动分拣N51,1936.6098953201067,1938.1898953201066,1.5799999999999272
N1-F35-2-1P,自动打磨,自动打磨N51,1938.1898953201066,1940.7405614312177,2.5506661111110134
N1-F35-2-1P,桁架码垛,自动分拣N51,1940.7405614312177,1941.9105614312177,1.1700000000000728
N1-F35-2-1S,分拣,自动分拣N51,1941.9105614312177,1943.4905614312177,1.5799999999999272
N1-F35-2-1S,自动打磨,自动打磨N51,1943.4905614312177,1946.0412274629637,2.5506660317460046
N1-F35-2-1S,桁架码垛,自动分拣N51,1946.0412274629637,1947.2112274629637,1.1700000000000728
N1-F35-2-2P,分拣,自动分拣N51,1947.2112274629637,1948.7912274629637,1.5799999999999272
N1-F35-2-2P,自动打磨,自动打磨N51,1948.7912274629637,1951.3418935740747,2.5506661111110134
N1-F35-2-2P,桁架码垛,自动分拣N51,1951.3418935740747,1952.5118935740747,1.1700000000000728
N1-F35-2-2S,分拣,自动分拣N51,1952.5118935740747,1954.0918935740747,1.5799999999999272
N1-F35-2-2S,自动打磨,自动打磨N51,1954.0918935740747,1956.6425596058207,2.5506660317460046
N1-F35-2-2S,桁架码垛,自动分拣N51,1956.6425596058207,1957.8125596058208,1.1700000000000728
E01S-1233,天车空驶（胎架到原料区）,天车,1883.6503319204053,1891.6503319204053,8.0
E01S-1233,天车吊运（原料区到胎架）,天车,1891.6503319204053,1894.6503319204053,3.0
N1-AG-1P-1P,自由边打磨,人工打磨N51,1945.4394903966886,1945.7840024479706,0.34451205128198126
N1-AG-2S-1S,自由边打磨,人工打磨N51,1945.7840024479706,1946.1285145505346,0.3445121025640674
E01S-1233切割后的大件,天车吊运（胎架到成品区）,天车,1946.1285145505346,1951.1285145505346,5.0
E01S-1231,天车空驶（胎架到原料区）,天车,1951.1285145505346,1959.1285145505346,8.0
E01S-1231,天车吊运（原料区到胎架）,天车,1959.1285145505346,1962.1285145505346,3.0
N1-F36-3-2BP,分拣,自动分拣N51,2007.6829807837162,2009.262980783716,1.5799999999999272
N1-F36-3-2BP,自动打磨,自动打磨N51,2009.262980783716,2011.6815242757796,2.4185434920634634
N1-F36-3-2BP,桁架码垛,自动分拣N51,2011.6815242757796,2012.8515242757796,1.1700000000000728
N1-F36-3-2BS,分拣,自动分拣N51,2012.8515242757796,2014.4315242757796,1.5799999999999272
N1-F36-3-2BS,自动打磨,自动打磨N51,2014.4315242757796,2016.862863720224,2.4313394444443475
N1-F36-3-2BS,桁架码垛,自动分拣N51,2016.862863720224,2018.032863720224,1.1700000000000728
N1-F36-3B1-1P,分拣,自动分拣N51,2018.032863720224,2019.612863720224,1.5799999999999272
N1-F36-3B1-1P,自动打磨,自动打磨N51,2019.612863720224,2022.0135710218112,2.4007073015873175
N1-F36-3B1-1P,桁架码垛,自动分拣N51,2022.0135710218112,2023.1835710218113,1.1700000000000728
N1-F36-3B1-1S,分拣,自动分拣N51,2023.1835710218113,2024.7635710218112,1.5799999999999272
N1-F36-3B1-1S,自动打磨,自动打磨N51,2024.7635710218112,2027.1642784027636,2.4007073809523263
N1-F36-3B1-1S,桁架码垛,自动分拣N51,2027.1642784027636,2028.3342784027636,1.1700000000000728
N1-F36-4-1P,自由边打磨,人工打磨N51,2007.6829807837162,2008.3079620657675,0.6249812820512943
E01S-1222,天车空驶（胎架到原料区）,天车,1962.1285145505346,1965.1285145505346,3.0
E01S-1222,天车吊运（原料区到胎架）,天车,1965.1285145505346,1968.1285145505346,3.0
N1-F36-4B1W-1P,分拣,自动分拣N51,2028.3342784027636,2029.9142784027636,1.5799999999999272
N1-F36-4B1W-1P,自动打磨,自动打磨N51,2029.9142784027636,2032.1881556249857,2.273877222222154
N1-F36-4B1W-1P,桁架码垛,自动分拣N51,2032.1881556249857,2033.3581556249858,1.1700000000000728
N1-F33-1SP-7BSP,分拣,自动分拣N51,2033.3581556249858,2034.9381556249857,1.5799999999999272
N1-F33-1SP-7BSP,自动打磨,自动打磨N51,2034.9381556249857,2037.3815791170491,2.4434234920634026
N1-F33-1SP-7BSP,桁架码垛,自动分拣N51,2037.3815791170491,2038.5515791170492,1.1700000000000728
N1-F36-2S-1BS,分拣,自动分拣N51,2038.5515791170492,2040.1315791170491,1.5799999999999272
N1-F36-2S-1BS,自动打磨,自动打磨N51,2040.1315791170491,2042.258082132922,2.1265030158729132
N1-F36-2S-1BS,桁架码垛,自动分拣N51,2042.258082132922,2043.428082132922,1.1700000000000728
N1-F36-2S-4BS,分拣,自动分拣N51,2043.428082132922,2045.008082132922,1.5799999999999272
N1-F36-2S-4BS,自动打磨,自动打磨N51,2045.008082132922,2047.1345853075252,2.126503174603158
N1-F36-2S-4BS,桁架码垛,自动分拣N51,2047.1345853075252,2048.304585307525,1.1699999999998454
N1-F36-4-1S,自由边打磨,人工打磨N51,2008.3079620657675,2008.6613534503829,0.3533913846154064
N1-F36-4B1W-1S,分拣,自动分拣N51,2048.304585307525,2049.884585307525,1.5799999999999272
N1-F36-4B1W-1S,自动打磨,自动打磨N51,2049.884585307525,2052.0108656249854,2.1262803174604414
N1-F36-4B1W-1S,桁架码垛,自动分拣N51,2052.0108656249854,2053.1808656249855,1.1700000000000728
N1-F33-1B1-1P,分拣,自动分拣N51,2053.1808656249855,2054.7608656249854,1.5799999999999272
N1-F33-1B1-1P,自动打磨,自动打磨N51,2054.7608656249854,2056.8873686408583,2.1265030158729132
N1-F33-1B1-1P,桁架码垛,自动分拣N51,2056.8873686408583,2058.0573686408584,1.1700000000000728
N1-F33-1B1-1S,分拣,自动分拣N51,2058.0573686408584,2059.6373686408583,1.5799999999999272
N1-F33-1B1-1S,自动打磨,自动打磨N51,2059.6373686408583,2062.068708005938,2.431339365079566
N1-F33-1B1-1S,桁架码垛,自动分拣N51,2062.068708005938,2063.238708005938,1.1700000000000728
E01S-1231切割后的大件,天车吊运（胎架到坡口区）,天车,2008.874116268432,2011.874116268432,3.0
N1-F36-4-1P,人工坡口,人工坡口1,2022.6597402684322,2033.1160002684321,10.45625999999993
N1-F36-4-1S,人工坡口,人工坡口1,2033.1160002684321,2043.572260268432,10.45625999999993
E01S-1231切割后的大件,天车吊运（坡口区到成品区）,天车,2043.572260268432,2048.572260268432,4.999999999999773
N1-F18-1P-1P,分拣,自动分拣N51,2063.238708005938,2064.818708005938,1.5799999999999272
N1-F18-1P-1P,自动打磨,自动打磨N51,2064.818708005938,2067.0286505456206,2.209942539682743
N1-F18-1P-1P,桁架码垛,自动分拣N51,2067.0286505456206,2068.1986505456207,1.1700000000000728
N1-F18-2S-1S,分拣,自动分拣N51,2068.1986505456207,2069.7786505456206,1.5799999999999272
N1-F18-2S-1S,自动打磨,自动打磨N51,2069.7786505456206,2071.0216473710175,1.2429968253968582
N1-F18-2S-1S,桁架码垛,自动分拣N51,2071.0216473710175,2072.1916473710176,1.1700000000000728
N1-ST-3-1P,分拣,自动分拣N51,2072.1916473710176,2073.7716473710175,1.5799999999999272
N1-ST-3-1P,自动打磨,自动打磨N51,2073.7716473710175,2075.0146442757796,1.2429969047620943
N1-ST-3-1P,桁架码垛,自动分拣N51,2075.0146442757796,2076.1846442757796,1.1700000000000728
N1-ST-3-1S,分拣,自动分拣N51,2076.1846442757796,2077.7646442757796,1.5799999999999272
N1-ST-3-1S,自动打磨,自动打磨N51,2077.7646442757796,2079.974586736097,2.2099424603175066
N1-ST-3-1S,桁架码垛,自动分拣N51,2079.974586736097,2081.144586736097,1.1700000000000728
N1-ST-3-2P,分拣,自动分拣N51,2081.144586736097,2082.724586736097,1.5799999999999272
N1-ST-3-2P,自动打磨,自动打磨N51,2082.724586736097,2084.93452927578,2.209942539682743
N1-ST-3-2P,桁架码垛,自动分拣N51,2084.93452927578,2086.10452927578,1.1700000000000728
N1-ST-4-1P,分拣,自动分拣N51,2086.10452927578,2087.68452927578,1.5799999999999272
N1-ST-4-1P,自动打磨,自动打磨N51,2087.68452927578,2088.9275261011767,1.2429968253968582
N1-ST-4-1P,桁架码垛,自动分拣N51,2088.9275261011767,2090.0975261011768,1.1700000000000728
N1-ST-4-1S,分拣,自动分拣N51,2090.0975261011768,2091.6775261011767,1.5799999999999272
N1-ST-4-1S,自动打磨,自动打磨N51,2091.6775261011767,2092.920523005939,1.2429969047620943
N1-ST-4-1S,桁架码垛,自动分拣N51,2092.920523005939,2094.090523005939,1.1700000000000728
N1-ST-4-2P,分拣,自动分拣N51,2094.090523005939,2095.670523005939,1.5799999999999272
N1-ST-4-2P,自动打磨,自动打磨N51,2095.670523005939,2097.8804655456215,2.209942539682743
N1-ST-4-2P,桁架码垛,自动分拣N51,2097.8804655456215,2099.0504655456216,1.1700000000000728
E01S-1218,天车空驶（胎架到原料区）,天车,2052.238708005938,2060.238708005938,8.0
E01S-1218,天车吊运（原料区到胎架）,天车,2060.238708005938,2063.238708005938,3.0
N1-F25-7-1P,分拣,自动分拣N51,2118.3949083376183,2119.974908337618,1.5799999999999272
N1-F25-7-1P,自动打磨,自动打磨N51,2119.974908337618,2121.4763446074594,1.5014362698411787
N1-F25-7-1P,桁架码垛,自动分拣N51,2121.4763446074594,2122.6463446074595,1.1700000000000728
N1-F25-6-1P,自由边打磨,人工打磨N51,2118.3949083376183,2118.718913260695,0.3240049230766999
E01S-1220,天车空驶（胎架到原料区）,天车,1905.4944557232948,1908.4944557232948,3.0
E01S-1220,天车吊运（原料区到胎架）,天车,1908.4944557232948,1911.4944557232948,3.0
N1-F25-6-1S,自由边打磨,人工打磨N51,2118.718913260695,2119.042918235054,0.32400497435901343
N1-F25-7-1S,分拣,自动分拣N51,2122.6463446074595,2124.2263446074594,1.5799999999999272
N1-F25-7-1S,自动打磨,自动打磨N51,2124.2263446074594,2125.7277808773006,1.5014362698411787
N1-F25-7-1S,桁架码垛,自动分拣N51,2125.7277808773006,2126.8977808773006,1.1700000000000728
N1-F29-6S-1S,自由边打磨,人工打磨N51,2119.042918235054,2119.3669231581307,0.3240049230766999
E01S-1218切割后的大件,天车吊运（胎架到成品区）,天车,2119.3669231581307,2124.3669231581307,5.0
N1-F19-1SP-1SP,自由边打磨,人工打磨N21,1968.881776637225,1969.2107781244044,0.32900148717953925
E01S-1230,天车空驶（胎架到原料区）,天车,1911.4944557232948,1919.4944557232948,8.0
E01S-1230,天车吊运（原料区到胎架）,天车,1919.4944557232948,1922.4944557232948,3.0
N1-F27-1SP-1SP,自由边打磨,人工打磨N21,1969.2107781244044,1969.539779611584,0.32900148717953925
N1-F28-1P-1P,分拣,自动分拣N21,1968.881776637225,1970.4617766372248,1.5799999999999272
N1-F28-1P-1P,自动打磨,自动打磨N21,1970.4617766372248,1971.9709456054788,1.5091689682540164
N1-F28-1P-1P,桁架码垛,自动分拣N21,1971.9709456054788,1973.140945605479,1.1700000000000728
N1-F29-1P-1P,分拣,自动分拣N21,1973.140945605479,1974.7209456054788,1.5799999999999272
N1-F29-1P-1P,自动打磨,自动打磨N21,1974.7209456054788,1976.2301146530979,1.5091690476190252
N1-F29-1P-1P,桁架码垛,自动分拣N21,1976.2301146530979,1977.400114653098,1.1700000000000728
N1-F28-2S-1S,分拣,自动分拣N21,1977.400114653098,1978.9801146530979,1.5799999999999272
N1-F28-2S-1S,自动打磨,自动打磨N21,1978.9801146530979,1980.4892835419867,1.5091688888887802
N1-F28-2S-1S,桁架码垛,自动分拣N21,1980.4892835419867,1981.6592835419867,1.1700000000000728
N1-F29-2S-1S,分拣,自动分拣N21,1981.6592835419867,1983.2392835419867,1.5799999999999272
N1-F29-2S-1S,自动打磨,自动打磨N21,1983.2392835419867,1984.7484525102407,1.5091689682540164
N1-F29-2S-1S,桁架码垛,自动分拣N21,1984.7484525102407,1985.9184525102407,1.1700000000000728
E01S-1220切割后的大件,天车吊运（胎架到成品区）,天车,1969.539779611584,1974.539779611584,5.0
N1-F36-3-1P,自由边打磨,人工打磨N21,2036.3016312630793,2036.8914232117972,0.5897919487179024
N1-F36-3-1S,自由边打磨,人工打磨N21,2036.8914232117972,2036.9398513656433,0.04842815384608912
N1-F36-1P-1P,自由边打磨,人工打磨N21,2036.9398513656433,2038.0273774682075,1.0875261025641976
N1-F36-2S-1S,自由边打磨,人工打磨N21,2038.0273774682075,2039.1149035194896,1.0875260512821114
E01S-1230切割后的大件,天车空驶（成品区到胎架）,天车,2034.1149035194896,2039.1149035194896,5.0
E01S-1230切割后的大件,天车吊运（胎架到坡口区）,天车,2039.1149035194896,2042.1149035194896,3.0
N1-F36-1P-1P,人工坡口,人工坡口1,2043.572260268432,2054.622672268432,11.050411999999824
N1-F36-2S-1S,人工坡口,人工坡口1,2054.622672268432,2065.745112268432,11.122440000000097
N1-F36-3-1P,人工坡口,人工坡口1,2065.745112268432,2073.904736268432,8.159623999999894
N1-F36-3-1S,人工坡口,人工坡口1,2073.904736268432,2082.0843602684317,8.179623999999876
E01S-1230切割后的大件,天车吊运（坡口区到成品区）,天车,2082.0843602684317,2087.0843602684317,5.0
E01S-1243,天车空驶（胎架到原料区）,天车,2088.0504655456216,2096.0504655456216,8.0
E01S-1243,天车吊运（原料区到胎架）,天车,2096.0504655456216,2099.0504655456216,3.0
N1-F36-3-1BP,分拣,自动分拣N51,2206.588659161574,2208.168659161574,1.5799999999999272
N1-F36-3-1BP,自动打磨,自动打磨N51,2208.168659161574,2210.1025887647484,1.9339296031744198
N1-F36-3-1BP,桁架码垛,自动分拣N51,2210.1025887647484,2211.2725887647484,1.1700000000000728
N1-F36-3-1BS,分拣,自动分拣N51,2211.2725887647484,2212.8525887647484,1.5799999999999272
N1-F36-3-1BS,自动打磨,自动打磨N51,2212.8525887647484,2214.786518288558,1.9339295238096383
N1-F36-3-1BS,桁架码垛,自动分拣N51,2214.786518288558,2215.956518288558,1.1700000000000728
N1-F17-2B1-1P,分拣,自动分拣N51,2215.956518288558,2217.536518288558,1.5799999999999272
N1-F17-2B1-1P,自动打磨,自动打磨N51,2217.536518288558,2219.4415465425263,1.9050282539683394
N1-F17-2B1-1P,桁架码垛,自动分拣N51,2219.4415465425263,2220.6115465425264,1.1700000000000728
N1-F17-2B1-1S,分拣,自动分拣N51,2220.6115465425264,2222.1915465425263,1.5799999999999272
N1-F17-2B1-1S,自动打磨,自动打磨N51,2222.1915465425263,2224.0965747964947,1.9050282539683394
N1-F17-2B1-1S,桁架码垛,自动分拣N51,2224.0965747964947,2225.2665747964948,1.1700000000000728
N1-F31-5B1-1P,分拣,自动分拣N51,2225.2665747964948,2226.8465747964947,1.5799999999999272
N1-F31-5B1-1P,自动打磨,自动打磨N51,2226.8465747964947,2230.3827968599867,3.536222063492005
N1-F31-5B1-1P,桁架码垛,自动分拣N51,2230.3827968599867,2231.5527968599868,1.1700000000000728
N1-F34-2-1P,分拣,自动分拣N51,2231.5527968599868,2233.1327968599867,1.5799999999999272
N1-F34-2-1P,自动打磨,自动打磨N51,2233.1327968599867,2234.3134094790344,1.180612619047679
N1-F34-2-1P,桁架码垛,自动分拣N51,2234.3134094790344,2235.4834094790344,1.1700000000000728
N1-F34-2-1S,分拣,自动分拣N51,2235.4834094790344,2237.0634094790344,1.5799999999999272
N1-F34-2-1S,自动打磨,自动打磨N51,2237.0634094790344,2238.244022098082,1.180612619047679
N1-F34-2-1S,桁架码垛,自动分拣N51,2238.244022098082,2239.414022098082,1.1700000000000728
N1-F20-1B1P-1P,分拣,自动分拣N51,2239.414022098082,2240.994022098082,1.5799999999999272
N1-F20-1B1P-1P,自动打磨,自动打磨N51,2240.994022098082,2243.8888174949075,2.8947953968254296
N1-F20-1B1P-1P,桁架码垛,自动分拣N51,2243.8888174949075,2245.0588174949075,1.1700000000000728
N1-F20-2B1P-1P,分拣,自动分拣N51,2245.0588174949075,2246.6388174949075,1.5799999999999272
N1-F20-2B1P-1P,自动打磨,自动打磨N51,2246.6388174949075,2250.2451577330025,3.606340238095072
N1-F20-2B1P-1P,桁架码垛,自动分拣N51,2250.2451577330025,2251.4151577330026,1.1700000000000728
N1-F29-1B1P-1P,分拣,自动分拣N51,2251.4151577330026,2252.9951577330025,1.5799999999999272
N1-F29-1B1P-1P,自动打磨,自动打磨N51,2252.9951577330025,2256.046828050463,3.051670317460321
N1-F29-1B1P-1P,桁架码垛,自动分拣N51,2256.046828050463,2257.216828050463,1.1700000000000728
N1-F29-2B1P-1P,分拣,自动分拣N51,2257.216828050463,2258.796828050463,1.5799999999999272
N1-F29-2B1P-1P,自动打磨,自动打磨N51,2258.796828050463,2261.848760272685,3.051932222222149
N1-F29-2B1P-1P,桁架码垛,自动分拣N51,2261.848760272685,2263.018760272685,1.1700000000000728
N1-F29-3B1P-1P,分拣,自动分拣N51,2263.018760272685,2264.598760272685,1.5799999999999272
N1-F29-3B1P-1P,自动打磨,自动打磨N51,2264.598760272685,2268.6012697171295,4.002509444444513
N1-F29-3B1P-1P,桁架码垛,自动分拣N51,2268.6012697171295,2269.7712697171296,1.1700000000000728
N1-F31-5B1-1S,分拣,自动分拣N51,2269.7712697171296,2271.3512697171295,1.5799999999999272
N1-F31-5B1-1S,自动打磨,自动打磨N51,2271.3512697171295,2274.8874917012563,3.536221984126769
N1-F31-5B1-1S,桁架码垛,自动分拣N51,2274.8874917012563,2276.0574917012564,1.1700000000000728
N1-F36-1P-5BP,分拣,自动分拣N51,2276.0574917012564,2277.6374917012563,1.5799999999999272
N1-F36-1P-5BP,自动打磨,自动打磨N51,2277.6374917012563,2279.664549637764,2.0270579365078447
N1-F36-1P-5BP,桁架码垛,自动分拣N51,2279.664549637764,2280.834549637764,1.1700000000000728
N1-F26-1B1S-1S,分拣,自动分拣N51,2280.834549637764,2282.414549637764,1.5799999999999272
N1-F26-1B1S-1S,自动打磨,自动打磨N51,2282.414549637764,2285.7655937647482,3.3510441269841067
N1-F26-1B1S-1S,桁架码垛,自动分拣N51,2285.7655937647482,2286.9355937647483,1.1700000000000728
N1-F26-2B1S-1S,分拣,自动分拣N51,2286.9355937647483,2288.5155937647482,1.5799999999999272
N1-F26-2B1S-1S,自动打磨,自动打磨N51,2288.5155937647482,2291.567870748875,3.05227698412682
N1-F26-2B1S-1S,桁架码垛,自动分拣N51,2291.567870748875,2292.737870748875,1.1700000000000728
N1-F36-2S-2BS,分拣,自动分拣N51,2292.737870748875,2294.317870748875,1.5799999999999272
N1-F36-2S-2BS,自动打磨,自动打磨N51,2294.317870748875,2296.344928685383,2.0270579365078447
N1-F36-2S-2BS,桁架码垛,自动分拣N51,2296.344928685383,2297.514928685383,1.1700000000000728
N1-JXP-902S-1S,分拣,自动分拣N51,2297.514928685383,2299.094928685383,1.5799999999999272
N1-JXP-902S-1S,自动打磨,自动打磨N51,2299.094928685383,2300.305444558399,1.2105158730159928
N1-JXP-902S-1S,桁架码垛,自动分拣N51,2300.305444558399,2301.475444558399,1.1700000000000728
N1-JXP-903S-1S,分拣,自动分拣N51,2301.475444558399,2303.055444558399,1.5799999999999272
N1-JXP-903S-1S,自动打磨,自动打磨N51,2303.055444558399,2305.750116621891,2.6946720634919075
N1-JXP-903S-1S,桁架码垛,自动分拣N51,2305.750116621891,2306.920116621891,1.1700000000000728
E01S-1216,天车空驶（胎架到原料区）,天车,2124.3669231581307,2127.3669231581307,3.0
E01S-1216,天车吊运（原料区到胎架）,天车,2127.3669231581307,2130.3669231581307,3.0
N1-LG1-4-1P,自由边打磨,人工打磨N51,2226.244187560104,2226.574024483181,0.3298369230769822
E01S-1227,天车空驶（胎架到原料区）,天车,1979.9184525102407,1982.9184525102407,3.0
E01S-1227,天车吊运（原料区到胎架）,天车,1982.9184525102407,1985.9184525102407,3.0
N1-LG1-4-1S,自由边打磨,人工打磨N51,2226.574024483181,2226.9038619190783,0.3298374358973888
E01S-1216切割后的大件,天车吊运（胎架到成品区）,天车,2226.9038619190783,2231.9038619190783,5.0
N1-MG-1SP-1SP,分拣,自动分拣N21,2062.8052655278198,2064.3852655278197,1.5799999999999272
N1-MG-1SP-1SP,自动打磨,自动打磨N21,2064.3852655278197,2066.154543543693,1.7692780158731694
N1-MG-1SP-1SP,桁架码垛,自动分拣N21,2066.154543543693,2067.324543543693,1.1700000000000728
N1-MG-5SP-1SP,自由边打磨,人工打磨N21,2062.8052655278198,2063.3216531175635,0.516387589743772
N1-MG-2SP-1SP,自由边打磨,人工打磨N21,2063.3216531175635,2064.246331425256,0.9246783076923748
E01S-1227切割后的大件,天车空驶（成品区到胎架）,天车,2063.238708005938,2068.238708005938,5.0
E01S-1227切割后的大件,天车吊运（胎架到成品区）,天车,2068.238708005938,2073.238708005938,5.0
E01S-1235,天车空驶（胎架到原料区）,天车,2231.9038619190783,2239.9038619190783,8.0
E01S-1235,天车吊运（原料区到胎架）,天车,2239.9038619190783,2242.9038619190783,3.0
N1-BW-1-1P,自由边打磨,人工打磨N51,2300.076086549437,2300.9947919340525,0.9187053846153503
E01S-1238,天车空驶（胎架到原料区）,天车,2073.238708005938,2076.238708005938,3.0
E01S-1238,天车吊运（原料区到胎架）,天车,2076.238708005938,2079.238708005938,3.0
N1-F32-1-1P,分拣,自动分拣N51,2306.920116621891,2308.500116621891,1.5799999999999272
N1-F32-1-1P,自动打磨,自动打磨N51,2308.500116621891,2310.8912905901448,2.391173968253952
N1-F32-1-1P,桁架码垛,自动分拣N51,2310.8912905901448,2312.061290590145,1.1700000000000728
N1-LG1-1-1P,分拣,自动分拣N51,2312.061290590145,2313.6412905901448,1.5799999999999272
N1-LG1-1-1P,自动打磨,自动打磨N51,2313.6412905901448,2315.5973464631606,1.9560558730158846
N1-LG1-1-1P,桁架码垛,自动分拣N51,2315.5973464631606,2316.7673464631607,1.1700000000000728
N1-LG1-1-1S,分拣,自动分拣N51,2316.7673464631607,2318.3473464631606,1.5799999999999272
N1-LG1-1-1S,自动打磨,自动打磨N51,2318.3473464631606,2319.4222763044304,1.0749298412697499
N1-LG1-1-1S,桁架码垛,自动分拣N51,2319.4222763044304,2320.5922763044305,1.1700000000000728
N1-BW-1-1S,自由边打磨,人工打磨N51,2300.9947919340525,2301.8937042417447,0.8989123076921715
N1-F32-1-1S,分拣,自动分拣N51,2320.5922763044305,2322.1722763044304,1.5799999999999272
N1-F32-1-1S,自动打磨,自动打磨N51,2322.1722763044304,2324.1283321774463,1.9560558730158846
N1-F32-1-1S,桁架码垛,自动分拣N51,2324.1283321774463,2325.2983321774464,1.1700000000000728
N1-LG2-1-1P,分拣,自动分拣N51,2325.2983321774464,2326.8783321774463,1.5799999999999272
N1-LG2-1-1P,自动打磨,自动打磨N51,2326.8783321774463,2327.9532619393513,1.0749297619049685
N1-LG2-1-1P,桁架码垛,自动分拣N51,2327.9532619393513,2329.1232619393513,1.1700000000000728
N1-LG2-1-1S,分拣,自动分拣N51,2329.1232619393513,2330.7032619393513,1.5799999999999272
N1-LG2-1-1S,自动打磨,自动打磨N51,2330.7032619393513,2332.601771701256,1.8985097619047338
N1-LG2-1-1S,桁架码垛,自动分拣N51,2332.601771701256,2333.771771701256,1.1700000000000728
N1-AG-4S-1S,自由边打磨,人工打磨N51,2301.8937042417447,2302.81240962636,0.9187053846153503
E01S-1235切割后的大件,天车吊运（胎架到成品区）,天车,2302.81240962636,2307.81240962636,5.0
N1-F26-7P-1P,自由边打磨,人工打磨N21,2179.5846744088517,2179.929186562698,0.3445121538461535
E01S-1241,天车空驶（胎架到原料区）,天车,2099.0504655456216,2107.0504655456216,8.0
E01S-1241,天车吊运（原料区到胎架）,天车,2107.0504655456216,2110.0504655456216,3.0
N1-F27-4-1P,自由边打磨,人工打磨N21,2179.929186562698,2180.3014860498774,0.37229948717958905
N1-F28-5-1P,自由边打磨,人工打磨N21,2180.3014860498774,2180.6459981524417,0.34451210256429476
N1-F32-3-1P,分拣,自动分拣N21,2179.5846744088517,2181.1646744088516,1.5799999999999272
N1-F32-3-1P,自动打磨,自动打磨N21,2181.1646744088516,2182.69784782155,1.5331734126984884
N1-F32-3-1P,桁架码垛,自动分拣N21,2182.69784782155,2183.86784782155,1.1700000000000728
N1-F27-4-1S,自由边打磨,人工打磨N21,2180.6459981524417,2181.0182976396213,0.37229948717958905
N1-F28-5-1S,自由边打磨,人工打磨N21,2181.0182976396213,2181.3628096396214,0.3445120000001225
N1-F32-3-1S,分拣,自动分拣N21,2183.86784782155,2185.44784782155,1.5799999999999272
N1-F32-3-1S,自动打磨,自动打磨N21,2185.44784782155,2187.0374839326614,1.5896361111113038
N1-F32-3-1S,桁架码垛,自动分拣N21,2187.0374839326614,2188.2074839326615,1.1700000000000728
N1-F18-4P-1P,自由边打磨,人工打磨N21,2181.3628096396214,2181.7292124601345,0.36640282051303075
N1-F32-4-1P,自由边打磨,人工打磨N21,2181.7292124601345,2182.1102081524423,0.38099569230780617
N1-F32-4-1S,自由边打磨,人工打磨N21,2182.1102081524423,2182.49120384475,0.38099569230780617
E01S-1238切割后的大件,天车吊运（胎架到成品区）,天车,2182.49120384475,2187.49120384475,5.0
N1-F36-1P-7BP,分拣,自动分拣N21,2210.575099556018,2212.155099556018,1.5799999999999272
N1-F36-1P-7BP,自动打磨,自动打磨N21,2212.155099556018,2213.5786313020494,1.4235317460315855
N1-F36-1P-7BP,桁架码垛,自动分拣N21,2213.5786313020494,2214.7486313020495,1.1700000000000728
N1-LG1-3W-1P,自由边打磨,人工打磨N21,2210.575099556018,2210.8487662226844,0.273666666666486
E01S-1213,天车空驶（胎架到原料区）,天车,2187.49120384475,2195.49120384475,8.0
E01S-1213,天车吊运（原料区到胎架）,天车,2195.49120384475,2198.49120384475,3.0
N1-F36-2S-7BS,分拣,自动分拣N21,2214.7486313020495,2216.3286313020494,1.5799999999999272
N1-F36-2S-7BS,自动打磨,自动打磨N21,2216.3286313020494,2218.1756945957004,1.84706329365099
N1-F36-2S-7BS,桁架码垛,自动分拣N21,2218.1756945957004,2219.3456945957005,1.1700000000000728
N1-LG1-3W-1S,自由边打磨,人工打磨N21,2210.8487662226844,2211.122432889351,0.273666666666486
E01S-1241切割后的大件,天车吊运（胎架到成品区）,天车,2211.122432889351,2216.122432889351,5.0
N1-F33-1SP-1SP,自由边打磨,人工打磨N21,2248.566542408027,2249.390132151617,0.8235897435897641
E01S-1213切割后的大件,天车空驶（成品区到胎架）,天车,2244.390132151617,2249.390132151617,5.0
E01S-1213切割后的大件,天车吊运（胎架到成品区）,天车,2249.390132151617,2254.390132151617,5.0
E01S-1237,天车空驶（胎架到原料区）,天车,2307.81240962636,2315.81240962636,8.0
E01S-1237,天车吊运（原料区到胎架）,天车,2315.81240962636,2318.81240962636,3.0
N1-F23-6P-1P,自由边打磨,人工打磨N51,2359.4905980414046,2359.8570008106353,0.36640276923071724
E01S-1236,天车空驶（胎架到原料区）,天车,2327.771771701256,2330.771771701256,3.0
E01S-1236,天车吊运（原料区到胎架）,天车,2330.771771701256,2333.771771701256,3.0
N1-F24-6P-1P,自由边打磨,人工打磨N51,2359.8570008106353,2360.2015128106354,0.3445120000001225
N1-F28-4-1P,自由边打磨,人工打磨N51,2360.2015128106354,2360.5460249644816,0.3445121538461535
E01S-1237切割后的大件,天车吊运（胎架到成品区）,天车,2360.5460249644816,2365.5460249644816,5.0
N1-F30-1SP-1SP,自由边打磨,人工打磨N51,2402.0796408324386,2402.660216422182,0.5805755897436029
E01S-1239,天车空驶（胎架到原料区）,天车,2365.5460249644816,2373.5460249644816,8.0
E01S-1239,天车吊运（原料区到胎架）,天车,2373.5460249644816,2376.5460249644816,3.0
E01S-1236切割后的大件,天车吊运（胎架到成品区）,天车,2402.660216422182,2407.660216422182,5.0
N1-F26-6P-1P,自由边打磨,人工打磨N51,2449.8692395694115,2450.2502352617194,0.38099569230780617
E01S-1228,天车空驶（胎架到原料区）,天车,2254.390132151617,2262.390132151617,8.0
E01S-1228,天车吊运（原料区到胎架）,天车,2262.390132151617,2265.390132151617,3.0
N1-F27-3-1P,自由边打磨,人工打磨N51,2450.2502352617194,2450.541840851463,0.2916055897435399
N1-F27-3-1S,自由边打磨,人工打磨N51,2450.541840851463,2450.8334464412064,0.2916055897435399
N1-F28-4-1S,自由边打磨,人工打磨N51,2450.8334464412064,2451.17204803095,0.33860158974357546
E01S-1239切割后的大件,天车吊运（胎架到成品区）,天车,2451.17204803095,2456.17204803095,5.0
N1-F19-3P-1P,自由边打磨,人工打磨N21,2315.200721929871,2315.841579058076,0.6408571282049706
N1-F20-6P-1P,自由边打磨,人工打磨N21,2315.841579058076,2316.6158945965376,0.7743155384614511
N1-F22-6P-1P,自由边打磨,人工打磨N21,2316.6158945965376,2317.390210134999,0.7743155384614511
N1-F30-2P-1P,自由边打磨,人工打磨N21,2317.390210134999,2318.1635495708965,0.7733394358974692
N1-JICH-1,分拣,自动分拣N21,2315.200721929871,2316.780721929871,1.5799999999999272
N1-JICH-1,自动打磨,自动打磨N21,2316.780721929871,2318.772524787014,1.9918028571428295
N1-JICH-1,桁架码垛,自动分拣N21,2318.772524787014,2319.942524787014,1.1700000000000728
E01S-1228切割后的大件,天车空驶（成品区到胎架）,天车,2333.771771701256,2338.771771701256,5.0
E01S-1228切割后的大件,天车吊运（胎架到成品区）,天车,2338.771771701256,2343.771771701256,5.0
E01S-1234,天车空驶（胎架到原料区）,天车,2407.660216422182,2415.660216422182,8.0
E01S-1234,天车吊运（原料区到胎架）,天车,2415.660216422182,2418.660216422182,3.0
N1-AG-5W-1P,自由边打磨,人工打磨N51,2504.1607686692882,2504.50528072057,0.34451205128198126
E01S-1242,天车空驶（胎架到原料区）,天车,2456.17204803095,2459.17204803095,3.0
E01S-1242,天车吊运（原料区到胎架）,天车,2459.17204803095,2462.17204803095,3.0
N1-AG-5W-1S,自由边打磨,人工打磨N51,2504.50528072057,2505.130262156468,0.6249814358975527
N1-LG2-3WP-1P,自由边打磨,人工打磨N51,2505.130262156468,2506.0567756949295,0.9265135384616769
E01S-1234切割后的大件,天车吊运（胎架到成品区）,天车,2506.0567756949295,2511.0567756949295,5.0
N1-F26-1B1P-1P,分拣,自动分拣N51,2593.6202964250265,2595.2002964250264,1.5799999999999272
N1-F26-1B1P-1P,自动打磨,自动打磨N51,2595.2002964250264,2596.623828171058,1.4235317460315855
N1-F26-1B1P-1P,桁架码垛,自动分拣N51,2596.623828171058,2597.793828171058,1.1700000000000728
N1-F26-5B1P-1P,分拣,自动分拣N51,2597.793828171058,2599.373828171058,1.5799999999999272
N1-F26-5B1P-1P,自动打磨,自动打磨N51,2599.373828171058,2600.7973599170896,1.4235317460315855
N1-F26-5B1P-1P,桁架码垛,自动分拣N51,2600.7973599170896,2601.9673599170897,1.1700000000000728
N1-F27-1B1P-1P,分拣,自动分拣N51,2601.9673599170897,2603.5473599170896,1.5799999999999272
N1-F27-1B1P-1P,自动打磨,自动打磨N51,2603.5473599170896,2605.6740115043913,2.1266515873016942
N1-F27-1B1P-1P,桁架码垛,自动分拣N51,2605.6740115043913,2606.8440115043913,1.1700000000000728
N1-F27-3B1P-1P,分拣,自动分拣N51,2606.8440115043913,2608.4240115043913,1.5799999999999272
N1-F27-3B1P-1P,自动打磨,自动打磨N51,2608.4240115043913,2610.550663091693,2.1266515873016942
N1-F27-3B1P-1P,桁架码垛,自动分拣N51,2610.550663091693,2611.720663091693,1.1700000000000728
N1-F28-5B1P-1P,分拣,自动分拣N51,2611.720663091693,2613.300663091693,1.5799999999999272
N1-F28-5B1P-1P,自动打磨,自动打磨N51,2613.300663091693,2615.4273146789947,2.1266515873016942
N1-F28-5B1P-1P,桁架码垛,自动分拣N51,2615.4273146789947,2616.5973146789947,1.1700000000000728
N1-F28-6B1-1P,分拣,自动分拣N51,2616.5973146789947,2618.1773146789947,1.5799999999999272
N1-F28-6B1-1P,自动打磨,自动打磨N51,2618.1773146789947,2620.3039662662964,2.1266515873016942
N1-F28-6B1-1P,桁架码垛,自动分拣N51,2620.3039662662964,2621.4739662662964,1.1700000000000728
N1-F30-3B1S-1S,分拣,自动分拣N51,2621.4739662662964,2623.0539662662964,1.5799999999999272
N1-F30-3B1S-1S,自动打磨,自动打磨N51,2623.0539662662964,2625.5148713456615,2.4609050793651477
N1-F30-3B1S-1S,桁架码垛,自动分拣N51,2625.5148713456615,2626.6848713456616,1.1700000000000728
N1-F30-5B1S-1S,分拣,自动分拣N51,2626.6848713456616,2628.2648713456615,1.5799999999999272
N1-F30-5B1S-1S,自动打磨,自动打磨N51,2628.2648713456615,2631.0859617424867,2.821090396825184
N1-F30-5B1S-1S,桁架码垛,自动分拣N51,2631.0859617424867,2632.2559617424868,1.1700000000000728
N1-F31-3B1-1P,分拣,自动分拣N51,2632.2559617424868,2633.8359617424867,1.5799999999999272
N1-F31-3B1-1P,自动打磨,自动打磨N51,2633.8359617424867,2636.4345403932803,2.59857865079357
N1-F31-3B1-1P,桁架码垛,自动分拣N51,2636.4345403932803,2637.6045403932803,1.1700000000000728
N1-F31-4B1-1P,分拣,自动分拣N51,2637.6045403932803,2639.1845403932803,1.5799999999999272
N1-F31-4B1-1P,自动打磨,自动打磨N51,2639.1845403932803,2642.0083645202644,2.8238241269841637
N1-F31-4B1-1P,桁架码垛,自动分拣N51,2642.0083645202644,2643.1783645202645,1.1700000000000728
N1-F32-1B1P-1P,分拣,自动分拣N51,2643.1783645202645,2644.7583645202644,1.5799999999999272
N1-F32-1B1P-1P,自动打磨,自动打磨N51,2644.7583645202644,2647.4712220599467,2.712857539682318
N1-F32-1B1P-1P,桁架码垛,自动分拣N51,2647.4712220599467,2648.641222059947,1.1700000000000728
N1-F36-1P-2BP,分拣,自动分拣N51,2648.641222059947,2650.2212220599467,1.5799999999999272
N1-F36-1P-2BP,自动打磨,自动打磨N51,2650.2212220599467,2652.2482799964546,2.0270579365078447
N1-F36-1P-2BP,桁架码垛,自动分拣N51,2652.2482799964546,2653.4182799964547,1.1700000000000728
N1-F36-1P-4BP,分拣,自动分拣N51,2653.4182799964547,2654.9982799964546,1.5799999999999272
N1-F36-1P-4BP,自动打磨,自动打磨N51,2654.9982799964546,2656.421811742486,1.4235317460315855
N1-F36-1P-4BP,桁架码垛,自动分拣N51,2656.421811742486,2657.5918117424862,1.1700000000000728
N1-F28-6B1-1S,分拣,自动分拣N51,2657.5918117424862,2659.171811742486,1.5799999999999272
N1-F28-6B1-1S,自动打磨,自动打磨N51,2659.171811742486,2661.298463329788,2.1266515873016942
N1-F28-6B1-1S,桁架码垛,自动分拣N51,2661.298463329788,2662.468463329788,1.1700000000000728
N1-F29-5B1S-1S,分拣,自动分拣N51,2662.468463329788,2664.048463329788,1.5799999999999272
N1-F29-5B1S-1S,自动打磨,自动打磨N51,2664.048463329788,2666.1751149170896,2.1266515873016942
N1-F29-5B1S-1S,桁架码垛,自动分拣N51,2666.1751149170896,2667.3451149170896,1.1700000000000728
N1-F29-6B1S-1S,分拣,自动分拣N51,2667.3451149170896,2668.9251149170896,1.5799999999999272
N1-F29-6B1S-1S,自动打磨,自动打磨N51,2668.9251149170896,2671.74159555201,2.816480634920481
N1-F29-6B1S-1S,桁架码垛,自动分拣N51,2671.74159555201,2672.91159555201,1.1700000000000728
N1-F29-8B1S-1S,分拣,自动分拣N51,2672.91159555201,2674.49159555201,1.5799999999999272
N1-F29-8B1S-1S,自动打磨,自动打磨N51,2674.49159555201,2676.9216362662955,2.4300407142854965
N1-F29-8B1S-1S,桁架码垛,自动分拣N51,2676.9216362662955,2678.0916362662956,1.1700000000000728
N1-F31-3B1-1S,分拣,自动分拣N51,2678.0916362662956,2679.6716362662955,1.5799999999999272
N1-F31-3B1-1S,自动打磨,自动打磨N51,2679.6716362662955,2682.270214917089,2.59857865079357
N1-F31-3B1-1S,桁架码垛,自动分拣N51,2682.270214917089,2683.440214917089,1.1700000000000728
N1-F31-4B1-1S,分拣,自动分拣N51,2683.440214917089,2685.020214917089,1.5799999999999272
N1-F31-4B1-1S,自动打磨,自动打磨N51,2685.020214917089,2687.8440388853433,2.823823968254146
N1-F31-4B1-1S,桁架码垛,自动分拣N51,2687.8440388853433,2689.0140388853433,1.1700000000000728
N1-F32-1B2S-1S,分拣,自动分拣N51,2689.0140388853433,2690.5940388853433,1.5799999999999272
N1-F32-1B2S-1S,自动打磨,自动打磨N51,2690.5940388853433,2693.3047361869308,2.7106973015875155
N1-F32-1B2S-1S,桁架码垛,自动分拣N51,2693.3047361869308,2694.474736186931,1.1700000000000728
N1-F36-2S-3BS,分拣,自动分拣N51,2694.474736186931,2696.0547361869308,1.5799999999999272
N1-F36-2S-3BS,自动打磨,自动打磨N51,2696.0547361869308,2697.4782679329624,1.4235317460315855
N1-F36-2S-3BS,桁架码垛,自动分拣N51,2697.4782679329624,2698.6482679329624,1.1700000000000728
N1-F36-2S-6BS,分拣,自动分拣N51,2698.6482679329624,2700.2282679329624,1.5799999999999272
N1-F36-2S-6BS,自动打磨,自动打磨N51,2700.2282679329624,2702.2666684091528,2.038400476190418
N1-F36-2S-6BS,桁架码垛,自动分拣N51,2702.2666684091528,2703.436668409153,1.1700000000000728
E01S-1245,天车空驶（胎架到原料区）,天车,2265.390132151617,2273.390132151617,8.0
E01S-1245,天车吊运（原料区到胎架）,天车,2273.390132151617,2276.390132151617,3.0
N1-950-1S-1S,分拣,自动分拣N21,2323.405716100285,2324.985716100285,1.5799999999999272
N1-950-1S-1S,自动打磨,自动打磨N21,2324.985716100285,2328.371661259015,3.38594515873001
N1-950-1S-1S,桁架码垛,自动分拣N21,2328.371661259015,2329.541661259015,1.1700000000000728
E01S-1207,天车空驶（胎架到原料区）,天车,2343.771771701256,2346.771771701256,3.0
E01S-1207,天车吊运（原料区到胎架）,天车,2346.771771701256,2349.771771701256,3.0
N1-MG-6SP-1SP,自由边打磨,人工打磨N21,2362.9986968004623,2363.670640338924,0.671943538461619
E01S-1232,天车空驶（胎架到原料区）,天车,2349.771771701256,2352.771771701256,3.0
E01S-1232,天车吊运（原料区到胎架）,天车,2352.771771701256,2355.771771701256,3.0
E01S-1207切割后的大件,天车吊运（胎架到坡口区）,天车,2376.5460249644816,2379.5460249644816,3.0
N1-MG-6SP-1SP,人工坡口,人工坡口1,2379.5460249644816,2398.5920089644815,19.045983999999862
E01S-1207切割后的大件,天车吊运（坡口区到成品区）,天车,2418.660216422182,2423.660216422182,5.0
N1-F18-5S-1S,自由边打磨,人工打磨N21,2436.1525935478858,2437.0553859581423,0.9027924102565521
N1-F19-4S-1S,自由边打磨,人工打磨N21,2437.0553859581423,2438.0881799581425,1.0327940000001945
N1-F20-7S-1S,自由边打磨,人工打磨N21,2438.0881799581425,2438.395872265835,0.30769230769237765
N1-F22-7S-1S,自由边打磨,人工打磨N21,2438.395872265835,2439.428666317117,1.0327940512820533
N1-F23-7S-1S,自由边打磨,人工打磨N21,2439.428666317117,2440.1347936504503,0.7061273333333702
N1-F24-7S-1S,自由边打磨,人工打磨N21,2440.1347936504503,2440.4793057530146,0.34451210256429476
E01S-1232切割后的大件,天车空驶（成品区到胎架）,天车,2435.4793057530146,2440.4793057530146,5.0
E01S-1232切割后的大件,天车吊运（胎架到成品区）,天车,2440.4793057530146,2445.4793057530146,5.0
E01S-1224,天车空驶（胎架到原料区）,天车,2511.0567756949295,2519.0567756949295,8.0
E01S-1224,天车吊运（原料区到胎架）,天车,2519.0567756949295,2522.0567756949295,3.0
N1-LG32-1-1P,自由边打磨,人工打磨N51,2619.2233902424878,2620.005199216847,0.7818089743591372
E01S-1217,天车空驶（胎架到原料区）,天车,2379.5460249644816,2382.5460249644816,3.0
E01S-1217,天车吊运（原料区到胎架）,天车,2382.5460249644816,2385.5460249644816,3.0
N1-LG32-1-1S,自由边打磨,人工打磨N51,2620.005199216847,2620.162212601462,0.15701338461531122
E01S-1224切割后的大件,天车吊运（胎架到成品区）,天车,2620.162212601462,2625.162212601462,5.0
N1-STR-1D1P-1P,分拣,自动分拣N21,2439.1710615128904,2440.7510615128904,1.5799999999999272
N1-STR-1D1P-1P,自动打磨,自动打磨N21,2440.7510615128904,2442.261524052573,1.5104625396825213
N1-STR-1D1P-1P,桁架码垛,自动分拣N21,2442.261524052573,2443.431524052573,1.1700000000000728
N1-STR-1D1S-1S,分拣,自动分拣N21,2443.431524052573,2445.011524052573,1.5799999999999272
N1-STR-1D1S-1S,自动打磨,自动打磨N21,2445.011524052573,2446.5219867509854,1.5104626984125389
N1-STR-1D1S-1S,桁架码垛,自动分拣N21,2446.5219867509854,2447.6919867509855,1.1700000000000728
T63S-4089,天车空驶（胎架到原料区）,天车,2625.162212601462,2633.162212601462,8.0
T63S-4089,天车吊运（原料区到胎架）,天车,2633.162212601462,2636.162212601462,3.0
STA238FC-F240-1SP-4SP,分拣,自动分拣N51,2703.436668409153,2705.0166684091528,1.5799999999999272
STA238FC-F240-1SP-4SP,自动打磨,自动打磨N51,2705.0166684091528,2706.0166684091528,1.0
STA238FC-F240-1SP-4SP,桁架码垛,自动分拣N51,2706.0166684091528,2707.186668409153,1.1700000000000728
STA238FC-F240-1SP-6SP,分拣,自动分拣N51,2707.186668409153,2708.7666684091528,1.5799999999999272
STA238FC-F240-1SP-6SP,自动打磨,自动打磨N51,2708.7666684091528,2709.7666684091528,1.0
STA238FC-F240-1SP-6SP,桁架码垛,自动分拣N51,2709.7666684091528,2710.936668409153,1.1700000000000728
STA238FC-F240-3-1P,分拣,自动分拣N51,2710.936668409153,2712.5166684091528,1.5799999999999272
STA238FC-F240-3-1P,自动打磨,自动打磨N51,2712.5166684091528,2713.5166684091528,1.0
STA238FC-F240-3-1P,桁架码垛,自动分拣N51,2713.5166684091528,2714.686668409153,1.1700000000000728
STA238FC-F240-3-1S,分拣,自动分拣N51,2714.686668409153,2716.2666684091528,1.5799999999999272
STA238FC-F240-3-1S,自动打磨,自动打磨N51,2716.2666684091528,2717.2666684091528,1.0
STA238FC-F240-3-1S,桁架码垛,自动分拣N51,2717.2666684091528,2718.436668409153,1.1700000000000728
STA238FC-F240-4P-1P,分拣,自动分拣N51,2718.436668409153,2720.0166684091528,1.5799999999999272
STA238FC-F240-4P-1P,自动打磨,自动打磨N51,2720.0166684091528,2721.0166684091528,1.0
STA238FC-F240-4P-1P,桁架码垛,自动分拣N51,2721.0166684091528,2722.186668409153,1.1700000000000728
T63S-4101,天车空驶（胎架到原料区）,天车,2697.436668409153,2700.436668409153,3.0
T63S-4101,天车吊运（原料区到胎架）,天车,2700.436668409153,2703.436668409153,3.0
STA238FC-F238-1SP-1BSP,分拣,自动分拣N51,2732.1865086206185,2733.7665086206184,1.5799999999999272
STA238FC-F238-1SP-1BSP,自动打磨,自动打磨N51,2733.7665086206184,2736.3171746523644,2.5506660317460046
STA238FC-F238-1SP-1BSP,桁架码垛,自动分拣N51,2736.3171746523644,2737.4871746523645,1.1700000000000728
STA238FC-F238-1SP-2BSP,分拣,自动分拣N51,2737.4871746523645,2739.0671746523644,1.5799999999999272
STA238FC-F238-1SP-2BSP,自动打磨,自动打磨N51,2739.0671746523644,2741.6178407634757,2.5506661111112408
STA238FC-F238-1SP-2BSP,桁架码垛,自动分拣N51,2741.6178407634757,2742.7878407634757,1.1700000000000728
STA238FC-F238-1SP-3BSP,分拣,自动分拣N51,2742.7878407634757,2744.3678407634757,1.5799999999999272
STA238FC-F238-1SP-3BSP,自动打磨,自动打磨N51,2744.3678407634757,2746.918506874587,2.5506661111112408
STA238FC-F238-1SP-3BSP,桁架码垛,自动分拣N51,2746.918506874587,2748.088506874587,1.1700000000000728
STA238FC-F238-1SP-4BSP,分拣,自动分拣N51,2748.088506874587,2749.668506874587,1.5799999999999272
STA238FC-F238-1SP-4BSP,自动打磨,自动打磨N51,2749.668506874587,2752.219172985698,2.5506661111112408
STA238FC-F238-1SP-4BSP,桁架码垛,自动分拣N51,2752.219172985698,2753.389172985698,1.1700000000000728
STA238FC-F240-1SP-1BSP,分拣,自动分拣N51,2753.389172985698,2754.969172985698,1.5799999999999272
STA238FC-F240-1SP-1BSP,自动打磨,自动打磨N51,2754.969172985698,2757.519839017444,2.5506660317460046
STA238FC-F240-1SP-1BSP,桁架码垛,自动分拣N51,2757.519839017444,2758.6898390174442,1.1700000000000728
STA238FC-F240-1SP-2BSP,分拣,自动分拣N51,2758.6898390174442,2760.269839017444,1.5799999999999272
STA238FC-F240-1SP-2BSP,自动打磨,自动打磨N51,2760.269839017444,2762.8205051285554,2.5506661111112408
STA238FC-F240-1SP-2BSP,桁架码垛,自动分拣N51,2762.8205051285554,2763.9905051285555,1.1700000000000728
STA238FC-F240-1SP-3BSP,分拣,自动分拣N51,2763.9905051285555,2765.5705051285554,1.5799999999999272
STA238FC-F240-1SP-3BSP,自动打磨,自动打磨N51,2765.5705051285554,2768.1211711603014,2.5506660317460046
STA238FC-F240-1SP-3BSP,桁架码垛,自动分拣N51,2768.1211711603014,2769.2911711603015,1.1700000000000728
STA238FC-F240-1SP-4BSP,分拣,自动分拣N51,2769.2911711603015,2770.8711711603014,1.5799999999999272
STA238FC-F240-1SP-4BSP,自动打磨,自动打磨N51,2770.8711711603014,2773.4218372714126,2.5506661111112408
STA238FC-F240-1SP-4BSP,桁架码垛,自动分拣N51,2773.4218372714126,2774.5918372714127,1.1700000000000728
STA238FC-F240-1SP-5BSP,分拣,自动分拣N51,2774.5918372714127,2776.1718372714126,1.5799999999999272
STA238FC-F240-1SP-5BSP,自动打磨,自动打磨N51,2776.1718372714126,2778.702709573,2.530872301587351
STA238FC-F240-1SP-5BSP,桁架码垛,自动分拣N51,2778.702709573,2779.872709573,1.1700000000000728
STA238FC-F240-1SP-6BSP,分拣,自动分拣N51,2779.872709573,2781.452709573,1.5799999999999272
STA238FC-F240-1SP-6BSP,自动打磨,自动打磨N51,2781.452709573,2783.9835820333174,2.5308724603173687
STA238FC-F240-1SP-6BSP,桁架码垛,自动分拣N51,2783.9835820333174,2785.1535820333174,1.1700000000000728
STA238FC-F240-1SP-7BSP,分拣,自动分拣N51,2785.1535820333174,2786.7335820333174,1.5799999999999272
STA238FC-F240-1SP-7BSP,自动打磨,自动打磨N51,2786.7335820333174,2789.2644543349047,2.530872301587351
STA238FC-F240-1SP-7BSP,桁架码垛,自动分拣N51,2789.2644543349047,2790.434454334905,1.1700000000000728
STA238FC-F240-1SP-8BSP,分拣,自动分拣N51,2790.434454334905,2792.0144543349047,1.5799999999999272
STA238FC-F240-1SP-8BSP,自动打磨,自动打磨N51,2792.0144543349047,2794.5453267158573,2.5308723809525873
STA238FC-F240-1SP-8BSP,桁架码垛,自动分拣N51,2794.5453267158573,2795.7153267158574,1.1700000000000728
STA238FC-AG-1-1P,分拣,自动分拣N51,2795.7153267158574,2797.2953267158573,1.5799999999999272
STA238FC-AG-1-1P,自动打磨,自动打磨N51,2797.2953267158573,2799.823763223794,2.528436507936476
STA238FC-AG-1-1P,桁架码垛,自动分拣N51,2799.823763223794,2800.993763223794,1.1700000000000728
STA238FC-AG-1-1S,分拣,自动分拣N51,2800.993763223794,2802.573763223794,1.5799999999999272
STA238FC-AG-1-1S,自动打磨,自动打磨N51,2802.573763223794,2805.1021997317303,2.528436507936476
STA238FC-AG-1-1S,桁架码垛,自动分拣N51,2805.1021997317303,2806.2721997317303,1.1700000000000728
STA238FC-CG-1-1P,分拣,自动分拣N51,2806.2721997317303,2807.8521997317303,1.5799999999999272
STA238FC-CG-1-1P,自动打磨,自动打磨N51,2807.8521997317303,2810.3806362396667,2.528436507936476
STA238FC-CG-1-1P,桁架码垛,自动分拣N51,2810.3806362396667,2811.550636239667,1.1700000000000728
STA238FC-CG-1-1S,分拣,自动分拣N51,2811.550636239667,2813.1306362396667,1.5799999999999272
STA238FC-CG-1-1S,自动打磨,自动打磨N51,2813.1306362396667,2815.659072747603,2.528436507936476
STA238FC-CG-1-1S,桁架码垛,自动分拣N51,2815.659072747603,2816.8290727476033,1.1700000000000728
T63S-4102,天车空驶（胎架到原料区）,天车,2716.186668409153,2719.186668409153,3.0
T63S-4102,天车吊运（原料区到胎架）,天车,2719.186668409153,2722.186668409153,3.0
STA238FC-ADD-1SP-1SP,自由边打磨,人工打磨N51,2768.1996638428122,2773.761042509479,5.561378666666769
T63S-4099,天车空驶（胎架到原料区）,天车,2462.17204803095,2465.17204803095,3.0
T63S-4099,天车吊运（原料区到胎架）,天车,2465.17204803095,2468.17204803095,3.0
T63S-4102切割后的大件,天车吊运（胎架到成品区）,天车,2773.761042509479,2778.761042509479,5.0
STA238FC-F240-1SP-1SP,自由边打磨,人工打磨N21,2504.6176975870617,2505.644473074241,1.0267754871792931
T63S-4098,天车空驶（胎架到原料区）,天车,2468.17204803095,2476.17204803095,8.0
T63S-4098,天车吊运（原料区到胎架）,天车,2476.17204803095,2479.17204803095,3.0
T63S-4099切割后的大件,天车吊运（胎架到成品区）,天车,2522.0567756949295,2527.0567756949295,5.0
STA238FC-F238-1SP-1SP,自由边打磨,人工打磨N21,2541.0713145734103,2542.0980900605896,1.0267754871792931
T63S-4100,天车空驶（胎架到原料区）,天车,2527.0567756949295,2535.0567756949295,8.0
T63S-4100,天车吊运（原料区到胎架）,天车,2535.0567756949295,2538.0567756949295,3.0
T63S-4098切割后的大件,天车吊运（胎架到成品区）,天车,2542.0980900605896,2547.0980900605896,5.0
STA238FC-F238-CG1-1P,分拣,自动分拣N21,2590.086540289387,2591.666540289387,1.5799999999999272
STA238FC-F238-CG1-1P,自动打磨,自动打磨N21,2591.666540289387,2592.909537194149,1.2429969047620943
STA238FC-F238-CG1-1P,桁架码垛,自动分拣N21,2592.909537194149,2594.079537194149,1.1700000000000728
STA238FC-F238-CG1-1S,分拣,自动分拣N21,2594.079537194149,2595.659537194149,1.5799999999999272
STA238FC-F238-CG1-1S,自动打磨,自动打磨N21,2595.659537194149,2596.902534019546,1.2429968253968582
STA238FC-F238-CG1-1S,桁架码垛,自动分拣N21,2596.902534019546,2598.072534019546,1.1700000000000728
STA238FC-F238-CG1D1-1P,分拣,自动分拣N21,2598.072534019546,2599.652534019546,1.5799999999999272
STA238FC-F238-CG1D1-1P,自动打磨,自动打磨N21,2599.652534019546,2601.8624765592285,2.209942539682743
STA238FC-F238-CG1D1-1P,桁架码垛,自动分拣N21,2601.8624765592285,2603.0324765592286,1.1700000000000728
STA238FC-F238-CG1D1-1S,分拣,自动分拣N21,2603.0324765592286,2604.6124765592285,1.5799999999999272
STA238FC-F238-CG1D1-1S,自动打磨,自动打磨N21,2604.6124765592285,2606.8224190989113,2.209942539682743
STA238FC-F238-CG1D1-1S,桁架码垛,自动分拣N21,2606.8224190989113,2607.9924190989113,1.1700000000000728
STA238FC-F238-CG2-1P,分拣,自动分拣N21,2607.9924190989113,2609.5724190989113,1.5799999999999272
STA238FC-F238-CG2-1P,自动打磨,自动打磨N21,2609.5724190989113,2610.815415924308,1.2429968253968582
STA238FC-F238-CG2-1P,桁架码垛,自动分拣N21,2610.815415924308,2611.985415924308,1.1700000000000728
STA238FC-F238-CG2-1S,分拣,自动分拣N21,2611.985415924308,2613.565415924308,1.5799999999999272
STA238FC-F238-CG2-1S,自动打磨,自动打磨N21,2613.565415924308,2614.80841282907,1.2429969047620943
STA238FC-F238-CG2-1S,桁架码垛,自动分拣N21,2614.80841282907,2615.9784128290703,1.1700000000000728
STA238FC-F238-CG2D1-1P,分拣,自动分拣N21,2615.9784128290703,2617.55841282907,1.5799999999999272
STA238FC-F238-CG2D1-1P,自动打磨,自动打磨N21,2617.55841282907,2619.7683552893877,2.2099424603175066
STA238FC-F238-CG2D1-1P,桁架码垛,自动分拣N21,2619.7683552893877,2620.938355289388,1.1700000000000728
STA238FC-F238-CG2D1-1S,分拣,自动分拣N21,2620.938355289388,2622.5183552893877,1.5799999999999272
STA238FC-F238-CG2D1-1S,自动打磨,自动打磨N21,2622.5183552893877,2624.7282978290705,2.209942539682743
STA238FC-F238-CG2D1-1S,桁架码垛,自动分拣N21,2624.7282978290705,2625.8982978290705,1.1700000000000728
STA238FC-F238-CG3-1P,分拣,自动分拣N21,2625.8982978290705,2627.4782978290705,1.5799999999999272
STA238FC-F238-CG3-1P,自动打磨,自动打磨N21,2627.4782978290705,2628.7212946544673,1.2429968253968582
STA238FC-F238-CG3-1P,桁架码垛,自动分拣N21,2628.7212946544673,2629.8912946544674,1.1700000000000728
STA238FC-F238-CG3-1S,分拣,自动分拣N21,2629.8912946544674,2631.4712946544673,1.5799999999999272
STA238FC-F238-CG3-1S,自动打磨,自动打磨N21,2631.4712946544673,2632.7142915592294,1.2429969047620943
STA238FC-F238-CG3-1S,桁架码垛,自动分拣N21,2632.7142915592294,2633.8842915592295,1.1700000000000728
STA238FC-F238-CG3D1-1P,分拣,自动分拣N21,2633.8842915592295,2635.4642915592294,1.5799999999999272
STA238FC-F238-CG3D1-1P,自动打磨,自动打磨N21,2635.4642915592294,2637.674234098912,2.209942539682743
STA238FC-F238-CG3D1-1P,桁架码垛,自动分拣N21,2637.674234098912,2638.8442340989122,1.1700000000000728
STA238FC-F238-CG3D1-1S,分拣,自动分拣N21,2638.8442340989122,2640.424234098912,1.5799999999999272
STA238FC-F238-CG3D1-1S,自动打磨,自动打磨N21,2640.424234098912,2642.6341765592297,2.2099424603175066
STA238FC-F238-CG3D1-1S,桁架码垛,自动分拣N21,2642.6341765592297,2643.8041765592297,1.1700000000000728
STA238FC-F238-CG4D1SP-1S,分拣,自动分拣N21,2643.8041765592297,2645.3841765592297,1.5799999999999272
STA238FC-F238-CG4D1SP-1S,自动打磨,自动打磨N21,2645.3841765592297,2647.5941190989124,2.209942539682743
STA238FC-F238-CG4D1SP-1S,桁架码垛,自动分拣N21,2647.5941190989124,2648.7641190989125,1.1700000000000728
STA238FC-F238-CG4SP-1SP,分拣,自动分拣N21,2648.7641190989125,2650.3441190989124,1.5799999999999272
STA238FC-F238-CG4SP-1SP,自动打磨,自动打磨N21,2650.3441190989124,2651.5871160036745,1.2429969047620943
STA238FC-F238-CG4SP-1SP,桁架码垛,自动分拣N21,2651.5871160036745,2652.7571160036746,1.1700000000000728
STA238FC-F240-CG1-1P,分拣,自动分拣N21,2652.7571160036746,2654.3371160036745,1.5799999999999272
STA238FC-F240-CG1-1P,自动打磨,自动打磨N21,2654.3371160036745,2655.5801128290714,1.2429968253968582
STA238FC-F240-CG1-1P,桁架码垛,自动分拣N21,2655.5801128290714,2656.7501128290714,1.1700000000000728
STA238FC-F240-CG1-1S,分拣,自动分拣N21,2656.7501128290714,2658.3301128290714,1.5799999999999272
STA238FC-F240-CG1-1S,自动打磨,自动打磨N21,2658.3301128290714,2659.5731097338335,1.2429969047620943
STA238FC-F240-CG1-1S,桁架码垛,自动分拣N21,2659.5731097338335,2660.7431097338335,1.1700000000000728
STA238FC-F240-CG1D1-1P,分拣,自动分拣N21,2660.7431097338335,2662.3231097338335,1.5799999999999272
STA238FC-F240-CG1D1-1P,自动打磨,自动打磨N21,2662.3231097338335,2664.533052194151,2.2099424603175066
STA238FC-F240-CG1D1-1P,桁架码垛,自动分拣N21,2664.533052194151,2665.703052194151,1.1700000000000728
STA238FC-F240-CG1D1-1S,分拣,自动分拣N21,2665.703052194151,2667.283052194151,1.5799999999999272
STA238FC-F240-CG1D1-1S,自动打磨,自动打磨N21,2667.283052194151,2669.4929947338337,2.209942539682743
STA238FC-F240-CG1D1-1S,桁架码垛,自动分拣N21,2669.4929947338337,2670.662994733834,1.1700000000000728
STA238FC-F240-CG2-1P,分拣,自动分拣N21,2670.662994733834,2672.2429947338337,1.5799999999999272
STA238FC-F240-CG2-1P,自动打磨,自动打磨N21,2672.2429947338337,2673.4859915592306,1.2429968253968582
STA238FC-F240-CG2-1P,桁架码垛,自动分拣N21,2673.4859915592306,2674.6559915592306,1.1700000000000728
STA238FC-F240-CG2-1S,分拣,自动分拣N21,2674.6559915592306,2676.2359915592306,1.5799999999999272
STA238FC-F240-CG2-1S,自动打磨,自动打磨N21,2676.2359915592306,2677.4789884639927,1.2429969047620943
STA238FC-F240-CG2-1S,桁架码垛,自动分拣N21,2677.4789884639927,2678.6489884639927,1.1700000000000728
STA238FC-F240-CG2D1-1P,分拣,自动分拣N21,2678.6489884639927,2680.2289884639927,1.5799999999999272
STA238FC-F240-CG2D1-1P,自动打磨,自动打磨N21,2680.2289884639927,2682.4389310036754,2.209942539682743
STA238FC-F240-CG2D1-1P,桁架码垛,自动分拣N21,2682.4389310036754,2683.6089310036755,1.1700000000000728
STA238FC-F240-CG2D1-1S,分拣,自动分拣N21,2683.6089310036755,2685.1889310036754,1.5799999999999272
STA238FC-F240-CG2D1-1S,自动打磨,自动打磨N21,2685.1889310036754,2687.398873543358,2.209942539682743
STA238FC-F240-CG2D1-1S,桁架码垛,自动分拣N21,2687.398873543358,2688.568873543358,1.1700000000000728
STA238FC-F240-CG3-1P,分拣,自动分拣N21,2688.568873543358,2690.148873543358,1.5799999999999272
STA238FC-F240-CG3-1P,自动打磨,自动打磨N21,2690.148873543358,2691.3918704481202,1.2429969047620943
STA238FC-F240-CG3-1P,桁架码垛,自动分拣N21,2691.3918704481202,2692.5618704481203,1.1700000000000728
STA238FC-F240-CG3-1S,分拣,自动分拣N21,2692.5618704481203,2694.1418704481202,1.5799999999999272
STA238FC-F240-CG3-1S,自动打磨,自动打磨N21,2694.1418704481202,2695.384867273517,1.2429968253968582
STA238FC-F240-CG3-1S,桁架码垛,自动分拣N21,2695.384867273517,2696.554867273517,1.1700000000000728
STA238FC-F240-CG3D1-1P,分拣,自动分拣N21,2696.554867273517,2698.134867273517,1.5799999999999272
STA238FC-F240-CG3D1-1P,自动打磨,自动打磨N21,2698.134867273517,2700.3448098132,2.209942539682743
STA238FC-F240-CG3D1-1P,桁架码垛,自动分拣N21,2700.3448098132,2701.5148098132,1.1700000000000728
STA238FC-F240-CG3D1-1S,分拣,自动分拣N21,2701.5148098132,2703.0948098132,1.5799999999999272
STA238FC-F240-CG3D1-1S,自动打磨,自动打磨N21,2703.0948098132,2705.3047522735174,2.2099424603175066
STA238FC-F240-CG3D1-1S,桁架码垛,自动分拣N21,2705.3047522735174,2706.4747522735174,1.1700000000000728
STA238FC-F240-CG4D1SP-1S,分拣,自动分拣N21,2706.4747522735174,2708.0547522735174,1.5799999999999272
STA238FC-F240-CG4D1SP-1S,自动打磨,自动打磨N21,2708.0547522735174,2710.2646948132,2.209942539682743
STA238FC-F240-CG4D1SP-1S,桁架码垛,自动分拣N21,2710.2646948132,2711.4346948132,1.1700000000000728
STA238FC-F240-CG4SP-1SP,分拣,自动分拣N21,2711.4346948132,2713.0146948132,1.5799999999999272
STA238FC-F240-CG4SP-1SP,自动打磨,自动打磨N21,2713.0146948132,2714.257691717962,1.2429969047620943
STA238FC-F240-CG4SP-1SP,桁架码垛,自动分拣N21,2714.257691717962,2715.4276917179623,1.1700000000000728
STA238FC-F238A-2P-1P,分拣,自动分拣N21,2715.4276917179623,2717.007691717962,1.5799999999999272
STA238FC-F238A-2P-1P,自动打磨,自动打磨N21,2717.007691717962,2720.356467590978,3.348775873015711
STA238FC-F238A-2P-1P,桁架码垛,自动分拣N21,2720.356467590978,2721.526467590978,1.1700000000000728
STA238FC-F238A-3SP-1SP,分拣,自动分拣N21,2721.526467590978,2723.106467590978,1.5799999999999272
STA238FC-F238A-3SP-1SP,自动打磨,自动打磨N21,2723.106467590978,2725.509155924311,2.402688333333117
STA238FC-F238A-3SP-1SP,桁架码垛,自动分拣N21,2725.509155924311,2726.679155924311,1.1700000000000728
STA238FC-F238A-4S-1S,分拣,自动分拣N21,2726.679155924311,2728.259155924311,1.5799999999999272
STA238FC-F238A-4S-1S,自动打磨,自动打磨N21,2728.259155924311,2731.612917908438,3.353761984126777
STA238FC-F238A-4S-1S,桁架码垛,自动分拣N21,2731.612917908438,2732.782917908438,1.1700000000000728
STA238FC-F240A-1SP-1SP,分拣,自动分拣N21,2732.782917908438,2734.362917908438,1.5799999999999272
STA238FC-F240A-1SP-1SP,自动打磨,自动打磨N21,2734.362917908438,2737.1712586227236,2.808340714285805
STA238FC-F240A-1SP-1SP,桁架码垛,自动分拣N21,2737.1712586227236,2738.3412586227237,1.1700000000000728
STA238FC-F240A-2P-1P,分拣,自动分拣N21,2738.3412586227237,2739.9212586227236,1.5799999999999272
STA238FC-F240A-2P-1P,自动打磨,自动打磨N21,2739.9212586227236,2743.27003465447,3.3487760317461834
STA238FC-F240A-2P-1P,桁架码垛,自动分拣N21,2743.27003465447,2744.44003465447,1.1700000000000728
STA238FC-F240A-4S-1S,分拣,自动分拣N21,2744.44003465447,2746.02003465447,1.5799999999999272
STA238FC-F240A-4S-1S,自动打磨,自动打磨N21,2746.02003465447,2749.373796559232,3.3537619047619955
STA238FC-F240A-4S-1S,桁架码垛,自动分拣N21,2749.373796559232,2750.543796559232,1.1700000000000728
STA238FC-R3-1B1P-1P,分拣,自动分拣N21,2750.543796559232,2752.123796559232,1.5799999999999272
STA238FC-R3-1B1P-1P,自动打磨,自动打磨N21,2752.123796559232,2754.302557590978,2.178761031746035
STA238FC-R3-1B1P-1P,桁架码垛,自动分拣N21,2754.302557590978,2755.472557590978,1.1700000000000728
T63S-4103,天车空驶（胎架到原料区）,天车,2547.0980900605896,2555.0980900605896,8.0
T63S-4103,天车吊运（原料区到胎架）,天车,2555.0980900605896,2558.0980900605896,3.0
STA238FC-BG-1-1P,自由边打磨,人工打磨N21,2641.3784678517204,2645.0810408773614,3.702573025640959
STA238FC-BG-1-1S,自由边打磨,人工打磨N21,2645.0810408773614,2648.6386172876178,3.557576410256388
STA238FC-MG-1SP-1SP,自由边打磨,人工打磨N21,2648.6386172876178,2652.0847800568486,3.4461627692307957
STA238FC-BG-2WP-2P,分拣,自动分拣N21,2755.472557590978,2757.052557590978,1.5799999999999272
STA238FC-BG-2WP-2P,自动打磨,自动打磨N21,2757.052557590978,2759.8660144163746,2.81345682539677
STA238FC-BG-2WP-2P,桁架码垛,自动分拣N21,2759.8660144163746,2761.0360144163747,1.1700000000000728
STA238FC-BG-3WS-2S,分拣,自动分拣N21,2761.0360144163747,2762.6160144163746,1.5799999999999272
STA238FC-BG-3WS-2S,自动打磨,自动打磨N21,2762.6160144163746,2765.4294712417714,2.81345682539677
STA238FC-BG-3WS-2S,桁架码垛,自动分拣N21,2765.4294712417714,2766.5994712417714,1.1700000000000728
STA238FC-MG-2WSP-2SP,分拣,自动分拣N21,2766.5994712417714,2768.1794712417714,1.5799999999999272
STA238FC-MG-2WSP-2SP,自动打磨,自动打磨N21,2768.1794712417714,2770.992928067168,2.81345682539677
STA238FC-MG-2WSP-2SP,桁架码垛,自动分拣N21,2770.992928067168,2772.162928067168,1.1700000000000728
T63S-4103切割后的大件,天车吊运（胎架到成品区）,天车,2652.0847800568486,2657.0847800568486,5.0
T63S-4088,天车空驶（胎架到原料区）,天车,2778.761042509479,2786.761042509479,8.0
T63S-4088,天车吊运（原料区到胎架）,天车,2786.761042509479,2789.761042509479,3.0
STA238FC-F238A-3SP-2SP,分拣,自动分拣N51,2816.8290727476033,2818.409072747603,1.5799999999999272
STA238FC-F238A-3SP-2SP,自动打磨,自动打磨N51,2818.409072747603,2820.396838382524,1.9877656349208337
STA238FC-F238A-3SP-2SP,桁架码垛,自动分拣N51,2820.396838382524,2821.566838382524,1.1700000000000728
STA238FC-F240-5S-1S,分拣,自动分拣N51,2821.566838382524,2823.146838382524,1.5799999999999272
STA238FC-F240-5S-1S,自动打磨,自动打磨N51,2823.146838382524,2824.146838382524,1.0
STA238FC-F240-5S-1S,桁架码垛,自动分拣N51,2824.146838382524,2825.316838382524,1.1700000000000728
STA238FC-F238A-1P-1P,分拣,自动分拣N51,2825.316838382524,2826.896838382524,1.5799999999999272
STA238FC-F238A-1P-1P,自动打磨,自动打磨N51,2826.896838382524,2829.337408461889,2.4405700793649885
STA238FC-F238A-1P-1P,桁架码垛,自动分拣N51,2829.337408461889,2830.507408461889,1.1700000000000728
T63S-4093,天车空驶（胎架到原料区）,天车,2749.472557590978,2752.472557590978,3.0
T63S-4093,天车吊运（原料区到胎架）,天车,2752.472557590978,2755.472557590978,3.0
STA238FC-F238-1SP-2SP,自由边打磨,人工打磨N21,2802.7591583836456,2808.589954691338,5.830796307692253
T63S-4094,天车空驶（胎架到原料区）,天车,2766.162928067168,2769.162928067168,3.0
T63S-4094,天车吊运（原料区到胎架）,天车,2769.162928067168,2772.162928067168,3.0
T63S-4093切割后的大件,天车吊运（胎架到成品区）,天车,2808.589954691338,2813.589954691338,5.0
STA238FC-F240-1SP-2SP,分拣,自动分拣N21,2847.0622894634066,2848.6422894634065,1.5799999999999272
STA238FC-F240-1SP-2SP,自动打磨,自动打磨N21,2848.6422894634065,2849.95608827293,1.3137988095236324
STA238FC-F240-1SP-2SP,桁架码垛,自动分拣N21,2849.95608827293,2851.1260882729302,1.1700000000000728
STA238FC-F240-1SP-3SP,自由边打磨,人工打磨N21,2847.0622894634066,2853.284885976227,6.222596512820473
T63S-4095,天车空驶（胎架到原料区）,天车,2813.589954691338,2821.589954691338,8.0
T63S-4095,天车吊运（原料区到胎架）,天车,2821.589954691338,2824.589954691338,3.0
STA238FC-F240-1SP-5SP,分拣,自动分拣N21,2851.1260882729302,2852.1260882729302,1.0
STA238FC-F240-1SP-5SP,桁架至坡口工作站,自动分拣N21,2852.1260882729302,2853.2927882729305,1.166700000000219
T63S-4094切割后的大件,天车吊运（胎架到成品区）,天车,2853.284885976227,2858.284885976227,5.0
STA238FC-R1-1B1-1P,分拣,自动分拣N21,2887.3212573213964,2888.9012573213963,1.5799999999999272
STA238FC-R1-1B1-1P,自动打磨,自动打磨N21,2888.9012573213963,2890.4117192261583,1.5104619047619963
STA238FC-R1-1B1-1P,桁架码垛,自动分拣N21,2890.4117192261583,2891.5817192261584,1.1700000000000728
STA238FC-R1-1B1-1S,分拣,自动分拣N21,2891.5817192261584,2893.1617192261583,1.5799999999999272
STA238FC-R1-1B1-1S,自动打磨,自动打磨N21,2893.1617192261583,2894.672181924571,1.5104626984125389
STA238FC-R1-1B1-1S,桁架码垛,自动分拣N21,2894.672181924571,2895.842181924571,1.1700000000000728
STA238FC-R1-1B2-1P,分拣,自动分拣N21,2895.842181924571,2897.422181924571,1.5799999999999272
STA238FC-R1-1B2-1P,自动打磨,自动打磨N21,2897.422181924571,2898.9326444642534,1.5104625396825213
STA238FC-R1-1B2-1P,桁架码垛,自动分拣N21,2898.9326444642534,2900.1026444642534,1.1700000000000728
STA238FC-R1-1B2-1S,分拣,自动分拣N21,2900.1026444642534,2901.6826444642534,1.5799999999999272
STA238FC-R1-1B2-1S,自动打磨,自动打磨N21,2901.6826444642534,2903.193107162666,1.5104626984125389
STA238FC-R1-1B2-1S,桁架码垛,自动分拣N21,2903.193107162666,2904.363107162666,1.1700000000000728
STA238FC-R1-2B1P-1P,分拣,自动分拣N21,2904.363107162666,2905.943107162666,1.5799999999999272
STA238FC-R1-2B1P-1P,自动打磨,自动打磨N21,2905.943107162666,2907.4445433531423,1.5014361904763973
STA238FC-R1-2B1P-1P,桁架码垛,自动分拣N21,2907.4445433531423,2908.6145433531424,1.1700000000000728
STA238FC-R1-2B2P-1P,分拣,自动分拣N21,2908.6145433531424,2910.1945433531423,1.5799999999999272
STA238FC-R1-2B2P-1P,自动打磨,自动打磨N21,2910.1945433531423,2911.6959796229835,1.5014362698411787
STA238FC-R1-2B2P-1P,桁架码垛,自动分拣N21,2911.6959796229835,2912.8659796229836,1.1700000000000728
STA238FC-R1-3B1P-1P,分拣,自动分拣N21,2912.8659796229836,2914.4459796229835,1.5799999999999272
STA238FC-R1-3B1P-1P,自动打磨,自动打磨N21,2914.4459796229835,2915.9474158928247,1.5014362698411787
STA238FC-R1-3B1P-1P,桁架码垛,自动分拣N21,2915.9474158928247,2917.1174158928247,1.1700000000000728
STA238FC-R1-3B2P-1P,分拣,自动分拣N21,2917.1174158928247,2918.6974158928247,1.5799999999999272
STA238FC-R1-3B2P-1P,自动打磨,自动打磨N21,2918.6974158928247,2920.198852162666,1.5014362698411787
STA238FC-R1-3B2P-1P,桁架码垛,自动分拣N21,2920.198852162666,2921.368852162666,1.1700000000000728
STA238FC-R1-4B1P-1P,分拣,自动分拣N21,2921.368852162666,2922.948852162666,1.5799999999999272
STA238FC-R1-4B1P-1P,自动打磨,自动打磨N21,2922.948852162666,2924.4502883531422,1.5014361904763973
STA238FC-R1-4B1P-1P,桁架码垛,自动分拣N21,2924.4502883531422,2925.6202883531423,1.1700000000000728
STA238FC-R1-4B2P-1P,分拣,自动分拣N21,2925.6202883531423,2927.2002883531422,1.5799999999999272
STA238FC-R1-4B2P-1P,自动打磨,自动打磨N21,2927.2002883531422,2928.7017246229834,1.5014362698411787
STA238FC-R1-4B2P-1P,桁架码垛,自动分拣N21,2928.7017246229834,2929.8717246229835,1.1700000000000728
STA238FC-R1-5B1-1P,分拣,自动分拣N21,2929.8717246229835,2931.4517246229834,1.5799999999999272
STA238FC-R1-5B1-1P,自动打磨,自动打磨N21,2931.4517246229834,2932.9608935912374,1.5091689682540164
STA238FC-R1-5B1-1P,桁架码垛,自动分拣N21,2932.9608935912374,2934.1308935912375,1.1700000000000728
STA238FC-R1-5B1-1S,分拣,自动分拣N21,2934.1308935912375,2935.7108935912374,1.5799999999999272
STA238FC-R1-5B1-1S,自动打磨,自动打磨N21,2935.7108935912374,2937.2200625594915,1.5091689682540164
STA238FC-R1-5B1-1S,桁架码垛,自动分拣N21,2937.2200625594915,2938.3900625594915,1.1700000000000728
STA238FC-R1-5B2-1P,分拣,自动分拣N21,2938.3900625594915,2939.9700625594915,1.5799999999999272
STA238FC-R1-5B2-1P,自动打磨,自动打磨N21,2939.9700625594915,2941.4792315277455,1.5091689682540164
STA238FC-R1-5B2-1P,桁架码垛,自动分拣N21,2941.4792315277455,2942.6492315277455,1.1700000000000728
STA238FC-R1-5B2-1S,分拣,自动分拣N21,2942.6492315277455,2944.2292315277455,1.5799999999999272
STA238FC-R1-5B2-1S,自动打磨,自动打磨N21,2944.2292315277455,2945.7384004959995,1.5091689682540164
STA238FC-R1-5B2-1S,桁架码垛,自动分拣N21,2945.7384004959995,2946.9084004959996,1.1700000000000728
STA238FC-R1-6B1-1P,分拣,自动分拣N21,2946.9084004959996,2948.4884004959995,1.5799999999999272
STA238FC-R1-6B1-1P,自动打磨,自动打磨N21,2948.4884004959995,2949.9975693848883,1.5091688888887802
STA238FC-R1-6B1-1P,桁架码垛,自动分拣N21,2949.9975693848883,2951.1675693848883,1.1700000000000728
STA238FC-R1-6B1-1S,分拣,自动分拣N21,2951.1675693848883,2952.7475693848883,1.5799999999999272
STA238FC-R1-6B1-1S,自动打磨,自动打磨N21,2952.7475693848883,2954.2567384325075,1.5091690476192525
STA238FC-R1-6B1-1S,桁架码垛,自动分拣N21,2954.2567384325075,2955.4267384325076,1.1700000000000728
STA238FC-R1-6B2-1P,分拣,自动分拣N21,2955.4267384325076,2957.0067384325075,1.5799999999999272
STA238FC-R1-6B2-1P,自动打磨,自动打磨N21,2957.0067384325075,2958.5159074007615,1.5091689682540164
STA238FC-R1-6B2-1P,桁架码垛,自动分拣N21,2958.5159074007615,2959.6859074007616,1.1700000000000728
STA238FC-R1-6B2-1S,分拣,自动分拣N21,2959.6859074007616,2961.2659074007615,1.5799999999999272
STA238FC-R1-6B2-1S,自动打磨,自动打磨N21,2961.2659074007615,2962.775076448381,1.5091690476192525
STA238FC-R1-6B2-1S,桁架码垛,自动分拣N21,2962.775076448381,2963.945076448381,1.1700000000000728
STA238FC-R1-7B1S-1S,分拣,自动分拣N21,2963.945076448381,2965.525076448381,1.5799999999999272
STA238FC-R1-7B1S-1S,自动打磨,自动打磨N21,2965.525076448381,2967.034245416635,1.5091689682540164
STA238FC-R1-7B1S-1S,桁架码垛,自动分拣N21,2967.034245416635,2968.204245416635,1.1700000000000728
STA238FC-R1-7B2S-1S,分拣,自动分拣N21,2968.204245416635,2969.784245416635,1.5799999999999272
STA238FC-R1-7B2S-1S,自动打磨,自动打磨N21,2969.784245416635,2971.293414464254,1.5091690476192525
STA238FC-R1-7B2S-1S,桁架码垛,自动分拣N21,2971.293414464254,2972.463414464254,1.1700000000000728
STA238FC-R1-8B1S-1S,分拣,自动分拣N21,2972.463414464254,2974.043414464254,1.5799999999999272
STA238FC-R1-8B1S-1S,自动打磨,自动打磨N21,2974.043414464254,2975.5480670039365,1.5046525396824109
STA238FC-R1-8B1S-1S,桁架码垛,自动分拣N21,2975.5480670039365,2976.7180670039365,1.1700000000000728
STA238FC-R1-8B2S-1S,分拣,自动分拣N21,2976.7180670039365,2978.2980670039365,1.5799999999999272
STA238FC-R1-8B2S-1S,自动打磨,自动打磨N21,2978.2980670039365,2979.802719464254,1.5046524603176294
STA238FC-R1-8B2S-1S,桁架码垛,自动分拣N21,2979.802719464254,2980.972719464254,1.1700000000000728
STA238FC-R1-9B1S-1S,分拣,自动分拣N21,2980.972719464254,2982.552719464254,1.5799999999999272
STA238FC-R1-9B1S-1S,自动打磨,自动打磨N21,2982.552719464254,2984.0573720039365,1.5046525396824109
STA238FC-R1-9B1S-1S,桁架码垛,自动分拣N21,2984.0573720039365,2985.2273720039366,1.1700000000000728
STA238FC-R1-9B2S-1S,分拣,自动分拣N21,2985.2273720039366,2986.8073720039365,1.5799999999999272
STA238FC-R1-9B2S-1S,自动打磨,自动打磨N21,2986.8073720039365,2988.312024464254,1.5046524603176294
STA238FC-R1-9B2S-1S,桁架码垛,自动分拣N21,2988.312024464254,2989.482024464254,1.1700000000000728
T63S-4096,天车空驶（胎架到原料区）,天车,2858.284885976227,2866.284885976227,8.0
T63S-4096,天车吊运（原料区到胎架）,天车,2866.284885976227,2869.284885976227,3.0
STA238FC-AG-2P-1P,分拣,自动分拣N21,2989.482024464254,2991.062024464254,1.5799999999999272
STA238FC-AG-2P-1P,自动打磨,自动打磨N21,2991.062024464254,2993.319377083302,2.2573526190476514
STA238FC-AG-2P-1P,桁架码垛,自动分拣N21,2993.319377083302,2994.489377083302,1.1700000000000728
STA238FC-AG-3S-1S,分拣,自动分拣N21,2994.489377083302,2996.069377083302,1.5799999999999272
STA238FC-AG-3S-1S,自动打磨,自动打磨N21,2996.069377083302,2998.33517533727,2.2657982539681143
STA238FC-AG-3S-1S,桁架码垛,自动分拣N21,2998.33517533727,2999.50517533727,1.1700000000000728
STA238FC-BG-2WP-1P,分拣,自动分拣N21,2999.50517533727,3000.50517533727,1.0
STA238FC-BG-3WS-1S,分拣,自动分拣N21,3000.50517533727,3001.50517533727,1.0
STA238FC-CG-2-1P,分拣,自动分拣N21,3001.50517533727,3003.08517533727,1.5799999999999272
STA238FC-CG-2-1P,自动打磨,自动打磨N21,3003.08517533727,3005.3527339086986,2.267558571428708
STA238FC-CG-2-1P,桁架码垛,自动分拣N21,3005.3527339086986,3006.5227339086987,1.1700000000000728
STA238FC-CG-2-1S,分拣,自动分拣N21,3006.5227339086987,3008.1027339086986,1.5799999999999272
STA238FC-CG-2-1S,自动打磨,自动打磨N21,3008.1027339086986,3010.3702924801273,2.267558571428708
STA238FC-CG-2-1S,桁架码垛,自动分拣N21,3010.3702924801273,3011.5402924801274,1.1700000000000728
STA238FC-MG-2WSP-1SP,分拣,自动分拣N21,3011.5402924801274,3012.5402924801274,1.0
T63S-4097,天车空驶（胎架到原料区）,天车,2824.589954691338,2827.589954691338,3.0
T63S-4097,天车吊运（原料区到胎架）,天车,2827.589954691338,2830.589954691338,3.0
STA238FC-P1-1B1-1P,分拣,自动分拣N51,2853.993691814573,2855.573691814573,1.5799999999999272
STA238FC-P1-1B1-1P,自动打磨,自动打磨N51,2855.573691814573,2857.9795913383828,2.405899523809694
STA238FC-P1-1B1-1P,桁架码垛,自动分拣N51,2857.9795913383828,2859.149591338383,1.1700000000000728
STA238FC-P1-1B1-1S,分拣,自动分拣N51,2859.149591338383,2860.7295913383828,1.5799999999999272
STA238FC-P1-1B1-1S,自动打磨,自动打磨N51,2860.7295913383828,2863.1354908621925,2.405899523809694
STA238FC-P1-1B1-1S,桁架码垛,自动分拣N51,2863.1354908621925,2864.3054908621925,1.1700000000000728
STA238FC-P1-1B2-1P,分拣,自动分拣N51,2864.3054908621925,2865.8854908621925,1.5799999999999272
STA238FC-P1-1B2-1P,自动打磨,自动打磨N51,2865.8854908621925,2867.7240209415577,1.8385300793652277
STA238FC-P1-1B2-1P,桁架码垛,自动分拣N51,2867.7240209415577,2868.8940209415578,1.1700000000000728
STA238FC-P1-1B2-1S,分拣,自动分拣N51,2868.8940209415578,2870.4740209415577,1.5799999999999272
STA238FC-P1-1B2-1S,自动打磨,自动打磨N51,2870.4740209415577,2872.3125509415577,1.8385299999999916
STA238FC-P1-1B2-1S,桁架码垛,自动分拣N51,2872.3125509415577,2873.4825509415577,1.1700000000000728
STA238FC-P1-1-1P,分拣,自动分拣N51,2873.4825509415577,2875.0625509415577,1.5799999999999272
STA238FC-P1-1-1P,自动打磨,自动打磨N51,2875.0625509415577,2877.281010227272,2.218459285714289
STA238FC-P1-1-1P,桁架码垛,自动分拣N51,2877.281010227272,2878.451010227272,1.1700000000000728
STA238FC-P1-1-1S,分拣,自动分拣N51,2878.451010227272,2880.031010227272,1.5799999999999272
STA238FC-P1-1-1S,自动打磨,自动打磨N51,2880.031010227272,2882.2494695129863,2.218459285714289
STA238FC-P1-1-1S,桁架码垛,自动分拣N51,2882.2494695129863,2883.4194695129863,1.1700000000000728
STA238FC-P1-1F1-2P,分拣,自动分拣N51,2883.4194695129863,2884.9994695129863,1.5799999999999272
STA238FC-P1-1F1-2P,自动打磨,自动打磨N51,2884.9994695129863,2889.553264116161,4.553794603174538
STA238FC-P1-1F1-2P,桁架码垛,自动分拣N51,2889.553264116161,2890.723264116161,1.1700000000000728
STA238FC-P1-1F1-2S,分拣,自动分拣N51,2890.723264116161,2892.303264116161,1.5799999999999272
STA238FC-P1-1F1-2S,自动打磨,自动打磨N51,2892.303264116161,2896.8570587193353,4.553794603174538
STA238FC-P1-1F1-2S,桁架码垛,自动分拣N51,2896.8570587193353,2898.0270587193354,1.1700000000000728
U02S-1347,天车空驶（胎架到原料区）,天车,2830.589954691338,2833.589954691338,3.0
U02S-1347,天车吊运（原料区到胎架）,天车,2833.589954691338,2836.589954691338,3.0
DC12-F69-1B1SP-1SP,分拣,自动分拣N51,2898.0270587193354,2899.6070587193353,1.5799999999999272
DC12-F69-1B1SP-1SP,自动打磨,自动打磨N51,2899.6070587193353,2901.030590465367,1.4235317460315855
DC12-F69-1B1SP-1SP,桁架码垛,自动分拣N51,2901.030590465367,2902.200590465367,1.1700000000000728
DC12-F69-1B2P-1P,分拣,自动分拣N51,2902.200590465367,2903.780590465367,1.5799999999999272
DC12-F69-1B2P-1P,自动打磨,自动打磨N51,2903.780590465367,2905.2041222113985,1.4235317460315855
DC12-F69-1B2P-1P,桁架码垛,自动分拣N51,2905.2041222113985,2906.3741222113986,1.1700000000000728
DC12-F69-1B3S-1S,分拣,自动分拣N51,2906.3741222113986,2907.9541222113985,1.5799999999999272
DC12-F69-1B3S-1S,自动打磨,自动打磨N51,2907.9541222113985,2909.8011855050495,1.84706329365099
DC12-F69-1B3S-1S,桁架码垛,自动分拣N51,2909.8011855050495,2910.9711855050496,1.1700000000000728
DC12-F69-1B5-1P,分拣,自动分拣N51,2910.9711855050496,2912.5511855050495,1.5799999999999272
DC12-F69-1B5-1P,自动打磨,自动打磨N51,2912.5511855050495,2913.974717251081,1.4235317460315855
DC12-F69-1B5-1P,桁架码垛,自动分拣N51,2913.974717251081,2915.144717251081,1.1700000000000728
DC12-F69-1B5-1S,分拣,自动分拣N51,2915.144717251081,2916.724717251081,1.5799999999999272
DC12-F69-1B5-1S,自动打磨,自动打磨N51,2916.724717251081,2918.1482489971127,1.4235317460315855
DC12-F69-1B5-1S,桁架码垛,自动分拣N51,2918.1482489971127,2919.3182489971127,1.1700000000000728
DC12-F69-1B6-1P,分拣,自动分拣N51,2919.3182489971127,2920.8982489971127,1.5799999999999272
DC12-F69-1B6-1P,自动打磨,自动打磨N51,2920.8982489971127,2922.3217807431442,1.4235317460315855
DC12-F69-1B6-1P,桁架码垛,自动分拣N51,2922.3217807431442,2923.4917807431443,1.1700000000000728
DC12-F69-1B7-1P,分拣,自动分拣N51,2923.4917807431443,2925.0717807431442,1.5799999999999272
DC12-F69-1B7-1P,自动打磨,自动打磨N51,2925.0717807431442,2926.495312489176,1.4235317460315855
DC12-F69-1B7-1P,桁架码垛,自动分拣N51,2926.495312489176,2927.665312489176,1.1700000000000728
DC12-F69-1B7-1S,分拣,自动分拣N51,2927.665312489176,2929.245312489176,1.5799999999999272
DC12-F69-1B7-1S,自动打磨,自动打磨N51,2929.245312489176,2930.6688442352074,1.4235317460315855
DC12-F69-1B7-1S,桁架码垛,自动分拣N51,2930.6688442352074,2931.8388442352075,1.1700000000000728
DC12-F69-1B8S-1S,分拣,自动分拣N51,2931.8388442352075,2933.4188442352074,1.5799999999999272
DC12-F69-1B8S-1S,自动打磨,自动打磨N51,2933.4188442352074,2934.842375981239,1.4235317460315855
DC12-F69-1B8S-1S,桁架码垛,自动分拣N51,2934.842375981239,2936.012375981239,1.1700000000000728
U02S-1348,天车空驶（胎架到原料区）,天车,2983.482024464254,2986.482024464254,3.0
U02S-1348,天车吊运（原料区到胎架）,天车,2986.482024464254,2989.482024464254,3.0
DC12-UD-1KSP-14BSP,分拣,自动分拣N21,3012.5402924801274,3014.1202924801273,1.5799999999999272
DC12-UD-1KSP-14BSP,自动打磨,自动打磨N21,3014.1202924801273,3016.246944067429,2.1266515873016942
DC12-UD-1KSP-14BSP,桁架码垛,自动分拣N21,3016.246944067429,3017.416944067429,1.1700000000000728
DC12-UD-1KSP-15BSP,分拣,自动分拣N21,3017.416944067429,3018.996944067429,1.5799999999999272
DC12-UD-1KSP-15BSP,自动打磨,自动打磨N21,3018.996944067429,3021.1235956547307,2.1266515873016942
DC12-UD-1KSP-15BSP,桁架码垛,自动分拣N21,3021.1235956547307,3022.293595654731,1.1700000000000728
DC12-UD-1KSP-16BSP,分拣,自动分拣N21,3022.293595654731,3023.8735956547307,1.5799999999999272
DC12-UD-1KSP-16BSP,自动打磨,自动打磨N21,3023.8735956547307,3026.0002472420324,2.1266515873016942
DC12-UD-1KSP-16BSP,桁架码垛,自动分拣N21,3026.0002472420324,3027.1702472420325,1.1700000000000728
DC12-UD-1KSP-3BSP,分拣,自动分拣N21,3027.1702472420325,3028.7502472420324,1.5799999999999272
DC12-UD-1KSP-3BSP,自动打磨,自动打磨N21,3028.7502472420324,3030.876898829334,2.1266515873016942
DC12-UD-1KSP-3BSP,桁架码垛,自动分拣N21,3030.876898829334,3032.046898829334,1.1700000000000728
DC12-UD-1KSP-4BSP,分拣,自动分拣N21,3032.046898829334,3033.626898829334,1.5799999999999272
DC12-UD-1KSP-4BSP,自动打磨,自动打磨N21,3033.626898829334,3035.753550416636,2.1266515873016942
DC12-UD-1KSP-4BSP,桁架码垛,自动分拣N21,3035.753550416636,3036.923550416636,1.1700000000000728
DC12-UD-1KSP-5BSP,分拣,自动分拣N21,3036.923550416636,3038.503550416636,1.5799999999999272
DC12-UD-1KSP-5BSP,自动打磨,自动打磨N21,3038.503550416636,3040.6302020039375,2.1266515873016942
DC12-UD-1KSP-5BSP,桁架码垛,自动分拣N21,3040.6302020039375,3041.8002020039376,1.1700000000000728
U02S-1338,天车空驶（胎架到原料区）,天车,3006.5402924801274,3009.5402924801274,3.0
U02S-1338,天车吊运（原料区到胎架）,天车,3009.5402924801274,3012.5402924801274,3.0
DC12-F70-1SP-1SP,自由边打磨,人工打磨N21,3055.216085124574,3056.5199197912407,1.3038346666667167
U02S-1344,天车空驶（胎架到原料区）,天车,2892.0270587193354,2895.0270587193354,3.0
U02S-1344,天车吊运（原料区到胎架）,天车,2895.0270587193354,2898.0270587193354,3.0
U02S-1338切割后的大件,天车吊运（胎架到坡口区）,天车,3056.5199197912407,3059.5199197912407,3.0
DC12-F70-1SP-1SP,人工坡口,人工坡口1,3059.5199197912407,3080.1631997912405,20.643279999999777
U02S-1338切割后的大件,天车吊运（坡口区到成品区）,天车,3080.1631997912405,3085.1631997912405,5.0
DC12-AG-3P-1P,自由边打磨,人工打磨N51,2965.128059728744,2966.456995472334,1.3289357435896818
U02S-1343,天车空驶（胎架到原料区）,天车,2925.012375981239,2933.012375981239,8.0
U02S-1343,天车吊运（原料区到胎架）,天车,2933.012375981239,2936.012375981239,3.0
DC12-CG-3-1P,自由边打磨,人工打磨N51,2966.456995472334,2967.846430446693,1.3894349743591192
DC12-CG-3-1S,自由边打磨,人工打磨N51,2967.846430446693,2969.235865421052,1.3894349743591192
DC12-DG-3-1P,自由边打磨,人工打磨N51,2969.235865421052,2970.625300395411,1.3894349743591192
DC12-DG-3-1S,自由边打磨,人工打磨N51,2970.625300395411,2972.0147353697703,1.3894349743591192
DC12-DG-1-1BP,分拣,自动分拣N51,2965.128059728744,2966.708059728744,1.5799999999999272
DC12-DG-1-1BP,自动打磨,自动打磨N51,2966.708059728744,2968.2412330620773,1.5331733333332522
DC12-DG-1-1BP,桁架码垛,自动分拣N51,2968.2412330620773,2969.4112330620774,1.1700000000000728
DC12-DG-1-1BS,分拣,自动分拣N51,2969.4112330620774,2970.9912330620773,1.5799999999999272
DC12-DG-1-1BS,自动打磨,自动打磨N51,2970.9912330620773,2972.524406633506,1.533173571428506
DC12-DG-1-1BS,桁架码垛,自动分拣N51,2972.524406633506,2973.694406633506,1.1700000000000728
DC12-DG-1-2BP,分拣,自动分拣N51,2973.694406633506,2975.274406633506,1.5799999999999272
DC12-DG-1-2BP,自动打磨,自动打磨N51,2975.274406633506,2976.8414586176327,1.5670519841269197
DC12-DG-1-2BP,桁架码垛,自动分拣N51,2976.8414586176327,2978.011458617633,1.1700000000000728
DC12-DG-1-2BS,分拣,自动分拣N51,2978.011458617633,2979.5914586176327,1.5799999999999272
DC12-DG-1-2BS,自动打磨,自动打磨N51,2979.5914586176327,2981.1585105223944,1.5670519047616835
DC12-DG-1-2BS,桁架码垛,自动分拣N51,2981.1585105223944,2982.3285105223945,1.1700000000000728
DC12-DG-2-1BP,分拣,自动分拣N51,2982.3285105223945,2983.9085105223944,1.5799999999999272
DC12-DG-2-1BP,自动打磨,自动打磨N51,2983.9085105223944,2985.4846883001724,1.576177777777957
DC12-DG-2-1BP,桁架码垛,自动分拣N51,2985.4846883001724,2986.6546883001724,1.1700000000000728
DC12-DG-2-1BS,分拣,自动分拣N51,2986.6546883001724,2988.2346883001724,1.5799999999999272
DC12-DG-2-1BS,自动打磨,自动打磨N51,2988.2346883001724,2989.8108660779503,1.576177777777957
DC12-DG-2-1BS,桁架码垛,自动分拣N51,2989.8108660779503,2990.9808660779504,1.1700000000000728
DC12-DG-2-2BP,分拣,自动分拣N51,2990.9808660779504,2992.5608660779503,1.5799999999999272
DC12-DG-2-2BP,自动打磨,自动打磨N51,2992.5608660779503,2994.0940395700136,1.5331734920632698
DC12-DG-2-2BP,桁架码垛,自动分拣N51,2994.0940395700136,2995.2640395700137,1.1700000000000728
DC12-DG-2-2BS,分拣,自动分拣N51,2995.2640395700137,2996.8440395700136,1.5799999999999272
DC12-DG-2-2BS,自动打磨,自动打磨N51,2996.8440395700136,2998.377212903347,1.5331733333332522
DC12-DG-2-2BS,桁架码垛,自动分拣N51,2998.377212903347,2999.547212903347,1.1700000000000728
DC12-DG-2-3BP,分拣,自动分拣N51,2999.547212903347,3001.127212903347,1.5799999999999272
DC12-DG-2-3BP,自动打磨,自动打磨N51,3001.127212903347,3002.6603863160453,1.5331734126984884
DC12-DG-2-3BP,桁架码垛,自动分拣N51,3002.6603863160453,3003.8303863160454,1.1700000000000728
DC12-DG-2-3BS,分拣,自动分拣N51,3003.8303863160454,3005.4103863160453,1.5799999999999272
DC12-DG-2-3BS,自动打磨,自动打磨N51,3005.4103863160453,3006.943559887474,1.533173571428506
DC12-DG-2-3BS,桁架码垛,自动分拣N51,3006.943559887474,3008.113559887474,1.1700000000000728
DC12-F64-1B6-1P,分拣,自动分拣N51,3008.113559887474,3009.693559887474,1.5799999999999272
DC12-F64-1B6-1P,自动打磨,自动打磨N51,3009.693559887474,3011.5920696493786,1.8985097619047338
DC12-F64-1B6-1P,桁架码垛,自动分拣N51,3011.5920696493786,3012.7620696493786,1.1700000000000728
DC12-F64-1B6-1S,分拣,自动分拣N51,3012.7620696493786,3014.3420696493786,1.5799999999999272
DC12-F64-1B6-1S,自动打磨,自动打磨N51,3014.3420696493786,3016.2405794906485,1.89850984126997
DC12-F64-1B6-1S,桁架码垛,自动分拣N51,3016.2405794906485,3017.4105794906486,1.1700000000000728
DC12-F76-1B6-1P,分拣,自动分拣N51,3017.4105794906486,3018.9905794906485,1.5799999999999272
DC12-F76-1B6-1P,自动打磨,自动打磨N51,3018.9905794906485,3020.0655092525535,1.0749297619049685
DC12-F76-1B6-1P,桁架码垛,自动分拣N51,3020.0655092525535,3021.2355092525536,1.1700000000000728
DC12-F76-1B6-1S,分拣,自动分拣N51,3021.2355092525536,3022.8155092525535,1.5799999999999272
DC12-F76-1B6-1S,自动打磨,自动打磨N51,3022.8155092525535,3023.8904390938233,1.0749298412697499
DC12-F76-1B6-1S,桁架码垛,自动分拣N51,3023.8904390938233,3025.0604390938233,1.1700000000000728
U02S-1344切割后的大件,天车吊运（胎架到成品区）,天车,2972.0147353697703,2977.0147353697703,5.0
DC12-AG-4S-1BS,分拣,自动分拣N51,3146.862541152375,3148.442541152375,1.5799999999999272
DC12-AG-4S-1BS,自动打磨,自动打磨N51,3148.442541152375,3150.8397198825337,2.3971787301588847
DC12-AG-4S-1BS,桁架码垛,自动分拣N51,3150.8397198825337,3152.009719882534,1.1700000000000728
DC12-DG-3-1BP,分拣,自动分拣N51,3152.009719882534,3153.5897198825337,1.5799999999999272
DC12-DG-3-1BP,自动打磨,自动打磨N51,3153.5897198825337,3156.1880916285654,2.5983717460317166
DC12-DG-3-1BP,桁架码垛,自动分拣N51,3156.1880916285654,3157.3580916285655,1.1700000000000728
DC12-DG-3-1BS,分拣,自动分拣N51,3157.3580916285655,3158.9380916285654,1.5799999999999272
DC12-DG-3-1BS,自动打磨,自动打磨N51,3158.9380916285654,3161.536463295232,2.5983716666664805
DC12-DG-3-1BS,桁架码垛,自动分拣N51,3161.536463295232,3162.706463295232,1.1700000000000728
DC12-DG-3-2BP,分拣,自动分拣N51,3162.706463295232,3164.286463295232,1.5799999999999272
DC12-DG-3-2BP,自动打磨,自动打磨N51,3164.286463295232,3166.379279406343,2.0928161111110057
DC12-DG-3-2BP,桁架码垛,自动分拣N51,3166.379279406343,3167.549279406343,1.1700000000000728
DC12-DG-3-2BS,分拣,自动分拣N51,3167.549279406343,3169.129279406343,1.5799999999999272
DC12-DG-3-2BS,自动打磨,自动打磨N51,3169.129279406343,3170.6054698825333,1.476190476190368
DC12-DG-3-2BS,桁架码垛,自动分拣N51,3170.6054698825333,3171.7754698825333,1.1700000000000728
DC12-UD-1KSP-12BSP,分拣,自动分拣N51,3171.7754698825333,3173.3554698825333,1.5799999999999272
DC12-UD-1KSP-12BSP,自动打磨,自动打磨N51,3173.3554698825333,3175.4819730571367,2.1265031746033856
DC12-UD-1KSP-12BSP,桁架码垛,自动分拣N51,3175.4819730571367,3176.6519730571367,1.1700000000000728
DC12-UD-1KSP-13BSP,分拣,自动分拣N51,3176.6519730571367,3178.2319730571367,1.5799999999999272
DC12-UD-1KSP-13BSP,自动打磨,自动打磨N51,3178.2319730571367,3180.358253374597,2.1262803174604414
DC12-UD-1KSP-13BSP,桁架码垛,自动分拣N51,3180.358253374597,3181.528253374597,1.1700000000000728
DC12-UD-1KSP-1BSP,分拣,自动分拣N51,3181.528253374597,3183.108253374597,1.5799999999999272
DC12-UD-1KSP-1BSP,自动打磨,自动打磨N51,3183.108253374597,3185.23475639047,2.1265030158729132
DC12-UD-1KSP-1BSP,桁架码垛,自动分拣N51,3185.23475639047,3186.40475639047,1.1700000000000728
DC12-UD-1KSP-2BSP,分拣,自动分拣N51,3186.40475639047,3187.98475639047,1.5799999999999272
DC12-UD-1KSP-2BSP,自动打磨,自动打磨N51,3187.98475639047,3190.111259406343,2.1265030158729132
DC12-UD-1KSP-2BSP,桁架码垛,自动分拣N51,3190.111259406343,3191.281259406343,1.1700000000000728
DC12-UD-1KSP-6BSP,分拣,自动分拣N51,3191.281259406343,3192.861259406343,1.5799999999999272
DC12-UD-1KSP-6BSP,自动打磨,自动打磨N51,3192.861259406343,3194.408174644438,1.5469152380951527
DC12-UD-1KSP-6BSP,桁架码垛,自动分拣N51,3194.408174644438,3195.578174644438,1.1700000000000728
DC12-CG-1-1P,自由边打磨,人工打磨N51,3146.862541152375,3149.7147147421183,2.8521735897434155
U02S-1346,天车空驶（胎架到原料区）,天车,3030.8002020039376,3038.8002020039376,8.0
U02S-1346,天车吊运（原料区到胎架）,天车,3038.8002020039376,3041.8002020039376,3.0
DC12-CG-1-1S,自由边打磨,人工打磨N51,3149.7147147421183,3152.5668883318617,2.8521735897434155
DC12-CG-2-1P,自由边打磨,人工打磨N51,3152.5668883318617,3155.876025511349,3.309137179487152
DC12-CG-2-1S,自由边打磨,人工打磨N51,3155.876025511349,3159.185162742118,3.309137230769011
DC12-DG-1-1P,自由边打磨,人工打磨N51,3159.185162742118,3162.1434246908357,2.958261948717791
DC12-DG-1-1S,自由边打磨,人工打磨N51,3162.1434246908357,3165.1016865882716,2.958261897435932
DC12-DG-1-3BP,分拣,自动分拣N51,3195.578174644438,3197.158174644438,1.5799999999999272
DC12-DG-1-3BP,自动打磨,自动打磨N51,3197.158174644438,3198.6913481365013,1.5331734920632698
DC12-DG-1-3BP,桁架码垛,自动分拣N51,3198.6913481365013,3199.8613481365014,1.1700000000000728
DC12-DG-1-4BS,分拣,自动分拣N51,3199.8613481365014,3201.4413481365013,1.5799999999999272
DC12-DG-1-4BS,自动打磨,自动打磨N51,3201.4413481365013,3202.9745216285646,1.5331734920632698
DC12-DG-1-4BS,桁架码垛,自动分拣N51,3202.9745216285646,3204.1445216285647,1.1700000000000728
DC12-DG-2-1P,自由边打磨,人工打磨N51,3165.1016865882716,3168.5002343831434,3.3985477948717744
DC12-DG-2-1S,自由边打磨,人工打磨N51,3168.5002343831434,3171.898782331861,3.3985479487178054
DC12-DG-2-4BP,分拣,自动分拣N51,3204.1445216285647,3205.7245216285646,1.5799999999999272
DC12-DG-2-4BP,自动打磨,自动打磨N51,3205.7245216285646,3207.257695041263,1.5331734126984884
DC12-DG-2-4BP,桁架码垛,自动分拣N51,3207.257695041263,3208.427695041263,1.1700000000000728
DC12-DG-2-5BS,分拣,自动分拣N51,3208.427695041263,3210.007695041263,1.5799999999999272
DC12-DG-2-5BS,自动打磨,自动打磨N51,3210.007695041263,3211.5408684539616,1.5331734126984884
DC12-DG-2-5BS,桁架码垛,自动分拣N51,3211.5408684539616,3212.7108684539617,1.1700000000000728
DC12-F64-1B10-1P,分拣,自动分拣N51,3212.7108684539617,3214.2908684539616,1.5799999999999272
DC12-F64-1B10-1P,自动打磨,自动打磨N51,3214.2908684539616,3216.691575755549,2.4007073015873175
DC12-F64-1B10-1P,桁架码垛,自动分拣N51,3216.691575755549,3217.861575755549,1.1700000000000728
DC12-F64-1B10-1S,分拣,自动分拣N51,3217.861575755549,3219.441575755549,1.5799999999999272
DC12-F64-1B10-1S,自动打磨,自动打磨N51,3219.441575755549,3221.8422831365015,2.4007073809525536
DC12-F64-1B10-1S,桁架码垛,自动分拣N51,3221.8422831365015,3223.0122831365015,1.1700000000000728
DC12-F64-1B11-1P,分拣,自动分拣N51,3223.0122831365015,3224.5922831365015,1.5799999999999272
DC12-F64-1B11-1P,自动打磨,自动打磨N51,3224.5922831365015,3226.5595160730095,1.9672329365080259
DC12-F64-1B11-1P,桁架码垛,自动分拣N51,3226.5595160730095,3227.7295160730096,1.1700000000000728
DC12-F64-1B11-1S,分拣,自动分拣N51,3227.7295160730096,3229.3095160730095,1.5799999999999272
DC12-F64-1B11-1S,自动打磨,自动打磨N51,3229.3095160730095,3231.2767492476128,1.9672331746032796
DC12-F64-1B11-1S,桁架码垛,自动分拣N51,3231.2767492476128,3232.446749247613,1.1700000000000728
DC12-F64-1B8-1P,分拣,自动分拣N51,3232.446749247613,3234.0267492476128,1.5799999999999272
DC12-F64-1B8-1P,自动打磨,自动打磨N51,3234.0267492476128,3236.4701727396764,2.44342349206363
DC12-F64-1B8-1P,桁架码垛,自动分拣N51,3236.4701727396764,3237.6401727396765,1.1700000000000728
DC12-F64-1B9-1P,分拣,自动分拣N51,3237.6401727396765,3239.2201727396764,1.5799999999999272
DC12-F64-1B9-1P,自动打磨,自动打磨N51,3239.2201727396764,3241.651512104756,2.431339365079566
DC12-F64-1B9-1P,桁架码垛,自动分拣N51,3241.651512104756,3242.821512104756,1.1700000000000728
DC12-F64-1B9-1S,分拣,自动分拣N51,3242.821512104756,3244.401512104756,1.5799999999999272
DC12-F64-1B9-1S,自动打磨,自动打磨N51,3244.401512104756,3246.8328515492003,2.4313394444443475
DC12-F64-1B9-1S,桁架码垛,自动分拣N51,3246.8328515492003,3248.0028515492004,1.1700000000000728
DC12-F76-1B1-1P,分拣,自动分拣N51,3248.0028515492004,3249.5828515492003,1.5799999999999272
DC12-F76-1B1-1P,自动打磨,自动打磨N51,3249.5828515492003,3251.8567287714227,2.2738772222223815
DC12-F76-1B1-1P,桁架码垛,自动分拣N51,3251.8567287714227,3253.0267287714228,1.1700000000000728
DC12-F76-1B10-1P,分拣,自动分拣N51,3253.0267287714228,3254.6067287714227,1.5799999999999272
DC12-F76-1B10-1P,自动打磨,自动打磨N51,3254.6067287714227,3256.9979025809466,2.3911738095239343
DC12-F76-1B10-1P,桁架码垛,自动分拣N51,3256.9979025809466,3258.1679025809467,1.1700000000000728
DC12-F76-1B10-1S,分拣,自动分拣N51,3258.1679025809467,3259.7479025809466,1.5799999999999272
DC12-F76-1B10-1S,自动打磨,自动打磨N51,3259.7479025809466,3262.1390765492006,2.391173968253952
DC12-F76-1B10-1S,桁架码垛,自动分拣N51,3262.1390765492006,3263.3090765492007,1.1700000000000728
DC12-F76-1B11-1P,分拣,自动分拣N51,3263.3090765492007,3264.8890765492006,1.5799999999999272
DC12-F76-1B11-1P,自动打磨,自动打磨N51,3264.8890765492006,3266.8451324222165,1.9560558730158846
DC12-F76-1B11-1P,桁架码垛,自动分拣N51,3266.8451324222165,3268.0151324222165,1.1700000000000728
DC12-F76-1B11-1S,分拣,自动分拣N51,3268.0151324222165,3269.5951324222165,1.5799999999999272
DC12-F76-1B11-1S,自动打磨,自动打磨N51,3269.5951324222165,3271.5511882952324,1.9560558730158846
DC12-F76-1B11-1S,桁架码垛,自动分拣N51,3271.5511882952324,3272.7211882952324,1.1700000000000728
DC12-F76-1B8-1P,分拣,自动分拣N51,3272.7211882952324,3274.3011882952324,1.5799999999999272
DC12-F76-1B8-1P,自动打磨,自动打磨N51,3274.3011882952324,3276.735078295232,2.433889999999792
DC12-F76-1B8-1P,桁架码垛,自动分拣N51,3276.735078295232,3277.905078295232,1.1700000000000728
DC12-F76-1B9-1P,分拣,自动分拣N51,3277.905078295232,3279.485078295232,1.5799999999999272
DC12-F76-1B9-1P,自动打磨,自动打磨N51,3279.485078295232,3281.906884247613,2.4218059523809643
DC12-F76-1B9-1P,桁架码垛,自动分拣N51,3281.906884247613,3283.076884247613,1.1700000000000728
DC12-F76-1B9-1S,分拣,自动分拣N51,3283.076884247613,3284.656884247613,1.5799999999999272
DC12-F76-1B9-1S,自动打磨,自动打磨N51,3284.656884247613,3287.078690199994,2.4218059523809643
DC12-F76-1B9-1S,桁架码垛,自动分拣N51,3287.078690199994,3288.248690199994,1.1700000000000728
U02S-1343切割后的大件,天车吊运（胎架到成品区）,天车,3171.898782331861,3176.898782331861,5.0
DC12-AG-1-2BP,分拣,自动分拣N21,3066.484912192163,3068.064912192163,1.5799999999999272
DC12-AG-1-2BP,自动打磨,自动打磨N21,3068.064912192163,3070.2597096524805,2.194797460317659
DC12-AG-1-2BP,桁架至坡口工作站,自动分拣N21,3070.2597096524805,3071.4264096524807,1.166700000000219
DC12-AG-1-2BS,分拣,自动分拣N21,3071.4264096524807,3073.0064096524807,1.5799999999999272
DC12-AG-1-2BS,自动打磨,自动打磨N21,3073.0064096524807,3075.2012071127983,2.194797460317659
DC12-AG-1-2BS,桁架至坡口工作站,自动分拣N21,3075.2012071127983,3076.3679071127985,1.166700000000219
DC12-AG-2-2BP,分拣,自动分拣N21,3076.3679071127985,3077.9479071127985,1.5799999999999272
DC12-AG-2-2BP,自动打磨,自动打磨N21,3077.9479071127985,3080.0573067953383,2.109399682539788
DC12-AG-2-2BP,桁架至坡口工作站,自动分拣N21,3080.0573067953383,3081.2240067953385,1.166700000000219
DC12-AG-2-2BS,分拣,自动分拣N21,3081.2240067953385,3082.8040067953384,1.5799999999999272
DC12-AG-2-2BS,自动打磨,自动打磨N21,3082.8040067953384,3084.9134063191477,2.1093995238093157
DC12-AG-2-2BS,桁架至坡口工作站,自动分拣N21,3084.9134063191477,3086.080106319148,1.166700000000219
DC12-CG-2-3BP,分拣,自动分拣N21,3086.080106319148,3087.660106319148,1.5799999999999272
DC12-CG-2-3BP,自动打磨,自动打磨N21,3087.660106319148,3089.677057033434,2.01695071428594
DC12-CG-2-3BP,桁架至坡口工作站,自动分拣N21,3089.677057033434,3090.843757033434,1.166700000000219
DC12-CG-2-3BS,分拣,自动分拣N21,3090.843757033434,3092.423757033434,1.5799999999999272
DC12-CG-2-3BS,自动打磨,自动打磨N21,3092.423757033434,3094.44070774772,2.01695071428594
DC12-CG-2-3BS,桁架至坡口工作站,自动分拣N21,3094.44070774772,3095.60740774772,1.166700000000219
DC12-F64-1B7-1P,分拣,自动分拣N21,3095.60740774772,3097.18740774772,1.5799999999999272
DC12-F64-1B7-1P,自动打磨,自动打磨N21,3097.18740774772,3099.024469493752,1.83706174603185
DC12-F64-1B7-1P,桁架码垛,自动分拣N21,3099.024469493752,3100.194469493752,1.1700000000000728
DC12-F64-1B7-1S,分拣,自动分拣N21,3100.194469493752,3101.774469493752,1.5799999999999272
DC12-F64-1B7-1S,自动打磨,自动打磨N21,3101.774469493752,3103.6115313191485,1.8370618253966313
DC12-F64-1B7-1S,桁架码垛,自动分拣N21,3103.6115313191485,3104.7815313191486,1.1700000000000728
DC12-F76-1B7-1P,分拣,自动分拣N21,3104.7815313191486,3106.3615313191485,1.5799999999999272
DC12-F76-1B7-1P,自动打磨,自动打磨N21,3106.3615313191485,3108.1874160016882,1.8258846825397086
DC12-F76-1B7-1P,桁架码垛,自动分拣N21,3108.1874160016882,3109.3574160016883,1.1700000000000728
DC12-F76-1B7-1S,分拣,自动分拣N21,3109.3574160016883,3110.9374160016882,1.5799999999999272
DC12-F76-1B7-1S,自动打磨,自动打磨N21,3110.9374160016882,3112.763300684228,1.8258846825397086
DC12-F76-1B7-1S,桁架码垛,自动分拣N21,3112.763300684228,3113.933300684228,1.1700000000000728
U02S-1335,天车空驶（胎架到原料区）,天车,3059.5199197912407,3067.5199197912407,8.0
U02S-1335,天车吊运（原料区到胎架）,天车,3067.5199197912407,3070.5199197912407,3.0
DC12-UD-1KSP-10BSP,分拣,自动分拣N21,3130.3001008932342,3131.880100893234,1.5799999999999272
DC12-UD-1KSP-10BSP,自动打磨,自动打磨N21,3131.880100893234,3134.311150655139,2.4310497619048874
DC12-UD-1KSP-10BSP,桁架码垛,自动分拣N21,3134.311150655139,3135.481150655139,1.1700000000000728
DC12-UD-1KSP-8BSP,分拣,自动分拣N21,3135.481150655139,3137.061150655139,1.5799999999999272
DC12-UD-1KSP-8BSP,自动打磨,自动打磨N21,3137.061150655139,3138.8603219249803,1.7991712698412812
DC12-UD-1KSP-8BSP,桁架码垛,自动分拣N21,3138.8603219249803,3140.0303219249804,1.1700000000000728
DC12-CHL-1E-1P,分拣,自动分拣N21,3140.0303219249804,3141.0303219249804,1.0
DC12-CHL-1E-1P,桁架至坡口工作站,自动分拣N21,3141.0303219249804,3142.1970219249806,1.166700000000219
DC12-CHL-1E-1S,分拣,自动分拣N21,3142.1970219249806,3143.1970219249806,1.0
DC12-CHL-1E-1S,桁架至坡口工作站,自动分拣N21,3143.1970219249806,3144.363721924981,1.166700000000219
DC12-CHL-2E-1P,分拣,自动分拣N21,3144.363721924981,3145.363721924981,1.0
DC12-CHL-2E-1P,桁架至坡口工作站,自动分拣N21,3145.363721924981,3146.530421924981,1.166700000000219
DC12-CHL-2E-1S,分拣,自动分拣N21,3146.530421924981,3147.530421924981,1.0
DC12-CHL-2E-1S,桁架至坡口工作站,自动分拣N21,3147.530421924981,3148.6971219249813,1.166700000000219
DC12-CHL-4E-1P,分拣,自动分拣N21,3148.6971219249813,3150.277121924981,1.5799999999999272
DC12-CHL-4E-1P,自动打磨,自动打磨N21,3150.277121924981,3152.268924782124,1.9918028571428295
DC12-CHL-4E-1P,桁架至坡口工作站,自动分拣N21,3152.268924782124,3153.4356247821243,1.166700000000219
DC12-CHL-4E-1S,分拣,自动分拣N21,3153.4356247821243,3155.015624782124,1.5799999999999272
DC12-CHL-4E-1S,自动打磨,自动打磨N21,3155.015624782124,3157.007427480537,1.9918026984128119
DC12-CHL-4E-1S,桁架至坡口工作站,自动分拣N21,3157.007427480537,3158.174127480537,1.166700000000219
DC12-CHL-6E-1P,分拣,自动分拣N21,3158.174127480537,3159.754127480537,1.5799999999999272
DC12-CHL-6E-1P,自动打磨,自动打磨N21,3159.754127480537,3161.523405575775,1.7692780952379508
DC12-CHL-6E-1P,桁架至坡口工作站,自动分拣N21,3161.523405575775,3162.6901055757753,1.166700000000219
DC12-CHL-6E-1S,分拣,自动分拣N21,3162.6901055757753,3164.2701055757752,1.5799999999999272
DC12-CHL-6E-1S,自动打磨,自动打磨N21,3164.2701055757752,3166.0393835916484,1.7692780158731694
DC12-CHL-6E-1S,桁架至坡口工作站,自动分拣N21,3166.0393835916484,3167.2060835916486,1.166700000000219
U02S-1340,天车空驶（胎架到原料区）,天车,3019.0604390938233,3022.0604390938233,3.0
U02S-1340,天车吊运（原料区到胎架）,天车,3022.0604390938233,3025.0604390938233,3.0
DC12-AG-1-1P,自由边打磨,人工打磨N51,3248.6070401616207,3251.363479443672,2.7564392820513604
U02S-1341,天车空驶（胎架到原料区）,天车,3107.933300684228,3110.933300684228,3.0
U02S-1341,天车吊运（原料区到胎架）,天车,3110.933300684228,3113.933300684228,3.0
DC12-AG-1-1S,自由边打磨,人工打磨N51,3251.363479443672,3254.1199187257234,2.7564392820513604
DC12-AG-2-1P,自由边打磨,人工打磨N51,3254.1199187257234,3257.392217597518,3.2722988717946464
DC12-AG-2-1S,自由边打磨,人工打磨N51,3257.392217597518,3260.664517341108,3.2722997435898833
DC12-F64-1B1-1P,分拣,自动分拣N51,3288.248690199994,3289.828690199994,1.5799999999999272
DC12-F64-1B1-1P,自动打磨,自动打磨N51,3289.828690199994,3292.111587501581,2.282897301587127
DC12-F64-1B1-1P,桁架码垛,自动分拣N51,3292.111587501581,3293.2815875015813,1.1700000000000728
DC12-F64-1B1-1S,分拣,自动分拣N51,3293.2815875015813,3294.861587501581,1.5799999999999272
DC12-F64-1B1-1S,自动打磨,自动打磨N51,3294.861587501581,3297.1444844857083,2.282896984127092
DC12-F64-1B1-1S,桁架码垛,自动分拣N51,3297.1444844857083,3298.3144844857084,1.1700000000000728
DC12-F64-1B2-1P,分拣,自动分拣N51,3298.3144844857084,3299.8944844857083,1.5799999999999272
DC12-F64-1B2-1P,自动打磨,自动打磨N51,3299.8944844857083,3302.3544932952323,2.46000880952397
DC12-F64-1B2-1P,桁架码垛,自动分拣N51,3302.3544932952323,3303.5244932952323,1.1700000000000728
DC12-F64-1B2-1S,分拣,自动分拣N51,3303.5244932952323,3305.1044932952323,1.5799999999999272
DC12-F64-1B2-1S,自动打磨,自动打磨N51,3305.1044932952323,3307.564502184121,2.4600088888887512
DC12-F64-1B2-1S,桁架码垛,自动分拣N51,3307.564502184121,3308.734502184121,1.1700000000000728
DC12-F64-1B3-1P,分拣,自动分拣N51,3308.734502184121,3310.314502184121,1.5799999999999272
DC12-F64-1B3-1P,自动打磨,自动打磨N51,3310.314502184121,3313.009783533327,2.6952813492061978
DC12-F64-1B3-1P,桁架码垛,自动分拣N51,3313.009783533327,3314.1797835333273,1.1700000000000728
DC12-F64-1B3-1S,分拣,自动分拣N51,3314.1797835333273,3315.759783533327,1.5799999999999272
DC12-F64-1B3-1S,自动打磨,自动打磨N51,3315.759783533327,3318.4550648825334,2.6952813492061978
DC12-F64-1B3-1S,桁架码垛,自动分拣N51,3318.4550648825334,3319.6250648825335,1.1700000000000728
DC12-F76-1B1-1S,分拣,自动分拣N51,3319.6250648825335,3321.2050648825334,1.5799999999999272
DC12-F76-1B1-1S,自动打磨,自动打磨N51,3321.2050648825334,3323.478942104756,2.2738772222223815
DC12-F76-1B1-1S,桁架码垛,自动分拣N51,3323.478942104756,3324.648942104756,1.1700000000000728
DC12-F76-1B2-1P,分拣,自动分拣N51,3324.648942104756,3326.228942104756,1.5799999999999272
DC12-F76-1B2-1P,自动打磨,自动打磨N51,3326.228942104756,3328.679059565073,2.450117460317415
DC12-F76-1B2-1P,桁架码垛,自动分拣N51,3328.679059565073,3329.8490595650733,1.1700000000000728
DC12-F76-1B2-1S,分拣,自动分拣N51,3329.8490595650733,3331.429059565073,1.5799999999999272
DC12-F76-1B2-1S,自动打磨,自动打磨N51,3331.429059565073,3333.879177263486,2.4501176984126687
DC12-F76-1B2-1S,桁架码垛,自动分拣N51,3333.879177263486,3335.049177263486,1.1700000000000728
DC12-F76-1B3-1P,分拣,自动分拣N51,3335.049177263486,3336.629177263486,1.5799999999999272
DC12-F76-1B3-1P,自动打磨,自动打磨N51,3336.629177263486,3339.312253374597,2.6830761111109496
DC12-F76-1B3-1P,桁架码垛,自动分拣N51,3339.312253374597,3340.482253374597,1.1700000000000728
DC12-F76-1B3-1S,分拣,自动分拣N51,3340.482253374597,3342.062253374597,1.5799999999999272
DC12-F76-1B3-1S,自动打磨,自动打磨N51,3342.062253374597,3344.745329406343,2.683076031746168
DC12-F76-1B3-1S,桁架码垛,自动分拣N51,3344.745329406343,3345.915329406343,1.1700000000000728
U02S-1340切割后的大件,天车吊运（胎架到坡口区）,天车,3260.664517341108,3263.664517341108,3.0
DC12-AG-1-1P,人工坡口,人工坡口1,3263.664517341108,3265.325429341108,1.6609119999998256
DC12-AG-1-1S,人工坡口,人工坡口1,3265.325429341108,3266.9863413411076,1.6609119999998256
DC12-AG-2-1P,人工坡口,人工坡口1,3266.9863413411076,3270.4802613411075,3.493919999999889
DC12-AG-2-1S,人工坡口,人工坡口1,3270.4802613411075,3273.9741813411074,3.493919999999889
U02S-1340切割后的大件,天车吊运（坡口区到成品区）,天车,3273.9741813411074,3278.9741813411074,5.0
DC12-F68-1SP-1SP,分拣,自动分拣N21,3168.1306923491998,3169.7106923491997,1.5799999999999272
DC12-F68-1SP-1SP,自动打磨,自动打磨N21,3169.7106923491997,3175.464896714279,5.754204365079204
DC12-F68-1SP-1SP,桁架码垛,自动分拣N21,3175.464896714279,3176.634896714279,1.1700000000000728
DC12-F71-1SP-1SP,分拣,自动分拣N21,3176.634896714279,3178.214896714279,1.5799999999999272
DC12-F71-1SP-1SP,自动打磨,自动打磨N21,3178.214896714279,3180.8537104444376,2.638813730158745
DC12-F71-1SP-1SP,桁架码垛,自动分拣N21,3180.8537104444376,3182.0237104444377,1.1700000000000728
DC12-F72-1SP-1SP,分拣,自动分拣N21,3182.0237104444377,3183.6037104444376,1.5799999999999272
DC12-F72-1SP-1SP,自动打磨,自动打磨N21,3183.6037104444376,3189.2141300476123,5.610419603174705
DC12-F72-1SP-1SP,桁架码垛,自动分拣N21,3189.2141300476123,3190.3841300476124,1.1700000000000728
DC12-UD-1KSP-7BSP,分拣,自动分拣N21,3190.3841300476124,3191.9641300476123,1.5799999999999272
DC12-UD-1KSP-7BSP,自动打磨,自动打磨N21,3191.9641300476123,3193.0390783809457,1.0749483333333956
DC12-UD-1KSP-7BSP,桁架码垛,自动分拣N21,3193.0390783809457,3194.209078380946,1.1700000000000728
DC12-UD-1KSP-9BSP,分拣,自动分拣N21,3194.209078380946,3195.7890783809457,1.5799999999999272
DC12-UD-1KSP-9BSP,自动打磨,自动打磨N21,3195.7890783809457,3198.2076218730094,2.418543492063691
DC12-UD-1KSP-9BSP,桁架码垛,自动分拣N21,3198.2076218730094,3199.3776218730095,1.1700000000000728
DC12-F71-2-1P,分拣,自动分拣N21,3199.3776218730095,3200.9576218730094,1.5799999999999272
DC12-F71-2-1P,自动打磨,自动打磨N21,3200.9576218730094,3204.965403380946,4.00778150793667
DC12-F71-2-1P,桁架码垛,自动分拣N21,3204.965403380946,3206.135403380946,1.1700000000000728
DC12-F71-2-1S,分拣,自动分拣N21,3206.135403380946,3207.715403380946,1.5799999999999272
DC12-F71-2-1S,自动打磨,自动打磨N21,3207.715403380946,3211.7231847301523,4.007781349206198
DC12-F71-2-1S,桁架码垛,自动分拣N21,3211.7231847301523,3212.8931847301524,1.1700000000000728
DC12-UD-1KSP-11BSP,分拣,自动分拣N21,3212.8931847301524,3214.4731847301523,1.5799999999999272
DC12-UD-1KSP-11BSP,自动打磨,自动打磨N21,3214.4731847301523,3216.3859579841205,1.9127732539682256
DC12-UD-1KSP-11BSP,桁架码垛,自动分拣N21,3216.3859579841205,3217.5559579841206,1.1700000000000728
U02S-1345,天车空驶（胎架到原料区）,天车,3156.2060835916486,3164.2060835916486,8.0
U02S-1345,天车吊运（原料区到胎架）,天车,3164.2060835916486,3167.2060835916486,3.0
DC12-AG-1-1BP,分拣,自动分拣N21,3217.5559579841206,3219.1359579841205,1.5799999999999272
DC12-AG-1-1BP,自动打磨,自动打磨N21,3219.1359579841205,3220.725594095232,1.5896361111113038
DC12-AG-1-1BP,桁架码垛,自动分拣N21,3220.725594095232,3221.895594095232,1.1700000000000728
DC12-AG-1-1BS,分拣,自动分拣N21,3221.895594095232,3223.475594095232,1.5799999999999272
DC12-AG-1-1BS,自动打磨,自动打磨N21,3223.475594095232,3225.065230285708,1.5896361904760852
DC12-AG-1-1BS,桁架码垛,自动分拣N21,3225.065230285708,3226.235230285708,1.1700000000000728
DC12-AG-2-1BP,分拣,自动分拣N21,3226.235230285708,3227.815230285708,1.5799999999999272
DC12-AG-2-1BP,自动打磨,自动打磨N21,3227.815230285708,3229.404866476184,1.5896361904760852
DC12-AG-2-1BP,桁架码垛,自动分拣N21,3229.404866476184,3230.574866476184,1.1700000000000728
DC12-AG-2-1BS,分拣,自动分拣N21,3230.574866476184,3232.154866476184,1.5799999999999272
DC12-AG-2-1BS,自动打磨,自动打磨N21,3232.154866476184,3233.74450266666,1.5896361904760852
DC12-AG-2-1BS,桁架码垛,自动分拣N21,3233.74450266666,3234.91450266666,1.1700000000000728
DC12-CG-1-1BP,分拣,自动分拣N21,3234.91450266666,3236.49450266666,1.5799999999999272
DC12-CG-1-1BP,自动打磨,自动打磨N21,3236.49450266666,3237.9457970317394,1.4512943650793204
DC12-CG-1-1BP,桁架码垛,自动分拣N21,3237.9457970317394,3239.1157970317395,1.1700000000000728
DC12-CG-1-1BS,分拣,自动分拣N21,3239.1157970317395,3240.6957970317394,1.5799999999999272
DC12-CG-1-1BS,自动打磨,自动打磨N21,3240.6957970317394,3242.1470913968187,1.4512943650793204
DC12-CG-1-1BS,桁架码垛,自动分拣N21,3242.1470913968187,3243.317091396819,1.1700000000000728
DC12-CG-1-2BP,分拣,自动分拣N21,3243.317091396819,3244.8970913968187,1.5799999999999272
DC12-CG-1-2BP,自动打磨,自动打磨N21,3244.8970913968187,3246.42111766666,1.5240262698412153
DC12-CG-1-2BP,桁架码垛,自动分拣N21,3246.42111766666,3247.59111766666,1.1700000000000728
DC12-CG-1-2BS,分拣,自动分拣N21,3247.59111766666,3249.17111766666,1.5799999999999272
DC12-CG-1-2BS,自动打磨,自动打磨N21,3249.17111766666,3250.695144095231,1.5240264285712328
DC12-CG-1-2BS,桁架码垛,自动分拣N21,3250.695144095231,3251.8651440952312,1.1700000000000728
DC12-CG-2-1BP,分拣,自动分拣N21,3251.8651440952312,3253.445144095231,1.5799999999999272
DC12-CG-2-1BP,自动打磨,自动打磨N21,3253.445144095231,3254.8964384603105,1.4512943650793204
DC12-CG-2-1BP,桁架码垛,自动分拣N21,3254.8964384603105,3256.0664384603106,1.1700000000000728
DC12-CG-2-1BS,分拣,自动分拣N21,3256.0664384603106,3257.6464384603105,1.5799999999999272
DC12-CG-2-1BS,自动打磨,自动打磨N21,3257.6464384603105,3259.09773282539,1.4512943650793204
DC12-CG-2-1BS,桁架码垛,自动分拣N21,3259.09773282539,3260.26773282539,1.1700000000000728
DC12-CG-2-2BP,分拣,自动分拣N21,3260.26773282539,3261.84773282539,1.5799999999999272
DC12-CG-2-2BP,自动打磨,自动打磨N21,3261.84773282539,3263.299027190469,1.4512943650793204
DC12-CG-2-2BP,桁架码垛,自动分拣N21,3263.299027190469,3264.469027190469,1.1700000000000728
DC12-CG-2-2BS,分拣,自动分拣N21,3264.469027190469,3266.049027190469,1.5799999999999272
DC12-CG-2-2BS,自动打磨,自动打磨N21,3266.049027190469,3267.5003215555485,1.4512943650793204
DC12-CG-2-2BS,桁架码垛,自动分拣N21,3267.5003215555485,3268.6703215555485,1.1700000000000728
U02S-1342,天车空驶（胎架到原料区）,天车,3211.5559579841206,3214.5559579841206,3.0
U02S-1342,天车吊运（原料区到胎架）,天车,3214.5559579841206,3217.5559579841206,3.0
U02S-1336,天车空驶（胎架到原料区）,天车,3263.664517341108,3266.664517341108,3.0
U02S-1336,天车吊运（原料区到胎架）,天车,3266.664517341108,3269.664517341108,3.0
U02S-1342切割后的大件,天车吊运（胎架到成品区）,天车,3278.9741813411074,3283.9741813411074,5.0
DC12-F64-1B4W-1P,分拣,自动分拣N21,3323.398267695578,3324.978267695578,1.5799999999999272
DC12-F64-1B4W-1P,自动打磨,自动打磨N21,3324.978267695578,3327.176613171768,2.1983454761902976
DC12-F64-1B4W-1P,桁架至坡口工作站,自动分拣N21,3327.176613171768,3328.3433131717684,1.166700000000219
DC12-F64-1B4W-1S,分拣,自动分拣N21,3328.3433131717684,3329.9233131717683,1.5799999999999272
DC12-F64-1B4W-1S,自动打磨,自动打磨N21,3329.9233131717683,3332.1216586479586,2.1983454761902976
DC12-F64-1B4W-1S,桁架至坡口工作站,自动分拣N21,3332.1216586479586,3333.288358647959,1.166700000000219
DC12-F64-1B5W-1P,分拣,自动分拣N21,3333.288358647959,3334.8683586479588,1.5799999999999272
DC12-F64-1B5W-1P,自动打磨,自动打磨N21,3334.8683586479588,3337.0651934892285,2.1968348412697196
DC12-F64-1B5W-1P,桁架至坡口工作站,自动分拣N21,3337.0651934892285,3338.2318934892287,1.166700000000219
DC12-F64-1B5W-1S,分拣,自动分拣N21,3338.2318934892287,3339.8118934892286,1.5799999999999272
DC12-F64-1B5W-1S,自动打磨,自动打磨N21,3339.8118934892286,3342.0087283304983,2.1968348412697196
DC12-F64-1B5W-1S,桁架至坡口工作站,自动分拣N21,3342.0087283304983,3343.1754283304986,1.166700000000219
DC12-F76-1B4W-1P,分拣,自动分拣N21,3343.1754283304986,3344.7554283304985,1.5799999999999272
DC12-F76-1B4W-1P,自动打磨,自动打磨N21,3344.7554283304985,3346.946263806689,2.1908354761903865
DC12-F76-1B4W-1P,桁架至坡口工作站,自动分拣N21,3346.946263806689,3348.112963806689,1.166700000000219
DC12-F76-1B4W-1S,分拣,自动分拣N21,3348.112963806689,3349.692963806689,1.5799999999999272
DC12-F76-1B4W-1S,自动打磨,自动打磨N21,3349.692963806689,3351.8837992035146,2.190835396825605
DC12-F76-1B4W-1S,桁架至坡口工作站,自动分拣N21,3351.8837992035146,3353.050499203515,1.166700000000219
DC12-F76-1B5W-1P,分拣,自动分拣N21,3353.050499203515,3354.630499203515,1.5799999999999272
DC12-F76-1B5W-1P,自动打磨,自动打磨N21,3354.630499203515,3356.8198059495467,2.189306746031889
DC12-F76-1B5W-1P,桁架至坡口工作站,自动分拣N21,3356.8198059495467,3357.986505949547,1.166700000000219
DC12-F76-1B5W-1S,分拣,自动分拣N21,3357.986505949547,3359.566505949547,1.5799999999999272
DC12-F76-1B5W-1S,自动打磨,自动打磨N21,3359.566505949547,3361.7558127749435,2.1893068253966703
DC12-F76-1B5W-1S,桁架至坡口工作站,自动分拣N21,3361.7558127749435,3362.9225127749437,1.166700000000219
U02S-1339,天车空驶（胎架到原料区）,天车,3283.9741813411074,3291.9741813411074,8.0
U02S-1339,天车吊运（原料区到胎架）,天车,3291.9741813411074,3294.9741813411074,3.0
DC12-F64-1KSP-1SP,自由边打磨,人工打磨N21,3357.7631150737593,3358.246436971195,0.4833218974358715
DC12-F64-1KSP-2SP,自由边打磨,人工打磨N21,3358.246436971195,3358.729758817349,0.48332184615401275
DC12-F76-1KSP-1SP,自由边打磨,人工打磨N21,3358.729758817349,3359.213080663503,0.48332184615401275
DC12-F76-1KSP-2SP,自由边打磨,人工打磨N21,3359.213080663503,3359.696402509657,0.48332184615401275
U02S-1339切割后的大件,天车吊运（胎架到坡口区）,天车,3359.696402509657,3362.696402509657,3.0
DC12-F64-1KSP-1SP,人工坡口,人工坡口1,3362.696402509657,3369.4964305096573,6.800028000000111
DC12-F64-1KSP-2SP,人工坡口,人工坡口1,3369.4964305096573,3376.2764585096575,6.780028000000129
DC12-F76-1KSP-1SP,人工坡口,人工坡口1,3376.2764585096575,3383.0001545096575,6.723696000000018
DC12-F76-1KSP-2SP,人工坡口,人工坡口1,3383.0001545096575,3389.7438505096575,6.743696
U02S-1339切割后的大件,天车吊运（坡口区到成品区）,天车,3389.7438505096575,3394.7438505096575,5.0
U02A-1330,天车空驶（胎架到原料区）,天车,3362.696402509657,3370.696402509657,8.0
U02A-1330,天车吊运（原料区到胎架）,天车,3370.696402509657,3373.696402509657,3.0
U02A-1331,天车空驶（胎架到原料区）,天车,3294.9741813411074,3297.9741813411074,3.0
U02A-1331,天车吊运（原料区到胎架）,天车,3297.9741813411074,3300.9741813411074,3.0
U02A-1330切割后的大件,天车吊运（胎架到成品区）,天车,3430.566186674441,3435.566186674441,5.0
U02S-1337,天车空驶（胎架到原料区）,天车,3334.915329406343,3342.915329406343,8.0
U02S-1337,天车吊运（原料区到胎架）,天车,3342.915329406343,3345.915329406343,3.0
U02A-1331切割后的大件,天车吊运（胎架到成品区）,天车,3373.696402509657,3378.696402509657,5.0
DC12-F69-1SP-1SP,自由边打磨,人工打磨N51,3400.8143124194635,3402.11814708613,1.3038346666667167
U02B-1333,天车空驶（胎架到原料区）,天车,3378.696402509657,3386.696402509657,8.0
U02B-1333,天车吊运（原料区到胎架）,天车,3386.696402509657,3389.696402509657,3.0
U02S-1337切割后的大件,天车吊运（胎架到坡口区）,天车,3402.11814708613,3405.11814708613,3.0
DC12-F69-1SP-1SP,人工坡口,人工坡口1,3405.11814708613,3425.74142708613,20.623279999999795
U02S-1337切割后的大件,天车吊运（坡口区到成品区）,天车,3435.566186674441,3440.566186674441,5.0
DC12-UD-1KSP-2SP,自由边打磨,人工打磨N21,3467.015270941866,3470.051349711097,3.0360787692306985
U02B-1332,天车空驶（胎架到原料区）,天车,3405.11814708613,3413.11814708613,8.0
U02B-1332,天车吊运（原料区到胎架）,天车,3413.11814708613,3416.11814708613,3.0
U02B-1333切割后的大件,天车吊运（胎架到成品区）,天车,3470.051349711097,3475.051349711097,5.0
DC12-UD-1KSP-1SP,自由边打磨,人工打磨N51,3447.2951838245135,3453.965092952719,6.6699091282052905
U02B-1334,天车空驶（胎架到原料区）,天车,3416.11814708613,3424.11814708613,8.0
U02B-1334,天车吊运（原料区到胎架）,天车,3424.11814708613,3427.11814708613,3.0
U02B-1332切割后的大件,天车吊运（胎架到成品区）,天车,3453.965092952719,3458.965092952719,5.0
T63S-4091,天车空驶（胎架到原料区）,天车,3440.566186674441,3448.566186674441,8.0
T63S-4091,天车吊运（原料区到胎架）,天车,3448.566186674441,3451.566186674441,3.0
U02B-1334切割后的大件,天车吊运（胎架到成品区）,天车,3476.1494477203173,3481.1494477203173,5.0
STA238FC-P1-1F1-1P,分拣,自动分拣N21,3488.691742046151,3490.271742046151,1.5799999999999272
STA238FC-P1-1F1-1P,自动打磨,自动打磨N21,3490.271742046151,3494.2050106969446,3.933268650793707
STA238FC-P1-1F1-1P,桁架码垛,自动分拣N21,3494.2050106969446,3495.3750106969446,1.1700000000000728
STA238FC-P1-1F1-1S,分拣,自动分拣N21,3495.3750106969446,3496.9550106969446,1.5799999999999272
STA238FC-P1-1F1-1S,自动打磨,自动打磨N21,3496.9550106969446,3500.8882794271035,3.933268730158943
STA238FC-P1-1F1-1S,桁架码垛,自动分拣N21,3500.8882794271035,3502.0582794271036,1.1700000000000728
STA238FC-P1-1F1-3P,分拣,自动分拣N21,3502.0582794271036,3503.6382794271035,1.5799999999999272
STA238FC-P1-1F1-3P,自动打磨,自动打磨N21,3503.6382794271035,3505.9128826017068,2.2746031746032713
STA238FC-P1-1F1-3P,桁架码垛,自动分拣N21,3505.9128826017068,3507.082882601707,1.1700000000000728
STA238FC-P1-1F1-3S,分拣,自动分拣N21,3507.082882601707,3508.6628826017068,1.5799999999999272
STA238FC-P1-1F1-3S,自动打磨,自动打磨N21,3508.6628826017068,3510.93748577631,2.2746031746032713
STA238FC-P1-1F1-3S,桁架码垛,自动分拣N21,3510.93748577631,3512.10748577631,1.1700000000000728
T63S-4092,天车空驶（胎架到原料区）,天车,3458.965092952719,3466.965092952719,8.0
T63S-4092,天车吊运（原料区到胎架）,天车,3466.965092952719,3469.965092952719,3.0
STA238FC-S1-1B1-1P,分拣,自动分拣N51,3522.2847356687676,3523.8647356687675,1.5799999999999272
STA238FC-S1-1B1-1P,自动打磨,自动打磨N51,3523.8647356687675,3525.1156557481327,1.2509200793651871
STA238FC-S1-1B1-1P,桁架码垛,自动分拣N51,3525.1156557481327,3526.2856557481327,1.1700000000000728
STA238FC-S1-1B1-1S,分拣,自动分拣N51,3526.2856557481327,3527.8656557481327,1.5799999999999272
STA238FC-S1-1B1-1S,自动打磨,自动打磨N51,3527.8656557481327,3529.116575827498,1.2509200793651871
STA238FC-S1-1B1-1S,桁架码垛,自动分拣N51,3529.116575827498,3530.286575827498,1.1700000000000728
STA238FC-S1-2B1-1P,分拣,自动分拣N51,3530.286575827498,3531.866575827498,1.5799999999999272
STA238FC-S1-2B1-1P,自动打磨,自动打磨N51,3531.866575827498,3533.117495906863,1.2509200793651871
STA238FC-S1-2B1-1P,桁架码垛,自动分拣N51,3533.117495906863,3534.287495906863,1.1700000000000728
STA238FC-R2-1B1P-1P,分拣,自动分拣N51,3534.287495906863,3535.867495906863,1.5799999999999272
STA238FC-R2-1B1P-1P,自动打磨,自动打磨N51,3535.867495906863,3537.368932176704,1.5014362698411787
STA238FC-R2-1B1P-1P,桁架码垛,自动分拣N51,3537.368932176704,3538.5389321767043,1.1700000000000728
STA238FC-R2-1B2P-1P,分拣,自动分拣N51,3538.5389321767043,3540.118932176704,1.5799999999999272
STA238FC-R2-1B2P-1P,自动打磨,自动打磨N51,3540.118932176704,3541.6203684465454,1.5014362698411787
STA238FC-R2-1B2P-1P,桁架码垛,自动分拣N51,3541.6203684465454,3542.7903684465455,1.1700000000000728
STA238FC-R2-2B1WS-1S,分拣,自动分拣N51,3542.7903684465455,3544.3703684465454,1.5799999999999272
STA238FC-R2-2B1WS-1S,自动打磨,自动打磨N51,3544.3703684465454,3545.8803753513075,1.5100069047621218
STA238FC-R2-2B1WS-1S,桁架码垛,自动分拣N51,3545.8803753513075,3547.0503753513076,1.1700000000000728
STA238FC-R2-2B2WS-1S,分拣,自动分拣N51,3547.0503753513076,3548.6303753513075,1.5799999999999272
STA238FC-R2-2B2WS-1S,自动打磨,自动打磨N51,3548.6303753513075,3550.1403816211487,1.510006269841142
STA238FC-R2-2B2WS-1S,桁架码垛,自动分拣N51,3550.1403816211487,3551.3103816211487,1.1700000000000728
STA238FC-R2-3B1S-1S,分拣,自动分拣N51,3551.3103816211487,3552.8903816211487,1.5799999999999272
STA238FC-R2-3B1S-1S,自动打磨,自动打磨N51,3552.8903816211487,3554.3950340814663,1.5046524603176294
STA238FC-R2-3B1S-1S,桁架码垛,自动分拣N51,3554.3950340814663,3555.5650340814664,1.1700000000000728
STA238FC-R2-3B2S-1S,分拣,自动分拣N51,3555.5650340814664,3557.1450340814663,1.5799999999999272
STA238FC-R2-3B2S-1S,自动打磨,自动打磨N51,3557.1450340814663,3558.649686541784,1.5046524603176294
STA238FC-R2-3B2S-1S,桁架码垛,自动分拣N51,3558.649686541784,3559.819686541784,1.1700000000000728
STA238FC-TOP-1SP-1SP,自由边打磨,人工打磨N51,3522.2847356687676,3523.5798735149215,1.2951378461539207
T63S-4855,天车空驶（胎架到原料区）,天车,3481.1494477203173,3484.1494477203173,3.0
T63S-4855,天车吊运（原料区到胎架）,天车,3484.1494477203173,3487.1494477203173,3.0
STA238FC-TOP-1SP-3SP,自由边打磨,人工打磨N51,3523.5798735149215,3524.8750113610754,1.2951378461539207
T63S-4092切割后的大件,天车吊运（胎架到坡口区）,天车,3524.8750113610754,3527.8750113610754,3.0
STA238FC-TOP-1SP-1SP,人工坡口,人工坡口1,3527.8750113610754,3544.0454553610753,16.17044399999986
STA238FC-TOP-1SP-3SP,人工坡口,人工坡口1,3544.0454553610753,3560.235899361075,16.190443999999843
T63S-4092切割后的大件,天车吊运（坡口区到成品区）,天车,3560.235899361075,3565.235899361075,5.0
STA238FC-F238-1B1P-1P,分拣,自动分拣N21,3512.10748577631,3513.68748577631,1.5799999999999272
STA238FC-F238-1B1P-1P,自动打磨,自动打磨N21,3513.68748577631,3515.0579779985324,1.3704922222223104
STA238FC-F238-1B1P-1P,桁架码垛,自动分拣N21,3515.0579779985324,3516.2279779985324,1.1700000000000728
STA238FC-F238-1B2WS-1S,分拣,自动分拣N21,3516.2279779985324,3517.8079779985324,1.5799999999999272
STA238FC-F238-1B2WS-1S,自动打磨,自动打磨N21,3517.8079779985324,3519.180201728691,1.3722237301585665
STA238FC-F238-1B2WS-1S,桁架码垛,自动分拣N21,3519.180201728691,3520.350201728691,1.1700000000000728
STA238FC-F240-1B1P-1P,分拣,自动分拣N21,3520.350201728691,3521.930201728691,1.5799999999999272
STA238FC-F240-1B1P-1P,自动打磨,自动打磨N21,3521.930201728691,3523.300694030278,1.3704923015870918
STA238FC-F240-1B1P-1P,桁架码垛,自动分拣N21,3523.300694030278,3524.470694030278,1.1700000000000728
STA238FC-F240-1B2WS-1S,分拣,自动分拣N21,3524.470694030278,3526.050694030278,1.5799999999999272
STA238FC-F240-1B2WS-1S,自动打磨,自动打磨N21,3526.050694030278,3527.4229177604366,1.3722237301585665
STA238FC-F240-1B2WS-1S,桁架码垛,自动分拣N21,3527.4229177604366,3528.5929177604366,1.1700000000000728
T63S-4090,天车空驶（胎架到原料区）,天车,3487.1494477203173,3495.1494477203173,8.0
T63S-4090,天车吊运（原料区到胎架）,天车,3495.1494477203173,3498.1494477203173,3.0
STA238FC-TOP-1SP-6SP,自由边打磨,人工打磨N51,3541.018298120945,3545.359717197868,4.341419076923103
T63S-4084,天车空驶（胎架到原料区）,天车,3506.10748577631,3509.10748577631,3.0
T63S-4084,天车吊运（原料区到胎架）,天车,3509.10748577631,3512.10748577631,3.0
T63S-4090切割后的大件,天车吊运（胎架到成品区）,天车,3545.359717197868,3550.359717197868,5.0
STA238FC-TOP-1SP-4SP,分拣,自动分拣N21,3531.2132204980053,3532.2132204980053,1.0
STA238FC-TOP-1SP-4SP,桁架至坡口工作站,自动分拣N21,3532.2132204980053,3533.3799204980055,1.166700000000219
STA238FC-TOP-1SP-5SP,分拣,自动分拣N21,3533.3799204980055,3534.9599204980054,1.5799999999999272
STA238FC-TOP-1SP-5SP,自动打磨,自动打磨N21,3534.9599204980054,3536.34035010118,1.3804296031744343
STA238FC-TOP-1SP-5SP,桁架至坡口工作站,自动分拣N21,3536.34035010118,3537.50705010118,1.166700000000219
T63S-4086,天车空驶（胎架到原料区）,天车,3527.8750113610754,3535.8750113610754,8.0
T63S-4086,天车吊运（原料区到胎架）,天车,3535.8750113610754,3538.8750113610754,3.0
STA238FC-TOP-1SP-2SP,自由边打磨,人工打磨N21,3572.8032147686927,3580.1429686148463,7.339753846153599
T63S-4087,天车空驶（胎架到原料区）,天车,3550.359717197868,3553.359717197868,3.0
T63S-4087,天车吊运（原料区到胎架）,天车,3553.359717197868,3556.359717197868,3.0
T63S-4086切割后的大件,天车吊运（胎架到成品区）,天车,3580.1429686148463,3585.1429686148463,5.0
STA238FC-TOP-1SP-7SP,自由边打磨,人工打磨N51,3580.105740024292,3584.4647761781384,4.3590361538463185
T63S-4087切割后的大件,天车空驶（成品区到胎架）,天车,3585.1429686148463,3590.1429686148463,5.0
T63S-4087切割后的大件,天车吊运（胎架到成品区）,天车,3590.1429686148463,3595.1429686148463,5.0
料框_N2_AP2_P1_坡口,自动坡口,自动坡口1,67.3964927665676,71.08612951870435,3.6896367521367495
料框_N5_AP2_P4,AGV转运(至半框),AGV1,87.34587188067711,95.09587188067711,7.75
料框_N2_AP2_P2,AGV转运(至半框),AGV2,118.83040872576917,126.58040872576917,7.75
料框_N5_AP2_P2,AGV转运(至半框),AGV1,233.48404079209814,241.23404079209814,7.75
料框_N2_AP2_P1_坡口,自动坡口,自动坡口1,343.8341768606034,350.0414289973555,6.207252136752118
料框_N2_AP2_P1_坡口,自动坡口,自动坡口1,350.0414289973555,354.4004033563299,4.358974358974365
料框_N2_AP2_P1_坡口,自动坡口,自动坡口1,354.4004033563299,358.7380101939367,4.337606837606813
料框_N2_AP2_P1_坡口,自动坡口,自动坡口1,358.7380101939367,363.93504010846664,5.197029914529935
料框_N2_AP2_P1_坡口,自动坡口,自动坡口1,363.93504010846664,367.9978456640222,4.062805555555542
料框_N2_AP2_P1_坡口,自动坡口,自动坡口1,367.9978456640222,372.0579802794068,4.060134615384641
料框_N2_AP2_P4_坡口,自动坡口,自动坡口1,372.0579802794068,378.103920450347,6.0459401709401845
料框_N2_AP2_P4_坡口,自动坡口,自动坡口1,378.103920450347,384.1498606212872,6.0459401709401845
料框_N2_AP2_P4_坡口,自动坡口,自动坡口1,384.1498606212872,389.64937557855217,5.499514957264978
料框_N2_AP2_P4_坡口,自动坡口,自动坡口1,389.64937557855217,395.14889053581715,5.499514957264978
料框_N2_AP2_P4,AGV转运(至半框),AGV2,388.28950162250794,396.03950162250794,7.75
料框_AP2_P4_合盘,AGV合盘至坡口工作站,AGV1,396.03950162250794,398.78950162250794,2.75
料框_N2_AP2_P4_坡口,自动坡口,自动坡口1,397.8008001939365,403.30172327085955,5.500923076923073
料框_N2_AP2_P4_坡口,自动坡口,自动坡口1,403.30172327085955,408.8026463477826,5.500923076923073
料框_N2_AP2_P1_坡口,自动坡口,自动坡口1,709.3311261442511,712.8932355948006,3.5621094505494284
料框_N2_AP2_P1,AGV转运(至半框),AGV2,714.3162924934575,722.0662924934575,7.75
料框_N2_AP2_P1_坡口,自动坡口,自动坡口1,724.0467194775845,727.7445216753866,3.6978021978021616
料框_N2_AP2_P3,AGV转运(至半框),AGV1,747.2464191601242,754.9964191601242,7.75
料框_N2_AP2_P5,AGV转运(至半框),AGV2,770.6626513823464,778.4126513823464,7.75
料框_N5_AP2_P1,AGV转运(至半框),AGV1,847.432727072013,855.182727072013,7.75
料框_AP2_P1_合盘,AGV合盘至坡口工作站,AGV2,855.182727072013,857.932727072013,2.75
料框_N5_AP2_P1_坡口,AGV转运(至坡口),AGV1,855.3785416751876,863.1285416751876,7.75
料框_N5_AP2_P1_坡口,AGV至坡口工作站,AGV2,863.2285416751877,865.9785416751877,2.75
料框_N5_AP2_P1_坡口,自动坡口,自动坡口1,865.9785416751877,883.8409771544372,17.862435479249484
料框_N5_AP2_P3,AGV转运(至半框),AGV1,865.194446040267,872.944446040267,7.75
料框_N5_AP2_P5,AGV转运(至半框),AGV2,1027.5230356614218,1035.2730356614218,7.75
料框_AP2_P1,AGV至小部材放置区,AGV1,1085.2092018509725,1087.9592018509725,2.75
料框_AP2_P2,AGV至小部材放置区,AGV2,1086.5842018509725,1089.3342018509725,2.75
料框_AP2_P3,AGV至小部材放置区,AGV1,1087.9592018509725,1095.7092018509725,7.75
料框_AP2_P4,AGV至小部材放置区,AGV2,1094.3342018509725,1102.0842018509725,7.75
料框_AP2_P5,AGV至小部材放置区,AGV1,1100.7092018509725,1108.4592018509725,7.75
料框_N2_BN1_P1_坡口,自动坡口,自动坡口1,1295.5887742735426,1299.8736103391163,4.2848360655737
料框_N2_BN1_P1_坡口,自动坡口,自动坡口1,1300.6151791148125,1304.9000151803862,4.2848360655737
料框_N2_BN1_P1_坡口,自动坡口,自动坡口1,1305.6415839560823,1309.926420021656,4.2848360655737
料框_N2_BN1_P1_坡口,自动坡口,自动坡口1,1310.2176352259235,1314.5024712914972,4.2848360655737
料框_N2_BN1_P1_坡口,自动坡口,自动坡口1,1314.7936865751296,1319.0785226407033,4.2848360655737
料框_N2_BN1_P1_坡口,自动坡口,自动坡口1,1319.3361091941772,1323.620945259751,4.2848360655737
料框_N2_BN1_P1_坡口,自动坡口,自动坡口1,1323.620945259751,1327.9057813253246,4.2848360655737
料框_N2_BN1_P1_坡口,自动坡口,自动坡口1,1328.0442833211612,1332.3291193867349,4.2848360655737
料框_N2_BN1_P1_坡口,自动坡口,自动坡口1,1332.3518867338596,1336.6367227994333,4.2848360655737
料框_N2_BN1_P1_坡口,自动坡口,自动坡口1,1338.5119219719547,1342.7967580375284,4.2848360655737
料框_N2_BN1_P1_坡口,自动坡口,自动坡口1,1342.8814527656054,1347.1662888311791,4.2848360655737
料框_N2_BN1_P1_坡口,自动坡口,自动坡口1,1348.9314170513196,1353.2162531168933,4.2848360655737
料框_N2_BN1_P1_坡口,自动坡口,自动坡口1,1353.2162531168933,1357.501089182467,4.2848360655737
料框_N2_BN1_P1_坡口,自动坡口,自动坡口1,1357.649758559256,1361.9345946248297,4.2848360655737
料框_N2_BN1_P1_坡口,自动坡口,自动坡口1,1361.9345946248297,1366.2194306904034,4.2848360655737
料框_N2_BN1_P1_坡口,自动坡口,自动坡口1,1366.2567062576686,1370.5415423232423,4.2848360655737
料框_N2_BN1_P1_坡口,自动坡口,自动坡口1,1370.8219179243351,1375.55757366204,4.735655737704974
料框_N2_BN1_P1_坡口,自动坡口,自动坡口1,1376.3697630037002,1381.1054187414052,4.735655737704974
料框_N5_BN1_P1,AGV转运(至半框),AGV2,1474.1816861934678,1481.9316861934678,7.75
料框_N5_BN1_P6_坡口,AGV转运(至坡口),AGV1,1509.6976708760076,1517.4476708760076,7.75
料框_N5_BN1_P6_坡口,AGV至坡口工作站,AGV2,1517.5476708760075,1520.2976708760075,2.75
料框_N5_BN1_P6_坡口,自动坡口,自动坡口1,1520.2976708760075,1527.4915661639657,7.193895287958185
料框_N5_BN1_P2_坡口,AGV转运(至坡口),AGV1,1629.620678636794,1637.370678636794,7.75
料框_N5_BN1_P2_坡口,AGV至坡口工作站,AGV2,1637.470678636794,1640.220678636794,2.75
料框_N5_BN1_P2_坡口,自动坡口,自动坡口1,1640.220678636794,1649.6197576745947,9.399079037800675
料框_N5_BN1_P9_坡口,AGV转运(至坡口),AGV1,1638.4030110177464,1646.1530110177464,7.75
料框_N5_BN1_P9_坡口,AGV至坡口工作站,AGV2,1646.2530110177463,1649.0030110177463,2.75
料框_N5_BN1_P9_坡口,自动坡口,自动坡口1,1649.6197576745947,1670.0550068154882,20.435249140893575
料框_N2_BN1_P1_坡口,自动坡口,自动坡口1,1839.1450614031414,1844.0323564851087,4.887295081967295
料框_N2_BN1_P1_坡口,自动坡口,自动坡口1,1844.0323564851087,1848.7659630424857,4.733606557377016
料框_N2_BN1_P1_坡口,自动坡口,自动坡口1,1848.7659630424857,1853.6553073047808,4.889344262295026
料框_N2_BN1_P1_坡口,自动坡口,自动坡口1,1853.6553073047808,1858.3909630424857,4.735655737704974
料框_BN1_P1_合盘,AGV合盘至坡口工作站,AGV1,1858.3909630424857,1861.1409630424857,2.75
料框_N2_BN1_P1,AGV转运(至半框),AGV2,1867.2878460055272,1875.0378460055272,7.75
料框_N5_BN1_P2,AGV转运(至半框),AGV1,1870.598538399213,1878.348538399213,7.75
料框_N2_BN1_P2,AGV转运(至半框),AGV2,1875.0378460055272,1882.7878460055272,7.75
料框_BN1_P2_合盘,AGV合盘至坡口工作站,AGV1,1882.7878460055272,1885.5378460055272,2.75
料框_N5_BN1_P8,AGV转运(至半框),AGV2,2058.238708005938,2065.988708005938,7.75
料框_N2_BN1_P4,AGV转运(至半框),AGV1,2178.86784782155,2186.61784782155,7.75
料框_N2_BN1_P5,AGV转运(至半框),AGV2,2185.24284782155,2192.99284782155,7.75
料框_N2_BN1_P6,AGV转运(至半框),AGV1,2209.7486313020495,2217.4986313020495,7.75
料框_N5_BN1_P3,AGV转运(至半框),AGV2,2210.956518288558,2220.2486313020495,9.292113013491416
料框_N5_BN1_P9,AGV转运(至半框),AGV1,2301.920116621891,2309.670116621891,7.75
料框_N5_BN1_P4,AGV转运(至半框),AGV2,2315.5922763044305,2323.3422763044305,7.75
料框_N5_BN1_P5,AGV转运(至半框),AGV1,2321.9672763044305,2329.7172763044305,7.75
料框_N2_BN1_P7,AGV转运(至半框),AGV2,2324.541661259015,2332.291661259015,7.75
料框_N2_BN1_P9,AGV转运(至半框),AGV1,2442.6919867509855,2450.4419867509855,7.75
料框_BN1_P9_合盘,AGV合盘至坡口工作站,AGV2,2450.4419867509855,2453.1919867509855,2.75
料框_N5_BN1_P6,AGV转运(至半框),AGV1,2652.5918117424862,2660.3418117424862,7.75
料框_BN1_P6_合盘,AGV合盘至坡口工作站,AGV2,2660.3418117424862,2663.0918117424862,2.75
料框_N5_BN1_P7,AGV转运(至半框),AGV1,2698.436668409153,2706.186668409153,7.75
料框_BN1_P1,AGV至小部材放置区,AGV2,2706.186668409153,2708.936668409153,2.75
料框_BN1_P2,AGV至小部材放置区,AGV1,2707.561668409153,2710.311668409153,2.75
料框_BN1_P3,AGV至小部材放置区,AGV2,2708.936668409153,2716.686668409153,7.75
料框_BN1_P4,AGV至小部材放置区,AGV1,2715.311668409153,2723.061668409153,7.75
料框_BN1_P5,AGV至小部材放置区,AGV2,2721.686668409153,2729.436668409153,7.75
料框_BN1_P6,AGV至小部材放置区,AGV1,2728.061668409153,2735.811668409153,7.75
料框_BN1_P7,AGV至小部材放置区,AGV2,2734.436668409153,2742.186668409153,7.75
料框_BN1_P8,AGV至小部材放置区,AGV1,2740.811668409153,2748.561668409153,7.75
料框_BN1_P9,AGV至小部材放置区,AGV2,2747.186668409153,2754.936668409153,7.75
料框_N5_STA238FC_P1_坡口,AGV转运(至坡口),AGV1,2748.561668409153,2756.311668409153,7.75
料框_N5_STA238FC_P1_坡口,AGV至坡口工作站,AGV2,2756.311668409153,2764.061668409153,7.75
料框_N5_STA238FC_P1_坡口,自动坡口,自动坡口1,2764.061668409153,2775.6703133227807,11.608644913627813
料框_N5_STA238FC_P2_坡口,AGV转运(至坡口),AGV1,2820.316838382524,2828.066838382524,7.75
料框_N5_STA238FC_P2_坡口,AGV至坡口工作站,AGV2,2828.166838382524,2830.916838382524,2.75
料框_N5_STA238FC_P2_坡口,自动坡口,自动坡口1,2830.916838382524,2865.0822561662603,34.1654177837363
料框_N5_STA238FC_P3_坡口,AGV转运(至坡口),AGV1,2828.066838382524,2835.816838382524,7.75
料框_N5_STA238FC_P3_坡口,AGV至坡口工作站,AGV2,2835.916838382524,2838.666838382524,2.75
料框_N5_STA238FC_P3_坡口,自动坡口,自动坡口1,2865.0822561662603,2873.5315023974163,8.44924623115594
料框_N2_STA238FC_P1,AGV转运(至半框),AGV1,2846.1260882729302,2853.8760882729302,7.75
料框_N2_STA238FC_P1_坡口,自动坡口,自动坡口1,2873.5315023974163,2877.652204124261,4.1207017268448
料框_N5_STA238FC_P1,AGV转运(至半框),AGV2,2868.4825509415577,2876.2325509415577,7.75
料框_STA238FC_P1_合盘,AGV合盘至坡口工作站,AGV1,2877.652204124261,2880.402204124261,2.75
料框_STA238FC_P1_合盘,AGV合盘至坡口工作站,AGV2,2880.402204124261,2883.152204124261,2.75
料框_N5_DC12_P4,AGV转运(至半框),AGV1,3020.0604390938233,3027.8104390938233,7.75
料框_N2_DC12_P1,AGV转运(至半框),AGV2,3036.8002020039376,3044.5502020039376,7.75
料框_N2_DC12_P2_坡口,自动坡口,自动坡口1,3071.4264096524807,3075.0572997048366,3.6308900523558805
料框_N2_DC12_P2_坡口,自动坡口,自动坡口1,3076.3679071127985,3080.000433290809,3.6325261780102664
料框_N2_DC12_P2_坡口,自动坡口,自动坡口1,3081.2240067953385,3084.8548968476944,3.6308900523558805
料框_N2_DC12_P2_坡口,自动坡口,自动坡口1,3086.080106319148,3089.710996371504,3.6308900523558805
料框_N2_DC12_P2_坡口,自动坡口,自动坡口1,3090.843757033434,3094.47464708579,3.6308900523558805
料框_N2_DC12_P2_坡口,自动坡口,自动坡口1,3095.60740774772,3099.2399339257304,3.6325261780102664
料框_N2_DC12_P3,AGV转运(至半框),AGV1,3108.933300684228,3116.683300684228,7.75
料框_N2_DC12_P4_坡口,自动坡口,自动坡口1,3142.1970219249806,3148.635366817202,6.4383448922212665
料框_N2_DC12_P4_坡口,自动坡口,自动坡口1,3148.635366817202,3155.064339638195,6.428972820993295
料框_N2_DC12_P4_坡口,自动坡口,自动坡口1,3155.064339638195,3161.7699797506602,6.705640112465062
料框_N2_DC12_P4_坡口,自动坡口,自动坡口1,3161.7699797506602,3168.4756198631253,6.705640112465062
料框_N2_DC12_P4_坡口,自动坡口,自动坡口1,3168.4756198631253,3174.626564567905,6.150944704779704
料框_N2_DC12_P4_坡口,自动坡口,自动坡口1,3174.626564567905,3180.7775092726847,6.150944704779704
料框_N2_DC12_P4_坡口,自动坡口,自动坡口1,3180.7775092726847,3186.9257548209507,6.148245548266004
料框_N2_DC12_P4_坡口,自动坡口,自动坡口1,3186.9257548209507,3193.064628297989,6.138873477038487
料框_DC12_P4_合盘,AGV合盘至坡口工作站,AGV2,3193.064628297989,3195.814628297989,2.75
料框_N5_DC12_P1,AGV转运(至半框),AGV1,3190.578174644438,3198.328174644438,7.75
料框_N5_DC12_P2,AGV转运(至半框),AGV2,3207.7108684539617,3215.4608684539617,7.75
料框_N2_DC12_P4,AGV转运(至半框),AGV1,3212.5559579841206,3220.3059579841206,7.75
料框_N2_DC12_P2,AGV转运(至半框),AGV2,3263.6703215555485,3271.4203215555485,7.75
料框_DC12_P2_合盘,AGV合盘至坡口工作站,AGV1,3271.4203215555485,3274.1703215555485,2.75
料框_N2_DC12_P3_坡口,自动坡口,自动坡口1,3328.3433131717684,3333.7433227686975,5.400009596929067
料框_N2_DC12_P3_坡口,自动坡口,自动坡口1,3333.7433227686975,3339.1529292946093,5.40960652591184
料框_N2_DC12_P3_坡口,自动坡口,自动坡口1,3339.1529292946093,3344.553745033573,5.400815738963502
料框_N2_DC12_P3_坡口,自动坡口,自动坡口1,3344.553745033573,3349.9545607725363,5.400815738963502
料框_N5_DC12_P3,AGV转运(至半框),AGV2,3340.915329406343,3348.665329406343,7.75
料框_N2_DC12_P3_坡口,自动坡口,自动坡口1,3349.9545607725363,3355.3573611564134,5.402800383877093
料框_DC12_P3_合盘,AGV合盘至坡口工作站,AGV1,3349.9545607725363,3352.7045607725363,2.75
料框_N2_DC12_P3_坡口,自动坡口,自动坡口1,3355.3573611564134,3360.7505646113077,5.393203454894319
料框_N2_DC12_P3_坡口,自动坡口,自动坡口1,3360.7505646113077,3366.1446605805977,5.394095969289992
料框_N2_DC12_P3_坡口,自动坡口,自动坡口1,3366.1446605805977,3371.5387565498877,5.394095969289992
料框_DC12_P1,AGV至小部材放置区,AGV2,3481.1494477203173,3483.8994477203173,2.75
料框_DC12_P2,AGV至小部材放置区,AGV1,3482.5244477203173,3485.2744477203173,2.75
料框_DC12_P3,AGV至小部材放置区,AGV2,3483.8994477203173,3491.6494477203173,7.75
料框_DC12_P4,AGV至小部材放置区,AGV1,3490.2744477203173,3498.0244477203173,7.75
料框_N2_STA238FC_P2,AGV转运(至半框),AGV2,3507.10748577631,3514.85748577631,7.75
料框_N2_STA238FC_P3,AGV转运(至半框),AGV1,3523.5929177604366,3531.3429177604366,7.75
料框_N2_STA238FC_P3_坡口,自动坡口,自动坡口1,3533.3799204980055,3545.6418093868942,12.261888888888734
料框_N5_STA238FC_P2,AGV转运(至半框),AGV2,3529.287495906863,3537.037495906863,7.75
料框_STA238FC_P2_合盘,AGV合盘至坡口工作站,AGV1,3537.037495906863,3539.787495906863,2.75
料框_N2_STA238FC_P3_坡口,自动坡口,自动坡口1,3545.6418093868942,3557.903698275783,12.261888888888734
料框_STA238FC_P3_合盘,AGV合盘至坡口工作站,AGV2,3557.903698275783,3560.653698275783,2.75
料框_N5_STA238FC_P3,AGV转运(至半框),AGV1,3554.819686541784,3562.569686541784,7.75
料框_STA238FC_P1,AGV至小部材放置区,AGV2,3595.1429686148463,3597.8929686148463,2.75
料框_STA238FC_P2,AGV至小部材放置区,AGV1,3596.5179686148463,3599.2679686148463,2.75
料框_STA238FC_P3,AGV至小部材放置区,AGV2,3597.8929686148463,3605.6429686148463,7.75
