零件名,工序,资源,开始(min),结束(min),时长(min)
A03S-1304,天车空驶（胎架到原料区）,天车,0.0,3.0,3.0
A03S-1304,天车吊运（原料区到胎架）,天车,3.0,6.0,3.0
AP2-FC-1-1P,自由边打磨,人工打磨N21,28.29860114411301,29.953314169754037,1.6547130256410263
AP2-FC-1-1S,自由边打磨,人工打磨N21,29.953314169754037,31.608027144113013,1.6547129743589757
A03S-1304切割后的大件,天车吊运（胎架到成品区）,天车,31.608027144113013,36.60802714411301,4.9999999999999964
A03S-1274,天车空驶（胎架到原料区）,天车,6.0,14.0,8.0
A03S-1274,天车吊运（原料区到胎架）,天车,14.0,17.0,3.0
AP2-818-1S,分拣,自动分拣N51,37.93377497591521,39.51377497591521,1.5799999999999983
AP2-818-1S,自动打磨,自动打磨N51,39.51377497591521,41.46631624575648,1.9525412698412694
AP2-818-1S,桁架码垛,自动分拣N51,41.46631624575648,42.63631624575648,1.1700000000000017
AP2-821-1P,分拣,自动分拣N51,42.63631624575648,44.21631624575648,1.5799999999999983
AP2-821-1P,自动打磨,自动打磨N51,44.21631624575648,46.012214340994575,1.795898095238094
AP2-821-1P,桁架码垛,自动分拣N51,46.012214340994575,47.18221434099458,1.1700000000000017
AP2-821-1S,分拣,自动分拣N51,47.18221434099458,48.762214340994575,1.5799999999999983
AP2-821-1S,自动打磨,自动打磨N51,48.762214340994575,50.55811370607394,1.7958993650793644
AP2-821-1S,桁架码垛,自动分拣N51,50.55811370607394,51.72811370607394,1.1700000000000017
AP2-823-1P,分拣,自动分拣N51,51.72811370607394,53.30811370607394,1.5799999999999983
AP2-823-1P,自动打磨,自动打磨N51,53.30811370607394,55.119823071153306,1.8117093650793663
AP2-823-1P,桁架码垛,自动分拣N51,55.119823071153306,56.28982307115331,1.1700000000000017
AP2-823-1S,分拣,自动分拣N51,56.28982307115331,57.869823071153306,1.5799999999999983
AP2-823-1S,自动打磨,自动打磨N51,57.869823071153306,59.68153243623267,1.8117093650793663
AP2-823-1S,桁架码垛,自动分拣N51,59.68153243623267,60.851532436232674,1.1700000000000017
AP2-826-1P,分拣,自动分拣N51,60.851532436232674,62.43153243623267,1.5799999999999983
AP2-826-1P,自动打磨,自动打磨N51,62.43153243623267,64.18193719813743,1.7504047619047611
AP2-826-1P,桁架码垛,自动分拣N51,64.18193719813743,65.35193719813743,1.1700000000000017
AP2-826-1S,分拣,自动分拣N51,65.35193719813743,66.93193719813743,1.5799999999999983
AP2-826-1S,自动打磨,自动打磨N51,66.93193719813743,68.6823419600422,1.7504047619047611
AP2-826-1S,桁架码垛,自动分拣N51,68.6823419600422,69.8523419600422,1.1700000000000017
AP2-829-1S,分拣,自动分拣N51,69.8523419600422,71.4323419600422,1.5799999999999983
AP2-829-1S,自动打磨,自动打磨N51,71.4323419600422,73.38488338861362,1.952541428571422
AP2-829-1S,桁架码垛,自动分拣N51,73.38488338861362,74.55488338861362,1.1700000000000017
AP2-831-1P,分拣,自动分拣N51,74.55488338861362,76.13488338861362,1.5799999999999983
AP2-831-1P,自动打磨,自动打磨N51,76.13488338861362,77.82140029337552,1.686516904761902
AP2-831-1P,桁架码垛,自动分拣N51,77.82140029337552,78.99140029337552,1.1700000000000017
AP2-831-1S,分拣,自动分拣N51,78.99140029337552,80.57140029337552,1.5799999999999983
AP2-831-1S,自动打磨,自动打磨N51,80.57140029337552,82.25800830924854,1.68660801587302
AP2-831-1S,桁架码垛,自动分拣N51,82.25800830924854,83.42800830924854,1.1700000000000017
AP2-832-1P,分拣,自动分拣N51,83.42800830924854,85.00800830924854,1.5799999999999983
AP2-832-1P,自动打磨,自动打磨N51,85.00800830924854,86.71689434099457,1.708886031746033
AP2-832-1P,桁架码垛,自动分拣N51,86.71689434099457,87.88689434099457,1.1700000000000017
AP2-832-1S,分拣,自动分拣N51,87.88689434099457,89.46689434099457,1.5799999999999983
AP2-832-1S,自动打磨,自动打磨N51,89.46689434099457,91.17587188067711,1.708977539682536
AP2-832-1S,桁架码垛,自动分拣N51,91.17587188067711,92.34587188067711,1.1700000000000017
AP2-830-1P,分拣,自动分拣N51,92.34587188067711,93.92587188067711,1.5799999999999983
AP2-830-1P,自动打磨,自动打磨N51,93.92587188067711,95.6082068806771,1.6823349999999948
AP2-830-1P,桁架码垛,自动分拣N51,95.6082068806771,96.7782068806771,1.1700000000000017
AP2-830-1S,分拣,自动分拣N51,96.7782068806771,98.3582068806771,1.5799999999999983
AP2-830-1S,自动打磨,自动打磨N51,98.3582068806771,100.0405418806771,1.6823349999999948
AP2-830-1S,桁架码垛,自动分拣N51,100.0405418806771,101.2105418806771,1.1700000000000017
AP2-833-1P,分拣,自动分拣N51,101.2105418806771,102.7905418806771,1.5799999999999983
AP2-833-1P,自动打磨,自动打磨N51,102.7905418806771,105.39507180131201,2.604529920634917
AP2-833-1P,桁架码垛,自动分拣N51,105.39507180131201,106.56507180131202,1.1700000000000017
AP2-833-1S,分拣,自动分拣N51,106.56507180131202,108.14507180131201,1.5799999999999983
AP2-833-1S,自动打磨,自动打磨N51,108.14507180131201,110.22291545210567,2.0778436507936533
AP2-833-1S,桁架码垛,自动分拣N51,110.22291545210567,111.39291545210567,1.1700000000000017
A03S-1287,天车空驶（胎架到原料区）,天车,22.29860114411301,25.29860114411301,3.0
A03S-1287,天车吊运（原料区到胎架）,天车,25.29860114411301,28.29860114411301,3.0
AP2-F2-3S-5BS,分拣,自动分拣N21,62.97299689355172,64.55299689355172,1.5799999999999983
AP2-F2-3S-5BS,自动打磨,自动打磨N21,64.55299689355172,66.2297927665676,1.6767958730158767
AP2-F2-3S-5BS,桁架至坡口工作站,自动分拣N21,66.2297927665676,67.3964927665676,1.1667000000000058
AP2-F5-1P-1P,自由边打磨,人工打磨N21,62.97299689355172,63.267598021756854,0.2946011282051302
AP2-F5-2S-1S,自由边打磨,人工打磨N21,63.267598021756854,63.59598304739788,0.3283850256410261
AP2-F6-2P-7BP,分拣,自动分拣N21,67.3964927665676,68.9764927665676,1.5799999999999983
AP2-F6-2P-7BP,自动打磨,自动打磨N21,68.9764927665676,70.64846744910729,1.671974682539684
AP2-F6-2P-7BP,桁架码垛,自动分拣N21,70.64846744910729,71.81846744910729,1.1700000000000017
TA10-F9-1SP-3SP,分拣,自动分拣N21,71.81846744910729,73.39846744910729,1.5799999999999983
TA10-F9-1SP-3SP,自动打磨,自动打磨N21,73.39846744910729,75.07044205228189,1.6719746031746041
TA10-F9-1SP-3SP,桁架码垛,自动分拣N21,75.07044205228189,76.24044205228189,1.1700000000000017
A03S-1287切割后的大件,天车吊运（胎架到成品区）,天车,63.59598304739788,68.59598304739788,5.0
A03S-1297,天车空驶（胎架到原料区）,天车,36.60802714411301,44.60802714411301,8.0
A03S-1297,天车吊运（原料区到胎架）,天车,44.60802714411301,47.60802714411301,3.0
AP2-F6-3S-4BS,分拣,自动分拣N51,111.39291545210567,112.97291545210567,1.5799999999999983
AP2-F6-3S-4BS,自动打磨,自动打磨N51,112.97291545210567,115.34255576956599,2.3696403174603233
AP2-F6-3S-4BS,桁架码垛,自动分拣N51,115.34255576956599,116.51255576956599,1.1700000000000017
AP2-FB-2P-7BP,分拣,自动分拣N51,116.51255576956599,118.09255576956599,1.5799999999999983
AP2-FB-2P-7BP,自动打磨,自动打磨N51,118.09255576956599,119.46655513464536,1.3739993650793707
AP2-FB-2P-7BP,桁架码垛,自动分拣N51,119.46655513464536,120.63655513464536,1.1700000000000017
AP2-FB-2P-8BP,分拣,自动分拣N51,120.63655513464536,122.21655513464536,1.5799999999999983
AP2-FB-2P-8BP,自动打磨,自动打磨N51,122.21655513464536,126.02769418226441,3.8111390476190508
AP2-FB-2P-8BP,桁架码垛,自动分拣N51,126.02769418226441,127.19769418226441,1.1700000000000017
AP2-FB-3S-10BS,分拣,自动分拣N51,127.19769418226441,128.7776941822644,1.5799999999999983
AP2-FB-3S-10BS,自动打磨,自动打磨N51,128.7776941822644,131.1473345790898,2.369640396825389
AP2-FB-3S-10BS,桁架码垛,自动分拣N51,131.1473345790898,132.3173345790898,1.1699999999999875
AP2-FB-3S-3BS,分拣,自动分拣N51,132.3173345790898,133.8973345790898,1.5800000000000125
AP2-FB-3S-3BS,自动打磨,自动打磨N51,133.8973345790898,137.70847362670884,3.8111390476190365
AP2-FB-3S-3BS,桁架码垛,自动分拣N51,137.70847362670884,138.87847362670882,1.1699999999999875
AP2-FB-3S-6BS,分拣,自动分拣N51,138.87847362670882,140.45847362670884,1.5800000000000125
AP2-FB-3S-6BS,自动打磨,自动打磨N51,140.45847362670884,143.0537764838517,2.5953028571428547
AP2-FB-3S-6BS,桁架码垛,自动分拣N51,143.0537764838517,144.22377648385168,1.1699999999999875
AP2-G2-2-1P,自由边打磨,人工打磨N51,75.02388212678606,75.26554325499119,0.24166112820512353
AP2-G2-2-1S,自由边打磨,人工打磨N51,75.26554325499119,76.29635433191426,1.0308110769230723
A03S-1297切割后的大件,天车吊运（胎架到成品区）,天车,76.29635433191426,81.29635433191426,5.0
A03S-1305,天车空驶（胎架到原料区）,天车,51.97299689355172,59.97299689355172,8.0
A03S-1305,天车吊运（原料区到胎架）,天车,59.97299689355172,62.97299689355172,3.0
AP2-F8-2-1S,分拣,自动分拣N21,101.25553999561043,102.83553999561043,1.5799999999999983
AP2-F8-2-1S,自动打磨,自动打磨N21,102.83553999561043,105.7376751543406,2.902135158730161
AP2-F8-2-1S,桁架码垛,自动分拣N21,105.7376751543406,106.9076751543406,1.1700000000000017
TA10-CG-1-1P,自由边打磨,人工打磨N21,101.25553999561043,102.91025302125146,1.6547130256410298
TA10-CG-1-1S,自由边打磨,人工打磨N21,102.91025302125146,104.13932502125147,1.2290720000000022
AP2-G2-1B1-1P,分拣,自动分拣N21,106.9076751543406,108.4876751543406,1.5799999999999983
AP2-G2-1B1-1P,自动打磨,自动打磨N21,108.4876751543406,110.01099221783265,1.5233170634920583
AP2-G2-1B1-1P,桁架码垛,自动分拣N21,110.01099221783265,111.18099221783265,1.1700000000000017
AP2-G3-4B4-1P,分拣,自动分拣N21,111.18099221783265,112.76099221783265,1.5799999999999983
AP2-G3-4B4-1P,自动打磨,自动打磨N21,112.76099221783265,114.19904237656282,1.4380501587301637
AP2-G3-4B4-1P,桁架码垛,自动分拣N21,114.19904237656282,115.36904237656282,1.1700000000000017
AP2-G3-4B5-1P,分拣,自动分拣N21,115.36904237656282,116.94904237656282,1.5799999999999983
AP2-G3-4B5-1P,自动打磨,自动打磨N21,116.94904237656282,118.47235856703901,1.5233161904761943
AP2-G3-4B5-1P,桁架码垛,自动分拣N21,118.47235856703901,119.64235856703901,1.1700000000000017
AP2-G4-4B1-1P,分拣,自动分拣N21,119.64235856703901,121.22235856703901,1.5799999999999983
AP2-G4-4B1-1P,自动打磨,自动打磨N21,121.22235856703901,122.66040872576917,1.4380501587301637
AP2-G4-4B1-1P,桁架码垛,自动分拣N21,122.66040872576917,123.83040872576917,1.1700000000000017
AP2-AE-1B5-1P,分拣,自动分拣N21,123.83040872576917,125.41040872576917,1.5799999999999983
AP2-AE-1B5-1P,自动打磨,自动打磨N21,125.41040872576917,128.3125439638644,2.9021352380952408
AP2-AE-1B5-1P,桁架码垛,自动分拣N21,128.3125439638644,129.4825439638644,1.1699999999999875
AP2-AE-1B5-1S,分拣,自动分拣N21,129.4825439638644,131.0625439638644,1.5800000000000125
AP2-AE-1B5-1S,自动打磨,自动打磨N21,131.0625439638644,133.96467912259456,2.9021351587301467
AP2-AE-1B5-1S,桁架码垛,自动分拣N21,133.96467912259456,135.13467912259455,1.1699999999999875
TA10-F6-1SP-5SP,分拣,自动分拣N21,135.13467912259455,136.71467912259456,1.5800000000000125
TA10-F6-1SP-5SP,自动打磨,自动打磨N21,136.71467912259456,138.2519074559279,1.5372283333333314
TA10-F6-1SP-5SP,桁架码垛,自动分拣N21,138.2519074559279,139.42190745592788,1.1699999999999875
A03S-1305切割后的大件,天车吊运（胎架到成品区）,天车,104.13932502125147,109.13932502125147,5.0
A03S-1296,天车空驶（胎架到原料区）,天车,90.25553999561043,98.25553999561043,8.0
A03S-1296,天车吊运（原料区到胎架）,天车,98.25553999561043,101.25553999561043,3.0
AP2-F2-3S-4BS,分拣,自动分拣N21,143.20909014927437,144.7890901492744,1.5800000000000125
AP2-F2-3S-4BS,自动打磨,自动打磨N21,144.7890901492744,146.34470800641725,1.5556178571428632
AP2-F2-3S-4BS,桁架码垛,自动分拣N21,146.34470800641725,147.51470800641724,1.1699999999999875
AP2-FB-2P-6BP,分拣,自动分拣N21,147.51470800641724,149.09470800641725,1.5800000000000125
AP2-FB-2P-6BP,自动打磨,自动打磨N21,149.09470800641725,150.41006951435375,1.315361507936501
AP2-FB-2P-6BP,桁架码垛,自动分拣N21,150.41006951435375,151.58006951435374,1.1699999999999875
AP2-FB-3S-7BS,分拣,自动分拣N21,151.58006951435374,153.16006951435375,1.5800000000000125
AP2-FB-3S-7BS,自动打磨,自动打磨N21,153.16006951435375,154.48168241117915,1.3216128968253997
AP2-FB-3S-7BS,桁架码垛,自动分拣N21,154.48168241117915,155.65168241117914,1.1699999999999875
AP2-FC-1B1P-1P,分拣,自动分拣N21,155.65168241117914,157.23168241117915,1.5800000000000125
AP2-FC-1B1P-1P,自动打磨,自动打磨N21,157.23168241117915,158.54608538736963,1.314402976190479
AP2-FC-1B1P-1P,桁架码垛,自动分拣N21,158.54608538736963,159.71608538736962,1.1699999999999875
AP2-FC-1B2S-1S,分拣,自动分拣N21,159.71608538736962,161.29608538736963,1.5800000000000125
AP2-FC-1B2S-1S,自动打磨,自动打磨N21,161.29608538736963,162.50112149848073,1.2050361111110988
AP2-FC-1B2S-1S,桁架码垛,自动分拣N21,162.50112149848073,163.67112149848072,1.1699999999999875
AP2-G1-1B1P-1P,分拣,自动分拣N21,163.67112149848072,165.25112149848073,1.5800000000000125
AP2-G1-1B1P-1P,自动打磨,自动打磨N21,165.25112149848073,166.45615760959183,1.2050361111110988
AP2-G1-1B1P-1P,桁架码垛,自动分拣N21,166.45615760959183,167.62615760959181,1.1699999999999875
AP2-G1-1B2S-1S,分拣,自动分拣N21,167.62615760959181,169.20615760959183,1.5800000000000125
AP2-G1-1B2S-1S,自动打磨,自动打磨N21,169.20615760959183,170.41119372070293,1.2050361111110988
AP2-G1-1B2S-1S,桁架码垛,自动分拣N21,170.41119372070293,171.5811937207029,1.1699999999999875
AP2-G1-2B1P-1P,分拣,自动分拣N21,171.5811937207029,173.16119372070293,1.5800000000000125
AP2-G1-2B1P-1P,自动打磨,自动打磨N21,173.16119372070293,174.36622983181402,1.2050361111110988
AP2-G1-2B1P-1P,桁架码垛,自动分拣N21,174.36622983181402,175.536229831814,1.1699999999999875
AP2-G1-2B2S-1S,分拣,自动分拣N21,175.536229831814,177.11622983181402,1.5800000000000125
AP2-G1-2B2S-1S,自动打磨,自动打磨N21,177.11622983181402,178.32126594292512,1.2050361111110988
AP2-G1-2B2S-1S,桁架码垛,自动分拣N21,178.32126594292512,179.4912659429251,1.1699999999999875
AP2-G3-1B1-1P,分拣,自动分拣N21,179.4912659429251,181.07126594292512,1.5800000000000125
AP2-G3-1B1-1P,自动打磨,自动打磨N21,181.07126594292512,182.27630205403622,1.2050361111110988
AP2-G3-1B1-1P,桁架码垛,自动分拣N21,182.27630205403622,183.4463020540362,1.1699999999999875
AP2-G3-1B1-1S,分拣,自动分拣N21,183.4463020540362,185.02630205403622,1.5800000000000125
AP2-G3-1B1-1S,自动打磨,自动打磨N21,185.02630205403622,186.23133816514732,1.2050361111110988
AP2-G3-1B1-1S,桁架码垛,自动分拣N21,186.23133816514732,187.4013381651473,1.1699999999999875
AP2-G3-2B1-1P,分拣,自动分拣N21,187.4013381651473,188.98133816514732,1.5800000000000125
AP2-G3-2B1-1P,自动打磨,自动打磨N21,188.98133816514732,190.18637427625842,1.2050361111110988
AP2-G3-2B1-1P,桁架码垛,自动分拣N21,190.18637427625842,191.3563742762584,1.1699999999999875
AP2-G3-2B1-1S,分拣,自动分拣N21,191.3563742762584,192.93637427625842,1.5800000000000125
AP2-G3-2B1-1S,自动打磨,自动打磨N21,192.93637427625842,194.14141038736952,1.2050361111110988
AP2-G3-2B1-1S,桁架码垛,自动分拣N21,194.14141038736952,195.3114103873695,1.1699999999999875
AP2-G4-1B1-1P,分拣,自动分拣N21,195.3114103873695,196.89141038736952,1.5800000000000125
AP2-G4-1B1-1P,自动打磨,自动打磨N21,196.89141038736952,198.09644649848062,1.2050361111110988
AP2-G4-1B1-1P,桁架码垛,自动分拣N21,198.09644649848062,199.2664464984806,1.1699999999999875
AP2-G4-1B1-1S,分拣,自动分拣N21,199.2664464984806,200.84644649848062,1.5800000000000125
AP2-G4-1B1-1S,自动打磨,自动打磨N21,200.84644649848062,202.05148260959172,1.2050361111110988
AP2-G4-1B1-1S,桁架码垛,自动分拣N21,202.05148260959172,203.2214826095917,1.1699999999999875
AP2-G4-2B1-1P,分拣,自动分拣N21,203.2214826095917,204.80148260959172,1.5800000000000125
AP2-G4-2B1-1P,自动打磨,自动打磨N21,204.80148260959172,206.00651872070281,1.2050361111110988
AP2-G4-2B1-1P,桁架码垛,自动分拣N21,206.00651872070281,207.1765187207028,1.1699999999999875
AP2-G4-2B1-1S,分拣,自动分拣N21,207.1765187207028,208.75651872070281,1.5800000000000125
AP2-G4-2B1-1S,自动打磨,自动打磨N21,208.75651872070281,209.9615548318139,1.2050361111110988
AP2-G4-2B1-1S,桁架码垛,自动分拣N21,209.9615548318139,211.1315548318139,1.1699999999999875
AP2-G5-1B1-1P,分拣,自动分拣N21,211.1315548318139,212.7115548318139,1.5800000000000125
AP2-G5-1B1-1P,自动打磨,自动打磨N21,212.7115548318139,213.916590942925,1.2050361111110988
AP2-G5-1B1-1P,桁架码垛,自动分拣N21,213.916590942925,215.086590942925,1.1699999999999875
AP2-G5-1B1-1S,分拣,自动分拣N21,215.086590942925,216.666590942925,1.5800000000000125
AP2-G5-1B1-1S,自动打磨,自动打磨N21,216.666590942925,217.8716270540361,1.2050361111110988
AP2-G5-1B1-1S,桁架码垛,自动分拣N21,217.8716270540361,219.0416270540361,1.1699999999999875
AP2-G5-2B1-1P,分拣,自动分拣N21,219.0416270540361,220.6216270540361,1.5800000000000125
AP2-G5-2B1-1P,自动打磨,自动打磨N21,220.6216270540361,221.8266631651472,1.2050361111110988
AP2-G5-2B1-1P,桁架码垛,自动分拣N21,221.8266631651472,222.9966631651472,1.1699999999999875
AP2-G5-2B1-1S,分拣,自动分拣N21,222.9966631651472,224.5766631651472,1.5800000000000125
AP2-G5-2B1-1S,自动打磨,自动打磨N21,224.5766631651472,225.7816992762583,1.2050361111110988
AP2-G5-2B1-1S,桁架码垛,自动分拣N21,225.7816992762583,226.9516992762583,1.1699999999999875
AP2-SGF-1SP-4BSP,分拣,自动分拣N21,226.9516992762583,227.9516992762583,1.0
A03S-1299,天车空驶（胎架到原料区）,天车,109.13932502125148,112.13932502125148,3.0
A03S-1299,天车吊运（原料区到胎架）,天车,112.13932502125148,115.13932502125148,3.0
AP2-G2-1B2-1S,分拣,自动分拣N51,160.84570618892363,162.42570618892364,1.5800000000000125
AP2-G2-1B2-1S,自动打磨,自动打磨N51,162.42570618892364,163.799705554003,1.3739993650793565
AP2-G2-1B2-1S,桁架码垛,自动分拣N51,163.799705554003,164.96970555400299,1.1699999999999875
AP2-G3-4B3-1S,分拣,自动分拣N51,164.96970555400299,166.549705554003,1.5800000000000125
AP2-G3-4B3-1S,自动打磨,自动打磨N51,166.549705554003,169.68840103019346,3.1386954761904633
AP2-G3-4B3-1S,桁架码垛,自动分拣N51,169.68840103019346,170.85840103019345,1.1699999999999875
AP2-G4-4B3-1P,分拣,自动分拣N51,170.85840103019345,172.43840103019346,1.5800000000000125
AP2-G4-4B3-1P,自动打磨,自动打磨N51,172.43840103019346,175.45759269686013,3.0191916666666714
AP2-G4-4B3-1P,桁架码垛,自动分拣N51,175.45759269686013,176.62759269686012,1.1699999999999875
AP2-G4-4B3-1S,分拣,自动分拣N51,176.62759269686012,178.20759269686013,1.5800000000000125
AP2-G4-4B3-1S,自动打磨,自动打磨N51,178.20759269686013,179.5815920619395,1.3739993650793565
AP2-G4-4B3-1S,桁架码垛,自动分拣N51,179.5815920619395,180.75159206193948,1.1699999999999875
AP2-G5-4B3-1P,分拣,自动分拣N51,180.75159206193948,182.3315920619395,1.5800000000000125
AP2-G5-4B3-1P,自动打磨,自动打磨N51,182.3315920619395,185.3712273793998,3.0396353174603234
AP2-G5-4B3-1P,桁架码垛,自动分拣N51,185.3712273793998,186.5412273793998,1.1699999999999875
AP2-G5-4B3-1S,分拣,自动分拣N51,186.5412273793998,188.1212273793998,1.5800000000000125
AP2-G5-4B3-1S,自动打磨,自动打磨N51,188.1212273793998,189.49522674447917,1.3739993650793565
AP2-G5-4B3-1S,桁架码垛,自动分拣N51,189.49522674447917,190.66522674447916,1.1699999999999875
AP2-G2-1B1-1S,分拣,自动分拣N51,190.66522674447916,192.24522674447917,1.5800000000000125
AP2-G2-1B1-1S,自动打磨,自动打磨N51,192.24522674447917,193.61922610955853,1.3739993650793565
AP2-G2-1B1-1S,桁架码垛,自动分拣N51,193.61922610955853,194.7892261095585,1.1699999999999875
AP2-G3-4B4-1S,分拣,自动分拣N51,194.7892261095585,196.36922610955853,1.5800000000000125
AP2-G3-4B4-1S,自动打磨,自动打磨N51,196.36922610955853,197.74322547463788,1.3739993650793565
AP2-G3-4B4-1S,桁架码垛,自动分拣N51,197.74322547463788,198.91322547463787,1.1699999999999875
AP2-G3-4B5-1S,分拣,自动分拣N51,198.91322547463787,200.49322547463788,1.5800000000000125
AP2-G3-4B5-1S,自动打磨,自动打磨N51,200.49322547463788,203.5012208714633,3.0079953968254074
AP2-G3-4B5-1S,桁架码垛,自动分拣N51,203.5012208714633,204.67122087146328,1.1699999999999875
AP2-G4-4B1-1S,分拣,自动分拣N51,204.67122087146328,206.2512208714633,1.5800000000000125
AP2-G4-4B1-1S,自动打磨,自动打磨N51,206.2512208714633,207.62522023654265,1.3739993650793565
AP2-G4-4B1-1S,桁架码垛,自动分拣N51,207.62522023654265,208.79522023654263,1.1699999999999875
AP2-G4-4B2-1P,分拣,自动分拣N51,208.79522023654263,210.37522023654265,1.5800000000000125
AP2-G4-4B2-1P,自动打磨,自动打磨N51,210.37522023654265,213.38321571273312,3.007995476190473
AP2-G4-4B2-1P,桁架码垛,自动分拣N51,213.38321571273312,214.5532157127331,1.1699999999999875
AP2-G4-4B2-1S,分拣,自动分拣N51,214.5532157127331,216.13321571273312,1.5800000000000125
AP2-G4-4B2-1S,自动打磨,自动打磨N51,216.13321571273312,217.50721507781248,1.3739993650793565
AP2-G4-4B2-1S,桁架码垛,自动分拣N51,217.50721507781248,218.67721507781246,1.1699999999999875
AP2-G5-4B1-1P,分拣,自动分拣N51,218.67721507781246,220.25721507781248,1.5800000000000125
AP2-G5-4B1-1P,自动打磨,自动打磨N51,220.25721507781248,223.2764068238442,3.019191746031737
AP2-G5-4B1-1P,桁架码垛,自动分拣N51,223.2764068238442,224.4464068238442,1.1699999999999875
AP2-G5-4B1-1S,分拣,自动分拣N51,224.4464068238442,226.0264068238442,1.5800000000000125
AP2-G5-4B1-1S,自动打磨,自动打磨N51,226.0264068238442,229.06604206193944,3.0396352380952294
AP2-G5-4B1-1S,桁架码垛,自动分拣N51,229.06604206193944,230.23604206193943,1.1699999999999875
AP2-G5-4B2-1P,分拣,自动分拣N51,230.23604206193943,231.81604206193944,1.5800000000000125
AP2-G5-4B2-1P,自动打磨,自动打磨N51,231.81604206193944,233.1900414270188,1.3739993650793565
AP2-G5-4B2-1P,桁架码垛,自动分拣N51,233.1900414270188,234.36004142701879,1.1699999999999875
AP2-G5-4B2-1S,分拣,自动分拣N51,234.36004142701879,235.9400414270188,1.5800000000000125
AP2-G5-4B2-1S,自动打磨,自动打磨N51,235.9400414270188,237.31404079209815,1.3739993650793565
AP2-G5-4B2-1S,桁架码垛,自动分拣N51,237.31404079209815,238.48404079209814,1.1699999999999875
AP2-G2-4S-1S,分拣,自动分拣N51,238.48404079209814,240.06404079209815,1.5800000000000125
AP2-G2-4S-1S,自动打磨,自动打磨N51,240.06404079209815,242.6593413476537,2.5953005555555535
AP2-G2-4S-1S,桁架码垛,自动分拣N51,242.6593413476537,243.8293413476537,1.1699999999999875
AP2-G2-4S-2S,分拣,自动分拣N51,243.8293413476537,245.4093413476537,1.5800000000000125
AP2-G2-4S-2S,自动打磨,自动打磨N51,245.4093413476537,246.78334071273306,1.3739993650793565
AP2-G2-4S-2S,桁架码垛,自动分拣N51,246.78334071273306,247.95334071273305,1.1699999999999875
AP2-G2-4S-3S,自由边打磨,人工打磨N51,160.84570618892363,162.22763244533388,1.381926256410253
AP2-G2-1B2-1P,分拣,自动分拣N51,247.95334071273305,249.53334071273306,1.5800000000000125
AP2-G2-1B2-1P,自动打磨,自动打磨N51,249.53334071273306,252.12864134765368,2.595300634920619
AP2-G2-1B2-1P,桁架码垛,自动分拣N51,252.12864134765368,253.29864134765367,1.1699999999999875
AP2-G3-4B3-1P,分拣,自动分拣N51,253.29864134765367,254.87864134765368,1.5800000000000125
AP2-G3-4B3-1P,自动打磨,自动打磨N51,254.87864134765368,256.25264071273307,1.373999365079385
AP2-G3-4B3-1P,桁架码垛,自动分拣N51,256.25264071273307,257.4226407127331,1.170000000000016
A03S-1299切割后的大件,天车吊运（胎架到成品区）,天车,162.22763244533388,167.22763244533388,5.0
A03S-1293,天车空驶（胎架到原料区）,天车,132.20909014927437,140.20909014927437,8.0
A03S-1293,天车吊运（原料区到胎架）,天车,140.20909014927437,143.20909014927437,3.0
AP2-F2-2P-3P,分拣,自动分拣N21,227.9516992762583,229.5316992762583,1.5800000000000125
AP2-F2-2P-3P,自动打磨,自动打磨N21,229.5316992762583,230.617841974671,1.0861426984126865
AP2-F2-2P-3P,桁架码垛,自动分拣N21,230.617841974671,231.78784197467098,1.1699999999999875
AP2-F2-3S-3S,分拣,自动分拣N21,231.78784197467098,233.367841974671,1.5800000000000125
AP2-F2-3S-3S,自动打磨,自动打磨N21,233.367841974671,234.79591911752814,1.4280771428571484
AP2-F2-3S-3S,桁架码垛,自动分拣N21,234.79591911752814,235.96591911752813,1.1699999999999875
AP2-F6-2P-3P,自由边打磨,人工打磨N21,186.86794456917775,187.4636725178957,0.5957279487179505
AP2-F6-3S-3S,自由边打磨,人工打磨N21,187.4636725178957,187.9856503127675,0.5219777948717876
AP2-F0-1B3-1P,分拣,自动分拣N21,235.96591911752813,237.54591911752814,1.5800000000000125
AP2-F0-1B3-1P,自动打磨,自动打磨N21,237.54591911752814,238.63206181594083,1.0861426984126865
AP2-F0-1B3-1P,桁架码垛,自动分拣N21,238.63206181594083,239.80206181594082,1.1699999999999875
AP2-F0-1B3-1S,分拣,自动分拣N21,239.80206181594082,241.38206181594083,1.5800000000000125
AP2-F0-1B3-1S,自动打磨,自动打磨N21,241.38206181594083,243.1917584826075,1.8096966666666674
AP2-F0-1B3-1S,桁架码垛,自动分拣N21,243.1917584826075,244.36175848260748,1.1699999999999875
AP2-F3-1B3-1P,分拣,自动分拣N21,244.36175848260748,245.9417584826075,1.5800000000000125
AP2-F3-1B3-1P,自动打磨,自动打磨N21,245.9417584826075,247.04472745086147,1.1029689682539754
AP2-F3-1B3-1P,桁架码垛,自动分拣N21,247.04472745086147,248.21472745086146,1.1699999999999875
AP2-F4-1B3-1S,分拣,自动分拣N21,248.21472745086146,249.79472745086147,1.5800000000000125
AP2-F4-1B3-1S,自动打磨,自动打磨N21,249.79472745086147,251.73656133975035,1.9418338888888798
AP2-F4-1B3-1S,桁架码垛,自动分拣N21,251.73656133975035,252.90656133975034,1.1699999999999875
AP2-FA-1B4-1P,分拣,自动分拣N21,252.90656133975034,254.48656133975035,1.5800000000000125
AP2-FA-1B4-1P,自动打磨,自动打磨N21,254.48656133975035,257.67187872070275,3.185317380952398
AP2-FA-1B4-1P,桁架码垛,自动分拣N21,257.67187872070275,258.84187872070277,1.170000000000016
AP2-FA-1B4-1S,分拣,自动分拣N21,258.84187872070277,260.42187872070275,1.579999999999984
AP2-FA-1B4-1S,自动打磨,自动打磨N21,260.42187872070275,263.51338403816305,3.091505317460303
AP2-FA-1B4-1S,桁架码垛,自动分拣N21,263.51338403816305,264.68338403816307,1.170000000000016
A03S-1293切割后的大件,天车吊运（胎架到成品区）,天车,187.9856503127675,192.9856503127675,5.0
A03S-1301,天车空驶（胎架到原料区）,天车,149.84570618892363,157.84570618892363,8.0
A03S-1301,天车吊运（原料区到胎架）,天车,157.84570618892363,160.84570618892363,3.0
AP2-AG-1-1P,自由边打磨,人工打磨N51,210.9393943777341,211.1810555059392,0.24166112820512353
AP2-G3-6S-1S,分拣,自动分拣N51,257.4226407127331,259.00264071273307,1.579999999999984
AP2-G3-6S-1S,自动打磨,自动打磨N51,259.00264071273307,260.00264071273307,1.0
AP2-G3-6S-1S,桁架码垛,自动分拣N51,260.00264071273307,261.1726407127331,1.170000000000016
A03S-1301切割后的大件,天车吊运（胎架到成品区）,天车,211.1810555059392,216.1810555059392,5.0
A03S-1295,天车空驶（胎架到原料区）,天车,216.9516992762583,224.9516992762583,8.0
A03S-1295,天车吊运（原料区到胎架）,天车,224.9516992762583,227.9516992762583,3.0
AP2-F2-2P-8BP,分拣,自动分拣N21,275.927589400286,277.507589400286,1.579999999999984
AP2-F2-2P-8BP,自动打磨,自动打磨N21,277.507589400286,278.7126255113971,1.2050361111110988
AP2-F2-2P-8BP,桁架码垛,自动分拣N21,278.7126255113971,279.8826255113971,1.170000000000016
AP2-F2-3S-7BS,分拣,自动分拣N21,279.8826255113971,281.4626255113971,1.579999999999984
AP2-F2-3S-7BS,自动打磨,自动打磨N21,281.4626255113971,283.47171797171455,2.009092460317447
AP2-F2-3S-7BS,桁架码垛,自动分拣N21,283.47171797171455,284.64171797171457,1.170000000000016
AP2-F2-3S-8BS,分拣,自动分拣N21,284.64171797171457,285.64171797171457,1.0
AP2-F6-2P-1BP,分拣,自动分拣N21,285.64171797171457,287.22171797171455,1.579999999999984
AP2-F6-2P-1BP,自动打磨,自动打磨N21,287.22171797171455,288.42675408282565,1.2050361111110988
AP2-F6-2P-1BP,桁架码垛,自动分拣N21,288.42675408282565,289.59675408282567,1.170000000000016
AP2-F6-2P-1P,自由边打磨,人工打磨N21,275.927589400286,276.5877981695168,0.6602087692307919
AP2-F6-3S-1S,自由边打磨,人工打磨N21,276.5877981695168,277.2403146823373,0.6525165128205117
AP2-F6-3S-6BS,分拣,自动分拣N21,289.59675408282567,291.17675408282565,1.579999999999984
AP2-F6-3S-6BS,自动打磨,自动打磨N21,291.17675408282565,292.38179019393675,1.2050361111110988
AP2-F6-3S-6BS,桁架码垛,自动分拣N21,292.38179019393675,293.55179019393677,1.170000000000016
AP2-F6-3S-7BS,分拣,自动分拣N21,293.55179019393677,295.13179019393675,1.579999999999984
AP2-F6-3S-7BS,自动打磨,自动打磨N21,295.13179019393675,297.56349916219074,2.431708968253986
AP2-F6-3S-7BS,桁架码垛,自动分拣N21,297.56349916219074,298.73349916219075,1.170000000000016
AP2-FB-2P-9BP,分拣,自动分拣N21,298.73349916219075,300.31349916219074,1.579999999999984
AP2-FB-2P-9BP,自动打磨,自动打磨N21,300.31349916219074,302.3211501939368,2.007651031746036
AP2-FB-2P-9BP,桁架码垛,自动分拣N21,302.3211501939368,303.4911501939368,1.170000000000016
AP2-FB-3S-14BS,分拣,自动分拣N21,303.4911501939368,305.0711501939368,1.579999999999984
AP2-FB-3S-14BS,自动打磨,自动打磨N21,305.0711501939368,306.91221384473045,1.8410636507936715
AP2-FB-3S-14BS,桁架码垛,自动分拣N21,306.91221384473045,308.08221384473046,1.170000000000016
AP2-FB-3S-15BS,分拣,自动分拣N21,308.08221384473046,309.66221384473045,1.579999999999984
AP2-FB-3S-15BS,自动打磨,自动打磨N21,309.66221384473045,312.09392281298443,2.431708968253986
AP2-FB-3S-15BS,桁架码垛,自动分拣N21,312.09392281298443,313.26392281298445,1.170000000000016
AP2-FB-3S-16BS,分拣,自动分拣N21,313.26392281298445,314.84392281298443,1.579999999999984
AP2-FB-3S-16BS,自动打磨,自动打磨N21,314.84392281298443,316.8645556701273,2.020632857142857
AP2-FB-3S-16BS,桁架码垛,自动分拣N21,316.8645556701273,318.0345556701273,1.170000000000016
AP2-F3-1B3-1S,分拣,自动分拣N21,318.0345556701273,319.6145556701273,1.579999999999984
AP2-F3-1B3-1S,自动打磨,自动打磨N21,319.6145556701273,321.62235424155585,2.007798571428566
AP2-F3-1B3-1S,桁架码垛,自动分拣N21,321.62235424155585,322.79235424155587,1.170000000000016
AP2-FC-1B3-1P,分拣,自动分拣N21,322.79235424155587,324.37235424155585,1.579999999999984
AP2-FC-1B3-1P,自动打磨,自动打磨N21,324.37235424155585,328.64084614631776,4.268491904761902
AP2-FC-1B3-1P,桁架码垛,自动分拣N21,328.64084614631776,329.8108461463178,1.170000000000016
AP2-FC-1B3-1S,分拣,自动分拣N21,329.8108461463178,331.39084614631776,1.579999999999984
AP2-FC-1B3-1S,自动打磨,自动打磨N21,331.39084614631776,333.08634701933363,1.6955008730158738
AP2-FC-1B3-1S,桁架码垛,自动分拣N21,333.08634701933363,334.25634701933365,1.170000000000016
AP2-G2-3B1-1S,分拣,自动分拣N21,334.25634701933365,335.83634701933363,1.579999999999984
AP2-G2-3B1-1S,自动打磨,自动打磨N21,335.83634701933363,337.8440994796511,2.0077524603174766
AP2-G2-3B1-1S,桁架码垛,自动分拣N21,337.8440994796511,339.0140994796511,1.170000000000016
A03S-1295切割后的大件,天车吊运（胎架到成品区）,天车,277.2403146823373,282.2403146823373,5.0
A03S-1288,天车空驶（胎架到原料区）,天车,259.68338403816307,267.68338403816307,8.0
A03S-1288,天车吊运（原料区到胎架）,天车,267.68338403816307,270.68338403816307,3.0
AP2-FB-1SP-1SP,自由边打磨,人工打磨N51,328.9995409052187,329.3231166488084,0.3235757435897426
AP2-G2-1P-1P,自由边打磨,人工打磨N51,329.3231166488084,329.64669228983405,0.3235756410256272
AP2-MG-1SP-1P,自由边打磨,人工打磨N51,329.64669228983405,329.70235367444945,0.05566138461540504
A03S-1288切割后的大件,天车吊运（胎架到成品区）,天车,329.70235367444945,334.70235367444945,5.0
A03S-1286,天车空驶（胎架到原料区）,天车,282.2403146823373,290.2403146823373,8.0
A03S-1286,天车吊运（原料区到胎架）,天车,290.2403146823373,293.2403146823373,3.0
AP2-FA-2SP-1SP,自由边打磨,人工打磨N21,331.6666805153129,332.144988617877,0.4783081025640854
AP2-MG-2SP-1SP,分拣,自动分拣N21,339.0140994796511,340.5940994796511,1.579999999999984
AP2-MG-2SP-1SP,自动打磨,自动打磨N21,340.5940994796511,342.6674768606035,2.0733773809523655
AP2-MG-2SP-1SP,桁架至坡口工作站,自动分拣N21,342.6674768606035,343.83417686060346,1.1666999999999916
AP2-MG-4SP-1SP,分拣,自动分拣N21,343.83417686060346,345.41417686060345,1.579999999999984
AP2-MG-4SP-1SP,自动打磨,自动打磨N21,345.41417686060345,347.5176055113971,2.10342865079366
AP2-MG-4SP-1SP,桁架至坡口工作站,自动分拣N21,347.5176055113971,348.6843055113971,1.1666999999999916
AP2-MG-5SP-1SP,分拣,自动分拣N21,348.6843055113971,350.2643055113971,1.579999999999984
AP2-MG-5SP-1SP,自动打磨,自动打磨N21,350.2643055113971,352.36777479711134,2.1034692857142545
AP2-MG-5SP-1SP,桁架至坡口工作站,自动分拣N21,352.36777479711134,353.53447479711133,1.1666999999999916
AP2-MG-8SP-1SP,分拣,自动分拣N21,353.53447479711133,355.1144747971113,1.579999999999984
AP2-MG-8SP-1SP,自动打磨,自动打磨N21,355.1144747971113,356.54255193996846,1.4280771428571484
AP2-MG-8SP-1SP,桁架至坡口工作站,自动分拣N21,356.54255193996846,357.70925193996845,1.1666999999999916
AP2-SGF-1SP-28BSP,分拣,自动分拣N21,357.70925193996845,359.28925193996844,1.579999999999984
AP2-SGF-1SP-28BSP,自动打磨,自动打磨N21,359.28925193996844,360.8644636860002,1.575211746031755
AP2-SGF-1SP-28BSP,桁架至坡口工作站,自动分拣N21,360.8644636860002,362.0311636860002,1.1666999999999916
AP2-SGF-1SP-29BSP,分拣,自动分拣N21,362.0311636860002,363.61116368600017,1.579999999999984
AP2-SGF-1SP-29BSP,自动打磨,自动打磨N21,363.61116368600017,365.25426455901606,1.6431008730158965
AP2-SGF-1SP-29BSP,桁架至坡口工作站,自动分拣N21,365.25426455901606,366.42096455901606,1.1666999999999916
AP2-F0-2-1P,分拣,自动分拣N21,366.42096455901606,368.00096455901604,1.579999999999984
AP2-F0-2-1P,自动打磨,自动打磨N21,368.00096455901604,369.63059352727004,1.6296289682539964
AP2-F0-2-1P,桁架至坡口工作站,自动分拣N21,369.63059352727004,370.79729352727,1.1666999999999916
AP2-F0-2-1S,分拣,自动分拣N21,370.79729352727,372.37729352727,1.579999999999984
AP2-F0-2-1S,自动打磨,自动打磨N21,372.37729352727,374.4859678923494,2.1086743650793665
AP2-F0-2-1S,桁架至坡口工作站,自动分拣N21,374.4859678923494,375.65266789234937,1.1666999999999916
AP2-F0-3-1P,分拣,自动分拣N21,375.65266789234937,377.23266789234935,1.579999999999984
AP2-F0-3-1P,自动打磨,自动打磨N21,377.23266789234935,378.8456344796509,1.612966587301571
AP2-F0-3-1P,桁架至坡口工作站,自动分拣N21,378.8456344796509,380.0123344796509,1.1666999999999916
AP2-F0-3-1S,分拣,自动分拣N21,380.0123344796509,381.5923344796509,1.579999999999984
AP2-F0-3-1S,自动打磨,自动打磨N21,381.5923344796509,383.2052782891747,1.6129438095238129
AP2-F0-3-1S,桁架至坡口工作站,自动分拣N21,383.2052782891747,384.3719782891747,1.1666999999999916
AP2-FA-1B3W-1P,分拣,自动分拣N21,384.3719782891747,385.9519782891747,1.579999999999984
AP2-FA-1B3W-1P,自动打磨,自动打磨N21,385.9519782891747,387.6317820193334,1.67980373015871
AP2-FA-1B3W-1P,桁架码垛,自动分拣N21,387.6317820193334,388.8017820193334,1.170000000000016
AP2-FA-1B3W-1S,分拣,自动分拣N21,388.8017820193334,390.3817820193334,1.579999999999984
AP2-FA-1B3W-1S,自动打磨,自动打磨N21,390.3817820193334,392.119501622508,1.7377196031745825
AP2-FA-1B3W-1S,桁架码垛,自动分拣N21,392.119501622508,393.289501622508,1.170000000000016
AP2-FA-3K-1P,分拣,自动分拣N21,393.289501622508,394.869501622508,1.579999999999984
AP2-FA-3K-1P,自动打磨,自动打磨N21,394.869501622508,396.63410019393655,1.7645985714285644
AP2-FA-3K-1P,桁架至坡口工作站,自动分拣N21,396.63410019393655,397.80080019393654,1.1666999999999916
AP2-FA-3K-1S,分拣,自动分拣N21,397.80080019393654,399.3808001939365,1.579999999999984
AP2-FA-3K-1S,自动打磨,自动打磨N21,399.3808001939365,401.1453953526667,1.7645951587301738
AP2-FA-3K-1S,桁架至坡口工作站,自动分拣N21,401.1453953526667,402.3120953526667,1.1666999999999916
AP2-SGF-1SP-5BSP,分拣,自动分拣N21,402.3120953526667,403.8920953526667,1.579999999999984
AP2-SGF-1SP-5BSP,自动打磨,自动打磨N21,403.8920953526667,405.34989860663495,1.4578032539682795
AP2-SGF-1SP-5BSP,桁架码垛,自动分拣N21,405.34989860663495,406.51989860663497,1.170000000000016
AP2-SGF-1SP-6BSP,分拣,自动分拣N21,406.51989860663497,408.09989860663495,1.579999999999984
AP2-SGF-1SP-6BSP,自动打磨,自动打磨N21,408.09989860663495,409.8427061463175,1.7428075396825307
AP2-SGF-1SP-6BSP,桁架码垛,自动分拣N21,409.8427061463175,411.0127061463175,1.170000000000016
AP2-SGF-1SP-7BSP,分拣,自动分拣N21,411.0127061463175,412.5927061463175,1.579999999999984
AP2-SGF-1SP-7BSP,自动打磨,自动打磨N21,412.5927061463175,414.7025460669524,2.1098399206348972
AP2-SGF-1SP-7BSP,桁架码垛,自动分拣N21,414.7025460669524,415.8725460669524,1.170000000000016
AP2-SGF-1SP-8BSP,分拣,自动分拣N21,415.8725460669524,417.4525460669524,1.579999999999984
AP2-SGF-1SP-8BSP,自动打磨,自动打磨N21,417.4525460669524,419.1953249558413,1.7427788888888927
AP2-SGF-1SP-8BSP,桁架码垛,自动分拣N21,419.1953249558413,420.3653249558413,1.170000000000016
A03S-1286切割后的大件,天车吊运（胎架到坡口区）,天车,334.70235367444945,337.70235367444945,3.0
AP2-FA-2SP-1SP,人工坡口,人工坡口1,337.70235367444945,358.98634967444946,21.283996000000002
A03S-1286切割后的大件,天车吊运（坡口区到成品区）,天车,358.98634967444946,363.98634967444946,5.0
A03S-1277,天车空驶（胎架到原料区）,天车,317.9995409052187,325.9995409052187,8.0
A03S-1277,天车吊运（原料区到胎架）,天车,325.9995409052187,328.9995409052187,3.0
AP2-G2-4B1S-1S,分拣,自动分拣N51,400.7958570103608,402.3758570103608,1.579999999999984
AP2-G2-4B1S-1S,自动打磨,自动打磨N51,402.3758570103608,404.91763804210683,2.5417810317460408
AP2-G2-4B1S-1S,桁架码垛,自动分拣N51,404.91763804210683,406.08763804210685,1.170000000000016
AP2-G4-4B4-1P,分拣,自动分拣N51,406.08763804210685,407.66763804210683,1.579999999999984
AP2-G4-4B4-1P,自动打磨,自动打磨N51,407.66763804210683,410.5481943119481,2.8805562698412928
AP2-G4-4B4-1P,桁架码垛,自动分拣N51,410.5481943119481,411.71819431194814,1.170000000000016
AP2-G4-4B4-1S,分拣,自动分拣N51,411.71819431194814,413.2981943119481,1.579999999999984
AP2-G4-4B4-1S,自动打磨,自动打磨N51,413.2981943119481,416.1787506611545,2.8805563492063584
AP2-G4-4B4-1S,桁架码垛,自动分拣N51,416.1787506611545,417.3487506611545,1.170000000000016
AP2-G5-4B4-1P,分拣,自动分拣N51,417.3487506611545,418.9287506611545,1.579999999999984
AP2-G5-4B4-1P,自动打磨,自动打磨N51,418.9287506611545,420.3186224865513,1.389871825396824
AP2-G5-4B4-1P,桁架码垛,自动分拣N51,420.3186224865513,421.4886224865513,1.170000000000016
AP2-G5-4B4-1S,分拣,自动分拣N51,421.4886224865513,423.0686224865513,1.579999999999984
AP2-G5-4B4-1S,自动打磨,自动打磨N51,423.0686224865513,424.5872732802021,1.5186507936508065
AP2-G5-4B4-1S,桁架码垛,自动分拣N51,424.5872732802021,425.7572732802021,1.170000000000016
AP2-SGF-1SP-10SP,自由边打磨,人工打磨N51,400.7958570103608,401.047774189848,0.2519171794871795
AP2-SGF-1SP-1SP,自由边打磨,人工打磨N51,401.047774189848,401.3829023949762,0.3351282051282283
A03S-1277切割后的大件,天车吊运（胎架到成品区）,天车,401.3829023949762,406.3829023949762,5.0
A03S-1300,天车空驶（胎架到原料区）,天车,345.144988617877,353.144988617877,8.0
A03S-1300,天车吊运（原料区到胎架）,天车,353.144988617877,356.144988617877,3.0
AP2-AG-1-2P,自由边打磨,人工打磨N21,417.9451236170148,418.9759296682969,1.0308060512820703
AP2-AG-1-2S,自由边打磨,人工打磨N21,418.9759296682969,420.00673571957896,1.0308060512820703
A03S-1300切割后的大件,天车吊运（胎架到成品区）,天车,420.00673571957896,425.00673571957896,5.0
A03S-1285,天车空驶（胎架到原料区）,天车,389.7958570103608,397.7958570103608,8.0
A03S-1285,天车吊运（原料区到胎架）,天车,397.7958570103608,400.7958570103608,3.0
AP2-F2-2P-6BP,分拣,自动分拣N51,481.6446821138546,483.2246821138546,1.579999999999984
AP2-F2-2P-6BP,自动打磨,自动打磨N51,483.2246821138546,484.97002632020383,1.7453442063492162
AP2-F2-2P-6BP,桁架码垛,自动分拣N51,484.97002632020383,486.14002632020384,1.170000000000016
AP2-F6-2P-8BP,分拣,自动分拣N51,486.14002632020384,487.72002632020383,1.579999999999984
AP2-F6-2P-8BP,自动打磨,自动打磨N51,487.72002632020383,489.46537036782286,1.745344047619028
AP2-F6-2P-8BP,桁架码垛,自动分拣N51,489.46537036782286,490.6353703678229,1.170000000000016
AP2-F6-3S-8BS,分拣,自动分拣N51,490.6353703678229,492.21537036782286,1.579999999999984
AP2-F6-3S-8BS,自动打磨,自动打磨N51,492.21537036782286,493.30151306623554,1.0861426984126865
AP2-F6-3S-8BS,桁架码垛,自动分拣N51,493.30151306623554,494.47151306623556,1.170000000000016
TA10-G13-1B1-1P,分拣,自动分拣N51,494.47151306623556,496.05151306623554,1.579999999999984
TA10-G13-1B1-1P,自动打磨,自动打磨N51,496.05151306623554,497.3844496535371,1.3329365873015604
TA10-G13-1B1-1P,桁架码垛,自动分拣N51,497.3844496535371,498.5544496535371,1.170000000000016
TA10-G13-1B1-1S,分拣,自动分拣N51,498.5544496535371,500.1344496535371,1.579999999999984
TA10-G13-1B1-1S,自动打磨,自动打磨N51,500.1344496535371,501.7465162408387,1.6120665873015696
TA10-G13-1B1-1S,桁架码垛,自动分拣N51,501.7465162408387,502.9165162408387,1.170000000000016
AP2-AE-1SP-1SP,自由边打磨,人工打磨N51,481.6446821138546,482.1295027805213,0.48482066666667833
AP2-F2-3S-6BS,分拣,自动分拣N51,502.9165162408387,504.4965162408387,1.579999999999984
AP2-F2-3S-6BS,自动打磨,自动打磨N51,504.4965162408387,506.24683393925136,1.7503176984126867
AP2-F2-3S-6BS,桁架码垛,自动分拣N51,506.24683393925136,507.4168339392514,1.170000000000016
AP2-F6-2P-9BP,分拣,自动分拣N51,507.4168339392514,508.99683393925136,1.579999999999984
AP2-F6-2P-9BP,自动打磨,自动打磨N51,508.99683393925136,510.55669155829895,1.559857619047591
AP2-F6-2P-9BP,桁架码垛,自动分拣N51,510.55669155829895,511.72669155829897,1.170000000000016
A03S-1285切割后的大件,天车吊运（胎架到成品区）,天车,482.1295027805213,487.1295027805213,5.0
A03S-1294,天车空驶（胎架到原料区）,天车,431.00673571957896,439.00673571957896,8.0
A03S-1294,天车吊运（原料区到胎架）,天车,439.00673571957896,442.00673571957896,3.0
AP2-AG-1-3BS,分拣,自动分拣N21,870.288726937902,871.868726937902,1.580000000000041
AP2-AG-1-3BS,自动打磨,自动打磨N21,871.868726937902,872.9548696363147,1.0861426984126865
AP2-AG-1-3BS,桁架码垛,自动分拣N21,872.9548696363147,874.1248696363147,1.169999999999959
AP2-CG-1-1P,自由边打磨,人工打磨N21,870.288726937902,871.6550711430302,1.3663442051282573
AP2-CG-1-1S,自由边打磨,人工打磨N21,871.6550711430302,873.0214153481585,1.3663442051282573
AP2-F2-2P-1BP,分拣,自动分拣N21,874.1248696363147,875.7048696363147,1.580000000000041
AP2-F2-2P-1BP,自动打磨,自动打磨N21,875.7048696363147,877.7253817791718,2.0205121428571147
AP2-F2-2P-1BP,桁架码垛,自动分拣N21,877.7253817791718,878.8953817791718,1.169999999999959
AP2-F2-2P-1P,自由边打磨,人工打磨N21,873.0214153481585,874.3381232455944,1.3167078974358901
AP2-F2-2P-3BP,分拣,自动分拣N21,878.8953817791718,880.4753817791718,1.580000000000041
AP2-F2-2P-3BP,自动打磨,自动打磨N21,880.4753817791718,882.9078081283782,2.4324263492063665
AP2-F2-2P-3BP,桁架码垛,自动分拣N21,882.9078081283782,884.0778081283781,1.169999999999959
AP2-F2-2P-4BP,分拣,自动分拣N21,884.0778081283781,885.6578081283782,1.580000000000041
AP2-F2-2P-4BP,自动打磨,自动打磨N21,885.6578081283782,888.6835095569496,3.0257014285714376
AP2-F2-2P-4BP,桁架码垛,自动分拣N21,888.6835095569496,889.8535095569496,1.169999999999959
AP2-F2-3S-1BS,分拣,自动分拣N21,889.8535095569496,891.4335095569496,1.580000000000041
AP2-F2-3S-1BS,自动打磨,自动打磨N21,891.4335095569496,893.441096937902,2.0075873809523728
AP2-F2-3S-1BS,桁架码垛,自动分拣N21,893.441096937902,894.611096937902,1.169999999999959
AP2-F2-3S-1S,自由边打磨,人工打磨N21,874.3381232455944,875.6548310917482,1.316707846153804
AP2-F6-2P-2P,自由边打磨,人工打磨N21,875.6548310917482,876.5558984250815,0.9010673333333443
AP2-F6-2P-4BP,分拣,自动分拣N21,894.611096937902,896.191096937902,1.580000000000041
AP2-F6-2P-4BP,自动打磨,自动打磨N21,896.191096937902,898.1997156680607,2.0086187301586733
AP2-F6-2P-4BP,桁架码垛,自动分拣N21,898.1997156680607,899.3697156680606,1.169999999999959
AP2-F6-2P-4P,自由边打磨,人工打磨N21,876.5558984250815,877.5023724763636,0.9464740512820526
AP2-F6-2P-6BP,分拣,自动分拣N21,899.3697156680606,900.9497156680607,1.580000000000041
AP2-F6-2P-6BP,自动打磨,自动打磨N21,900.9497156680607,903.3809289220289,2.4312132539682807
AP2-F6-2P-6BP,桁架码垛,自动分拣N21,903.3809289220289,904.5509289220289,1.169999999999959
AP2-F6-3S-10BS,分拣,自动分拣N21,904.5509289220289,906.1309289220289,1.580000000000041
AP2-F6-3S-10BS,自动打磨,自动打磨N21,906.1309289220289,907.9341840807591,1.8032551587301668
AP2-F6-3S-10BS,桁架码垛,自动分拣N21,907.9341840807591,909.1041840807591,1.169999999999959
AP2-F6-3S-2S,自由边打磨,人工打磨N21,877.5023724763636,878.4271564763636,0.9247840000000451
AP2-F6-3S-4S,自由边打磨,人工打磨N21,878.4271564763636,879.3372227327739,0.9100662564102322
AP2-F7-2-1P,分拣,自动分拣N21,909.1041840807591,910.6841840807591,1.580000000000041
AP2-F7-2-1P,自动打磨,自动打磨N21,910.6841840807591,913.0786928109178,2.394508730158691
AP2-F7-2-1P,桁架码垛,自动分拣N21,913.0786928109178,914.2486928109178,1.169999999999959
AP2-F7-2-1S,分拣,自动分拣N21,914.2486928109178,915.8286928109178,1.580000000000041
AP2-F7-2-1S,自动打磨,自动打磨N21,915.8286928109178,918.9432731283781,3.114580317460309
AP2-F7-2-1S,桁架码垛,自动分拣N21,918.9432731283781,920.1132731283781,1.169999999999959
AP2-F8-1B1-1S,分拣,自动分拣N21,920.1132731283781,921.6932731283781,1.580000000000041
AP2-F8-1B1-1S,自动打磨,自动打磨N21,921.6932731283781,923.4226382077431,1.7293650793650386
AP2-F8-1B1-1S,桁架码垛,自动分拣N21,923.4226382077431,924.5926382077431,1.169999999999959
AP2-F8-2-1P,分拣,自动分拣N21,924.5926382077431,926.1726382077431,1.580000000000041
AP2-F8-2-1P,自动打磨,自动打磨N21,926.1726382077431,928.3011125728225,2.1284743650793416
AP2-F8-2-1P,桁架码垛,自动分拣N21,928.3011125728225,929.4711125728224,1.169999999999959
AP2-FB-2P-11BP,分拣,自动分拣N21,929.4711125728224,931.0511125728225,1.580000000000041
AP2-FB-2P-11BP,自动打磨,自动打磨N21,931.0511125728225,934.1656928902828,3.114580317460309
AP2-FB-2P-11BP,桁架码垛,自动分拣N21,934.1656928902828,935.3356928902828,1.169999999999959
AP2-FB-2P-2BP,分拣,自动分拣N21,935.3356928902828,936.9156928902828,1.580000000000041
AP2-FB-2P-2BP,自动打磨,自动打磨N21,936.9156928902828,938.4091421759971,1.4934492857142914
AP2-FB-2P-2BP,桁架码垛,自动分拣N21,938.4091421759971,939.579142175997,1.169999999999959
AP2-FB-2P-5BP,分拣,自动分拣N21,939.579142175997,941.1591421759971,1.580000000000041
AP2-FB-2P-5BP,自动打磨,自动打磨N21,941.1591421759971,943.3948115410765,2.2356693650793886
AP2-FB-2P-5BP,桁架码垛,自动分拣N21,943.3948115410765,944.5648115410764,1.169999999999959
AP2-FB-3S-12BS,分拣,自动分拣N21,944.5648115410764,946.1448115410765,1.580000000000041
AP2-FB-3S-12BS,自动打磨,自动打磨N21,946.1448115410765,948.1644261442511,2.0196146031746594
AP2-FB-3S-12BS,桁架至坡口工作站,自动分拣N21,948.1644261442511,949.3311261442511,1.1666999999999916
AP2-FB-3S-13BS,分拣,自动分拣N21,949.3311261442511,950.9111261442512,1.580000000000041
AP2-FB-3S-13BS,自动打磨,自动打磨N21,950.9111261442512,953.3435523347274,2.432426190476235
AP2-FB-3S-13BS,桁架码垛,自动分拣N21,953.3435523347274,954.5135523347274,1.169999999999959
AP2-FB-3S-4BS,分拣,自动分拣N21,954.5135523347274,956.0935523347274,1.580000000000041
AP2-FB-3S-4BS,自动打磨,自动打磨N21,956.0935523347274,958.1462924934575,2.052740158730103
AP2-FB-3S-4BS,桁架码垛,自动分拣N21,958.1462924934575,959.3162924934575,1.169999999999959
AP2-FB-3S-8BS,分拣,自动分拣N21,959.3162924934575,960.8962924934575,1.580000000000041
AP2-FB-3S-8BS,自动打磨,自动打磨N21,960.8962924934575,962.8800194775845,1.9837269841269745
AP2-FB-3S-8BS,桁架至坡口工作站,自动分拣N21,962.8800194775845,964.0467194775845,1.1666999999999916
AP2-AE-1B1-1P,分拣,自动分拣N21,964.0467194775845,965.6267194775845,1.580000000000041
AP2-AE-1B1-1P,自动打磨,自动打磨N21,965.6267194775845,967.6490434458385,2.0223239682539997
AP2-AE-1B1-1P,桁架码垛,自动分拣N21,967.6490434458385,968.8190434458385,1.169999999999959
AP2-AE-1B1-1S,分拣,自动分拣N21,968.8190434458385,970.3990434458385,1.580000000000041
AP2-AE-1B1-1S,自动打磨,自动打磨N21,970.3990434458385,972.4171147156798,2.0180712698412435
AP2-AE-1B1-1S,桁架码垛,自动分拣N21,972.4171147156798,973.5871147156797,1.169999999999959
AP2-AE-1B2-1P,分拣,自动分拣N21,973.5871147156797,975.1671147156798,1.580000000000041
AP2-AE-1B2-1P,自动打磨,自动打磨N21,975.1671147156798,976.6605638426639,1.49344912698416
AP2-AE-1B2-1P,桁架码垛,自动分拣N21,976.6605638426639,977.8305638426639,1.169999999999959
AP2-AE-1B2-1S,分拣,自动分拣N21,977.8305638426639,979.4105638426639,1.580000000000041
AP2-AE-1B2-1S,自动打磨,自动打磨N21,979.4105638426639,981.4286348744099,2.01807103174599
AP2-AE-1B2-1S,桁架码垛,自动分拣N21,981.4286348744099,982.5986348744099,1.169999999999959
AP2-AE-1B3-1P,分拣,自动分拣N21,982.5986348744099,984.1786348744099,1.580000000000041
AP2-AE-1B3-1P,自动打磨,自动打磨N21,984.1786348744099,986.2767773347274,2.09814246031749
AP2-AE-1B3-1P,桁架码垛,自动分拣N21,986.2767773347274,987.4467773347274,1.169999999999959
AP2-AE-1B4-1P,分拣,自动分拣N21,987.4467773347274,989.0267773347274,1.580000000000041
AP2-AE-1B4-1P,自动打磨,自动打磨N21,989.0267773347274,991.0764191601243,2.0496418253968613
AP2-AE-1B4-1P,桁架码垛,自动分拣N21,991.0764191601243,992.2464191601242,1.169999999999959
AP2-F3-1B2S-1S,分拣,自动分拣N21,992.2464191601242,993.8264191601243,1.580000000000041
AP2-F3-1B2S-1S,自动打磨,自动打磨N21,993.8264191601243,995.833297969648,2.006878809523755
AP2-F3-1B2S-1S,桁架码垛,自动分拣N21,995.833297969648,997.003297969648,1.169999999999959
AP2-F4-1B2S-1S,分拣,自动分拣N21,997.003297969648,998.583297969648,1.580000000000041
AP2-F4-1B2S-1S,自动打磨,自动打磨N21,998.583297969648,1000.278705906156,1.6954079365079906
AP2-F4-1B2S-1S,桁架码垛,自动分拣N21,1000.278705906156,1001.448705906156,1.169999999999959
AP2-F4-1B3-1P,分拣,自动分拣N21,1001.448705906156,1003.028705906156,1.580000000000041
AP2-F4-1B3-1P,自动打磨,自动打磨N21,1003.028705906156,1005.0510300331401,2.022324126984131
AP2-F4-1B3-1P,桁架码垛,自动分拣N21,1005.0510300331401,1006.2210300331401,1.169999999999959
AP2-F9-1B2S-1S,分拣,自动分拣N21,1006.2210300331401,1007.8010300331401,1.580000000000041
AP2-F9-1B2S-1S,自动打磨,自动打磨N21,1007.8010300331401,1009.7339186839338,1.9328886507936431
AP2-F9-1B2S-1S,桁架码垛,自动分拣N21,1009.7339186839338,1010.9039186839337,1.169999999999959
AP2-FC-1B4P-1P,分拣,自动分拣N21,1010.9039186839337,1012.4839186839338,1.580000000000041
AP2-FC-1B4P-1P,自动打磨,自动打磨N21,1012.4839186839338,1014.4926513823465,2.0087326984127003
AP2-FC-1B4P-1P,桁架码垛,自动分拣N21,1014.4926513823465,1015.6626513823464,1.169999999999959
A03S-1294切割后的大件,天车吊运（胎架到成品区）,天车,879.3372227327739,884.3372227327739,5.0
A03S-1283,天车空驶（胎架到原料区）,天车,469.0,477.0,8.0
A03S-1283,天车吊运（原料区到胎架）,天车,477.0,480.0,3.0
AP2-F1-1SP-1SP,自由边打磨,人工打磨N51,564.0170124993737,565.0132402942454,0.9962277948717428
AP2-F2-4SP-1SP,分拣,自动分拣N51,564.0170124993737,565.5970124993737,1.580000000000041
AP2-F2-4SP-1SP,自动打磨,自动打磨N51,565.5970124993737,566.8844494041356,1.2874369047618757
AP2-F2-4SP-1SP,桁架码垛,自动分拣N51,566.8844494041356,568.0544494041355,1.169999999999959
AP2-F3-2SP-1SP,分拣,自动分拣N51,568.0544494041355,569.6344494041356,1.580000000000041
AP2-F3-2SP-1SP,自动打磨,自动打磨N51,569.6344494041356,570.6344494041356,1.0
AP2-F3-2SP-1SP,桁架码垛,自动分拣N51,570.6344494041356,571.8044494041355,1.169999999999959
AP2-F2-1-2P,自由边打磨,人工打磨N51,565.0132402942454,565.6821879865531,0.6689476923077109
AP2-F2-1-2S,自由边打磨,人工打磨N51,565.6821879865531,566.3511356788608,0.6689476923077109
A03S-1283切割后的大件,天车吊运（胎架到坡口区）,天车,566.3511356788608,569.3511356788608,3.0
AP2-F1-1SP-1SP,人工坡口,人工坡口1,569.3511356788608,632.1459236788609,62.79478800000004
AP2-F2-1-2P,人工坡口,人工坡口1,632.1459236788609,638.9494516788609,6.803528000000028
AP2-F2-1-2S,人工坡口,人工坡口1,638.9494516788609,645.7729796788609,6.82352800000001
A03S-1283切割后的大件,天车吊运（坡口区到成品区）,天车,645.7729796788609,650.7729796788609,5.0
A03S-1276,天车空驶（胎架到原料区）,天车,553.0170124993737,561.0170124993737,8.0
A03S-1276,天车吊运（原料区到胎架）,天车,561.0170124993737,564.0170124993737,3.0
AP2-818-1P,分拣,自动分拣N51,651.387278172444,652.967278172444,1.580000000000041
AP2-818-1P,自动打磨,自动打磨N51,652.967278172444,654.4859289660948,1.5186507936507496
AP2-818-1P,桁架码垛,自动分拣N51,654.4859289660948,655.6559289660947,1.169999999999959
AP2-AG-1-3BP,分拣,自动分拣N51,655.6559289660947,657.2359289660948,1.580000000000041
AP2-AG-1-3BP,自动打磨,自动打磨N51,657.2359289660948,659.1313250772059,1.895396111111154
AP2-AG-1-3BP,桁架码垛,自动分拣N51,659.1313250772059,660.3013250772059,1.169999999999959
AP2-CG-1B1-1P,分拣,自动分拣N51,660.3013250772059,661.8813250772059,1.580000000000041
AP2-CG-1B1-1P,自动打磨,自动打磨N51,661.8813250772059,663.3392984899043,1.4579734126983794
AP2-CG-1B1-1P,桁架码垛,自动分拣N51,663.3392984899043,664.5092984899043,1.169999999999959
AP2-CG-1B1-1S,分拣,自动分拣N51,664.5092984899043,666.0892984899043,1.580000000000041
AP2-CG-1B1-1S,自动打磨,自动打磨N51,666.0892984899043,668.1955252359361,2.10622674603178
AP2-CG-1B1-1S,桁架码垛,自动分拣N51,668.1955252359361,669.365525235936,1.169999999999959
AP2-F6-2P-2BP,分拣,自动分拣N51,669.365525235936,670.9455252359361,1.580000000000041
AP2-F6-2P-2BP,自动打磨,自动打磨N51,670.9455252359361,672.4100874581583,1.4645622222221846
AP2-F6-2P-2BP,桁架码垛,自动分拣N51,672.4100874581583,673.5800874581582,1.169999999999959
AP2-F7-1B1-1P,分拣,自动分拣N51,673.5800874581582,675.1600874581583,1.580000000000041
AP2-F7-1B1-1P,自动打磨,自动打磨N51,675.1600874581583,677.2015536486344,2.0414661904761715
AP2-F7-1B1-1P,桁架码垛,自动分拣N51,677.2015536486344,678.3715536486344,1.169999999999959
AP2-F7-1B1-1S,分拣,自动分拣N51,678.3715536486344,679.9515536486344,1.580000000000041
AP2-F7-1B1-1S,自动打磨,自动打磨N51,679.9515536486344,681.8614496803805,1.9098960317460296
AP2-F7-1B1-1S,桁架码垛,自动分拣N51,681.8614496803805,683.0314496803804,1.169999999999959
AP2-F8-1B1-1P,分拣,自动分拣N51,683.0314496803804,684.6114496803805,1.580000000000041
AP2-F8-1B1-1P,自动打磨,自动打磨N51,684.6114496803805,686.4512198391106,1.8397701587301754
AP2-F8-1B1-1P,桁架码垛,自动分拣N51,686.4512198391106,687.6212198391106,1.169999999999959
AP2-FB-3S-2BS,分拣,自动分拣N51,687.6212198391106,689.2012198391106,1.580000000000041
AP2-FB-3S-2BS,自动打磨,自动打磨N51,689.2012198391106,690.9287236089519,1.7275037698412916
AP2-FB-3S-2BS,桁架码垛,自动分拣N51,690.9287236089519,692.0987236089519,1.169999999999959
AP2-MG-1SP-1BP,分拣,自动分拣N51,692.0987236089519,693.6787236089519,1.580000000000041
AP2-MG-1SP-1BP,自动打磨,自动打磨N51,693.6787236089519,695.5832488470472,1.9045252380952888
AP2-MG-1SP-1BP,桁架码垛,自动分拣N51,695.5832488470472,696.7532488470472,1.169999999999959
AP2-MG-1SP-2BP,分拣,自动分拣N51,696.7532488470472,698.3332488470472,1.580000000000041
AP2-MG-1SP-2BP,自动打磨,自动打磨N51,698.3332488470472,700.1342357518091,1.800986904761885
AP2-MG-1SP-2BP,桁架码垛,自动分拣N51,700.1342357518091,701.3042357518091,1.169999999999959
AP2-F0-1B1P-1P,分拣,自动分拣N51,701.3042357518091,702.8842357518091,1.580000000000041
AP2-F0-1B1P-1P,自动打磨,自动打磨N51,702.8842357518091,705.5427728946663,2.658537142857199
AP2-F0-1B1P-1P,桁架码垛,自动分拣N51,705.5427728946663,706.7127728946663,1.169999999999959
AP2-F0-1B2S-1S,分拣,自动分拣N51,706.7127728946663,708.2927728946663,1.580000000000041
AP2-F0-1B2S-1S,自动打磨,自动打磨N51,708.2927728946663,710.389292577206,2.096519682539679
AP2-F0-1B2S-1S,桁架码垛,自动分拣N51,710.389292577206,711.559292577206,1.169999999999959
AP2-F1-1B1P-1P,分拣,自动分拣N51,711.559292577206,713.139292577206,1.580000000000041
AP2-F1-1B1P-1P,自动打磨,自动打磨N51,713.139292577206,714.7038789264124,1.5645863492063654
AP2-F1-1B1P-1P,桁架码垛,自动分拣N51,714.7038789264124,715.8738789264123,1.169999999999959
AP2-F1-1B2S-1S,分拣,自动分拣N51,715.8738789264123,717.4538789264124,1.580000000000041
AP2-F1-1B2S-1S,自动打磨,自动打磨N51,717.4538789264124,719.0184651962536,1.564586269841243
AP2-F1-1B2S-1S,桁架码垛,自动分拣N51,719.0184651962536,720.1884651962536,1.169999999999959
AP2-F1-1B3-1P,分拣,自动分拣N51,720.1884651962536,721.7684651962536,1.580000000000041
AP2-F1-1B3-1P,自动打磨,自动打磨N51,721.7684651962536,724.5139711486346,2.745505952380995
AP2-F1-1B3-1P,桁架码垛,自动分拣N51,724.5139711486346,725.6839711486346,1.169999999999959
AP2-F1-1B3-1S,分拣,自动分拣N51,725.6839711486346,727.2639711486346,1.580000000000041
AP2-F1-1B3-1S,自动打磨,自动打磨N51,727.2639711486346,730.0440432914918,2.7800721428571933
AP2-F1-1B3-1S,桁架码垛,自动分拣N51,730.0440432914918,731.2140432914917,1.169999999999959
AP2-F3-1B1P-1P,分拣,自动分拣N51,731.2140432914917,732.7940432914918,1.580000000000041
AP2-F3-1B1P-1P,自动打磨,自动打磨N51,732.7940432914918,735.6044351962537,2.8103919047619
AP2-F3-1B1P-1P,桁架码垛,自动分拣N51,735.6044351962537,736.7744351962536,1.169999999999959
AP2-F4-1B1P-1P,分拣,自动分拣N51,736.7744351962536,738.3544351962537,1.580000000000041
AP2-F4-1B1P-1P,自动打磨,自动打磨N51,738.3544351962537,740.1127979740314,1.7583627777777338
AP2-F4-1B1P-1P,桁架码垛,自动分拣N51,740.1127979740314,741.2827979740314,1.169999999999959
AP2-F5-1B1P-1P,分拣,自动分拣N51,741.2827979740314,742.8627979740314,1.580000000000041
AP2-F5-1B1P-1P,自动打磨,自动打磨N51,742.8627979740314,744.7095672597457,1.846769285714231
AP2-F5-1B1P-1P,桁架码垛,自动分拣N51,744.7095672597457,745.8795672597456,1.169999999999959
AP2-F5-1B3-1P,分拣,自动分拣N51,745.8795672597456,747.4595672597457,1.580000000000041
AP2-F5-1B3-1P,自动打磨,自动打磨N51,747.4595672597457,750.3034890057774,2.843921746031697
AP2-F5-1B3-1P,桁架码垛,自动分拣N51,750.3034890057774,751.4734890057773,1.169999999999959
AP2-F5-1B3-1S,分拣,自动分拣N51,751.4734890057773,753.0534890057774,1.580000000000041
AP2-F5-1B3-1S,自动打磨,自动打磨N51,753.0534890057774,754.860910593079,1.8074215873016328
AP2-F5-1B3-1S,桁架码垛,自动分拣N51,754.860910593079,756.0309105930789,1.169999999999959
AP2-F7-1B1P-1P,分拣,自动分拣N51,756.0309105930789,757.610910593079,1.580000000000041
AP2-F7-1B1P-1P,自动打磨,自动打磨N51,757.610910593079,759.4258294026027,1.8149188095237605
AP2-F7-1B1P-1P,桁架码垛,自动分拣N51,759.4258294026027,760.5958294026027,1.169999999999959
AP2-F7-1B2S-1S,分拣,自动分拣N51,760.5958294026027,762.1758294026027,1.580000000000041
AP2-F7-1B2S-1S,自动打磨,自动打磨N51,762.1758294026027,764.0857254343488,1.9098960317460296
AP2-F7-1B2S-1S,桁架码垛,自动分拣N51,764.0857254343488,765.2557254343487,1.169999999999959
AP2-F8-1B1P-1P,分拣,自动分拣N51,765.2557254343487,766.8357254343488,1.580000000000041
AP2-F8-1B1P-1P,自动打磨,自动打磨N51,766.8357254343488,769.3801475772059,2.5444221428571154
AP2-F8-1B1P-1P,桁架码垛,自动分拣N51,769.3801475772059,770.5501475772058,1.169999999999959
AP2-F8-1B2S-1S,分拣,自动分拣N51,770.5501475772058,772.1301475772059,1.580000000000041
AP2-F8-1B2S-1S,自动打磨,自动打磨N51,772.1301475772059,773.8576511486344,1.7275035714285423
AP2-F8-1B2S-1S,桁架码垛,自动分拣N51,773.8576511486344,775.0276511486344,1.169999999999959
AP2-F9-1B1P-1P,分拣,自动分拣N51,775.0276511486344,776.6076511486344,1.580000000000041
AP2-F9-1B1P-1P,自动打磨,自动打磨N51,776.6076511486344,778.4600705137138,1.8524193650794132
AP2-F9-1B1P-1P,桁架码垛,自动分拣N51,778.4600705137138,779.6300705137138,1.169999999999959
AP2-FA-1B1P-1P,分拣,自动分拣N51,779.6300705137138,781.2100705137138,1.580000000000041
AP2-FA-1B1P-1P,自动打磨,自动打磨N51,781.2100705137138,782.9934541645075,1.7833836507936667
AP2-FA-1B1P-1P,桁架码垛,自动分拣N51,782.9934541645075,784.1634541645075,1.169999999999959
AP2-FA-1B2S-1S,分拣,自动分拣N51,784.1634541645075,785.7434541645075,1.580000000000041
AP2-FA-1B2S-1S,自动打磨,自动打磨N51,785.7434541645075,787.5268378153012,1.7833836507936667
AP2-FA-1B2S-1S,桁架码垛,自动分拣N51,787.5268378153012,788.6968378153011,1.169999999999959
AP2-SGF-1SP-1BSP,分拣,自动分拣N51,788.6968378153011,790.2768378153012,1.580000000000041
AP2-SGF-1SP-1BSP,自动打磨,自动打磨N51,790.2768378153012,791.7363939264122,1.4595561111110555
AP2-SGF-1SP-1BSP,桁架码垛,自动分拣N51,791.7363939264122,792.9063939264122,1.169999999999959
AP2-SGF-1SP-2BSP,分拣,自动分拣N51,792.9063939264122,794.4863939264122,1.580000000000041
AP2-SGF-1SP-2BSP,自动打磨,自动打磨N51,794.4863939264122,796.3817900375234,1.895396111111154
AP2-SGF-1SP-2BSP,桁架码垛,自动分拣N51,796.3817900375234,797.5517900375233,1.169999999999959
A03S-1290,天车空驶（胎架到原料区）,天车,650.7729796788609,653.7729796788609,3.0
A03S-1290,天车吊运（原料区到胎架）,天车,653.7729796788609,656.7729796788609,3.0
AP2-F3-1-1P,自由边打磨,人工打磨N51,752.2956820415086,752.5926260927906,0.2969440512820256
AP2-F3-1-1S,自由边打磨,人工打磨N51,752.5926260927906,752.8916722466367,0.29904615384612043
AP2-F4-1-1P,自由边打磨,人工打磨N51,752.8916722466367,753.4351286568932,0.5434564102564536
AP2-F4-1-1S,自由边打磨,人工打磨N51,753.4351286568932,754.112625374842,0.6774967179487703
A03S-1290切割后的大件,天车吊运（胎架到成品区）,天车,754.112625374842,759.112625374842,5.0
A03S-1284,天车空驶（胎架到原料区）,天车,709.0,717.0,8.0
A03S-1284,天车吊运（原料区到胎架）,天车,717.0,720.0,3.0
AP2-F3-1-2S,自由边打磨,人工打磨N21,879.3372227327739,880.0746907327739,0.7374680000000353
A03S-1284切割后的大件,天车吊运（胎架到坡口区）,天车,884.3372227327739,887.3372227327739,3.0
AP2-F3-1-2P,人工坡口,人工坡口1,887.3372227327739,892.1817067327738,4.844483999999966
AP2-F3-1-2S,人工坡口,人工坡口1,892.1817067327738,897.0261907327738,4.844483999999966
AP2-F4-1-2P,人工坡口,人工坡口1,897.0261907327738,902.6906227327738,5.664432000000033
AP2-F4-1-2S,人工坡口,人工坡口1,902.6906227327738,908.3550547327739,5.664432000000033
A03S-1284切割后的大件,天车吊运（坡口区到成品区）,天车,908.3550547327739,913.3550547327739,5.0
A03S-1251,天车空驶（胎架到原料区）,天车,741.2956820415086,749.2956820415086,8.0
A03S-1251,天车吊运（原料区到胎架）,天车,749.2956820415086,752.2956820415086,3.0
AP2-JMG-650P,自由边打磨,人工打磨N51,805.2698961501258,805.6351386116643,0.36524246153851436
AP2-JMG-650S,自由边打磨,人工打磨N51,805.6351386116643,806.177759329613,0.5426207179486937
A03S-1251切割后的大件,天车吊运（胎架到坡口区）,天车,806.177759329613,809.177759329613,3.0
AP2-JMG-650P,人工坡口,人工坡口1,908.3550547327739,943.8678227327739,35.51276800000005
AP2-JMG-650S,人工坡口,人工坡口1,943.8678227327739,979.380590732774,35.51276800000005
A03S-1251切割后的大件,天车吊运（坡口区到成品区）,天车,979.380590732774,984.380590732774,5.0
A03S-1291,天车空驶（胎架到原料区）,天车,794.2698961501258,802.2698961501258,8.0
A03S-1291,天车吊运（原料区到胎架）,天车,802.2698961501258,805.2698961501258,3.0
AP2-F2-1-1P,自由边打磨,人工打磨N51,906.2427320062692,907.4890604678077,1.2463284615384964
AP2-F2-1-1S,自由边打磨,人工打磨N51,907.4890604678077,908.1191245190897,0.6300640512820337
AP2-FA-1-1P,自由边打磨,人工打磨N51,908.1191245190897,908.8105184678077,0.6913939487179732
AP2-FA-1-1S,自由边打磨,人工打磨N51,908.8105184678077,909.4834662626795,0.6729477948717886
TA10-T10-1B4S-1S,分拣,自动分拣N51,906.2427320062692,907.8227320062692,1.580000000000041
TA10-T10-1B4S-1S,自动打磨,自动打磨N51,907.8227320062692,909.1808359745232,1.3581039682539995
TA10-T10-1B4S-1S,桁架码垛,自动分拣N51,909.1808359745232,910.3508359745232,1.169999999999959
A03S-1291切割后的大件,天车吊运（胎架到成品区）,天车,913.3550547327739,918.3550547327739,5.0
A03S-1289,天车空驶（胎架到原料区）,天车,809.177759329613,817.177759329613,8.0
A03S-1289,天车吊运（原料区到胎架）,天车,817.177759329613,820.177759329613,3.0
AP2-F0-1-1P,自由边打磨,人工打磨N21,909.8691696123552,909.9248310482527,0.055661435897491174
AP2-F0-1-1S,自由边打磨,人工打磨N21,909.9248310482527,910.431709253381,0.5068782051282597
AP2-F1-2-1P,自由边打磨,人工打磨N21,910.431709253381,911.1252907405604,0.6935814871794719
AP2-F1-2-1S,自由边打磨,人工打磨N21,911.1252907405604,911.5510506892784,0.42575994871799594
A03S-1289切割后的大件,天车吊运（胎架到成品区）,天车,918.3550547327739,923.3550547327739,5.0
A03S-1303,天车空驶（胎架到原料区）,天车,895.2427320062692,903.2427320062692,8.0
A03S-1303,天车吊运（原料区到胎架）,天车,903.2427320062692,906.2427320062692,3.0
AP2-G3-3-1P,自由边打磨,人工打磨N51,958.9874719422729,959.4102207627857,0.42274882051276563
AP2-G3-3-1S,自由边打磨,人工打磨N51,959.4102207627857,959.8329695832984,0.42274882051276563
AP2-G4-4-1P,自由边打磨,人工打磨N51,959.8329695832984,961.4538913268882,1.6209217435897472
AP2-G4-4-1S,自由边打磨,人工打磨N51,961.4538913268882,963.074813173042,1.6209218461538057
AP2-G5-3-1P,自由边打磨,人工打磨N51,963.074813173042,964.7295261986831,1.6547130256410583
AP2-G5-3-1S,自由边打磨,人工打磨N51,964.7295261986831,965.5141415832984,0.7846153846153356
A03S-1303切割后的大件,天车吊运（胎架到成品区）,天车,965.5141415832984,970.5141415832984,5.0
A03S-1302,天车空驶（胎架到原料区）,天车,923.3550547327739,931.3550547327739,8.0
A03S-1302,天车吊运（原料区到胎架）,天车,931.3550547327739,934.3550547327739,3.0
AP2-G2-3-1S,自由边打磨,人工打磨N21,1045.6141078132368,1046.2334833004163,0.6193754871794681
AP2-G4-3-1S,自由边打磨,人工打磨N21,1046.2334833004163,1046.8919654542624,0.6584821538460801
AP2-G5-1-1P,自由边打磨,人工打磨N21,1046.8919654542624,1047.5427519158009,0.6507864615384733
AP2-G5-1-1S,自由边打磨,人工打磨N21,1047.5427519158009,1048.1621274029803,0.6193754871794681
AP2-G5-2-1P,自由边打磨,人工打磨N21,1048.1621274029803,1049.6786274542624,1.516500051282037
AP2-G5-2-1S,自由边打磨,人工打磨N21,1049.6786274542624,1051.1951277106725,1.5165002564101542
A03S-1302切割后的大件,天车吊运（胎架到成品区）,天车,1051.1951277106725,1056.1951277106725,5.0
T63S-4099,天车空驶（胎架到原料区）,天车,947.9874719422729,955.9874719422729,8.0
T63S-4099,天车吊运（原料区到胎架）,天车,955.9874719422729,958.9874719422729,3.0
STA238FC-F240-1SP-1SP,自由边打磨,人工打磨N51,995.4331214983847,996.4598969855642,1.0267754871795205
T63S-4099切割后的大件,天车吊运（胎架到成品区）,天车,996.4598969855642,1001.4598969855642,5.0
T63S-4098,天车空驶（胎架到原料区）,天车,984.4331214983847,992.4331214983847,8.0
T63S-4098,天车吊运（原料区到胎架）,天车,992.4331214983847,995.4331214983847,3.0
STA238FC-F238-1SP-1SP,自由边打磨,人工打磨N51,1031.8867384847333,1032.9135139719128,1.0267754871795205
T63S-4098切割后的大件,天车吊运（胎架到成品区）,天车,1032.9135139719128,1037.9135139719128,5.0
T63S-4100,天车空驶（胎架到原料区）,天车,1020.8867384847333,1028.8867384847333,8.0
T63S-4100,天车吊运（原料区到胎架）,天车,1028.8867384847333,1031.8867384847333,3.0
STA238FC-F238-CG1-1P,分拣,自动分拣N51,1080.9019642007097,1082.4819642007096,1.5799999999999272
STA238FC-F238-CG1-1P,自动打磨,自动打磨N51,1082.4819642007096,1083.7249611054715,1.242996904761867
STA238FC-F238-CG1-1P,桁架码垛,自动分拣N51,1083.7249611054715,1084.8949611054716,1.1700000000000728
STA238FC-F238-CG1-1S,分拣,自动分拣N51,1084.8949611054716,1086.4749611054715,1.5799999999999272
STA238FC-F238-CG1-1S,自动打磨,自动打磨N51,1086.4749611054715,1087.7179579308684,1.2429968253968582
STA238FC-F238-CG1-1S,桁架码垛,自动分拣N51,1087.7179579308684,1088.8879579308684,1.1700000000000728
STA238FC-F238-CG1D1-1P,分拣,自动分拣N51,1088.8879579308684,1090.4679579308684,1.5799999999999272
STA238FC-F238-CG1D1-1P,自动打磨,自动打磨N51,1090.4679579308684,1092.6779004705509,2.2099425396825154
STA238FC-F238-CG1D1-1P,桁架码垛,自动分拣N51,1092.6779004705509,1093.847900470551,1.1700000000000728
STA238FC-F238-CG1D1-1S,分拣,自动分拣N51,1093.847900470551,1095.4279004705509,1.5799999999999272
STA238FC-F238-CG1D1-1S,自动打磨,自动打磨N51,1095.4279004705509,1097.6378430102334,2.2099425396825154
STA238FC-F238-CG1D1-1S,桁架码垛,自动分拣N51,1097.6378430102334,1098.8078430102335,1.1700000000000728
STA238FC-F238-CG2-1P,分拣,自动分拣N51,1098.8078430102335,1100.3878430102334,1.5799999999999272
STA238FC-F238-CG2-1P,自动打磨,自动打磨N51,1100.3878430102334,1101.6308398356302,1.2429968253968582
STA238FC-F238-CG2-1P,桁架码垛,自动分拣N51,1101.6308398356302,1102.8008398356303,1.1700000000000728
STA238FC-F238-CG2-1S,分拣,自动分拣N51,1102.8008398356303,1104.3808398356302,1.5799999999999272
STA238FC-F238-CG2-1S,自动打磨,自动打磨N51,1104.3808398356302,1105.623836740392,1.242996904761867
STA238FC-F238-CG2-1S,桁架码垛,自动分拣N51,1105.623836740392,1106.7938367403922,1.1700000000000728
STA238FC-F238-CG2D1-1P,分拣,自动分拣N51,1106.7938367403922,1108.373836740392,1.5799999999999272
STA238FC-F238-CG2D1-1P,自动打磨,自动打磨N51,1108.373836740392,1110.5837792007096,2.2099424603175066
STA238FC-F238-CG2D1-1P,桁架码垛,自动分拣N51,1110.5837792007096,1111.7537792007097,1.1700000000000728
STA238FC-F238-CG2D1-1S,分拣,自动分拣N51,1111.7537792007097,1113.3337792007096,1.5799999999999272
STA238FC-F238-CG2D1-1S,自动打磨,自动打磨N51,1113.3337792007096,1115.5437217403921,2.2099425396825154
STA238FC-F238-CG2D1-1S,桁架码垛,自动分拣N51,1115.5437217403921,1116.7137217403922,1.1700000000000728
STA238FC-F238-CG3-1P,分拣,自动分拣N51,1116.7137217403922,1118.2937217403921,1.5799999999999272
STA238FC-F238-CG3-1P,自动打磨,自动打磨N51,1118.2937217403921,1119.536718565789,1.2429968253968582
STA238FC-F238-CG3-1P,桁架码垛,自动分拣N51,1119.536718565789,1120.706718565789,1.1700000000000728
STA238FC-F238-CG3-1S,分拣,自动分拣N51,1120.706718565789,1122.286718565789,1.5799999999999272
STA238FC-F238-CG3-1S,自动打磨,自动打磨N51,1122.286718565789,1123.5297154705509,1.242996904761867
STA238FC-F238-CG3-1S,桁架码垛,自动分拣N51,1123.5297154705509,1124.699715470551,1.1700000000000728
STA238FC-F238-CG3D1-1P,分拣,自动分拣N51,1124.699715470551,1126.2797154705509,1.5799999999999272
STA238FC-F238-CG3D1-1P,自动打磨,自动打磨N51,1126.2797154705509,1128.4896580102334,2.2099425396825154
STA238FC-F238-CG3D1-1P,桁架码垛,自动分拣N51,1128.4896580102334,1129.6596580102334,1.1700000000000728
STA238FC-F238-CG3D1-1S,分拣,自动分拣N51,1129.6596580102334,1131.2396580102334,1.5799999999999272
STA238FC-F238-CG3D1-1S,自动打磨,自动打磨N51,1131.2396580102334,1133.4496004705509,2.2099424603175066
STA238FC-F238-CG3D1-1S,桁架码垛,自动分拣N51,1133.4496004705509,1134.619600470551,1.1700000000000728
STA238FC-F238-CG4D1SP-1S,分拣,自动分拣N51,1134.619600470551,1136.1996004705509,1.5799999999999272
STA238FC-F238-CG4D1SP-1S,自动打磨,自动打磨N51,1136.1996004705509,1138.4095430102334,2.2099425396825154
STA238FC-F238-CG4D1SP-1S,桁架码垛,自动分拣N51,1138.4095430102334,1139.5795430102335,1.1700000000000728
STA238FC-F238-CG4SP-1SP,分拣,自动分拣N51,1139.5795430102335,1141.1595430102334,1.5799999999999272
STA238FC-F238-CG4SP-1SP,自动打磨,自动打磨N51,1141.1595430102334,1142.4025399149953,1.242996904761867
STA238FC-F238-CG4SP-1SP,桁架码垛,自动分拣N51,1142.4025399149953,1143.5725399149953,1.1700000000000728
STA238FC-F240-CG1-1P,分拣,自动分拣N51,1143.5725399149953,1145.1525399149953,1.5799999999999272
STA238FC-F240-CG1-1P,自动打磨,自动打磨N51,1145.1525399149953,1146.3955367403921,1.2429968253968582
STA238FC-F240-CG1-1P,桁架码垛,自动分拣N51,1146.3955367403921,1147.5655367403922,1.1700000000000728
STA238FC-F240-CG1-1S,分拣,自动分拣N51,1147.5655367403922,1149.1455367403921,1.5799999999999272
STA238FC-F240-CG1-1S,自动打磨,自动打磨N51,1149.1455367403921,1150.388533645154,1.242996904761867
STA238FC-F240-CG1-1S,桁架码垛,自动分拣N51,1150.388533645154,1151.558533645154,1.1700000000000728
STA238FC-F240-CG1D1-1P,分拣,自动分拣N51,1151.558533645154,1153.138533645154,1.5799999999999272
STA238FC-F240-CG1D1-1P,自动打磨,自动打磨N51,1153.138533645154,1155.3484761054715,2.2099424603175066
STA238FC-F240-CG1D1-1P,桁架码垛,自动分拣N51,1155.3484761054715,1156.5184761054716,1.1700000000000728
STA238FC-F240-CG1D1-1S,分拣,自动分拣N51,1156.5184761054716,1158.0984761054715,1.5799999999999272
STA238FC-F240-CG1D1-1S,自动打磨,自动打磨N51,1158.0984761054715,1160.308418645154,2.2099425396825154
STA238FC-F240-CG1D1-1S,桁架码垛,自动分拣N51,1160.308418645154,1161.478418645154,1.1700000000000728
STA238FC-F240-CG2-1P,分拣,自动分拣N51,1161.478418645154,1163.058418645154,1.5799999999999272
STA238FC-F240-CG2-1P,自动打磨,自动打磨N51,1163.058418645154,1164.3014154705509,1.2429968253968582
STA238FC-F240-CG2-1P,桁架码垛,自动分拣N51,1164.3014154705509,1165.471415470551,1.1700000000000728
STA238FC-F240-CG2-1S,分拣,自动分拣N51,1165.471415470551,1167.0514154705509,1.5799999999999272
STA238FC-F240-CG2-1S,自动打磨,自动打磨N51,1167.0514154705509,1168.2944123753127,1.242996904761867
STA238FC-F240-CG2-1S,桁架码垛,自动分拣N51,1168.2944123753127,1169.4644123753128,1.1700000000000728
STA238FC-F240-CG2D1-1P,分拣,自动分拣N51,1169.4644123753128,1171.0444123753127,1.5799999999999272
STA238FC-F240-CG2D1-1P,自动打磨,自动打磨N51,1171.0444123753127,1173.2543549149952,2.2099425396825154
STA238FC-F240-CG2D1-1P,桁架码垛,自动分拣N51,1173.2543549149952,1174.4243549149953,1.1700000000000728
STA238FC-F240-CG2D1-1S,分拣,自动分拣N51,1174.4243549149953,1176.0043549149952,1.5799999999999272
STA238FC-F240-CG2D1-1S,自动打磨,自动打磨N51,1176.0043549149952,1178.2142974546778,2.2099425396825154
STA238FC-F240-CG2D1-1S,桁架码垛,自动分拣N51,1178.2142974546778,1179.3842974546778,1.1700000000000728
STA238FC-F240-CG3-1P,分拣,自动分拣N51,1179.3842974546778,1180.9642974546778,1.5799999999999272
STA238FC-F240-CG3-1P,自动打磨,自动打磨N51,1180.9642974546778,1182.2072943594396,1.242996904761867
STA238FC-F240-CG3-1P,桁架码垛,自动分拣N51,1182.2072943594396,1183.3772943594397,1.1700000000000728
STA238FC-F240-CG3-1S,分拣,自动分拣N51,1183.3772943594397,1184.9572943594396,1.5799999999999272
STA238FC-F240-CG3-1S,自动打磨,自动打磨N51,1184.9572943594396,1186.2002911848365,1.2429968253968582
STA238FC-F240-CG3-1S,桁架码垛,自动分拣N51,1186.2002911848365,1187.3702911848366,1.1700000000000728
STA238FC-F240-CG3D1-1P,分拣,自动分拣N51,1187.3702911848366,1188.9502911848365,1.5799999999999272
STA238FC-F240-CG3D1-1P,自动打磨,自动打磨N51,1188.9502911848365,1191.160233724519,2.2099425396825154
STA238FC-F240-CG3D1-1P,桁架码垛,自动分拣N51,1191.160233724519,1192.330233724519,1.1700000000000728
STA238FC-F240-CG3D1-1S,分拣,自动分拣N51,1192.330233724519,1193.910233724519,1.5799999999999272
STA238FC-F240-CG3D1-1S,自动打磨,自动打磨N51,1193.910233724519,1196.1201761848365,2.2099424603175066
STA238FC-F240-CG3D1-1S,桁架码垛,自动分拣N51,1196.1201761848365,1197.2901761848366,1.1700000000000728
STA238FC-F240-CG4D1SP-1S,分拣,自动分拣N51,1197.2901761848366,1198.8701761848365,1.5799999999999272
STA238FC-F240-CG4D1SP-1S,自动打磨,自动打磨N51,1198.8701761848365,1201.080118724519,2.2099425396825154
STA238FC-F240-CG4D1SP-1S,桁架码垛,自动分拣N51,1201.080118724519,1202.250118724519,1.1700000000000728
STA238FC-F240-CG4SP-1SP,分拣,自动分拣N51,1202.250118724519,1203.830118724519,1.5799999999999272
STA238FC-F240-CG4SP-1SP,自动打磨,自动打磨N51,1203.830118724519,1205.073115629281,1.242996904761867
STA238FC-F240-CG4SP-1SP,桁架码垛,自动分拣N51,1205.073115629281,1206.243115629281,1.1700000000000728
STA238FC-F238A-2P-1P,分拣,自动分拣N51,1206.243115629281,1207.823115629281,1.5799999999999272
STA238FC-F238A-2P-1P,自动打磨,自动打磨N51,1207.823115629281,1211.1718915022968,3.3487758730159385
STA238FC-F238A-2P-1P,桁架码垛,自动分拣N51,1211.1718915022968,1212.341891502297,1.1700000000000728
STA238FC-F238A-3SP-1SP,分拣,自动分拣N51,1212.341891502297,1213.9218915022968,1.5799999999999272
STA238FC-F238A-3SP-1SP,自动打磨,自动打磨N51,1213.9218915022968,1216.3245798356302,2.4026883333333444
STA238FC-F238A-3SP-1SP,桁架码垛,自动分拣N51,1216.3245798356302,1217.4945798356302,1.1700000000000728
STA238FC-F238A-4S-1S,分拣,自动分拣N51,1217.4945798356302,1219.0745798356302,1.5799999999999272
STA238FC-F238A-4S-1S,自动打磨,自动打磨N51,1219.0745798356302,1222.4283418197572,3.3537619841270043
STA238FC-F238A-4S-1S,桁架码垛,自动分拣N51,1222.4283418197572,1223.5983418197573,1.1700000000000728
STA238FC-F240A-1SP-1SP,分拣,自动分拣N51,1223.5983418197573,1225.1783418197572,1.5799999999999272
STA238FC-F240A-1SP-1SP,自动打磨,自动打磨N51,1225.1783418197572,1227.986682534043,2.808340714285805
STA238FC-F240A-1SP-1SP,桁架码垛,自动分拣N51,1227.986682534043,1229.156682534043,1.1700000000000728
STA238FC-F240A-2P-1P,分拣,自动分拣N51,1229.156682534043,1230.736682534043,1.5799999999999272
STA238FC-F240A-2P-1P,自动打磨,自动打磨N51,1230.736682534043,1234.085458565789,3.348776031745956
STA238FC-F240A-2P-1P,桁架码垛,自动分拣N51,1234.085458565789,1235.255458565789,1.1700000000000728
STA238FC-F240A-4S-1S,分拣,自动分拣N51,1235.255458565789,1236.835458565789,1.5799999999999272
STA238FC-F240A-4S-1S,自动打磨,自动打磨N51,1236.835458565789,1240.189220470551,3.3537619047619955
STA238FC-F240A-4S-1S,桁架码垛,自动分拣N51,1240.189220470551,1241.359220470551,1.1700000000000728
STA238FC-R3-1B1P-1P,分拣,自动分拣N51,1241.359220470551,1242.939220470551,1.5799999999999272
STA238FC-R3-1B1P-1P,自动打磨,自动打磨N51,1242.939220470551,1245.117981502297,2.178761031746035
STA238FC-R3-1B1P-1P,桁架码垛,自动分拣N51,1245.117981502297,1246.287981502297,1.1700000000000728
T63S-4103,天车空驶（胎架到原料区）,天车,1039.6141078132368,1042.6141078132368,3.0
T63S-4103,天车吊运（原料区到胎架）,天车,1042.6141078132368,1045.6141078132368,3.0
STA238FC-BG-1-1P,自由边打磨,人工打磨N21,1096.9060353755704,1100.6086084012113,3.702573025640959
STA238FC-BG-1-1S,自由边打磨,人工打磨N21,1100.6086084012113,1104.1661848114677,3.557576410256388
STA238FC-MG-1SP-1SP,自由边打磨,人工打磨N21,1104.1661848114677,1107.6123475806985,3.4461627692307957
STA238FC-BG-2WP-2P,分拣,自动分拣N21,1096.9060353755704,1098.4860353755703,1.5799999999999272
STA238FC-BG-2WP-2P,自动打磨,自动打磨N21,1098.4860353755703,1101.299492200967,2.81345682539677
STA238FC-BG-2WP-2P,桁架码垛,自动分拣N21,1101.299492200967,1102.4694922009671,1.1700000000000728
STA238FC-BG-3WS-2S,分拣,自动分拣N21,1102.4694922009671,1104.049492200967,1.5799999999999272
STA238FC-BG-3WS-2S,自动打磨,自动打磨N21,1104.049492200967,1106.8629490263638,2.81345682539677
STA238FC-BG-3WS-2S,桁架码垛,自动分拣N21,1106.8629490263638,1108.032949026364,1.1700000000000728
STA238FC-MG-2WSP-2SP,分拣,自动分拣N21,1108.032949026364,1109.6129490263638,1.5799999999999272
STA238FC-MG-2WSP-2SP,自动打磨,自动打磨N21,1109.6129490263638,1112.4264058517606,2.81345682539677
STA238FC-MG-2WSP-2SP,桁架码垛,自动分拣N21,1112.4264058517606,1113.5964058517607,1.1700000000000728
T63S-4103切割后的大件,天车吊运（胎架到成品区）,天车,1107.6123475806985,1112.6123475806985,5.0
T63S-4089,天车空驶（胎架到原料区）,天车,1069.9019642007097,1077.9019642007097,8.0
T63S-4089,天车吊运（原料区到胎架）,天车,1077.9019642007097,1080.9019642007097,3.0
STA238FC-F240-1SP-4SP,分拣,自动分拣N51,1246.287981502297,1247.867981502297,1.5799999999999272
STA238FC-F240-1SP-4SP,自动打磨,自动打磨N51,1247.867981502297,1248.867981502297,1.0
STA238FC-F240-1SP-4SP,桁架码垛,自动分拣N51,1248.867981502297,1250.037981502297,1.1700000000000728
STA238FC-F240-1SP-6SP,分拣,自动分拣N51,1250.037981502297,1251.617981502297,1.5799999999999272
STA238FC-F240-1SP-6SP,自动打磨,自动打磨N51,1251.617981502297,1252.617981502297,1.0
STA238FC-F240-1SP-6SP,桁架码垛,自动分拣N51,1252.617981502297,1253.787981502297,1.1700000000000728
STA238FC-F240-3-1P,分拣,自动分拣N51,1253.787981502297,1255.367981502297,1.5799999999999272
STA238FC-F240-3-1P,自动打磨,自动打磨N51,1255.367981502297,1256.367981502297,1.0
STA238FC-F240-3-1P,桁架码垛,自动分拣N51,1256.367981502297,1257.537981502297,1.1700000000000728
STA238FC-F240-3-1S,分拣,自动分拣N51,1257.537981502297,1259.117981502297,1.5799999999999272
STA238FC-F240-3-1S,自动打磨,自动打磨N51,1259.117981502297,1260.117981502297,1.0
STA238FC-F240-3-1S,桁架码垛,自动分拣N51,1260.117981502297,1261.287981502297,1.1700000000000728
STA238FC-F240-4P-1P,分拣,自动分拣N51,1261.287981502297,1262.867981502297,1.5799999999999272
STA238FC-F240-4P-1P,自动打磨,自动打磨N51,1262.867981502297,1263.867981502297,1.0
STA238FC-F240-4P-1P,桁架码垛,自动分拣N51,1263.867981502297,1265.037981502297,1.1700000000000728
T63S-4101,天车空驶（胎架到原料区）,天车,1090.9060353755704,1093.9060353755704,3.0
T63S-4101,天车吊运（原料区到胎架）,天车,1093.9060353755704,1096.9060353755704,3.0
STA238FC-F238-1SP-1BSP,分拣,自动分拣N21,1125.655875587036,1127.235875587036,1.5799999999999272
STA238FC-F238-1SP-1BSP,自动打磨,自动打磨N21,1127.235875587036,1129.786541618782,2.5506660317460046
STA238FC-F238-1SP-1BSP,桁架码垛,自动分拣N21,1129.786541618782,1130.956541618782,1.1700000000000728
STA238FC-F238-1SP-2BSP,分拣,自动分拣N21,1130.956541618782,1132.536541618782,1.5799999999999272
STA238FC-F238-1SP-2BSP,自动打磨,自动打磨N21,1132.536541618782,1135.087207729893,2.5506661111110134
STA238FC-F238-1SP-2BSP,桁架码垛,自动分拣N21,1135.087207729893,1136.257207729893,1.1700000000000728
STA238FC-F238-1SP-3BSP,分拣,自动分拣N21,1136.257207729893,1137.837207729893,1.5799999999999272
STA238FC-F238-1SP-3BSP,自动打磨,自动打磨N21,1137.837207729893,1140.387873841004,2.5506661111110134
STA238FC-F238-1SP-3BSP,桁架码垛,自动分拣N21,1140.387873841004,1141.557873841004,1.1700000000000728
STA238FC-F238-1SP-4BSP,分拣,自动分拣N21,1141.557873841004,1143.137873841004,1.5799999999999272
STA238FC-F238-1SP-4BSP,自动打磨,自动打磨N21,1143.137873841004,1145.688539952115,2.5506661111110134
STA238FC-F238-1SP-4BSP,桁架码垛,自动分拣N21,1145.688539952115,1146.858539952115,1.1700000000000728
STA238FC-F240-1SP-1BSP,分拣,自动分拣N21,1146.858539952115,1148.438539952115,1.5799999999999272
STA238FC-F240-1SP-1BSP,自动打磨,自动打磨N21,1148.438539952115,1150.989205983861,2.5506660317460046
STA238FC-F240-1SP-1BSP,桁架码垛,自动分拣N21,1150.989205983861,1152.159205983861,1.1700000000000728
STA238FC-F240-1SP-2BSP,分拣,自动分拣N21,1152.159205983861,1153.739205983861,1.5799999999999272
STA238FC-F240-1SP-2BSP,自动打磨,自动打磨N21,1153.739205983861,1156.289872094972,2.5506661111110134
STA238FC-F240-1SP-2BSP,桁架码垛,自动分拣N21,1156.289872094972,1157.459872094972,1.1700000000000728
STA238FC-F240-1SP-3BSP,分拣,自动分拣N21,1157.459872094972,1159.039872094972,1.5799999999999272
STA238FC-F240-1SP-3BSP,自动打磨,自动打磨N21,1159.039872094972,1161.590538126718,2.5506660317460046
STA238FC-F240-1SP-3BSP,桁架码垛,自动分拣N21,1161.590538126718,1162.760538126718,1.1700000000000728
STA238FC-F240-1SP-4BSP,分拣,自动分拣N21,1162.760538126718,1164.340538126718,1.5799999999999272
STA238FC-F240-1SP-4BSP,自动打磨,自动打磨N21,1164.340538126718,1166.891204237829,2.5506661111110134
STA238FC-F240-1SP-4BSP,桁架码垛,自动分拣N21,1166.891204237829,1168.061204237829,1.1700000000000728
STA238FC-F240-1SP-5BSP,分拣,自动分拣N21,1168.061204237829,1169.641204237829,1.5799999999999272
STA238FC-F240-1SP-5BSP,自动打磨,自动打磨N21,1169.641204237829,1172.1720765394164,2.530872301587351
STA238FC-F240-1SP-5BSP,桁架码垛,自动分拣N21,1172.1720765394164,1173.3420765394164,1.1700000000000728
STA238FC-F240-1SP-6BSP,分拣,自动分拣N21,1173.3420765394164,1174.9220765394164,1.5799999999999272
STA238FC-F240-1SP-6BSP,自动打磨,自动打磨N21,1174.9220765394164,1177.4529489997337,2.5308724603173687
STA238FC-F240-1SP-6BSP,桁架码垛,自动分拣N21,1177.4529489997337,1178.6229489997338,1.1700000000000728
STA238FC-F240-1SP-7BSP,分拣,自动分拣N21,1178.6229489997338,1180.2029489997337,1.5799999999999272
STA238FC-F240-1SP-7BSP,自动打磨,自动打磨N21,1180.2029489997337,1182.733821301321,2.530872301587351
STA238FC-F240-1SP-7BSP,桁架码垛,自动分拣N21,1182.733821301321,1183.9038213013212,1.1700000000000728
STA238FC-F240-1SP-8BSP,分拣,自动分拣N21,1183.9038213013212,1185.483821301321,1.5799999999999272
STA238FC-F240-1SP-8BSP,自动打磨,自动打磨N21,1185.483821301321,1188.0146936822734,2.53087238095236
STA238FC-F240-1SP-8BSP,桁架码垛,自动分拣N21,1188.0146936822734,1189.1846936822735,1.1700000000000728
STA238FC-AG-1-1P,分拣,自动分拣N21,1189.1846936822735,1190.7646936822734,1.5799999999999272
STA238FC-AG-1-1P,自动打磨,自动打磨N21,1190.7646936822734,1193.29313019021,2.528436507936476
STA238FC-AG-1-1P,桁架码垛,自动分拣N21,1193.29313019021,1194.46313019021,1.1700000000000728
STA238FC-AG-1-1S,分拣,自动分拣N21,1194.46313019021,1196.04313019021,1.5799999999999272
STA238FC-AG-1-1S,自动打磨,自动打磨N21,1196.04313019021,1198.5715666981464,2.528436507936476
STA238FC-AG-1-1S,桁架码垛,自动分拣N21,1198.5715666981464,1199.7415666981465,1.1700000000000728
STA238FC-CG-1-1P,分拣,自动分拣N21,1199.7415666981465,1201.3215666981464,1.5799999999999272
STA238FC-CG-1-1P,自动打磨,自动打磨N21,1201.3215666981464,1203.8500032060829,2.528436507936476
STA238FC-CG-1-1P,桁架码垛,自动分拣N21,1203.8500032060829,1205.020003206083,1.1700000000000728
STA238FC-CG-1-1S,分拣,自动分拣N21,1205.020003206083,1206.6000032060829,1.5799999999999272
STA238FC-CG-1-1S,自动打磨,自动打磨N21,1206.6000032060829,1209.1284397140194,2.528436507936476
STA238FC-CG-1-1S,桁架码垛,自动分拣N21,1209.1284397140194,1210.2984397140194,1.1700000000000728
T63S-4102,天车空驶（胎架到原料区）,天车,1099.2401207768187,1102.2401207768187,3.0
T63S-4102,天车吊运（原料区到胎架）,天车,1102.2401207768187,1105.2401207768187,3.0
STA238FC-ADD-1SP-1SP,自由边打磨,人工打磨N51,1141.2532759990124,1146.814654665679,5.561378666666542
T63S-4102切割后的大件,天车吊运（胎架到成品区）,天车,1146.814654665679,1151.814654665679,5.0
T63S-4093,天车空驶（胎架到原料区）,天车,1114.655875587036,1122.655875587036,8.0
T63S-4093,天车吊运（原料区到胎架）,天车,1122.655875587036,1125.655875587036,3.0
STA238FC-F238-1SP-2SP,自由边打磨,人工打磨N21,1172.9424763797037,1178.773272687396,5.830796307692253
T63S-4093切割后的大件,天车吊运（胎架到成品区）,天车,1178.773272687396,1183.773272687396,5.0
T63S-4092,天车空驶（胎架到原料区）,天车,1130.2532759990124,1138.2532759990124,8.0
T63S-4092,天车吊运（原料区到胎架）,天车,1138.2532759990124,1141.2532759990124,3.0
STA238FC-S1-1B1-1P,分拣,自动分拣N51,1265.037981502297,1266.617981502297,1.5799999999999272
STA238FC-S1-1B1-1P,自动打磨,自动打磨N51,1266.617981502297,1267.8689015816622,1.2509200793651871
STA238FC-S1-1B1-1P,桁架码垛,自动分拣N51,1267.8689015816622,1269.0389015816622,1.1700000000000728
STA238FC-S1-1B1-1S,分拣,自动分拣N51,1269.0389015816622,1270.6189015816622,1.5799999999999272
STA238FC-S1-1B1-1S,自动打磨,自动打磨N51,1270.6189015816622,1271.8698216610273,1.2509200793651871
STA238FC-S1-1B1-1S,桁架码垛,自动分拣N51,1271.8698216610273,1273.0398216610274,1.1700000000000728
STA238FC-S1-2B1-1P,分拣,自动分拣N51,1273.0398216610274,1274.6198216610273,1.5799999999999272
STA238FC-S1-2B1-1P,自动打磨,自动打磨N51,1274.6198216610273,1275.8707417403925,1.2509200793651871
STA238FC-S1-2B1-1P,桁架码垛,自动分拣N51,1275.8707417403925,1277.0407417403926,1.1700000000000728
STA238FC-R2-1B1P-1P,分拣,自动分拣N51,1277.0407417403926,1278.6207417403925,1.5799999999999272
STA238FC-R2-1B1P-1P,自动打磨,自动打磨N51,1278.6207417403925,1280.1221780102337,1.5014362698411787
STA238FC-R2-1B1P-1P,桁架码垛,自动分拣N51,1280.1221780102337,1281.2921780102338,1.1700000000000728
STA238FC-R2-1B2P-1P,分拣,自动分拣N51,1281.2921780102338,1282.8721780102337,1.5799999999999272
STA238FC-R2-1B2P-1P,自动打磨,自动打磨N51,1282.8721780102337,1284.373614280075,1.5014362698411787
STA238FC-R2-1B2P-1P,桁架码垛,自动分拣N51,1284.373614280075,1285.543614280075,1.1700000000000728
STA238FC-R2-2B1WS-1S,分拣,自动分拣N51,1285.543614280075,1287.123614280075,1.5799999999999272
STA238FC-R2-2B1WS-1S,自动打磨,自动打磨N51,1287.123614280075,1288.6336211848368,1.5100069047618945
STA238FC-R2-2B1WS-1S,桁架码垛,自动分拣N51,1288.6336211848368,1289.8036211848369,1.1700000000000728
STA238FC-R2-2B2WS-1S,分拣,自动分拣N51,1289.8036211848369,1291.3836211848368,1.5799999999999272
STA238FC-R2-2B2WS-1S,自动打磨,自动打磨N51,1291.3836211848368,1292.8936274546782,1.5100062698413694
STA238FC-R2-2B2WS-1S,桁架码垛,自动分拣N51,1292.8936274546782,1294.0636274546782,1.1700000000000728
STA238FC-R2-3B1S-1S,分拣,自动分拣N51,1294.0636274546782,1295.6436274546782,1.5799999999999272
STA238FC-R2-3B1S-1S,自动打磨,自动打磨N51,1295.6436274546782,1297.1482799149956,1.504652460317402
STA238FC-R2-3B1S-1S,桁架码垛,自动分拣N51,1297.1482799149956,1298.3182799149956,1.1700000000000728
STA238FC-R2-3B2S-1S,分拣,自动分拣N51,1298.3182799149956,1299.8982799149956,1.5799999999999272
STA238FC-R2-3B2S-1S,自动打磨,自动打磨N51,1299.8982799149956,1301.402932375313,1.504652460317402
STA238FC-R2-3B2S-1S,桁架码垛,自动分拣N51,1301.402932375313,1302.572932375313,1.1700000000000728
STA238FC-TOP-1SP-1SP,自由边打磨,人工打磨N51,1187.3885639474624,1188.6837017936164,1.2951378461539207
STA238FC-TOP-1SP-3SP,自由边打磨,人工打磨N51,1188.6837017936164,1189.9788396397703,1.2951378461539207
T63S-4092切割后的大件,天车吊运（胎架到坡口区）,天车,1189.9788396397703,1192.9788396397703,3.0
STA238FC-TOP-1SP-1SP,人工坡口,人工坡口1,1192.9788396397703,1209.1492836397704,16.17044400000009
STA238FC-TOP-1SP-3SP,人工坡口,人工坡口1,1209.1492836397704,1225.3397276397704,16.19044400000007
T63S-4092切割后的大件,天车吊运（坡口区到成品区）,天车,1225.3397276397704,1230.3397276397704,5.0
T63S-4088,天车空驶（胎架到原料区）,天车,1161.9424763797037,1169.9424763797037,8.0
T63S-4088,天车吊运（原料区到胎架）,天车,1169.9424763797037,1172.9424763797037,3.0
STA238FC-F238A-3SP-2SP,分拣,自动分拣N21,1210.2984397140194,1211.8784397140194,1.5799999999999272
STA238FC-F238A-3SP-2SP,自动打磨,自动打磨N21,1211.8784397140194,1213.86620534894,1.9877656349206063
STA238FC-F238A-3SP-2SP,桁架至坡口工作站,自动分拣N21,1213.86620534894,1215.03290534894,1.1666999999999916
STA238FC-F240-5S-1S,分拣,自动分拣N21,1215.03290534894,1216.03290534894,1.0
STA238FC-F240-5S-1S,桁架至坡口工作站,自动分拣N21,1216.03290534894,1217.19960534894,1.1666999999999916
STA238FC-F238A-1P-1P,分拣,自动分拣N21,1217.19960534894,1218.7796053489399,1.5799999999999272
STA238FC-F238A-1P-1P,自动打磨,自动打磨N21,1218.7796053489399,1221.2201754283049,2.4405700793649885
STA238FC-F238A-1P-1P,桁架至坡口工作站,自动分拣N21,1221.2201754283049,1222.3868754283048,1.1666999999999916
T63S-4094,天车空驶（胎架到原料区）,天车,1183.773272687396,1186.773272687396,3.0
T63S-4094,天车吊运（原料区到胎架）,天车,1186.773272687396,1189.773272687396,3.0
STA238FC-F240-1SP-2SP,分拣,自动分拣N51,1302.572932375313,1304.152932375313,1.5799999999999272
STA238FC-F240-1SP-2SP,自动打磨,自动打磨N51,1304.152932375313,1305.4667311848368,1.3137988095238597
STA238FC-F240-1SP-2SP,桁架码垛,自动分拣N51,1305.4667311848368,1306.636731184837,1.1700000000000728
STA238FC-F240-1SP-3SP,自由边打磨,人工打磨N51,1231.6916950272234,1237.914291540044,6.222596512820473
STA238FC-F240-1SP-5SP,分拣,自动分拣N51,1306.636731184837,1308.2167311848368,1.5799999999999272
STA238FC-F240-1SP-5SP,自动打磨,自动打磨N51,1308.2167311848368,1309.2167311848368,1.0
STA238FC-F240-1SP-5SP,桁架码垛,自动分拣N51,1309.2167311848368,1310.386731184837,1.1700000000000728
T63S-4094切割后的大件,天车吊运（胎架到成品区）,天车,1237.914291540044,1242.914291540044,5.0
T63S-4097,天车空驶（胎架到原料区）,天车,1192.9788396397703,1200.9788396397703,8.0
T63S-4097,天车吊运（原料区到胎架）,天车,1200.9788396397703,1203.9788396397703,3.0
STA238FC-P1-1B1-1P,分拣,自动分拣N21,1222.3868754283048,1223.9668754283048,1.5799999999999272
STA238FC-P1-1B1-1P,自动打磨,自动打磨N21,1223.9668754283048,1226.3727749521142,2.4058995238094667
STA238FC-P1-1B1-1P,桁架码垛,自动分拣N21,1226.3727749521142,1227.5427749521143,1.1700000000000728
STA238FC-P1-1B1-1S,分拣,自动分拣N21,1227.5427749521143,1229.1227749521142,1.5799999999999272
STA238FC-P1-1B1-1S,自动打磨,自动打磨N21,1229.1227749521142,1231.5286744759237,2.4058995238094667
STA238FC-P1-1B1-1S,桁架码垛,自动分拣N21,1231.5286744759237,1232.6986744759238,1.1700000000000728
STA238FC-P1-1B2-1P,分拣,自动分拣N21,1232.6986744759238,1234.2786744759237,1.5799999999999272
STA238FC-P1-1B2-1P,自动打磨,自动打磨N21,1234.2786744759237,1236.1172045552887,1.8385300793650003
STA238FC-P1-1B2-1P,桁架码垛,自动分拣N21,1236.1172045552887,1237.2872045552888,1.1700000000000728
STA238FC-P1-1B2-1S,分拣,自动分拣N21,1237.2872045552888,1238.8672045552887,1.5799999999999272
STA238FC-P1-1B2-1S,自动打磨,自动打磨N21,1238.8672045552887,1240.7057345552887,1.8385299999999916
STA238FC-P1-1B2-1S,桁架码垛,自动分拣N21,1240.7057345552887,1241.8757345552888,1.1700000000000728
STA238FC-P1-1-1P,分拣,自动分拣N21,1241.8757345552888,1243.4557345552887,1.5799999999999272
STA238FC-P1-1-1P,自动打磨,自动打磨N21,1243.4557345552887,1245.674193841003,2.218459285714289
STA238FC-P1-1-1P,桁架码垛,自动分拣N21,1245.674193841003,1246.844193841003,1.1700000000000728
STA238FC-P1-1-1S,分拣,自动分拣N21,1246.844193841003,1248.424193841003,1.5799999999999272
STA238FC-P1-1-1S,自动打磨,自动打磨N21,1248.424193841003,1250.6426531267173,2.218459285714289
STA238FC-P1-1-1S,桁架码垛,自动分拣N21,1250.6426531267173,1251.8126531267174,1.1700000000000728
STA238FC-P1-1F1-2P,分拣,自动分拣N21,1251.8126531267174,1253.3926531267173,1.5799999999999272
STA238FC-P1-1F1-2P,自动打磨,自动打磨N21,1253.3926531267173,1257.9464477298918,4.553794603174538
STA238FC-P1-1F1-2P,桁架码垛,自动分拣N21,1257.9464477298918,1259.116447729892,1.1700000000000728
STA238FC-P1-1F1-2S,分拣,自动分拣N21,1259.116447729892,1260.6964477298918,1.5799999999999272
STA238FC-P1-1F1-2S,自动打磨,自动打磨N21,1260.6964477298918,1265.2502423330664,4.553794603174538
STA238FC-P1-1F1-2S,桁架码垛,自动分拣N21,1265.2502423330664,1266.4202423330664,1.1700000000000728
T63S-4095,天车空驶（胎架到原料区）,天车,1204.8996312388674,1207.8996312388674,3.0
T63S-4095,天车吊运（原料区到胎架）,天车,1207.8996312388674,1210.8996312388674,3.0
STA238FC-R1-1B1-1P,分拣,自动分拣N21,1266.4202423330664,1268.0002423330664,1.5799999999999272
STA238FC-R1-1B1-1P,自动打磨,自动打磨N21,1268.0002423330664,1269.5107042378283,1.5104619047619963
STA238FC-R1-1B1-1P,桁架码垛,自动分拣N21,1269.5107042378283,1270.6807042378284,1.1700000000000728
STA238FC-R1-1B1-1S,分拣,自动分拣N21,1270.6807042378284,1272.2607042378283,1.5799999999999272
STA238FC-R1-1B1-1S,自动打磨,自动打磨N21,1272.2607042378283,1273.7711669362411,1.5104626984127663
STA238FC-R1-1B1-1S,桁架码垛,自动分拣N21,1273.7711669362411,1274.9411669362412,1.1700000000000728
STA238FC-R1-1B2-1P,分拣,自动分拣N21,1274.9411669362412,1276.5211669362411,1.5799999999999272
STA238FC-R1-1B2-1P,自动打磨,自动打磨N21,1276.5211669362411,1278.0316294759236,1.5104625396825213
STA238FC-R1-1B2-1P,桁架码垛,自动分拣N21,1278.0316294759236,1279.2016294759237,1.1700000000000728
STA238FC-R1-1B2-1S,分拣,自动分拣N21,1279.2016294759237,1280.7816294759236,1.5799999999999272
STA238FC-R1-1B2-1S,自动打磨,自动打磨N21,1280.7816294759236,1282.2920921743364,1.5104626984127663
STA238FC-R1-1B2-1S,桁架码垛,自动分拣N21,1282.2920921743364,1283.4620921743365,1.1700000000000728
STA238FC-R1-2B1P-1P,分拣,自动分拣N21,1283.4620921743365,1285.0420921743364,1.5799999999999272
STA238FC-R1-2B1P-1P,自动打磨,自动打磨N21,1285.0420921743364,1286.5435283648126,1.50143619047617
STA238FC-R1-2B1P-1P,桁架码垛,自动分拣N21,1286.5435283648126,1287.7135283648126,1.1700000000000728
STA238FC-R1-2B2P-1P,分拣,自动分拣N21,1287.7135283648126,1289.2935283648126,1.5799999999999272
STA238FC-R1-2B2P-1P,自动打磨,自动打磨N21,1289.2935283648126,1290.7949646346538,1.5014362698411787
STA238FC-R1-2B2P-1P,桁架码垛,自动分拣N21,1290.7949646346538,1291.9649646346538,1.1700000000000728
STA238FC-R1-3B1P-1P,分拣,自动分拣N21,1291.9649646346538,1293.5449646346538,1.5799999999999272
STA238FC-R1-3B1P-1P,自动打磨,自动打磨N21,1293.5449646346538,1295.046400904495,1.5014362698411787
STA238FC-R1-3B1P-1P,桁架码垛,自动分拣N21,1295.046400904495,1296.216400904495,1.1700000000000728
STA238FC-R1-3B2P-1P,分拣,自动分拣N21,1296.216400904495,1297.796400904495,1.5799999999999272
STA238FC-R1-3B2P-1P,自动打磨,自动打磨N21,1297.796400904495,1299.297837174336,1.5014362698411787
STA238FC-R1-3B2P-1P,桁架码垛,自动分拣N21,1299.297837174336,1300.4678371743362,1.1700000000000728
STA238FC-R1-4B1P-1P,分拣,自动分拣N21,1300.4678371743362,1302.047837174336,1.5799999999999272
STA238FC-R1-4B1P-1P,自动打磨,自动打磨N21,1302.047837174336,1303.5492733648123,1.50143619047617
STA238FC-R1-4B1P-1P,桁架码垛,自动分拣N21,1303.5492733648123,1304.7192733648124,1.1700000000000728
STA238FC-R1-4B2P-1P,分拣,自动分拣N21,1304.7192733648124,1306.2992733648123,1.5799999999999272
STA238FC-R1-4B2P-1P,自动打磨,自动打磨N21,1306.2992733648123,1307.8007096346535,1.5014362698411787
STA238FC-R1-4B2P-1P,桁架码垛,自动分拣N21,1307.8007096346535,1308.9707096346535,1.1700000000000728
STA238FC-R1-5B1-1P,分拣,自动分拣N21,1308.9707096346535,1310.5507096346535,1.5799999999999272
STA238FC-R1-5B1-1P,自动打磨,自动打磨N21,1310.5507096346535,1312.0598786029075,1.5091689682540164
STA238FC-R1-5B1-1P,桁架码垛,自动分拣N21,1312.0598786029075,1313.2298786029075,1.1700000000000728
STA238FC-R1-5B1-1S,分拣,自动分拣N21,1313.2298786029075,1314.8098786029075,1.5799999999999272
STA238FC-R1-5B1-1S,自动打磨,自动打磨N21,1314.8098786029075,1316.3190475711615,1.5091689682540164
STA238FC-R1-5B1-1S,桁架码垛,自动分拣N21,1316.3190475711615,1317.4890475711616,1.1700000000000728
STA238FC-R1-5B2-1P,分拣,自动分拣N21,1317.4890475711616,1319.0690475711615,1.5799999999999272
STA238FC-R1-5B2-1P,自动打磨,自动打磨N21,1319.0690475711615,1320.5782165394155,1.5091689682540164
STA238FC-R1-5B2-1P,桁架码垛,自动分拣N21,1320.5782165394155,1321.7482165394156,1.1700000000000728
STA238FC-R1-5B2-1S,分拣,自动分拣N21,1321.7482165394156,1323.3282165394155,1.5799999999999272
STA238FC-R1-5B2-1S,自动打磨,自动打磨N21,1323.3282165394155,1324.8373855076695,1.5091689682540164
STA238FC-R1-5B2-1S,桁架码垛,自动分拣N21,1324.8373855076695,1326.0073855076696,1.1700000000000728
STA238FC-R1-6B1-1P,分拣,自动分拣N21,1326.0073855076696,1327.5873855076695,1.5799999999999272
STA238FC-R1-6B1-1P,自动打磨,自动打磨N21,1327.5873855076695,1329.0965543965583,1.5091688888887802
STA238FC-R1-6B1-1P,桁架码垛,自动分拣N21,1329.0965543965583,1330.2665543965584,1.1700000000000728
STA238FC-R1-6B1-1S,分拣,自动分拣N21,1330.2665543965584,1331.8465543965583,1.5799999999999272
STA238FC-R1-6B1-1S,自动打磨,自动打磨N21,1331.8465543965583,1333.3557234441773,1.5091690476190252
STA238FC-R1-6B1-1S,桁架码垛,自动分拣N21,1333.3557234441773,1334.5257234441774,1.1700000000000728
STA238FC-R1-6B2-1P,分拣,自动分拣N21,1334.5257234441774,1336.1057234441773,1.5799999999999272
STA238FC-R1-6B2-1P,自动打磨,自动打磨N21,1336.1057234441773,1337.6148924124313,1.5091689682540164
STA238FC-R1-6B2-1P,桁架码垛,自动分拣N21,1337.6148924124313,1338.7848924124314,1.1700000000000728
STA238FC-R1-6B2-1S,分拣,自动分拣N21,1338.7848924124314,1340.3648924124313,1.5799999999999272
STA238FC-R1-6B2-1S,自动打磨,自动打磨N21,1340.3648924124313,1341.8740614600504,1.5091690476190252
STA238FC-R1-6B2-1S,桁架码垛,自动分拣N21,1341.8740614600504,1343.0440614600504,1.1700000000000728
STA238FC-R1-7B1S-1S,分拣,自动分拣N21,1343.0440614600504,1344.6240614600504,1.5799999999999272
STA238FC-R1-7B1S-1S,自动打磨,自动打磨N21,1344.6240614600504,1346.1332304283044,1.5091689682540164
STA238FC-R1-7B1S-1S,桁架码垛,自动分拣N21,1346.1332304283044,1347.3032304283045,1.1700000000000728
STA238FC-R1-7B2S-1S,分拣,自动分拣N21,1347.3032304283045,1348.8832304283044,1.5799999999999272
STA238FC-R1-7B2S-1S,自动打磨,自动打磨N21,1348.8832304283044,1350.3923994759234,1.5091690476190252
STA238FC-R1-7B2S-1S,桁架码垛,自动分拣N21,1350.3923994759234,1351.5623994759235,1.1700000000000728
STA238FC-R1-8B1S-1S,分拣,自动分拣N21,1351.5623994759235,1353.1423994759234,1.5799999999999272
STA238FC-R1-8B1S-1S,自动打磨,自动打磨N21,1353.1423994759234,1354.647052015606,1.5046525396826382
STA238FC-R1-8B1S-1S,桁架码垛,自动分拣N21,1354.647052015606,1355.8170520156061,1.1700000000000728
STA238FC-R1-8B2S-1S,分拣,自动分拣N21,1355.8170520156061,1357.397052015606,1.5799999999999272
STA238FC-R1-8B2S-1S,自动打磨,自动打磨N21,1357.397052015606,1358.9017044759235,1.504652460317402
STA238FC-R1-8B2S-1S,桁架码垛,自动分拣N21,1358.9017044759235,1360.0717044759235,1.1700000000000728
STA238FC-R1-9B1S-1S,分拣,自动分拣N21,1360.0717044759235,1361.6517044759235,1.5799999999999272
STA238FC-R1-9B1S-1S,自动打磨,自动打磨N21,1361.6517044759235,1363.156357015606,1.5046525396826382
STA238FC-R1-9B1S-1S,桁架码垛,自动分拣N21,1363.156357015606,1364.3263570156062,1.1700000000000728
STA238FC-R1-9B2S-1S,分拣,自动分拣N21,1364.3263570156062,1365.906357015606,1.5799999999999272
STA238FC-R1-9B2S-1S,自动打磨,自动打磨N21,1365.906357015606,1367.4110094759235,1.504652460317402
STA238FC-R1-9B2S-1S,桁架码垛,自动分拣N21,1367.4110094759235,1368.5810094759236,1.1700000000000728
U02S-1347,天车空驶（胎架到原料区）,天车,1230.3397276397704,1233.3397276397704,3.0
U02S-1347,天车吊运（原料区到胎架）,天车,1233.3397276397704,1236.3397276397704,3.0
DC12-F69-1B1SP-1SP,分拣,自动分拣N51,1310.386731184837,1311.9667311848368,1.5799999999999272
DC12-F69-1B1SP-1SP,自动打磨,自动打磨N51,1311.9667311848368,1313.3902629308686,1.4235317460318129
DC12-F69-1B1SP-1SP,桁架码垛,自动分拣N51,1313.3902629308686,1314.5602629308687,1.1700000000000728
DC12-F69-1B2P-1P,分拣,自动分拣N51,1314.5602629308687,1316.1402629308686,1.5799999999999272
DC12-F69-1B2P-1P,自动打磨,自动打磨N51,1316.1402629308686,1317.5637946769004,1.4235317460318129
DC12-F69-1B2P-1P,桁架码垛,自动分拣N51,1317.5637946769004,1318.7337946769005,1.1700000000000728
DC12-F69-1B3S-1S,分拣,自动分拣N51,1318.7337946769005,1320.3137946769004,1.5799999999999272
DC12-F69-1B3S-1S,自动打磨,自动打磨N51,1320.3137946769004,1322.1608579705512,1.8470632936507627
DC12-F69-1B3S-1S,桁架码垛,自动分拣N51,1322.1608579705512,1323.3308579705513,1.1700000000000728
DC12-F69-1B5-1P,分拣,自动分拣N51,1323.3308579705513,1324.9108579705512,1.5799999999999272
DC12-F69-1B5-1P,自动打磨,自动打磨N51,1324.9108579705512,1326.334389716583,1.4235317460318129
DC12-F69-1B5-1P,桁架码垛,自动分拣N51,1326.334389716583,1327.504389716583,1.1700000000000728
DC12-F69-1B5-1S,分拣,自动分拣N51,1327.504389716583,1329.084389716583,1.5799999999999272
DC12-F69-1B5-1S,自动打磨,自动打磨N51,1329.084389716583,1330.5079214626148,1.4235317460318129
DC12-F69-1B5-1S,桁架码垛,自动分拣N51,1330.5079214626148,1331.677921462615,1.1700000000000728
DC12-F69-1B6-1P,分拣,自动分拣N51,1331.677921462615,1333.2579214626148,1.5799999999999272
DC12-F69-1B6-1P,自动打磨,自动打磨N51,1333.2579214626148,1334.6814532086466,1.4235317460318129
DC12-F69-1B6-1P,桁架码垛,自动分拣N51,1334.6814532086466,1335.8514532086467,1.1700000000000728
DC12-F69-1B7-1P,分拣,自动分拣N51,1335.8514532086467,1337.4314532086466,1.5799999999999272
DC12-F69-1B7-1P,自动打磨,自动打磨N51,1337.4314532086466,1338.8549849546785,1.4235317460318129
DC12-F69-1B7-1P,桁架码垛,自动分拣N51,1338.8549849546785,1340.0249849546785,1.1700000000000728
DC12-F69-1B7-1S,分拣,自动分拣N51,1340.0249849546785,1341.6049849546785,1.5799999999999272
DC12-F69-1B7-1S,自动打磨,自动打磨N51,1341.6049849546785,1343.0285167007103,1.4235317460318129
DC12-F69-1B7-1S,桁架码垛,自动分拣N51,1343.0285167007103,1344.1985167007103,1.1700000000000728
DC12-F69-1B8S-1S,分拣,自动分拣N51,1344.1985167007103,1345.7785167007103,1.5799999999999272
DC12-F69-1B8S-1S,自动打磨,自动打磨N51,1345.7785167007103,1347.202048446742,1.4235317460318129
DC12-F69-1B8S-1S,桁架码垛,自动分拣N51,1347.202048446742,1348.3720484467422,1.1700000000000728
T63S-4096,天车空驶（胎架到原料区）,天车,1242.914291540044,1245.914291540044,3.0
T63S-4096,天车吊运（原料区到胎架）,天车,1245.914291540044,1248.914291540044,3.0
STA238FC-AG-2P-1P,分拣,自动分拣N51,1348.3720484467422,1349.952048446742,1.5799999999999272
STA238FC-AG-2P-1P,自动打磨,自动打磨N51,1349.952048446742,1352.2094010657897,2.2573526190476514
STA238FC-AG-2P-1P,桁架码垛,自动分拣N51,1352.2094010657897,1353.3794010657898,1.1700000000000728
STA238FC-AG-3S-1S,分拣,自动分拣N51,1353.3794010657898,1354.9594010657897,1.5799999999999272
STA238FC-AG-3S-1S,自动打磨,自动打磨N51,1354.9594010657897,1357.225199319758,2.2657982539683417
STA238FC-AG-3S-1S,桁架码垛,自动分拣N51,1357.225199319758,1358.3951993197581,1.1700000000000728
STA238FC-BG-2WP-1P,分拣,自动分拣N51,1358.3951993197581,1359.975199319758,1.5799999999999272
STA238FC-BG-2WP-1P,自动打磨,自动打磨N51,1359.975199319758,1360.975199319758,1.0
STA238FC-BG-2WP-1P,桁架码垛,自动分拣N51,1360.975199319758,1362.1451993197581,1.1700000000000728
STA238FC-BG-3WS-1S,分拣,自动分拣N51,1362.1451993197581,1363.725199319758,1.5799999999999272
STA238FC-BG-3WS-1S,自动打磨,自动打磨N51,1363.725199319758,1364.725199319758,1.0
STA238FC-BG-3WS-1S,桁架码垛,自动分拣N51,1364.725199319758,1365.8951993197581,1.1700000000000728
STA238FC-CG-2-1P,分拣,自动分拣N51,1365.8951993197581,1367.475199319758,1.5799999999999272
STA238FC-CG-2-1P,自动打磨,自动打磨N51,1367.475199319758,1369.7427578911866,2.2675585714284807
STA238FC-CG-2-1P,桁架码垛,自动分拣N51,1369.7427578911866,1370.9127578911866,1.1700000000000728
STA238FC-CG-2-1S,分拣,自动分拣N51,1370.9127578911866,1372.4927578911866,1.5799999999999272
STA238FC-CG-2-1S,自动打磨,自动打磨N51,1372.4927578911866,1374.760316462615,2.2675585714284807
STA238FC-CG-2-1S,桁架码垛,自动分拣N51,1374.760316462615,1375.930316462615,1.1700000000000728
STA238FC-MG-2WSP-1SP,分拣,自动分拣N51,1375.930316462615,1377.510316462615,1.5799999999999272
STA238FC-MG-2WSP-1SP,自动打磨,自动打磨N51,1377.510316462615,1378.510316462615,1.0
STA238FC-MG-2WSP-1SP,桁架码垛,自动分拣N51,1378.510316462615,1379.680316462615,1.1700000000000728
U02S-1344,天车空驶（胎架到原料区）,天车,1248.914291540044,1251.914291540044,3.0
U02S-1344,天车吊运（原料区到胎架）,天车,1251.914291540044,1254.914291540044,3.0
DC12-AG-3P-1P,自由边打磨,人工打磨N21,1318.2596001062657,1319.5885358498554,1.3289357435896818
DC12-CG-3-1P,自由边打磨,人工打磨N21,1319.5885358498554,1320.9779708242143,1.3894349743588918
DC12-CG-3-1S,自由边打磨,人工打磨N21,1320.9779708242143,1322.3674057985731,1.3894349743588918
DC12-DG-3-1P,自由边打磨,人工打磨N21,1322.3674057985731,1323.756840772932,1.3894349743588918
DC12-DG-3-1S,自由边打磨,人工打磨N21,1323.756840772932,1325.146275747291,1.3894349743588918
DC12-DG-1-1BP,分拣,自动分拣N21,1368.5810094759236,1370.1610094759235,1.5799999999999272
DC12-DG-1-1BP,自动打磨,自动打磨N21,1370.1610094759235,1371.6941828092567,1.5331733333332522
DC12-DG-1-1BP,桁架码垛,自动分拣N21,1371.6941828092567,1372.8641828092568,1.1700000000000728
DC12-DG-1-1BS,分拣,自动分拣N21,1372.8641828092568,1374.4441828092567,1.5799999999999272
DC12-DG-1-1BS,自动打磨,自动打磨N21,1374.4441828092567,1375.9773563806853,1.533173571428506
DC12-DG-1-1BS,桁架码垛,自动分拣N21,1375.9773563806853,1377.1473563806853,1.1700000000000728
DC12-DG-1-2BP,分拣,自动分拣N21,1377.1473563806853,1378.7273563806853,1.5799999999999272
DC12-DG-1-2BP,自动打磨,自动打磨N21,1378.7273563806853,1380.2944083648122,1.5670519841269197
DC12-DG-1-2BP,桁架码垛,自动分拣N21,1380.2944083648122,1381.4644083648122,1.1700000000000728
DC12-DG-1-2BS,分拣,自动分拣N21,1381.4644083648122,1383.0444083648122,1.5799999999999272
DC12-DG-1-2BS,自动打磨,自动打磨N21,1383.0444083648122,1384.611460269574,1.567051904761911
DC12-DG-1-2BS,桁架码垛,自动分拣N21,1384.611460269574,1385.7814602695742,1.1700000000000728
DC12-DG-2-1BP,分拣,自动分拣N21,1385.7814602695742,1387.361460269574,1.5799999999999272
DC12-DG-2-1BP,自动打磨,自动打磨N21,1387.361460269574,1388.9376380473518,1.5761777777777297
DC12-DG-2-1BP,桁架码垛,自动分拣N21,1388.9376380473518,1390.1076380473519,1.1700000000000728
DC12-DG-2-1BS,分拣,自动分拣N21,1390.1076380473519,1391.6876380473518,1.5799999999999272
DC12-DG-2-1BS,自动打磨,自动打磨N21,1391.6876380473518,1393.2638158251295,1.5761777777777297
DC12-DG-2-1BS,桁架码垛,自动分拣N21,1393.2638158251295,1394.4338158251296,1.1700000000000728
DC12-DG-2-2BP,分拣,自动分拣N21,1394.4338158251296,1396.0138158251295,1.5799999999999272
DC12-DG-2-2BP,自动打磨,自动打磨N21,1396.0138158251295,1397.546989317193,1.5331734920634972
DC12-DG-2-2BP,桁架码垛,自动分拣N21,1397.546989317193,1398.716989317193,1.1700000000000728
DC12-DG-2-2BS,分拣,自动分拣N21,1398.716989317193,1400.296989317193,1.5799999999999272
DC12-DG-2-2BS,自动打磨,自动打磨N21,1400.296989317193,1401.8301626505263,1.5331733333332522
DC12-DG-2-2BS,桁架码垛,自动分拣N21,1401.8301626505263,1403.0001626505264,1.1700000000000728
DC12-DG-2-3BP,分拣,自动分拣N21,1403.0001626505264,1404.5801626505263,1.5799999999999272
DC12-DG-2-3BP,自动打磨,自动打磨N21,1404.5801626505263,1406.1133360632248,1.5331734126984884
DC12-DG-2-3BP,桁架码垛,自动分拣N21,1406.1133360632248,1407.2833360632249,1.1700000000000728
DC12-DG-2-3BS,分拣,自动分拣N21,1407.2833360632249,1408.8633360632248,1.5799999999999272
DC12-DG-2-3BS,自动打磨,自动打磨N21,1408.8633360632248,1410.3965096346533,1.533173571428506
DC12-DG-2-3BS,桁架码垛,自动分拣N21,1410.3965096346533,1411.5665096346534,1.1700000000000728
DC12-F64-1B6-1P,分拣,自动分拣N21,1411.5665096346534,1413.1465096346533,1.5799999999999272
DC12-F64-1B6-1P,自动打磨,自动打磨N21,1413.1465096346533,1415.045019396558,1.8985097619047338
DC12-F64-1B6-1P,桁架码垛,自动分拣N21,1415.045019396558,1416.215019396558,1.1700000000000728
DC12-F64-1B6-1S,分拣,自动分拣N21,1416.215019396558,1417.795019396558,1.5799999999999272
DC12-F64-1B6-1S,自动打磨,自动打磨N21,1417.795019396558,1419.6935292378278,1.8985098412697425
DC12-F64-1B6-1S,桁架码垛,自动分拣N21,1419.6935292378278,1420.8635292378278,1.1700000000000728
DC12-F76-1B6-1P,分拣,自动分拣N21,1420.8635292378278,1422.4435292378278,1.5799999999999272
DC12-F76-1B6-1P,自动打磨,自动打磨N21,1422.4435292378278,1423.5184589997325,1.074929761904741
DC12-F76-1B6-1P,桁架码垛,自动分拣N21,1423.5184589997325,1424.6884589997326,1.1700000000000728
DC12-F76-1B6-1S,分拣,自动分拣N21,1424.6884589997326,1426.2684589997325,1.5799999999999272
DC12-F76-1B6-1S,自动打磨,自动打磨N21,1426.2684589997325,1427.3433888410023,1.0749298412697499
DC12-F76-1B6-1S,桁架码垛,自动分拣N21,1427.3433888410023,1428.5133888410023,1.1700000000000728
U02S-1344切割后的大件,天车吊运（胎架到成品区）,天车,1325.146275747291,1330.146275747291,5.0
U02S-1343,天车空驶（胎架到原料区）,天车,1271.6647880517642,1279.6647880517642,8.0
U02S-1343,天车吊运（原料区到胎架）,天车,1279.6647880517642,1282.6647880517642,3.0
DC12-AG-4S-1BS,分拣,自动分拣N51,1464.3992694753952,1465.979269475395,1.5799999999999272
DC12-AG-4S-1BS,自动打磨,自动打磨N51,1465.979269475395,1468.3764482055537,2.3971787301586573
DC12-AG-4S-1BS,桁架码垛,自动分拣N51,1468.3764482055537,1469.5464482055538,1.1700000000000728
DC12-DG-3-1BP,分拣,自动分拣N51,1469.5464482055538,1471.1264482055537,1.5799999999999272
DC12-DG-3-1BP,自动打磨,自动打磨N51,1471.1264482055537,1473.7248199515855,2.5983717460317166
DC12-DG-3-1BP,桁架码垛,自动分拣N51,1473.7248199515855,1474.8948199515855,1.1700000000000728
DC12-DG-3-1BS,分拣,自动分拣N51,1474.8948199515855,1476.4748199515855,1.5799999999999272
DC12-DG-3-1BS,自动打磨,自动打磨N51,1476.4748199515855,1479.0731916182522,2.598371666666708
DC12-DG-3-1BS,桁架码垛,自动分拣N51,1479.0731916182522,1480.2431916182522,1.1700000000000728
DC12-DG-3-2BP,分拣,自动分拣N51,1480.2431916182522,1481.8231916182522,1.5799999999999272
DC12-DG-3-2BP,自动打磨,自动打磨N51,1481.8231916182522,1483.9160077293632,2.0928161111110057
DC12-DG-3-2BP,桁架码垛,自动分拣N51,1483.9160077293632,1485.0860077293632,1.1700000000000728
DC12-DG-3-2BS,分拣,自动分拣N51,1485.0860077293632,1486.6660077293632,1.5799999999999272
DC12-DG-3-2BS,自动打磨,自动打磨N51,1486.6660077293632,1488.1421982055535,1.476190476190368
DC12-DG-3-2BS,桁架码垛,自动分拣N51,1488.1421982055535,1489.3121982055536,1.1700000000000728
DC12-UD-1KSP-12BSP,分拣,自动分拣N51,1489.3121982055536,1490.8921982055535,1.5799999999999272
DC12-UD-1KSP-12BSP,自动打磨,自动打磨N51,1490.8921982055535,1493.0187013801567,2.126503174603158
DC12-UD-1KSP-12BSP,桁架码垛,自动分拣N51,1493.0187013801567,1494.1887013801568,1.1700000000000728
DC12-UD-1KSP-13BSP,分拣,自动分拣N51,1494.1887013801568,1495.7687013801567,1.5799999999999272
DC12-UD-1KSP-13BSP,自动打磨,自动打磨N51,1495.7687013801567,1497.894981697617,2.126280317460214
DC12-UD-1KSP-13BSP,桁架码垛,自动分拣N51,1497.894981697617,1499.064981697617,1.1700000000000728
DC12-UD-1KSP-1BSP,分拣,自动分拣N51,1499.064981697617,1500.644981697617,1.5799999999999272
DC12-UD-1KSP-1BSP,自动打磨,自动打磨N51,1500.644981697617,1502.7714847134898,2.1265030158729132
DC12-UD-1KSP-1BSP,桁架码垛,自动分拣N51,1502.7714847134898,1503.94148471349,1.1700000000000728
DC12-UD-1KSP-2BSP,分拣,自动分拣N51,1503.94148471349,1505.5214847134898,1.5799999999999272
DC12-UD-1KSP-2BSP,自动打磨,自动打磨N51,1505.5214847134898,1507.6479877293627,2.1265030158729132
DC12-UD-1KSP-2BSP,桁架码垛,自动分拣N51,1507.6479877293627,1508.8179877293628,1.1700000000000728
DC12-UD-1KSP-6BSP,分拣,自动分拣N51,1508.8179877293628,1510.3979877293627,1.5799999999999272
DC12-UD-1KSP-6BSP,自动打磨,自动打磨N51,1510.3979877293627,1511.944902967458,1.5469152380951527
DC12-UD-1KSP-6BSP,桁架码垛,自动分拣N51,1511.944902967458,1513.114902967458,1.1700000000000728
DC12-CG-1-1P,自由边打磨,人工打磨N51,1464.3992694753952,1467.2514430651388,2.852173589743643
DC12-CG-1-1S,自由边打磨,人工打磨N51,1467.2514430651388,1470.1036166548824,2.852173589743643
DC12-CG-2-1P,自由边打磨,人工打磨N51,1470.1036166548824,1473.4127538343696,3.309137179487152
DC12-CG-2-1S,自由边打磨,人工打磨N51,1473.4127538343696,1476.7218910651388,3.309137230769238
DC12-DG-1-1P,自由边打磨,人工打磨N51,1476.7218910651388,1479.6801530138569,2.958261948718018
DC12-DG-1-1S,自由边打磨,人工打磨N51,1479.6801530138569,1482.6384149112928,2.958261897435932
DC12-DG-1-3BP,分拣,自动分拣N51,1513.114902967458,1514.694902967458,1.5799999999999272
DC12-DG-1-3BP,自动打磨,自动打磨N51,1514.694902967458,1516.2280764595214,1.5331734920634972
DC12-DG-1-3BP,桁架码垛,自动分拣N51,1516.2280764595214,1517.3980764595215,1.1700000000000728
DC12-DG-1-4BS,分拣,自动分拣N51,1517.3980764595215,1518.9780764595214,1.5799999999999272
DC12-DG-1-4BS,自动打磨,自动打磨N51,1518.9780764595214,1520.511249951585,1.5331734920634972
DC12-DG-1-4BS,桁架码垛,自动分拣N51,1520.511249951585,1521.681249951585,1.1700000000000728
DC12-DG-2-1P,自由边打磨,人工打磨N51,1482.6384149112928,1486.0369627061646,3.3985477948717744
DC12-DG-2-1S,自由边打磨,人工打磨N51,1486.0369627061646,1489.4355106548826,3.398547948718033
DC12-DG-2-4BP,分拣,自动分拣N51,1521.681249951585,1523.261249951585,1.5799999999999272
DC12-DG-2-4BP,自动打磨,自动打磨N51,1523.261249951585,1524.7944233642834,1.5331734126984884
DC12-DG-2-4BP,桁架码垛,自动分拣N51,1524.7944233642834,1525.9644233642834,1.1700000000000728
DC12-DG-2-5BS,分拣,自动分拣N51,1525.9644233642834,1527.5444233642834,1.5799999999999272
DC12-DG-2-5BS,自动打磨,自动打磨N51,1527.5444233642834,1529.0775967769819,1.5331734126984884
DC12-DG-2-5BS,桁架码垛,自动分拣N51,1529.0775967769819,1530.247596776982,1.1700000000000728
DC12-F64-1B10-1P,分拣,自动分拣N51,1530.247596776982,1531.8275967769819,1.5799999999999272
DC12-F64-1B10-1P,自动打磨,自动打磨N51,1531.8275967769819,1534.2283040785692,2.4007073015873175
DC12-F64-1B10-1P,桁架码垛,自动分拣N51,1534.2283040785692,1535.3983040785693,1.1700000000000728
DC12-F64-1B10-1S,分拣,自动分拣N51,1535.3983040785693,1536.9783040785692,1.5799999999999272
DC12-F64-1B10-1S,自动打磨,自动打磨N51,1536.9783040785692,1539.3790114595215,2.4007073809523263
DC12-F64-1B10-1S,桁架码垛,自动分拣N51,1539.3790114595215,1540.5490114595216,1.1700000000000728
DC12-F64-1B11-1P,分拣,自动分拣N51,1540.5490114595216,1542.1290114595215,1.5799999999999272
DC12-F64-1B11-1P,自动打磨,自动打磨N51,1542.1290114595215,1544.0962443960295,1.9672329365080259
DC12-F64-1B11-1P,桁架码垛,自动分拣N51,1544.0962443960295,1545.2662443960296,1.1700000000000728
DC12-F64-1B11-1S,分拣,自动分拣N51,1545.2662443960296,1546.8462443960295,1.5799999999999272
DC12-F64-1B11-1S,自动打磨,自动打磨N51,1546.8462443960295,1548.8134775706328,1.9672331746032796
DC12-F64-1B11-1S,桁架码垛,自动分拣N51,1548.8134775706328,1549.9834775706329,1.1700000000000728
DC12-F64-1B8-1P,分拣,自动分拣N51,1549.9834775706329,1551.5634775706328,1.5799999999999272
DC12-F64-1B8-1P,自动打磨,自动打磨N51,1551.5634775706328,1554.0069010626962,2.4434234920634026
DC12-F64-1B8-1P,桁架码垛,自动分拣N51,1554.0069010626962,1555.1769010626963,1.1700000000000728
DC12-F64-1B9-1P,分拣,自动分拣N51,1555.1769010626963,1556.7569010626962,1.5799999999999272
DC12-F64-1B9-1P,自动打磨,自动打磨N51,1556.7569010626962,1559.1882404277756,2.4313393650793387
DC12-F64-1B9-1P,桁架码垛,自动分拣N51,1559.1882404277756,1560.3582404277756,1.1700000000000728
DC12-F64-1B9-1S,分拣,自动分拣N51,1560.3582404277756,1561.9382404277756,1.5799999999999272
DC12-F64-1B9-1S,自动打磨,自动打磨N51,1561.9382404277756,1564.36957987222,2.4313394444443475
DC12-F64-1B9-1S,桁架码垛,自动分拣N51,1564.36957987222,1565.53957987222,1.1700000000000728
DC12-F76-1B1-1P,分拣,自动分拣N51,1565.53957987222,1567.11957987222,1.5799999999999272
DC12-F76-1B1-1P,自动打磨,自动打磨N51,1567.11957987222,1569.393457094442,2.273877222222154
DC12-F76-1B1-1P,桁架码垛,自动分拣N51,1569.393457094442,1570.5634570944421,1.1700000000000728
DC12-F76-1B10-1P,分拣,自动分拣N51,1570.5634570944421,1572.143457094442,1.5799999999999272
DC12-F76-1B10-1P,自动打磨,自动打磨N51,1572.143457094442,1574.5346309039658,2.391173809523707
DC12-F76-1B10-1P,桁架码垛,自动分拣N51,1574.5346309039658,1575.7046309039658,1.1700000000000728
DC12-F76-1B10-1S,分拣,自动分拣N51,1575.7046309039658,1577.2846309039658,1.5799999999999272
DC12-F76-1B10-1S,自动打磨,自动打磨N51,1577.2846309039658,1579.6758048722197,2.391173968253952
DC12-F76-1B10-1S,桁架码垛,自动分拣N51,1579.6758048722197,1580.8458048722198,1.1700000000000728
DC12-F76-1B11-1P,分拣,自动分拣N51,1580.8458048722198,1582.4258048722197,1.5799999999999272
DC12-F76-1B11-1P,自动打磨,自动打磨N51,1582.4258048722197,1584.3818607452356,1.9560558730158846
DC12-F76-1B11-1P,桁架码垛,自动分拣N51,1584.3818607452356,1585.5518607452357,1.1700000000000728
DC12-F76-1B11-1S,分拣,自动分拣N51,1585.5518607452357,1587.1318607452356,1.5799999999999272
DC12-F76-1B11-1S,自动打磨,自动打磨N51,1587.1318607452356,1589.0879166182515,1.9560558730158846
DC12-F76-1B11-1S,桁架码垛,自动分拣N51,1589.0879166182515,1590.2579166182516,1.1700000000000728
DC12-F76-1B8-1P,分拣,自动分拣N51,1590.2579166182516,1591.8379166182515,1.5799999999999272
DC12-F76-1B8-1P,自动打磨,自动打磨N51,1591.8379166182515,1594.2718066182515,2.4338900000000194
DC12-F76-1B8-1P,桁架码垛,自动分拣N51,1594.2718066182515,1595.4418066182516,1.1700000000000728
DC12-F76-1B9-1P,分拣,自动分拣N51,1595.4418066182516,1597.0218066182515,1.5799999999999272
DC12-F76-1B9-1P,自动打磨,自动打磨N51,1597.0218066182515,1599.4436125706325,2.4218059523809643
DC12-F76-1B9-1P,桁架码垛,自动分拣N51,1599.4436125706325,1600.6136125706325,1.1700000000000728
DC12-F76-1B9-1S,分拣,自动分拣N51,1600.6136125706325,1602.1936125706325,1.5799999999999272
DC12-F76-1B9-1S,自动打磨,自动打磨N51,1602.1936125706325,1604.6154185230134,2.4218059523809643
DC12-F76-1B9-1S,桁架码垛,自动分拣N51,1604.6154185230134,1605.7854185230135,1.1700000000000728
U02S-1343切割后的大件,天车吊运（胎架到成品区）,天车,1489.4355106548826,1494.4355106548826,5.0
U02S-1348,天车空驶（胎架到原料区）,天车,1307.2596001062657,1315.2596001062657,8.0
U02S-1348,天车吊运（原料区到胎架）,天车,1315.2596001062657,1318.2596001062657,3.0
DC12-UD-1KSP-14BSP,分拣,自动分拣N21,1428.5133888410023,1430.0933888410023,1.5799999999999272
DC12-UD-1KSP-14BSP,自动打磨,自动打磨N21,1430.0933888410023,1432.220040428304,2.1266515873016942
DC12-UD-1KSP-14BSP,桁架码垛,自动分拣N21,1432.220040428304,1433.390040428304,1.1700000000000728
DC12-UD-1KSP-15BSP,分拣,自动分拣N21,1433.390040428304,1434.970040428304,1.5799999999999272
DC12-UD-1KSP-15BSP,自动打磨,自动打磨N21,1434.970040428304,1437.0966920156056,2.1266515873016942
DC12-UD-1KSP-15BSP,桁架码垛,自动分拣N21,1437.0966920156056,1438.2666920156057,1.1700000000000728
DC12-UD-1KSP-16BSP,分拣,自动分拣N21,1438.2666920156057,1439.8466920156056,1.5799999999999272
DC12-UD-1KSP-16BSP,自动打磨,自动打磨N21,1439.8466920156056,1441.9733436029073,2.1266515873016942
DC12-UD-1KSP-16BSP,桁架码垛,自动分拣N21,1441.9733436029073,1443.1433436029074,1.1700000000000728
DC12-UD-1KSP-3BSP,分拣,自动分拣N21,1443.1433436029074,1444.7233436029073,1.5799999999999272
DC12-UD-1KSP-3BSP,自动打磨,自动打磨N21,1444.7233436029073,1446.849995190209,2.1266515873016942
DC12-UD-1KSP-3BSP,桁架码垛,自动分拣N21,1446.849995190209,1448.019995190209,1.1700000000000728
DC12-UD-1KSP-4BSP,分拣,自动分拣N21,1448.019995190209,1449.599995190209,1.5799999999999272
DC12-UD-1KSP-4BSP,自动打磨,自动打磨N21,1449.599995190209,1451.7266467775107,2.1266515873016942
DC12-UD-1KSP-4BSP,桁架码垛,自动分拣N21,1451.7266467775107,1452.8966467775108,1.1700000000000728
DC12-UD-1KSP-5BSP,分拣,自动分拣N21,1452.8966467775108,1454.4766467775107,1.5799999999999272
DC12-UD-1KSP-5BSP,自动打磨,自动打磨N21,1454.4766467775107,1456.6032983648124,2.1266515873016942
DC12-UD-1KSP-5BSP,桁架码垛,自动分拣N21,1456.6032983648124,1457.7732983648125,1.1700000000000728
U02S-1338,天车空驶（胎架到原料区）,天车,1339.3796001062656,1342.3796001062656,3.0
U02S-1338,天车吊运（原料区到胎架）,天车,1342.3796001062656,1345.3796001062656,3.0
DC12-F70-1SP-1SP,自由边打磨,人工打磨N21,1388.0553927507124,1389.359227417379,1.3038346666667167
U02S-1338切割后的大件,天车吊运（胎架到坡口区）,天车,1389.359227417379,1392.359227417379,3.0
DC12-F70-1SP-1SP,人工坡口,人工坡口1,1392.359227417379,1413.002507417379,20.643280000000004
U02S-1338切割后的大件,天车吊运（坡口区到成品区）,天车,1413.002507417379,1418.002507417379,5.0
U02S-1346,天车空驶（胎架到原料区）,天车,1377.0553927507124,1385.0553927507124,8.0
U02S-1346,天车吊运（原料区到胎架）,天车,1385.0553927507124,1388.0553927507124,3.0
DC12-AG-1-2BP,分拣,自动分拣N21,1457.7732983648125,1459.3532983648124,1.5799999999999272
DC12-AG-1-2BP,自动打磨,自动打磨N21,1459.3532983648124,1461.5480958251298,2.1947974603174316
DC12-AG-1-2BP,桁架至坡口工作站,自动分拣N21,1461.5480958251298,1462.7147958251298,1.1666999999999916
DC12-AG-1-2BS,分拣,自动分拣N21,1462.7147958251298,1464.2947958251298,1.5799999999999272
DC12-AG-1-2BS,自动打磨,自动打磨N21,1464.2947958251298,1466.4895932854472,2.1947974603174316
DC12-AG-1-2BS,桁架至坡口工作站,自动分拣N21,1466.4895932854472,1467.6562932854472,1.1666999999999916
DC12-AG-2-2BP,分拣,自动分拣N21,1467.6562932854472,1469.2362932854471,1.5799999999999272
DC12-AG-2-2BP,自动打磨,自动打磨N21,1469.2362932854471,1471.345692967987,2.109399682539788
DC12-AG-2-2BP,桁架至坡口工作站,自动分拣N21,1471.345692967987,1472.512392967987,1.1666999999999916
DC12-AG-2-2BS,分拣,自动分拣N21,1472.512392967987,1474.0923929679868,1.5799999999999272
DC12-AG-2-2BS,自动打磨,自动打磨N21,1474.0923929679868,1476.2017924917964,2.109399523809543
DC12-AG-2-2BS,桁架至坡口工作站,自动分拣N21,1476.2017924917964,1477.3684924917964,1.1666999999999916
DC12-CG-2-3BP,分拣,自动分拣N21,1477.3684924917964,1478.9484924917963,1.5799999999999272
DC12-CG-2-3BP,自动打磨,自动打磨N21,1478.9484924917963,1480.965443206082,2.016950714285713
DC12-CG-2-3BP,桁架至坡口工作站,自动分拣N21,1480.965443206082,1482.132143206082,1.1666999999999916
DC12-CG-2-3BS,分拣,自动分拣N21,1482.132143206082,1483.712143206082,1.5799999999999272
DC12-CG-2-3BS,自动打磨,自动打磨N21,1483.712143206082,1485.7290939203676,2.016950714285713
DC12-CG-2-3BS,桁架至坡口工作站,自动分拣N21,1485.7290939203676,1486.8957939203676,1.1666999999999916
DC12-F64-1B7-1P,分拣,自动分拣N21,1486.8957939203676,1488.4757939203676,1.5799999999999272
DC12-F64-1B7-1P,自动打磨,自动打磨N21,1488.4757939203676,1490.3128556663994,1.83706174603185
DC12-F64-1B7-1P,桁架码垛,自动分拣N21,1490.3128556663994,1491.4828556663995,1.1700000000000728
DC12-F64-1B7-1S,分拣,自动分拣N21,1491.4828556663995,1493.0628556663994,1.5799999999999272
DC12-F64-1B7-1S,自动打磨,自动打磨N21,1493.0628556663994,1494.8999174917963,1.8370618253968587
DC12-F64-1B7-1S,桁架码垛,自动分拣N21,1494.8999174917963,1496.0699174917963,1.1700000000000728
DC12-F76-1B7-1P,分拣,自动分拣N21,1496.0699174917963,1497.6499174917963,1.5799999999999272
DC12-F76-1B7-1P,自动打磨,自动打磨N21,1497.6499174917963,1499.475802174336,1.8258846825397086
DC12-F76-1B7-1P,桁架码垛,自动分拣N21,1499.475802174336,1500.645802174336,1.1700000000000728
DC12-F76-1B7-1S,分拣,自动分拣N21,1500.645802174336,1502.225802174336,1.5799999999999272
DC12-F76-1B7-1S,自动打磨,自动打磨N21,1502.225802174336,1504.0516868568757,1.8258846825397086
DC12-F76-1B7-1S,桁架码垛,自动分拣N21,1504.0516868568757,1505.2216868568757,1.1700000000000728
U02S-1335,天车空驶（胎架到原料区）,天车,1393.3242198183011,1396.3242198183011,3.0
U02S-1335,天车吊运（原料区到胎架）,天车,1396.3242198183011,1399.3242198183011,3.0
DC12-UD-1KSP-10BSP,分拣,自动分拣N21,1505.2216868568757,1506.8016868568757,1.5799999999999272
DC12-UD-1KSP-10BSP,自动打磨,自动打磨N21,1506.8016868568757,1509.2327366187803,2.43104976190466
DC12-UD-1KSP-10BSP,桁架码垛,自动分拣N21,1509.2327366187803,1510.4027366187804,1.1700000000000728
DC12-UD-1KSP-8BSP,分拣,自动分拣N21,1510.4027366187804,1511.9827366187803,1.5799999999999272
DC12-UD-1KSP-8BSP,自动打磨,自动打磨N21,1511.9827366187803,1513.7819078886216,1.7991712698412812
DC12-UD-1KSP-8BSP,桁架码垛,自动分拣N21,1513.7819078886216,1514.9519078886217,1.1700000000000728
DC12-CHL-1E-1P,分拣,自动分拣N21,1514.9519078886217,1515.9519078886217,1.0
DC12-CHL-1E-1P,桁架至坡口工作站,自动分拣N21,1515.9519078886217,1517.1186078886217,1.1666999999999916
DC12-CHL-1E-1S,分拣,自动分拣N21,1517.1186078886217,1518.1186078886217,1.0
DC12-CHL-1E-1S,桁架至坡口工作站,自动分拣N21,1518.1186078886217,1519.2853078886217,1.1666999999999916
DC12-CHL-2E-1P,分拣,自动分拣N21,1519.2853078886217,1520.2853078886217,1.0
DC12-CHL-2E-1P,桁架至坡口工作站,自动分拣N21,1520.2853078886217,1521.4520078886217,1.1666999999999916
DC12-CHL-2E-1S,分拣,自动分拣N21,1521.4520078886217,1522.4520078886217,1.0
DC12-CHL-2E-1S,桁架至坡口工作站,自动分拣N21,1522.4520078886217,1523.6187078886217,1.1666999999999916
DC12-CHL-4E-1P,分拣,自动分拣N21,1523.6187078886217,1525.1987078886216,1.5799999999999272
DC12-CHL-4E-1P,自动打磨,自动打磨N21,1525.1987078886216,1527.1905107457644,1.9918028571428295
DC12-CHL-4E-1P,桁架至坡口工作站,自动分拣N21,1527.1905107457644,1528.3572107457644,1.1666999999999916
DC12-CHL-4E-1S,分拣,自动分拣N21,1528.3572107457644,1529.9372107457643,1.5799999999999272
DC12-CHL-4E-1S,自动打磨,自动打磨N21,1529.9372107457643,1531.9290134441771,1.9918026984128119
DC12-CHL-4E-1S,桁架至坡口工作站,自动分拣N21,1531.9290134441771,1533.0957134441771,1.1666999999999916
DC12-CHL-6E-1P,分拣,自动分拣N21,1533.0957134441771,1534.675713444177,1.5799999999999272
DC12-CHL-6E-1P,自动打磨,自动打磨N21,1534.675713444177,1536.4449915394152,1.7692780952381781
DC12-CHL-6E-1P,桁架至坡口工作站,自动分拣N21,1536.4449915394152,1537.6116915394152,1.1666999999999916
DC12-CHL-6E-1S,分拣,自动分拣N21,1537.6116915394152,1539.1916915394152,1.5799999999999272
DC12-CHL-6E-1S,自动打磨,自动打磨N21,1539.1916915394152,1540.960969555288,1.769278015872942
DC12-CHL-6E-1S,桁架至坡口工作站,自动分拣N21,1540.960969555288,1542.127669555288,1.1666999999999916
U02S-1341,天车空驶（胎架到原料区）,天车,1453.1044009202947,1456.1044009202947,3.0
U02S-1341,天车吊运（原料区到胎架）,天车,1456.1044009202947,1459.1044009202947,3.0
DC12-F68-1SP-1SP,分拣,自动分拣N21,1542.127669555288,1543.707669555288,1.5799999999999272
DC12-F68-1SP-1SP,自动打磨,自动打磨N21,1543.707669555288,1549.4618739203675,5.754204365079431
DC12-F68-1SP-1SP,桁架码垛,自动分拣N21,1549.4618739203675,1550.6318739203675,1.1700000000000728
DC12-F71-1SP-1SP,分拣,自动分拣N21,1550.6318739203675,1552.2118739203675,1.5799999999999272
DC12-F71-1SP-1SP,自动打磨,自动打磨N21,1552.2118739203675,1554.8506876505262,2.638813730158745
DC12-F71-1SP-1SP,桁架码垛,自动分拣N21,1554.8506876505262,1556.0206876505263,1.1700000000000728
DC12-F72-1SP-1SP,分拣,自动分拣N21,1556.0206876505263,1557.6006876505262,1.5799999999999272
DC12-F72-1SP-1SP,自动打磨,自动打磨N21,1557.6006876505262,1563.211107253701,5.610419603174705
DC12-F72-1SP-1SP,桁架码垛,自动分拣N21,1563.211107253701,1564.381107253701,1.1700000000000728
DC12-UD-1KSP-7BSP,分拣,自动分拣N21,1564.381107253701,1565.961107253701,1.5799999999999272
DC12-UD-1KSP-7BSP,自动打磨,自动打磨N21,1565.961107253701,1567.0360555870343,1.0749483333333956
DC12-UD-1KSP-7BSP,桁架码垛,自动分拣N21,1567.0360555870343,1568.2060555870344,1.1700000000000728
DC12-UD-1KSP-9BSP,分拣,自动分拣N21,1568.2060555870344,1569.7860555870343,1.5799999999999272
DC12-UD-1KSP-9BSP,自动打磨,自动打磨N21,1569.7860555870343,1572.2045990790978,2.4185434920634634
DC12-UD-1KSP-9BSP,桁架码垛,自动分拣N21,1572.2045990790978,1573.3745990790978,1.1700000000000728
DC12-F71-2-1P,分拣,自动分拣N21,1573.3745990790978,1574.9545990790978,1.5799999999999272
DC12-F71-2-1P,自动打磨,自动打磨N21,1574.9545990790978,1578.9623805870342,4.007781507936443
DC12-F71-2-1P,桁架码垛,自动分拣N21,1578.9623805870342,1580.1323805870343,1.1700000000000728
DC12-F71-2-1S,分拣,自动分拣N21,1580.1323805870343,1581.7123805870342,1.5799999999999272
DC12-F71-2-1S,自动打磨,自动打磨N21,1581.7123805870342,1585.7201619362406,4.007781349206425
DC12-F71-2-1S,桁架码垛,自动分拣N21,1585.7201619362406,1586.8901619362407,1.1700000000000728
DC12-UD-1KSP-11BSP,分拣,自动分拣N21,1586.8901619362407,1588.4701619362406,1.5799999999999272
DC12-UD-1KSP-11BSP,自动打磨,自动打磨N21,1588.4701619362406,1590.3829351902089,1.9127732539682256
DC12-UD-1KSP-11BSP,桁架码垛,自动分拣N21,1590.3829351902089,1591.552935190209,1.1700000000000728
U02S-1340,天车空驶（胎架到原料区）,天车,1459.1044009202947,1462.1044009202947,3.0
U02S-1340,天车吊运（原料区到胎架）,天车,1462.1044009202947,1465.1044009202947,3.0
DC12-AG-1-1P,自由边打磨,人工打磨N51,1566.1437684846412,1568.9002077666926,2.7564392820513604
DC12-AG-1-1S,自由边打磨,人工打磨N51,1568.9002077666926,1571.656647048744,2.7564392820513604
DC12-AG-2-1P,自由边打磨,人工打磨N51,1571.656647048744,1574.9289459205388,3.2722988717948738
DC12-AG-2-1S,自由边打磨,人工打磨N51,1574.9289459205388,1578.2012456641285,3.272299743589656
DC12-F64-1B1-1P,分拣,自动分拣N51,1605.7854185230135,1607.3654185230134,1.5799999999999272
DC12-F64-1B1-1P,自动打磨,自动打磨N51,1607.3654185230134,1609.6483158246008,2.2828973015873544
DC12-F64-1B1-1P,桁架码垛,自动分拣N51,1609.6483158246008,1610.8183158246009,1.1700000000000728
DC12-F64-1B1-1S,分拣,自动分拣N51,1610.8183158246009,1612.3983158246008,1.5799999999999272
DC12-F64-1B1-1S,自动打磨,自动打磨N51,1612.3983158246008,1614.6812128087279,2.282896984127092
DC12-F64-1B1-1S,桁架码垛,自动分拣N51,1614.6812128087279,1615.851212808728,1.1700000000000728
DC12-F64-1B2-1P,分拣,自动分拣N51,1615.851212808728,1617.4312128087279,1.5799999999999272
DC12-F64-1B2-1P,自动打磨,自动打磨N51,1617.4312128087279,1619.8912216182516,2.4600088095237425
DC12-F64-1B2-1P,桁架码垛,自动分拣N51,1619.8912216182516,1621.0612216182517,1.1700000000000728
DC12-F64-1B2-1S,分拣,自动分拣N51,1621.0612216182517,1622.6412216182516,1.5799999999999272
DC12-F64-1B2-1S,自动打磨,自动打磨N51,1622.6412216182516,1625.1012305071406,2.4600088888889786
DC12-F64-1B2-1S,桁架码垛,自动分拣N51,1625.1012305071406,1626.2712305071407,1.1700000000000728
DC12-F64-1B3-1P,分拣,自动分拣N51,1626.2712305071407,1627.8512305071406,1.5799999999999272
DC12-F64-1B3-1P,自动打磨,自动打磨N51,1627.8512305071406,1630.546511856347,2.695281349206425
DC12-F64-1B3-1P,桁架码垛,自动分拣N51,1630.546511856347,1631.716511856347,1.1700000000000728
DC12-F64-1B3-1S,分拣,自动分拣N51,1631.716511856347,1633.296511856347,1.5799999999999272
DC12-F64-1B3-1S,自动打磨,自动打磨N51,1633.296511856347,1635.9917932055534,2.695281349206425
DC12-F64-1B3-1S,桁架码垛,自动分拣N51,1635.9917932055534,1637.1617932055535,1.1700000000000728
DC12-F76-1B1-1S,分拣,自动分拣N51,1637.1617932055535,1638.7417932055534,1.5799999999999272
DC12-F76-1B1-1S,自动打磨,自动打磨N51,1638.7417932055534,1641.0156704277756,2.273877222222154
DC12-F76-1B1-1S,桁架码垛,自动分拣N51,1641.0156704277756,1642.1856704277757,1.1700000000000728
DC12-F76-1B2-1P,分拣,自动分拣N51,1642.1856704277757,1643.7656704277756,1.5799999999999272
DC12-F76-1B2-1P,自动打磨,自动打磨N51,1643.7656704277756,1646.215787888093,2.450117460317415
DC12-F76-1B2-1P,桁架码垛,自动分拣N51,1646.215787888093,1647.385787888093,1.1700000000000728
DC12-F76-1B2-1S,分拣,自动分拣N51,1647.385787888093,1648.965787888093,1.5799999999999272
DC12-F76-1B2-1S,自动打磨,自动打磨N51,1648.965787888093,1651.4159055865057,2.4501176984126687
DC12-F76-1B2-1S,桁架码垛,自动分拣N51,1651.4159055865057,1652.5859055865058,1.1700000000000728
DC12-F76-1B3-1P,分拣,自动分拣N51,1652.5859055865058,1654.1659055865057,1.5799999999999272
DC12-F76-1B3-1P,自动打磨,自动打磨N51,1654.1659055865057,1656.8489816976169,2.683076111111177
DC12-F76-1B3-1P,桁架码垛,自动分拣N51,1656.8489816976169,1658.018981697617,1.1700000000000728
DC12-F76-1B3-1S,分拣,自动分拣N51,1658.018981697617,1659.5989816976169,1.5799999999999272
DC12-F76-1B3-1S,自动打磨,自动打磨N51,1659.5989816976169,1662.2820577293628,2.683076031745941
DC12-F76-1B3-1S,桁架码垛,自动分拣N51,1662.2820577293628,1663.4520577293629,1.1700000000000728
U02S-1340切割后的大件,天车吊运（胎架到坡口区）,天车,1578.2012456641285,1581.2012456641285,3.0
DC12-AG-1-1P,人工坡口,人工坡口1,1581.2012456641285,1582.8621576641285,1.660912000000053
DC12-AG-1-1S,人工坡口,人工坡口1,1582.8621576641285,1584.5230696641286,1.660912000000053
DC12-AG-2-1P,人工坡口,人工坡口1,1584.5230696641286,1588.0169896641285,3.493919999999889
DC12-AG-2-1S,人工坡口,人工坡口1,1588.0169896641285,1591.5109096641283,3.493919999999889
U02S-1340切割后的大件,天车吊运（坡口区到成品区）,天车,1591.5109096641283,1596.5109096641283,5.0
U02S-1345,天车空驶（胎架到原料区）,天车,1494.4355106548826,1502.4355106548826,8.0
U02S-1345,天车吊运（原料区到胎架）,天车,1502.4355106548826,1505.4355106548826,3.0
DC12-AG-1-1BP,分拣,自动分拣N21,1591.552935190209,1593.1329351902089,1.5799999999999272
DC12-AG-1-1BP,自动打磨,自动打磨N21,1593.1329351902089,1594.72257130132,1.5896361111110764
DC12-AG-1-1BP,桁架码垛,自动分拣N21,1594.72257130132,1595.89257130132,1.1700000000000728
DC12-AG-1-1BS,分拣,自动分拣N21,1595.89257130132,1597.47257130132,1.5799999999999272
DC12-AG-1-1BS,自动打磨,自动打磨N21,1597.47257130132,1599.062207491796,1.5896361904760852
DC12-AG-1-1BS,桁架码垛,自动分拣N21,1599.062207491796,1600.232207491796,1.1700000000000728
DC12-AG-2-1BP,分拣,自动分拣N21,1600.232207491796,1601.812207491796,1.5799999999999272
DC12-AG-2-1BP,自动打磨,自动打磨N21,1601.812207491796,1603.401843682272,1.5896361904760852
DC12-AG-2-1BP,桁架码垛,自动分拣N21,1603.401843682272,1604.5718436822722,1.1700000000000728
DC12-AG-2-1BS,分拣,自动分拣N21,1604.5718436822722,1606.151843682272,1.5799999999999272
DC12-AG-2-1BS,自动打磨,自动打磨N21,1606.151843682272,1607.7414798727482,1.5896361904760852
DC12-AG-2-1BS,桁架码垛,自动分拣N21,1607.7414798727482,1608.9114798727483,1.1700000000000728
DC12-CG-1-1BP,分拣,自动分拣N21,1608.9114798727483,1610.4914798727482,1.5799999999999272
DC12-CG-1-1BP,自动打磨,自动打磨N21,1610.4914798727482,1611.9427742378275,1.4512943650793204
DC12-CG-1-1BP,桁架码垛,自动分拣N21,1611.9427742378275,1613.1127742378276,1.1700000000000728
DC12-CG-1-1BS,分拣,自动分拣N21,1613.1127742378276,1614.6927742378275,1.5799999999999272
DC12-CG-1-1BS,自动打磨,自动打磨N21,1614.6927742378275,1616.1440686029068,1.4512943650793204
DC12-CG-1-1BS,桁架码垛,自动分拣N21,1616.1440686029068,1617.314068602907,1.1700000000000728
DC12-CG-1-2BP,分拣,自动分拣N21,1617.314068602907,1618.8940686029068,1.5799999999999272
DC12-CG-1-2BP,自动打磨,自动打磨N21,1618.8940686029068,1620.418094872748,1.5240262698412153
DC12-CG-1-2BP,桁架码垛,自动分拣N21,1620.418094872748,1621.5880948727481,1.1700000000000728
DC12-CG-1-2BS,分拣,自动分拣N21,1621.5880948727481,1623.168094872748,1.5799999999999272
DC12-CG-1-2BS,自动打磨,自动打磨N21,1623.168094872748,1624.6921213013195,1.5240264285714602
DC12-CG-1-2BS,桁架码垛,自动分拣N21,1624.6921213013195,1625.8621213013196,1.1700000000000728
DC12-CG-2-1BP,分拣,自动分拣N21,1625.8621213013196,1627.4421213013195,1.5799999999999272
DC12-CG-2-1BP,自动打磨,自动打磨N21,1627.4421213013195,1628.8934156663988,1.4512943650793204
DC12-CG-2-1BP,桁架码垛,自动分拣N21,1628.8934156663988,1630.063415666399,1.1700000000000728
DC12-CG-2-1BS,分拣,自动分拣N21,1630.063415666399,1631.6434156663988,1.5799999999999272
DC12-CG-2-1BS,自动打磨,自动打磨N21,1631.6434156663988,1633.0947100314781,1.4512943650793204
DC12-CG-2-1BS,桁架码垛,自动分拣N21,1633.0947100314781,1634.2647100314782,1.1700000000000728
DC12-CG-2-2BP,分拣,自动分拣N21,1634.2647100314782,1635.8447100314781,1.5799999999999272
DC12-CG-2-2BP,自动打磨,自动打磨N21,1635.8447100314781,1637.2960043965575,1.4512943650793204
DC12-CG-2-2BP,桁架码垛,自动分拣N21,1637.2960043965575,1638.4660043965575,1.1700000000000728
DC12-CG-2-2BS,分拣,自动分拣N21,1638.4660043965575,1640.0460043965575,1.5799999999999272
DC12-CG-2-2BS,自动打磨,自动打磨N21,1640.0460043965575,1641.4972987616368,1.4512943650793204
DC12-CG-2-2BS,桁架码垛,自动分拣N21,1641.4972987616368,1642.6672987616369,1.1700000000000728
U02S-1342,天车空驶（胎架到原料区）,天车,1508.9492541959673,1511.9492541959673,3.0
U02S-1342,天车吊运（原料区到胎架）,天车,1511.9492541959673,1514.9492541959673,3.0
U02S-1342切割后的大件,天车吊运（胎架到成品区）,天车,1581.2012456641285,1586.2012456641285,5.0
U02S-1336,天车空驶（胎架到原料区）,天车,1555.1437684846412,1563.1437684846412,8.0
U02S-1336,天车吊运（原料区到胎架）,天车,1563.1437684846412,1566.1437684846412,3.0
DC12-F64-1B4W-1P,分拣,自动分拣N51,1663.4520577293629,1665.0320577293628,1.5799999999999272
DC12-F64-1B4W-1P,自动打磨,自动打磨N51,1665.0320577293628,1667.2304032055533,2.198345476190525
DC12-F64-1B4W-1P,桁架码垛,自动分拣N51,1667.2304032055533,1668.4004032055534,1.1700000000000728
DC12-F64-1B4W-1S,分拣,自动分拣N51,1668.4004032055534,1669.9804032055533,1.5799999999999272
DC12-F64-1B4W-1S,自动打磨,自动打磨N51,1669.9804032055533,1672.1787486817439,2.198345476190525
DC12-F64-1B4W-1S,桁架码垛,自动分拣N51,1672.1787486817439,1673.348748681744,1.1700000000000728
DC12-F64-1B5W-1P,分拣,自动分拣N51,1673.348748681744,1674.9287486817439,1.5799999999999272
DC12-F64-1B5W-1P,自动打磨,自动打磨N51,1674.9287486817439,1677.1255835230138,2.196834841269947
DC12-F64-1B5W-1P,桁架码垛,自动分拣N51,1677.1255835230138,1678.2955835230139,1.1700000000000728
DC12-F64-1B5W-1S,分拣,自动分拣N51,1678.2955835230139,1679.8755835230138,1.5799999999999272
DC12-F64-1B5W-1S,自动打磨,自动打磨N51,1679.8755835230138,1682.0724183642837,2.196834841269947
DC12-F64-1B5W-1S,桁架码垛,自动分拣N51,1682.0724183642837,1683.2424183642838,1.1700000000000728
DC12-F76-1B4W-1P,分拣,自动分拣N51,1683.2424183642838,1684.8224183642837,1.5799999999999272
DC12-F76-1B4W-1P,自动打磨,自动打磨N51,1684.8224183642837,1687.0132538404741,2.1908354761903865
DC12-F76-1B4W-1P,桁架码垛,自动分拣N51,1687.0132538404741,1688.1832538404742,1.1700000000000728
DC12-F76-1B4W-1S,分拣,自动分拣N51,1688.1832538404742,1689.7632538404741,1.5799999999999272
DC12-F76-1B4W-1S,自动打磨,自动打磨N51,1689.7632538404741,1691.9540892372995,2.1908353968253778
DC12-F76-1B4W-1S,桁架码垛,自动分拣N51,1691.9540892372995,1693.1240892372996,1.1700000000000728
DC12-F76-1B5W-1P,分拣,自动分拣N51,1693.1240892372996,1694.7040892372995,1.5799999999999272
DC12-F76-1B5W-1P,自动打磨,自动打磨N51,1694.7040892372995,1696.8933959833312,2.1893067460316615
DC12-F76-1B5W-1P,桁架码垛,自动分拣N51,1696.8933959833312,1698.0633959833312,1.1700000000000728
DC12-F76-1B5W-1S,分拣,自动分拣N51,1698.0633959833312,1699.6433959833312,1.5799999999999272
DC12-F76-1B5W-1S,自动打磨,自动打磨N51,1699.6433959833312,1701.832702808728,2.1893068253968977
DC12-F76-1B5W-1S,桁架码垛,自动分拣N51,1701.832702808728,1703.0027028087281,1.1700000000000728
U02A-1331,天车空驶（胎架到原料区）,天车,1569.605748419533,1572.605748419533,3.0
U02A-1331,天车吊运（原料区到胎架）,天车,1572.605748419533,1575.605748419533,3.0
U02A-1331切割后的大件,天车吊运（胎架到成品区）,天车,1632.2799743534424,1637.2799743534424,5.0
U02S-1339,天车空驶（胎架到原料区）,天车,1600.3295839725329,1608.3295839725329,8.0
U02S-1339,天车吊运（原料区到胎架）,天车,1608.3295839725329,1611.3295839725329,3.0
DC12-F64-1KSP-1SP,自由边打磨,人工打磨N51,1645.6944313507145,1646.1777532481503,0.4833218974358715
DC12-F64-1KSP-2SP,自由边打磨,人工打磨N51,1646.1777532481503,1646.6610750943041,0.4833218461537854
DC12-F76-1KSP-1SP,自由边打磨,人工打磨N51,1646.6610750943041,1647.144396940458,0.4833218461537854
DC12-F76-1KSP-2SP,自由边打磨,人工打磨N51,1647.144396940458,1647.6277187866117,0.4833218461537854
U02S-1339切割后的大件,天车吊运（胎架到坡口区）,天车,1647.6277187866117,1650.6277187866117,3.0
DC12-F64-1KSP-1SP,人工坡口,人工坡口1,1650.6277187866117,1657.4277467866118,6.800028000000111
DC12-F64-1KSP-2SP,人工坡口,人工坡口1,1657.4277467866118,1664.2077747866117,6.780027999999902
DC12-F76-1KSP-1SP,人工坡口,人工坡口1,1664.2077747866117,1670.9314707866117,6.723696000000018
DC12-F76-1KSP-2SP,人工坡口,人工坡口1,1670.9314707866117,1677.6751667866117,6.743696
U02S-1339切割后的大件,天车吊运（坡口区到成品区）,天车,1677.6751667866117,1682.6751667866117,5.0
U02S-1337,天车空驶（胎架到原料区）,天车,1621.2799743534424,1629.2799743534424,8.0
U02S-1337,天车吊运（原料区到胎架）,天车,1629.2799743534424,1632.2799743534424,3.0
DC12-F69-1SP-1SP,自由边打磨,人工打磨N21,1675.445879497889,1676.7497141645558,1.3038346666667167
U02S-1337切割后的大件,天车吊运（胎架到坡口区）,天车,1682.6751667866117,1685.6751667866117,3.0
DC12-F69-1SP-1SP,人工坡口,人工坡口1,1685.6751667866117,1706.2984467866117,20.623280000000022
U02S-1337切割后的大件,天车吊运（坡口区到成品区）,天车,1706.2984467866117,1711.2984467866117,5.0
U02A-1330,天车空驶（胎架到原料区）,天车,1650.6277187866117,1658.6277187866117,8.0
U02A-1330,天车吊运（原料区到胎架）,天车,1658.6277187866117,1661.6277187866117,3.0
U02A-1330切割后的大件,天车吊运（胎架到成品区）,天车,1711.2984467866117,1716.2984467866117,5.0
U02B-1332,天车空驶（胎架到原料区）,天车,1664.445879497889,1672.445879497889,8.0
U02B-1332,天车吊运（原料区到胎架）,天车,1672.445879497889,1675.445879497889,3.0
DC12-UD-1KSP-1SP,自由边打磨,人工打磨N21,1706.6229162362722,1713.2928253644773,6.669909128205063
U02B-1332切割后的大件,天车吊运（胎架到成品区）,天车,1716.2984467866117,1721.2984467866117,5.0
U02B-1333,天车空驶（胎架到原料区）,天车,1691.5642155154983,1699.5642155154983,8.0
U02B-1333,天车吊运（原料区到胎架）,天车,1699.5642155154983,1702.5642155154983,3.0
DC12-UD-1KSP-2SP,自由边打磨,人工打磨N51,1739.0132997829237,1742.0493785521544,3.0360787692306985
U02B-1333切割后的大件,天车吊运（胎架到成品区）,天车,1742.0493785521544,1747.0493785521544,5.0
U02B-1334,天车空驶（胎架到原料区）,天车,1721.2984467866117,1729.2984467866117,8.0
U02B-1334,天车吊运（原料区到胎架）,天车,1729.2984467866117,1732.2984467866117,3.0
U02B-1334切割后的大件,天车吊运（胎架到成品区）,天车,1735.477180132076,1740.477180132076,5.0
T63S-4091,天车空驶（胎架到原料区）,天车,1747.0493785521544,1755.0493785521544,8.0
T63S-4091,天车吊运（原料区到胎架）,天车,1755.0493785521544,1758.0493785521544,3.0
STA238FC-P1-1F1-1P,分拣,自动分拣N21,1757.1536512363605,1758.7336512363604,1.5799999999999272
STA238FC-P1-1F1-1P,自动打磨,自动打磨N21,1758.7336512363604,1762.666919887154,3.933268650793707
STA238FC-P1-1F1-1P,桁架码垛,自动分拣N21,1762.666919887154,1763.8369198871542,1.1700000000000728
STA238FC-P1-1F1-1S,分拣,自动分拣N21,1763.8369198871542,1765.416919887154,1.5799999999999272
STA238FC-P1-1F1-1S,自动打磨,自动打磨N21,1765.416919887154,1769.3501886173128,3.9332687301587157
STA238FC-P1-1F1-1S,桁架码垛,自动分拣N21,1769.3501886173128,1770.520188617313,1.1700000000000728
STA238FC-P1-1F1-3P,分拣,自动分拣N21,1770.520188617313,1772.1001886173128,1.5799999999999272
STA238FC-P1-1F1-3P,自动打磨,自动打磨N21,1772.1001886173128,1774.374791791916,2.2746031746032713
STA238FC-P1-1F1-3P,桁架码垛,自动分拣N21,1774.374791791916,1775.5447917919162,1.1700000000000728
STA238FC-P1-1F1-3S,分拣,自动分拣N21,1775.5447917919162,1777.124791791916,1.5799999999999272
STA238FC-P1-1F1-3S,自动打磨,自动打磨N21,1777.124791791916,1779.3993949665194,2.2746031746032713
STA238FC-P1-1F1-3S,桁架码垛,自动分拣N21,1779.3993949665194,1780.5693949665194,1.1700000000000728
T63S-4855,天车空驶（胎架到原料区）,天车,1758.0493785521544,1761.0493785521544,3.0
T63S-4855,天车吊运（原料区到胎架）,天车,1761.0493785521544,1764.0493785521544,3.0
STA238FC-F238-1B1P-1P,分拣,自动分拣N51,1744.4859980406347,1746.0659980406347,1.5799999999999272
STA238FC-F238-1B1P-1P,自动打磨,自动打磨N51,1746.0659980406347,1747.436490262857,1.3704922222223104
STA238FC-F238-1B1P-1P,桁架码垛,自动分拣N51,1747.436490262857,1748.606490262857,1.1700000000000728
STA238FC-F238-1B2WS-1S,分拣,自动分拣N51,1748.606490262857,1750.186490262857,1.5799999999999272
STA238FC-F238-1B2WS-1S,自动打磨,自动打磨N51,1750.186490262857,1751.5587139930158,1.3722237301587938
STA238FC-F238-1B2WS-1S,桁架码垛,自动分拣N51,1751.5587139930158,1752.7287139930158,1.1700000000000728
STA238FC-F240-1B1P-1P,分拣,自动分拣N51,1752.7287139930158,1754.3087139930158,1.5799999999999272
STA238FC-F240-1B1P-1P,自动打磨,自动打磨N51,1754.3087139930158,1755.679206294603,1.3704923015873192
STA238FC-F240-1B1P-1P,桁架码垛,自动分拣N51,1755.679206294603,1756.8492062946032,1.1700000000000728
STA238FC-F240-1B2WS-1S,分拣,自动分拣N51,1756.8492062946032,1758.429206294603,1.5799999999999272
STA238FC-F240-1B2WS-1S,自动打磨,自动打磨N51,1758.429206294603,1759.8014300247619,1.3722237301587938
STA238FC-F240-1B2WS-1S,桁架码垛,自动分拣N51,1759.8014300247619,1760.971430024762,1.1700000000000728
T63S-4084,天车空驶（胎架到原料区）,天车,1764.0493785521544,1767.0493785521544,3.0
T63S-4084,天车吊运（原料区到胎架）,天车,1767.0493785521544,1770.0493785521544,3.0
STA238FC-TOP-1SP-4SP,分拣,自动分拣N51,1766.1551132738496,1767.7351132738495,1.5799999999999272
STA238FC-TOP-1SP-4SP,自动打磨,自动打磨N51,1767.7351132738495,1768.7351132738495,1.0
STA238FC-TOP-1SP-4SP,桁架码垛,自动分拣N51,1768.7351132738495,1769.9051132738496,1.1700000000000728
STA238FC-TOP-1SP-5SP,分拣,自动分拣N51,1769.9051132738496,1771.4851132738495,1.5799999999999272
STA238FC-TOP-1SP-5SP,自动打磨,自动打磨N51,1771.4851132738495,1772.8655428770242,1.3804296031746617
STA238FC-TOP-1SP-5SP,桁架码垛,自动分拣N51,1772.8655428770242,1774.0355428770242,1.1700000000000728
T63S-4090,天车空驶（胎架到原料区）,天车,1770.0493785521544,1773.0493785521544,3.0
T63S-4090,天车吊运（原料区到胎架）,天车,1773.0493785521544,1776.0493785521544,3.0
STA238FC-TOP-1SP-6SP,自由边打磨,人工打磨N21,1775.887213688538,1780.228632765461,4.341419076923103
T63S-4090切割后的大件,天车吊运（胎架到成品区）,天车,1780.228632765461,1785.228632765461,5.0
T63S-4086,天车空驶（胎架到原料区）,天车,1785.228632765461,1793.228632765461,8.0
T63S-4086,天车吊运（原料区到胎架）,天车,1793.228632765461,1796.228632765461,3.0
STA238FC-TOP-1SP-2SP,自由边打磨,人工打磨N51,1800.083316681467,1807.423070527621,7.339753846153826
T63S-4086切割后的大件,天车吊运（胎架到成品区）,天车,1807.423070527621,1812.423070527621,5.0
T63S-4087,天车空驶（胎架到原料区）,天车,1796.228632765461,1804.228632765461,8.0
T63S-4087,天车吊运（原料区到胎架）,天车,1804.228632765461,1807.228632765461,3.0
STA238FC-TOP-1SP-7SP,自由边打磨,人工打磨N21,1799.6332365149622,1803.9922726688083,4.359036153846091
T63S-4087切割后的大件,天车吊运（胎架到成品区）,天车,1812.423070527621,1817.423070527621,5.0
E01S-1211,天车空驶（胎架到原料区）,天车,1817.423070527621,1825.423070527621,8.0
E01S-1211,天车吊运（原料区到胎架）,天车,1825.423070527621,1828.423070527621,3.0
E01S-1211切割后的大件,天车吊运（胎架到坡口区）,天车,1828.423070527621,1831.423070527621,3.0
N1-CG-2KS-2S,人工坡口,人工坡口1,1831.423070527621,1851.598650527621,20.175580000000082
N1-F29-7S-1S,人工坡口,人工坡口1,1851.598650527621,1867.918762527621,16.32011200000011
N1-F31-8S-1S,人工坡口,人工坡口1,1867.918762527621,1895.263006527621,27.34424399999989
E01S-1211切割后的大件,天车吊运（坡口区到成品区）,天车,1895.263006527621,1900.263006527621,5.0
E01S-1223,天车空驶（胎架到原料区）,天车,1831.423070527621,1839.423070527621,8.0
E01S-1223,天车吊运（原料区到胎架）,天车,1839.423070527621,1842.423070527621,3.0
N1-F31-4P-1P,分拣,自动分拣N51,1833.8140040616306,1835.3940040616305,1.5799999999999272
N1-F31-4P-1P,自动打磨,自动打磨N51,1835.3940040616305,1837.603946601313,2.2099425396825154
N1-F31-4P-1P,桁架码垛,自动分拣N51,1837.603946601313,1838.7739466013131,1.1700000000000728
N1-F31-5S-1S,分拣,自动分拣N51,1838.7739466013131,1840.353946601313,1.5799999999999272
N1-F31-5S-1S,自动打磨,自动打磨N51,1840.353946601313,1841.596943506075,1.242996904761867
N1-F31-5S-1S,桁架码垛,自动分拣N51,1841.596943506075,1842.766943506075,1.1700000000000728
N1-F32-6P-1P,分拣,自动分拣N51,1842.766943506075,1844.346943506075,1.5799999999999272
N1-F32-6P-1P,自动打磨,自动打磨N51,1844.346943506075,1845.5899403314718,1.2429968253968582
N1-F32-6P-1P,桁架码垛,自动分拣N51,1845.5899403314718,1846.7599403314719,1.1700000000000728
N1-F32-7S-1S,分拣,自动分拣N51,1846.7599403314719,1848.3399403314718,1.5799999999999272
N1-F32-7S-1S,自动打磨,自动打磨N51,1848.3399403314718,1850.5498828711543,2.2099425396825154
N1-F32-7S-1S,桁架码垛,自动分拣N51,1850.5498828711543,1851.7198828711544,1.1700000000000728
E01S-1209,天车空驶（胎架到原料区）,天车,1842.423070527621,1845.423070527621,3.0
E01S-1209,天车吊运（原料区到胎架）,天车,1845.423070527621,1848.423070527621,3.0
N1-F19-2-1P,分拣,自动分拣N21,1868.732624944416,1870.312624944416,1.5799999999999272
N1-F19-2-1P,自动打磨,自动打磨N21,1870.312624944416,1873.1137702618764,2.8011453174603957
N1-F19-2-1P,桁架至坡口工作站,自动分拣N21,1873.1137702618764,1874.2804702618764,1.1666999999999916
N1-F19-2-1S,分拣,自动分拣N21,1874.2804702618764,1875.2804702618764,1.0
N1-F19-2-1S,桁架至坡口工作站,自动分拣N21,1875.2804702618764,1876.4471702618764,1.1666999999999916
N1-F20-5-1P,分拣,自动分拣N21,1876.4471702618764,1878.0271702618763,1.5799999999999272
N1-F20-5-1P,自动打磨,自动打磨N21,1878.0271702618763,1879.407599865051,1.3804296031746617
N1-F20-5-1P,桁架至坡口工作站,自动分拣N21,1879.407599865051,1880.574299865051,1.1666999999999916
N1-F20-5-1S,分拣,自动分拣N21,1880.574299865051,1882.154299865051,1.5799999999999272
N1-F20-5-1S,自动打磨,自动打磨N21,1882.154299865051,1884.1420654999715,1.9877656349206063
N1-F20-5-1S,桁架至坡口工作站,自动分拣N21,1884.1420654999715,1885.3087654999715,1.1666999999999916
E01S-1246,天车空驶（胎架到原料区）,天车,1848.423070527621,1851.423070527621,3.0
E01S-1246,天车吊运（原料区到胎架）,天车,1851.423070527621,1854.423070527621,3.0
N1-F19-2-1BS,分拣,自动分拣N51,1886.2489591299534,1887.8289591299533,1.5799999999999272
N1-F19-2-1BS,自动打磨,自动打磨N51,1887.8289591299533,1889.2396930982072,1.4107339682539077
N1-F19-2-1BS,桁架码垛,自动分拣N51,1889.2396930982072,1890.4096930982073,1.1700000000000728
N1-F33-1B1K-1P,分拣,自动分拣N51,1890.4096930982073,1891.9896930982072,1.5799999999999272
N1-F33-1B1K-1P,自动打磨,自动打磨N51,1891.9896930982072,1894.7908381775724,2.801145079365142
N1-F33-1B1K-1P,桁架码垛,自动分拣N51,1894.7908381775724,1895.9608381775724,1.1700000000000728
N1-F32-2B1-1P,分拣,自动分拣N51,1895.9608381775724,1897.5408381775724,1.5799999999999272
N1-F32-2B1-1P,自动打磨,自动打磨N51,1897.5408381775724,1899.3701894474136,1.8293512698412542
N1-F32-2B1-1P,桁架码垛,自动分拣N51,1899.3701894474136,1900.5401894474137,1.1700000000000728
N1-F26-3B1S-1S,分拣,自动分拣N51,1900.5401894474137,1902.1201894474136,1.5799999999999272
N1-F26-3B1S-1S,自动打磨,自动打磨N51,1902.1201894474136,1905.5335246855088,3.4133352380952147
N1-F26-3B1S-1S,桁架码垛,自动分拣N51,1905.5335246855088,1906.703524685509,1.1700000000000728
N1-F28-4B1S-1S,分拣,自动分拣N51,1906.703524685509,1908.2835246855088,1.5799999999999272
N1-F28-4B1S-1S,自动打磨,自动打磨N51,1908.2835246855088,1909.9063554791596,1.6228307936507917
N1-F28-4B1S-1S,桁架码垛,自动分拣N51,1909.9063554791596,1911.0763554791597,1.1700000000000728
N1-AG-3-1P,分拣,自动分拣N51,1911.0763554791597,1912.6563554791596,1.5799999999999272
N1-AG-3-1P,自动打磨,自动打磨N51,1912.6563554791596,1914.6962680982072,2.039912619047527
N1-AG-3-1P,桁架码垛,自动分拣N51,1914.6962680982072,1915.8662680982072,1.1700000000000728
N1-F17-1B1-1P,分拣,自动分拣N51,1915.8662680982072,1917.4462680982072,1.5799999999999272
N1-F17-1B1-1P,自动打磨,自动打磨N51,1917.4462680982072,1919.725972939477,2.279704841269904
N1-F17-1B1-1P,桁架码垛,自动分拣N51,1919.725972939477,1920.8959729394771,1.1700000000000728
N1-F17-1B1-1S,分拣,自动分拣N51,1920.8959729394771,1922.475972939477,1.5799999999999272
N1-F17-1B1-1S,自动打磨,自动打磨N51,1922.475972939477,1924.755677780747,2.279704841269904
N1-F17-1B1-1S,桁架码垛,自动分拣N51,1924.755677780747,1925.925677780747,1.1700000000000728
N1-F29-4B1P-1P,分拣,自动分拣N51,1925.925677780747,1927.505677780747,1.5799999999999272
N1-F29-4B1P-1P,自动打磨,自动打磨N51,1927.505677780747,1930.8089420664612,3.303264285714249
N1-F29-4B1P-1P,桁架码垛,自动分拣N51,1930.8089420664612,1931.9789420664613,1.1700000000000728
N1-F30-2B1P-1P,分拣,自动分拣N51,1931.9789420664613,1933.5589420664612,1.5799999999999272
N1-F30-2B1P-1P,自动打磨,自动打磨N51,1933.5589420664612,1935.0554402410644,1.4964981746031754
N1-F30-2B1P-1P,桁架码垛,自动分拣N51,1935.0554402410644,1936.2254402410645,1.1700000000000728
N1-F30-4B1P-1P,分拣,自动分拣N51,1936.2254402410645,1937.8054402410644,1.5799999999999272
N1-F30-4B1P-1P,自动打磨,自动打磨N51,1937.8054402410644,1939.623951907731,1.818511666666609
N1-F30-4B1P-1P,桁架码垛,自动分拣N51,1939.623951907731,1940.793951907731,1.1700000000000728
N1-F32-2B1-1S,分拣,自动分拣N51,1940.793951907731,1942.373951907731,1.5799999999999272
N1-F32-2B1-1S,自动打磨,自动打磨N51,1942.373951907731,1944.2033032569373,1.829351349206263
N1-F32-2B1-1S,桁架码垛,自动分拣N51,1944.2033032569373,1945.3733032569373,1.1700000000000728
N1-AG-3-1S,分拣,自动分拣N51,1945.3733032569373,1946.9533032569373,1.5799999999999272
N1-AG-3-1S,自动打磨,自动打磨N51,1946.9533032569373,1948.9932158759848,2.039912619047527
N1-AG-3-1S,桁架码垛,自动分拣N51,1948.9932158759848,1950.1632158759849,1.1700000000000728
N1-F27-4B1S-1S,分拣,自动分拣N51,1950.1632158759849,1951.7432158759848,1.5799999999999272
N1-F27-4B1S-1S,自动打磨,自动打磨N51,1951.7432158759848,1953.5631567490007,1.8199408730158666
N1-F27-4B1S-1S,桁架码垛,自动分拣N51,1953.5631567490007,1954.7331567490007,1.1700000000000728
N1-F33-1B1K-1S,分拣,自动分拣N51,1954.7331567490007,1956.3131567490007,1.5799999999999272
N1-F33-1B1K-1S,自动打磨,自动打磨N51,1956.3131567490007,1959.114302066461,2.8011453174603957
N1-F33-1B1K-1S,桁架码垛,自动分拣N51,1959.114302066461,1960.2843020664611,1.1700000000000728
N1-F21-1B1P-1P,分拣,自动分拣N51,1960.2843020664611,1961.864302066461,1.5799999999999272
N1-F21-1B1P-1P,自动打磨,自动打磨N51,1961.864302066461,1963.4252054791596,1.560903412698508
N1-F21-1B1P-1P,桁架码垛,自动分拣N51,1963.4252054791596,1964.5952054791596,1.1700000000000728
N1-F30-1B1P-1P,分拣,自动分拣N51,1964.5952054791596,1966.1752054791596,1.5799999999999272
N1-F30-1B1P-1P,自动打磨,自动打磨N51,1966.1752054791596,1967.5802061140803,1.4050006349207251
N1-F30-1B1P-1P,桁架码垛,自动分拣N51,1967.5802061140803,1968.7502061140804,1.1700000000000728
N1-F31-1B1P-1P,分拣,自动分拣N51,1968.7502061140804,1970.3302061140803,1.5799999999999272
N1-F31-1B1P-1P,自动打磨,自动打磨N51,1970.3302061140803,1971.9472556378898,1.6170495238095555
N1-F31-1B1P-1P,桁架码垛,自动分拣N51,1971.9472556378898,1973.11725563789,1.1700000000000728
N1-F34-2B1-1S,分拣,自动分拣N51,1973.11725563789,1974.6972556378898,1.5799999999999272
N1-F34-2B1-1S,自动打磨,自动打磨N51,1974.6972556378898,1976.4929782569375,1.7957226190476376
N1-F34-2B1-1S,桁架码垛,自动分拣N51,1976.4929782569375,1977.6629782569375,1.1700000000000728
N1-F35-1B1-1P,分拣,自动分拣N51,1977.6629782569375,1979.2429782569375,1.5799999999999272
N1-F35-1B1-1P,自动打磨,自动打磨N51,1979.2429782569375,1981.0470184156677,1.8040401587302313
N1-F35-1B1-1P,桁架码垛,自动分拣N51,1981.0470184156677,1982.2170184156678,1.1700000000000728
E01S-1244,天车空驶（胎架到原料区）,天车,1862.732624944416,1865.732624944416,3.0
E01S-1244,天车吊运（原料区到胎架）,天车,1865.732624944416,1868.732624944416,3.0
N1-F19-2-1BP,分拣,自动分拣N21,1922.1091337442463,1923.6891337442462,1.5799999999999272
N1-F19-2-1BP,自动打磨,自动打磨N21,1923.6891337442462,1925.0998677918653,1.410734047619144
N1-F19-2-1BP,桁架码垛,自动分拣N21,1925.0998677918653,1926.2698677918654,1.1700000000000728
N1-F30-1SP-2BSP,分拣,自动分拣N21,1926.2698677918654,1927.8498677918653,1.5799999999999272
N1-F30-1SP-2BSP,自动打磨,自动打磨N21,1927.8498677918653,1929.2606017601192,1.4107339682539077
N1-F30-1SP-2BSP,桁架码垛,自动分拣N21,1929.2606017601192,1930.4306017601193,1.1700000000000728
N1-F30-1SP-3BSP,分拣,自动分拣N21,1930.4306017601193,1932.0106017601192,1.5799999999999272
N1-F30-1SP-3BSP,自动打磨,自动打磨N21,1932.0106017601192,1933.4213357283732,1.4107339682539077
N1-F30-1SP-3BSP,桁架码垛,自动分拣N21,1933.4213357283732,1934.5913357283732,1.1700000000000728
N1-F26-4B1P-1P,分拣,自动分拣N21,1934.5913357283732,1936.1713357283732,1.5799999999999272
N1-F26-4B1P-1P,自动打磨,自动打磨N21,1936.1713357283732,1938.2500462839287,2.078710555555517
N1-F26-4B1P-1P,桁架码垛,自动分拣N21,1938.2500462839287,1939.4200462839287,1.1700000000000728
N1-F28-1B1P-1P,分拣,自动分拣N21,1939.4200462839287,1941.0000462839287,1.5799999999999272
N1-F28-1B1P-1P,自动打磨,自动打磨N21,1941.0000462839287,1943.1416242204366,2.141577936507929
N1-F28-1B1P-1P,桁架码垛,自动分拣N21,1943.1416242204366,1944.3116242204367,1.1700000000000728
N1-F28-2B1P-1P,分拣,自动分拣N21,1944.3116242204367,1945.8916242204366,1.5799999999999272
N1-F28-2B1P-1P,自动打磨,自动打磨N21,1945.8916242204366,1948.0870830299605,2.1954588095238705
N1-F28-2B1P-1P,桁架码垛,自动分拣N21,1948.0870830299605,1949.2570830299605,1.1700000000000728
N1-F33-3B1-1P,分拣,自动分拣N21,1949.2570830299605,1950.8370830299605,1.5799999999999272
N1-F33-3B1-1P,自动打磨,自动打磨N21,1950.8370830299605,1953.1746581093255,2.337575079365024
N1-F33-3B1-1P,桁架码垛,自动分拣N21,1953.1746581093255,1954.3446581093256,1.1700000000000728
N1-F28-3B1S-1S,分拣,自动分拣N21,1954.3446581093256,1955.9246581093255,1.5799999999999272
N1-F28-3B1S-1S,自动打磨,自动打磨N21,1955.9246581093255,1958.098671522024,2.174013412698514
N1-F28-3B1S-1S,桁架码垛,自动分拣N21,1958.098671522024,1959.268671522024,1.1700000000000728
N1-F33-3B1-1S,分拣,自动分拣N21,1959.268671522024,1960.848671522024,1.5799999999999272
N1-F33-3B1-1S,自动打磨,自动打磨N21,1960.848671522024,1963.1862467601193,2.337575238095269
N1-F33-3B1-1S,桁架码垛,自动分拣N21,1963.1862467601193,1964.3562467601193,1.1700000000000728
N1-F22-1B1-1P,分拣,自动分拣N21,1964.3562467601193,1965.9362467601193,1.5799999999999272
N1-F22-1B1-1P,自动打磨,自动打磨N21,1965.9362467601193,1968.4956761251985,2.559429365079268
N1-F22-1B1-1P,桁架码垛,自动分拣N21,1968.4956761251985,1969.6656761251986,1.1700000000000728
N1-F20-3B1S-1S,分拣,自动分拣N21,1969.6656761251986,1971.2456761251985,1.5799999999999272
N1-F20-3B1S-1S,自动打磨,自动打磨N21,1971.2456761251985,1973.5384677125,2.292791587301508
N1-F20-3B1S-1S,桁架码垛,自动分拣N21,1973.5384677125,1974.7084677125001,1.1700000000000728
N1-F21-2B1S-1S,分拣,自动分拣N21,1974.7084677125001,1976.2884677125,1.5799999999999272
N1-F21-2B1S-1S,自动打磨,自动打磨N21,1976.2884677125,1978.442476680754,2.1540089682539474
N1-F21-2B1S-1S,桁架码垛,自动分拣N21,1978.442476680754,1979.612476680754,1.1700000000000728
N1-F22-1B1-1S,分拣,自动分拣N21,1979.612476680754,1981.192476680754,1.5799999999999272
N1-F22-1B1-1S,自动打磨,自动打磨N21,1981.192476680754,1983.7519059664683,2.559429285714259
N1-F22-1B1-1S,桁架码垛,自动分拣N21,1983.7519059664683,1984.9219059664683,1.1700000000000728
N1-F27-2B1S-1S,分拣,自动分拣N21,1984.9219059664683,1986.5019059664683,1.5799999999999272
N1-F27-2B1S-1S,自动打磨,自动打磨N21,1986.5019059664683,1988.3296911251985,1.8277851587301939
N1-F27-2B1S-1S,桁架码垛,自动分拣N21,1988.3296911251985,1989.4996911251985,1.1700000000000728
N1-LG32-1B1-1P,分拣,自动分拣N21,1989.4996911251985,1991.0796911251985,1.5799999999999272
N1-LG32-1B1-1P,自动打磨,自动打磨N21,1991.0796911251985,1993.5913190617064,2.511627936507921
N1-LG32-1B1-1P,桁架码垛,自动分拣N21,1993.5913190617064,1994.7613190617064,1.1700000000000728
N1-LG32-1B1-1S,分拣,自动分拣N21,1994.7613190617064,1996.3413190617064,1.5799999999999272
N1-LG32-1B1-1S,自动打磨,自动打磨N21,1996.3413190617064,1998.8529469982143,2.511627936507921
N1-LG32-1B1-1S,桁架码垛,自动分拣N21,1998.8529469982143,2000.0229469982144,1.1700000000000728
N1-F34-1B1-1P,分拣,自动分拣N21,2000.0229469982144,2001.6029469982143,1.5799999999999272
N1-F34-1B1-1P,自动打磨,自动打磨N21,2001.6029469982143,2003.4137529505952,1.8108059523808606
N1-F34-1B1-1P,桁架码垛,自动分拣N21,2003.4137529505952,2004.5837529505952,1.1700000000000728
N1-F34-1B1-1S,分拣,自动分拣N21,2004.5837529505952,2006.1637529505952,1.5799999999999272
N1-F34-1B1-1S,自动打磨,自动打磨N21,2006.1637529505952,2007.9746669982142,1.8109140476190078
N1-F34-1B1-1S,桁架码垛,自动分拣N21,2007.9746669982142,2009.1446669982142,1.1700000000000728
N1-F34-2B1-1P,分拣,自动分拣N21,2009.1446669982142,2010.7246669982142,1.5799999999999272
N1-F34-2B1-1P,自动打磨,自动打磨N21,2010.7246669982142,2012.520389775992,1.7957227777778826
N1-F34-2B1-1P,桁架码垛,自动分拣N21,2012.520389775992,2013.6903897759921,1.1700000000000728
N1-F35-1B1-1S,分拣,自动分拣N21,2013.6903897759921,2015.270389775992,1.5799999999999272
N1-F35-1B1-1S,自动打磨,自动打磨N21,2015.270389775992,2017.0744300140873,1.80404023809524
N1-F35-1B1-1S,桁架码垛,自动分拣N21,2017.0744300140873,2018.2444300140874,1.1700000000000728
E01S-1229,天车空驶（胎架到原料区）,天车,1880.2489591299534,1883.2489591299534,3.0
E01S-1229,天车吊运（原料区到胎架）,天车,1883.2489591299534,1886.2489591299534,3.0
N1-CG-2KS-1S,自由边打磨,人工打磨N51,1958.5563833970612,1959.325846320138,0.7694629230768442
N1-CG-1KP-1P,自由边打磨,人工打磨N51,1959.325846320138,1960.0991857560355,0.7733394358974692
N1-F33-1SP-1BSP,分拣,自动分拣N51,1982.2170184156678,1983.7970184156677,1.5799999999999272
N1-F33-1SP-1BSP,自动打磨,自动打磨N51,1983.7970184156677,1985.987853812493,2.1908353968253778
N1-F33-1SP-1BSP,桁架码垛,自动分拣N51,1985.987853812493,1987.1578538124932,1.1700000000000728
N1-F33-1SP-2BSP,分拣,自动分拣N51,1987.1578538124932,1988.737853812493,1.5799999999999272
N1-F33-1SP-2BSP,自动打磨,自动打磨N51,1988.737853812493,1990.9271605585247,2.1893067460316615
N1-F33-1SP-2BSP,桁架码垛,自动分拣N51,1990.9271605585247,1992.0971605585248,1.1700000000000728
N1-F33-1SP-3BSP,分拣,自动分拣N51,1992.0971605585248,1993.6771605585247,1.5799999999999272
N1-F33-1SP-3BSP,自动打磨,自动打磨N51,1993.6771605585247,1995.8664673839216,2.1893068253968977
N1-F33-1SP-3BSP,桁架码垛,自动分拣N51,1995.8664673839216,1997.0364673839217,1.1700000000000728
N1-F33-1SP-4BSP,分拣,自动分拣N51,1997.0364673839217,1998.6164673839216,1.5799999999999272
N1-F33-1SP-4BSP,自动打磨,自动打磨N51,1998.6164673839216,2000.899364685509,2.2828973015873544
N1-F33-1SP-4BSP,桁架码垛,自动分拣N51,2000.899364685509,2002.069364685509,1.1700000000000728
N1-F33-1SP-5BSP,分拣,自动分拣N51,2002.069364685509,2003.649364685509,1.5799999999999272
N1-F33-1SP-5BSP,自动打磨,自动打磨N51,2003.649364685509,2005.932261669636,2.282896984127092
N1-F33-1SP-5BSP,桁架码垛,自动分拣N51,2005.932261669636,2007.1022616696362,1.1700000000000728
N1-F33-1SP-6BSP,分拣,自动分拣N51,2007.1022616696362,2008.682261669636,1.5799999999999272
N1-F33-1SP-6BSP,自动打磨,自动打磨N51,2008.682261669636,2011.1422704791598,2.4600088095237425
N1-F33-1SP-6BSP,桁架码垛,自动分拣N51,2011.1422704791598,2012.31227047916,1.1700000000000728
N1-F36-1P-1BP,分拣,自动分拣N51,2012.31227047916,2013.8922704791598,1.5799999999999272
N1-F36-1P-1BP,自动打磨,自动打磨N51,2013.8922704791598,2016.3423879394772,2.450117460317415
N1-F36-1P-1BP,桁架码垛,自动分拣N51,2016.3423879394772,2017.5123879394773,1.1700000000000728
N1-F36-1P-3BP,分拣,自动分拣N51,2017.5123879394773,2019.0923879394772,1.5799999999999272
N1-F36-1P-3BP,自动打磨,自动打磨N51,2019.0923879394772,2021.54250563789,2.4501176984126687
N1-F36-1P-3BP,桁架码垛,自动分拣N51,2021.54250563789,2022.71250563789,1.1700000000000728
N1-F36-1P-6BP,分拣,自动分拣N51,2022.71250563789,2024.29250563789,1.5799999999999272
N1-F36-1P-6BP,自动打磨,自动打磨N51,2024.29250563789,2026.752514526779,2.4600088888889786
N1-F36-1P-6BP,桁架码垛,自动分拣N51,2026.752514526779,2027.922514526779,1.1700000000000728
N1-F36-2S-5BS,分拣,自动分拣N51,2027.922514526779,2029.502514526779,1.5799999999999272
N1-F36-2S-5BS,自动打磨,自动打磨N51,2029.502514526779,2032.1977958759853,2.695281349206425
N1-F36-2S-5BS,桁架码垛,自动分拣N51,2032.1977958759853,2033.3677958759854,1.1700000000000728
N1-F36-1P/C1P,分拣,自动分拣N51,2033.3677958759854,2034.9477958759853,1.5799999999999272
N1-F36-1P/C1P,自动打磨,自动打磨N51,2034.9477958759853,2037.6430772251917,2.695281349206425
N1-F36-1P/C1P,桁架码垛,自动分拣N51,2037.6430772251917,2038.8130772251918,1.1700000000000728
N1-F36-1P/C2P,分拣,自动分拣N51,2038.8130772251918,2040.3930772251917,1.5799999999999272
N1-F36-1P/C2P,自动打磨,自动打磨N51,2040.3930772251917,2042.666954447414,2.273877222222154
N1-F36-1P/C2P,桁架码垛,自动分拣N51,2042.666954447414,2043.836954447414,1.1700000000000728
E01S-1229切割后的大件,天车吊运（胎架到成品区）,天车,1960.0991857560355,1965.0991857560355,5.0
E01S-1204,天车空驶（胎架到原料区）,天车,1911.1091337442463,1919.1091337442463,8.0
E01S-1204,天车吊运（原料区到胎架）,天车,1919.1091337442463,1922.1091337442463,3.0
N1-LG3-1-1P,自由边打磨,人工打磨N21,2000.9095419688128,2001.1749393021462,0.2653973333333397
N1-LG3-1-1S,自由边打磨,人工打磨N21,2001.1749393021462,2001.4403366354795,0.2653973333333397
E01S-1204切割后的大件,天车吊运（胎架到坡口区）,天车,2001.4403366354795,2004.4403366354795,3.0
N1-LG3-1-1P,人工坡口,人工坡口1,2004.4403366354795,2042.2667086354795,37.82637199999999
N1-LG3-1-1S,人工坡口,人工坡口1,2042.2667086354795,2080.0930806354795,37.82637199999999
E01S-1204切割后的大件,天车吊运（坡口区到成品区）,天车,2080.0930806354795,2085.0930806354795,5.0
E01S-1226,天车空驶（胎架到原料区）,天车,1947.5563833970612,1955.5563833970612,8.0
E01S-1226,天车吊运（原料区到胎架）,天车,1955.5563833970612,1958.5563833970612,3.0
N1-F19-1SP-1BSP,分拣,自动分拣N51,2056.374074669943,2057.954074669943,1.5799999999999272
N1-F19-1SP-1BSP,自动打磨,自动打磨N51,2057.954074669943,2058.954074669943,1.0
N1-F19-1SP-1BSP,桁架码垛,自动分拣N51,2058.954074669943,2060.124074669943,1.1700000000000728
N1-F34-1-1P,分拣,自动分拣N51,2060.124074669943,2061.704074669943,1.5799999999999272
N1-F34-1-1P,自动打磨,自动打磨N51,2061.704074669943,2064.2349471302605,2.5308724603173687
N1-F34-1-1P,桁架码垛,自动分拣N51,2064.2349471302605,2065.4049471302606,1.1700000000000728
N1-F34-1-2P,分拣,自动分拣N51,2065.4049471302606,2066.9849471302605,1.5799999999999272
N1-F34-1-2P,自动打磨,自动打磨N51,2066.9849471302605,2069.515819511213,2.5308723809525873
N1-F34-1-2P,桁架码垛,自动分拣N51,2069.515819511213,2070.685819511213,1.1700000000000728
N1-F35-1-1P,分拣,自动分拣N51,2070.685819511213,2072.265819511213,1.5799999999999272
N1-F35-1-1P,自动打磨,自动打磨N51,2072.265819511213,2073.6380432413716,1.3722237301585665
N1-F35-1-1P,桁架码垛,自动分拣N51,2073.6380432413716,2074.8080432413717,1.1700000000000728
N1-F35-1-2P,分拣,自动分拣N51,2074.8080432413717,2076.3880432413716,1.5799999999999272
N1-F35-1-2P,自动打磨,自动打磨N51,2076.3880432413716,2077.7585355429587,1.3704923015870918
N1-F35-1-2P,桁架码垛,自动分拣N51,2077.7585355429587,2078.928535542959,1.1700000000000728
N1-F34-1-1S,分拣,自动分拣N51,2078.928535542959,2080.5085355429587,1.5799999999999272
N1-F34-1-1S,自动打磨,自动打磨N51,2080.5085355429587,2083.039407844546,2.530872301587351
N1-F34-1-1S,桁架码垛,自动分拣N51,2083.039407844546,2084.209407844546,1.1700000000000728
N1-F34-1-2S,分拣,自动分拣N51,2084.209407844546,2085.789407844546,1.5799999999999272
N1-F34-1-2S,自动打磨,自动打磨N51,2085.789407844546,2087.1599000667684,1.3704922222223104
N1-F34-1-2S,桁架码垛,自动分拣N51,2087.1599000667684,2088.3299000667685,1.1700000000000728
N1-F35-1-1S,分拣,自动分拣N51,2088.3299000667685,2089.9099000667684,1.5799999999999272
N1-F35-1-1S,自动打磨,自动打磨N51,2089.9099000667684,2091.282123796927,1.3722237301585665
N1-F35-1-1S,桁架码垛,自动分拣N51,2091.282123796927,2092.452123796927,1.1700000000000728
N1-F35-1-2S,分拣,自动分拣N51,2092.452123796927,2094.032123796927,1.5799999999999272
N1-F35-1-2S,自动打磨,自动打磨N51,2094.032123796927,2095.032123796927,1.0
N1-F35-1-2S,桁架码垛,自动分拣N51,2095.032123796927,2096.202123796927,1.1700000000000728
N1-F30-1SP-1BSP,分拣,自动分拣N51,2096.202123796927,2097.782123796927,1.5799999999999272
N1-F30-1SP-1BSP,自动打磨,自动打磨N51,2097.782123796927,2099.551401892165,1.7692780952379508
N1-F30-1SP-1BSP,桁架码垛,自动分拣N51,2099.551401892165,2100.721401892165,1.1700000000000728
E01S-1226切割后的大件,天车吊运（胎架到成品区）,天车,2056.374074669943,2061.374074669943,5.0
E01S-1203,天车空驶（胎架到原料区）,天车,1989.9095419688128,1997.9095419688128,8.0
E01S-1203,天车吊运（原料区到胎架）,天车,1997.9095419688128,2000.9095419688128,3.0
N1-LG1-2-10BP,分拣,自动分拣N21,2100.5758143656935,2102.1558143656935,1.5799999999999272
N1-LG1-2-10BP,自动打磨,自动打磨N21,2102.1558143656935,2104.327728730773,2.171914365079374
N1-LG1-2-10BP,桁架码垛,自动分拣N21,2104.327728730773,2105.497728730773,1.1700000000000728
N1-LG1-2-10BS,分拣,自动分拣N21,2105.497728730773,2107.077728730773,1.5799999999999272
N1-LG1-2-10BS,自动打磨,自动打磨N21,2107.077728730773,2108.614956984741,1.537228253968351
N1-LG1-2-10BS,桁架码垛,自动分拣N21,2108.614956984741,2109.7849569847413,1.1700000000000728
N1-LG1-2-1BP,分拣,自动分拣N21,2109.7849569847413,2111.364956984741,1.5799999999999272
N1-LG1-2-1BP,自动打磨,自动打磨N21,2111.364956984741,2112.888274048233,1.5233170634919588
N1-LG1-2-1BP,桁架码垛,自动分拣N21,2112.888274048233,2114.058274048233,1.1700000000000728
N1-LG1-2-1BS,分拣,自动分拣N21,2114.058274048233,2115.058274048233,1.0
N1-LG1-2-2BP,分拣,自动分拣N21,2115.058274048233,2116.058274048233,1.0
N1-LG1-2-2BS,分拣,自动分拣N21,2116.058274048233,2117.058274048233,1.0
N1-LG1-2-3BP,分拣,自动分拣N21,2117.058274048233,2118.638274048233,1.5799999999999272
N1-LG1-2-3BP,自动打磨,自动打磨N21,2118.638274048233,2120.1615902387093,1.52331619047618
N1-LG1-2-3BP,桁架码垛,自动分拣N21,2120.1615902387093,2121.3315902387094,1.1700000000000728
N1-LG1-2-3BS,分拣,自动分拣N21,2121.3315902387094,2122.9115902387093,1.5799999999999272
N1-LG1-2-3BS,自动打磨,自动打磨N21,2122.9115902387093,2124.4462501593443,1.534659920635022
N1-LG1-2-3BS,桁架码垛,自动分拣N21,2124.4462501593443,2125.6162501593444,1.1700000000000728
N1-LG1-2-4BP,分拣,自动分拣N21,2125.6162501593444,2127.1962501593443,1.5799999999999272
N1-LG1-2-4BP,自动打磨,自动打磨N21,2127.1962501593443,2129.223308095852,2.0270579365078447
N1-LG1-2-4BP,桁架码垛,自动分拣N21,2129.223308095852,2130.3933080958523,1.1700000000000728
N1-LG1-2-4BS,分拣,自动分拣N21,2130.3933080958523,2131.973308095852,1.5799999999999272
N1-LG1-2-4BS,自动打磨,自动打磨N21,2131.973308095852,2134.0117084133126,2.0384003174604004
N1-LG1-2-4BS,桁架码垛,自动分拣N21,2134.0117084133126,2135.1817084133127,1.1700000000000728
N1-LG1-2-5BP,分拣,自动分拣N21,2135.1817084133127,2136.7617084133126,1.5799999999999272
N1-LG1-2-5BP,自动打磨,自动打磨N21,2136.7617084133126,2138.7887663498204,2.0270579365078447
N1-LG1-2-5BP,桁架码垛,自动分拣N21,2138.7887663498204,2139.9587663498205,1.1700000000000728
N1-LG1-2-5BS,分拣,自动分拣N21,2139.9587663498205,2141.5387663498204,1.5799999999999272
N1-LG1-2-5BS,自动打磨,自动打磨N21,2141.5387663498204,2143.577166826011,2.038400476190418
N1-LG1-2-5BS,桁架码垛,自动分拣N21,2143.577166826011,2144.747166826011,1.1700000000000728
N1-LG1-2-6BP,分拣,自动分拣N21,2144.747166826011,2146.327166826011,1.5799999999999272
N1-LG1-2-6BP,自动打磨,自动打磨N21,2146.327166826011,2149.933507064106,3.606340238095072
N1-LG1-2-6BP,桁架码垛,自动分拣N21,2149.933507064106,2151.103507064106,1.1700000000000728
N1-LG1-2-6BS,分拣,自动分拣N21,2151.103507064106,2152.683507064106,1.5799999999999272
N1-LG1-2-6BS,自动打磨,自动打磨N21,2152.683507064106,2153.894022937122,1.2105158730159928
N1-LG1-2-6BS,桁架码垛,自动分拣N21,2153.894022937122,2155.064022937122,1.1700000000000728
N1-LG1-2-7BP,分拣,自动分拣N21,2155.064022937122,2156.644022937122,1.5799999999999272
N1-LG1-2-7BP,自动打磨,自动打磨N21,2156.644022937122,2159.338695000614,2.6946720634919075
N1-LG1-2-7BP,桁架码垛,自动分拣N21,2159.338695000614,2160.508695000614,1.1700000000000728
N1-LG1-2-7BS,分拣,自动分拣N21,2160.508695000614,2162.088695000614,1.5799999999999272
N1-LG1-2-7BS,自动打磨,自动打磨N21,2162.088695000614,2164.1157529371217,2.0270579365078447
N1-LG1-2-7BS,桁架码垛,自动分拣N21,2164.1157529371217,2165.2857529371217,1.1700000000000728
N1-LG1-2-8BP,分拣,自动分拣N21,2165.2857529371217,2166.8657529371217,1.5799999999999272
N1-LG1-2-8BP,自动打磨,自动打磨N21,2166.8657529371217,2168.8928108736295,2.0270579365078447
N1-LG1-2-8BP,桁架码垛,自动分拣N21,2168.8928108736295,2170.0628108736296,1.1700000000000728
N1-LG1-2-8BS,分拣,自动分拣N21,2170.0628108736296,2171.6428108736295,1.5799999999999272
N1-LG1-2-8BS,自动打磨,自动打磨N21,2171.6428108736295,2173.576740476804,1.9339296031744198
N1-LG1-2-8BS,桁架码垛,自动分拣N21,2173.576740476804,2174.746740476804,1.1700000000000728
N1-LG1-2-9BP,分拣,自动分拣N21,2174.746740476804,2176.326740476804,1.5799999999999272
N1-LG1-2-9BP,自动打磨,自动打磨N21,2176.326740476804,2178.2606700006136,1.9339295238096383
N1-LG1-2-9BP,桁架码垛,自动分拣N21,2178.2606700006136,2179.4306700006136,1.1700000000000728
N1-LG1-2-9BS,分拣,自动分拣N21,2179.4306700006136,2181.0106700006136,1.5799999999999272
N1-LG1-2-9BS,自动打磨,自动打磨N21,2181.0106700006136,2182.8384551593435,1.8277851587299665
N1-LG1-2-9BS,桁架码垛,自动分拣N21,2182.8384551593435,2184.0084551593436,1.1700000000000728
N1-F21-7S-1S,自由边打磨,人工打磨N21,2100.5758143656935,2100.841211750309,0.26539738461542584
N1-DB-1SP-3SP,自由边打磨,人工打磨N21,2100.841211750309,2101.598448724668,0.7572369743588752
N1-F31-2B1S-1S,分拣,自动分拣N21,2184.0084551593436,2185.5884551593435,1.5799999999999272
N1-F31-2B1S-1S,自动打磨,自动打磨N21,2185.5884551593435,2188.2110034133116,2.6225482539680343
N1-F31-2B1S-1S,桁架码垛,自动分拣N21,2188.2110034133116,2189.3810034133116,1.1700000000000728
N1-ST-3-2S,分拣,自动分拣N21,2189.3810034133116,2190.9610034133116,1.5799999999999272
N1-ST-3-2S,自动打磨,自动打磨N21,2190.9610034133116,2193.039713968867,2.078710555555517
N1-ST-3-2S,桁架码垛,自动分拣N21,2193.039713968867,2194.209713968867,1.1700000000000728
N1-ST1-1B1S-1S,分拣,自动分拣N21,2194.209713968867,2195.789713968867,1.5799999999999272
N1-ST1-1B1S-1S,自动打磨,自动打磨N21,2195.789713968867,2198.4122621434703,2.622548174603253
N1-ST1-1B1S-1S,桁架码垛,自动分拣N21,2198.4122621434703,2199.5822621434704,1.1700000000000728
N1-ST2-1B1S-1S,分拣,自动分拣N21,2199.5822621434704,2200.5822621434704,1.0
E01S-1203切割后的大件,天车吊运（胎架到成品区）,天车,2100.841211750309,2105.841211750309,5.0
E01S-1203切割后的大件,天车空驶（成品区到胎架）,天车,2105.841211750309,2110.841211750309,5.0
E01S-1203切割后的大件,天车吊运（胎架到坡口区）,天车,2110.841211750309,2113.841211750309,3.0
N1-DB-1SP-3SP,人工坡口,人工坡口1,2113.841211750309,2200.362451750309,86.52124000000003
E01S-1203切割后的大件,天车吊运（坡口区到成品区）,天车,2200.362451750309,2205.362451750309,5.0
E01S-1206,天车空驶（胎架到原料区）,天车,2045.3740746699432,2053.374074669943,8.0
E01S-1206,天车吊运（原料区到胎架）,天车,2053.374074669943,2056.374074669943,3.0
N1-LG2-2P-1P,自由边打磨,人工打磨N51,2163.372118660811,2163.886277994144,0.5141593333332821
N1-LG2-4S-1S,自由边打磨,人工打磨N51,2163.886277994144,2164.4058116864517,0.5195336923075047
E01S-1206切割后的大件,天车吊运（胎架到坡口区）,天车,2164.4058116864517,2167.4058116864517,3.0
N1-LG2-2P-1P,人工坡口,人工坡口1,2200.362451750309,2269.458623750309,69.09617200000002
N1-LG2-4S-1S,人工坡口,人工坡口1,2269.458623750309,2372.377355750309,102.91873200000009
E01S-1206切割后的大件,天车吊运（坡口区到成品区）,天车,2372.377355750309,2377.377355750309,5.0
E01S-1240,天车空驶（胎架到原料区）,天车,2089.5758143656935,2097.5758143656935,8.0
E01S-1240,天车吊运（原料区到胎架）,天车,2097.5758143656935,2100.5758143656935,3.0
N1-F18-3-1P,分拣,自动分拣N21,2221.0519303306196,2222.6319303306195,1.5799999999999272
N1-F18-3-1P,自动打磨,自动打磨N21,2222.6319303306195,2224.1559567591908,1.5240264285712328
N1-F18-3-1P,桁架码垛,自动分拣N21,2224.1559567591908,2225.325956759191,1.1700000000000728
N1-F18-3-1S,分拣,自动分拣N21,2225.325956759191,2226.9059567591908,1.5799999999999272
N1-F18-3-1S,自动打磨,自动打磨N21,2226.9059567591908,2228.35725112427,1.4512943650793204
N1-F18-3-1S,桁架码垛,自动分拣N21,2228.35725112427,2229.52725112427,1.1700000000000728
N1-F32-2-1P,分拣,自动分拣N21,2229.52725112427,2231.10725112427,1.5799999999999272
N1-F32-2-1P,自动打磨,自动打磨N21,2231.10725112427,2233.124201838556,2.01695071428594
N1-F32-2-1P,桁架码垛,自动分拣N21,2233.124201838556,2234.294201838556,1.1700000000000728
N1-F31-7S-1S,分拣,自动分拣N21,2234.294201838556,2235.874201838556,1.5799999999999272
N1-F31-7S-1S,自动打磨,自动打磨N21,2235.874201838556,2237.9836013623653,2.1093995238093157
N1-F31-7S-1S,桁架码垛,自动分拣N21,2237.9836013623653,2239.1536013623654,1.1700000000000728
N1-F32-2-1S,分拣,自动分拣N21,2239.1536013623654,2240.7336013623653,1.5799999999999272
N1-F32-2-1S,自动打磨,自动打磨N21,2240.7336013623653,2242.7505520766513,2.01695071428594
N1-F32-2-1S,桁架码垛,自动分拣N21,2242.7505520766513,2243.9205520766513,1.1700000000000728
N1-F31-1P-2P,自由边打磨,人工打磨N21,2221.0519303306196,2221.343535920363,0.2916055897435399
N1-F31-2P-1P,自由边打磨,人工打磨N21,2221.343535920363,2221.6351415101067,0.2916055897435399
N1-F31-3-1P,分拣,自动分拣N21,2243.9205520766513,2245.5005520766513,1.5799999999999272
N1-F31-3-1P,自动打磨,自动打磨N21,2245.5005520766513,2246.9518464417306,1.4512943650793204
N1-F31-3-1P,桁架码垛,自动分拣N21,2246.9518464417306,2248.1218464417307,1.1700000000000728
N1-F32-5-1P,分拣,自动分拣N21,2248.1218464417307,2249.7018464417306,1.5799999999999272
N1-F32-5-1P,自动打磨,自动打磨N21,2249.7018464417306,2251.5389081877624,1.83706174603185
N1-F32-5-1P,桁架码垛,自动分拣N21,2251.5389081877624,2252.7089081877625,1.1700000000000728
N1-F31-3-1S,分拣,自动分拣N21,2252.7089081877625,2254.2889081877624,1.5799999999999272
N1-F31-3-1S,自动打磨,自动打磨N21,2254.2889081877624,2256.48370564808,2.194797460317659
N1-F31-3-1S,桁架码垛,自动分拣N21,2256.48370564808,2257.65370564808,1.1700000000000728
N1-F31-6S-1S,自由边打磨,人工打磨N21,2221.6351415101067,2222.3519843819017,0.7168428717950519
N1-F32-5-1S,分拣,自动分拣N21,2257.65370564808,2259.23370564808,1.5799999999999272
N1-F32-5-1S,自动打磨,自动打磨N21,2259.23370564808,2261.0707674734767,1.8370618253966313
N1-F32-5-1S,桁架码垛,自动分拣N21,2261.0707674734767,2262.240767473477,1.1700000000000728
N1-ST-1-1P,分拣,自动分拣N21,2262.240767473477,2263.8207674734767,1.5799999999999272
N1-ST-1-1P,自动打磨,自动打磨N21,2263.8207674734767,2265.6466521560164,1.8258846825397086
N1-ST-1-1P,桁架码垛,自动分拣N21,2265.6466521560164,2266.8166521560165,1.1700000000000728
N1-ST-1-1S,分拣,自动分拣N21,2266.8166521560165,2268.3966521560164,1.5799999999999272
N1-ST-1-1S,自动打磨,自动打磨N21,2268.3966521560164,2270.222536838556,1.8258846825397086
N1-ST-1-1S,桁架码垛,自动分拣N21,2270.222536838556,2271.392536838556,1.1700000000000728
N1-ST-2-1P,分拣,自动分拣N21,2271.392536838556,2272.972536838556,1.5799999999999272
N1-ST-2-1P,自动打磨,自动打磨N21,2272.972536838556,2275.167334298874,2.194797460317659
N1-ST-2-1P,桁架码垛,自动分拣N21,2275.167334298874,2276.337334298874,1.1700000000000728
N1-ST-2-1S,分拣,自动分拣N21,2276.337334298874,2277.917334298874,1.5799999999999272
N1-ST-2-1S,自动打磨,自动打磨N21,2277.917334298874,2279.3408660449054,1.4235317460315855
N1-ST-2-1S,桁架码垛,自动分拣N21,2279.3408660449054,2280.5108660449055,1.1700000000000728
E01S-1240切割后的大件,天车吊运（胎架到成品区）,天车,2222.3519843819017,2227.3519843819017,5.0
E01S-1205,天车空驶（胎架到原料区）,天车,2152.372118660811,2160.372118660811,8.0
E01S-1205,天车吊运（原料区到胎架）,天车,2160.372118660811,2163.372118660811,3.0
N1-LG1-2-1P,自由边打磨,人工打磨N51,2327.188984659363,2327.7128900439784,0.5239053846153183
N1-LG1-2-1S,自由边打磨,人工打磨N51,2327.7128900439784,2328.2368652747477,0.5239752307693379
E01S-1205切割后的大件,天车吊运（胎架到坡口区）,天车,2328.2368652747477,2331.2368652747477,3.0
N1-LG1-2-1P,人工坡口,人工坡口1,2372.377355750309,2438.9121717503085,66.53481599999941
N1-LG1-2-1S,人工坡口,人工坡口1,2438.9121717503085,2505.4669877503084,66.55481599999985
E01S-1205切割后的大件,天车吊运（坡口区到成品区）,天车,2505.4669877503084,2510.4669877503084,5.0
E01S-1208,天车空驶（胎架到原料区）,天车,2210.0519303306196,2218.0519303306196,8.0
E01S-1208,天车吊运（原料区到胎架）,天车,2218.0519303306196,2221.0519303306196,3.0
N1-F21-5-1P,分拣,自动分拣N21,2437.2259100315778,2438.8059100315777,1.5799999999999272
N1-F21-5-1P,自动打磨,自动打磨N21,2438.8059100315777,2440.8458226506255,2.0399126190477546
N1-F21-5-1P,桁架至坡口工作站,自动分拣N21,2440.8458226506255,2442.0125226506257,1.166700000000219
N1-F21-5-1S,分拣,自动分拣N21,2442.0125226506257,2443.5925226506256,1.5799999999999272
N1-F21-5-1S,自动打磨,自动打磨N21,2443.5925226506256,2445.8722274918955,2.279704841269904
N1-F21-5-1S,桁架至坡口工作站,自动分拣N21,2445.8722274918955,2447.0389274918957,1.166700000000219
N1-F22-5-1P,分拣,自动分拣N21,2447.0389274918957,2448.6189274918956,1.5799999999999272
N1-F22-5-1P,自动打磨,自动打磨N21,2448.6189274918956,2450.8986323331656,2.279704841269904
N1-F22-5-1P,桁架至坡口工作站,自动分拣N21,2450.8986323331656,2452.0653323331658,1.166700000000219
N1-F22-5-1S,分拣,自动分拣N21,2452.0653323331658,2453.6453323331657,1.5799999999999272
N1-F22-5-1S,自动打磨,自动打磨N21,2453.6453323331657,2455.474683603007,1.8293512698414816
N1-F22-5-1S,桁架至坡口工作站,自动分拣N21,2455.474683603007,2456.6413836030074,1.166700000000219
N1-F23-5-1P,分拣,自动分拣N21,2456.6413836030074,2458.2213836030073,1.5799999999999272
N1-F23-5-1P,自动打磨,自动打磨N21,2458.2213836030073,2460.0507349522136,1.829351349206263
N1-F23-5-1P,桁架至坡口工作站,自动分拣N21,2460.0507349522136,2461.217434952214,1.166700000000219
N1-F23-5-1S,分拣,自动分拣N21,2461.217434952214,2462.7974349522137,1.5799999999999272
N1-F23-5-1S,自动打磨,自动打磨N21,2462.7974349522137,2464.593157571261,1.7957226190474103
N1-F23-5-1S,桁架至坡口工作站,自动分拣N21,2464.593157571261,2465.7598575712614,1.166700000000219
N1-F24-5-1P,分拣,自动分拣N21,2465.7598575712614,2467.3398575712613,1.5799999999999272
N1-F24-5-1P,自动打磨,自动打磨N21,2467.3398575712613,2468.7505915395154,1.410733968254135
N1-F24-5-1P,桁架至坡口工作站,自动分拣N21,2468.7505915395154,2469.9172915395156,1.166700000000219
N1-F24-5-1S,分拣,自动分拣N21,2469.9172915395156,2471.4972915395156,1.5799999999999272
N1-F24-5-1S,自动打磨,自动打磨N21,2471.4972915395156,2473.3013316982456,1.804040158730004
N1-F24-5-1S,桁架至坡口工作站,自动分拣N21,2473.3013316982456,2474.468031698246,1.166700000000219
N1-F25-5-1P,分拣,自动分拣N21,2474.468031698246,2476.0480316982457,1.5799999999999272
N1-F25-5-1P,自动打磨,自动打磨N21,2476.0480316982457,2477.608935110944,1.5609034126982806
N1-F25-5-1P,桁架至坡口工作站,自动分拣N21,2477.608935110944,2478.775635110944,1.166700000000219
N1-F25-5-1S,分拣,自动分拣N21,2478.775635110944,2480.355635110944,1.5799999999999272
N1-F25-5-1S,自动打磨,自动打磨N21,2480.355635110944,2483.7689703490396,3.413335238095442
N1-F25-5-1S,桁架至坡口工作站,自动分拣N21,2483.7689703490396,2484.93567034904,1.166700000000219
N1-F26-5-1P,分拣,自动分拣N21,2484.93567034904,2486.5156703490397,1.5799999999999272
N1-F26-5-1P,自动打磨,自动打磨N21,2486.5156703490397,2488.1385011426905,1.6228307936507917
N1-F26-5-1P,桁架至坡口工作站,自动分拣N21,2488.1385011426905,2489.3052011426907,1.166700000000219
N1-F26-5-1S,分拣,自动分拣N21,2489.3052011426907,2490.8852011426907,1.5799999999999272
N1-F26-5-1S,自动打磨,自动打磨N21,2490.8852011426907,2494.188465428405,3.303264285714249
N1-F26-5-1S,桁架至坡口工作站,自动分拣N21,2494.188465428405,2495.355165428405,1.166700000000219
N1-F27-2-1P,分拣,自动分拣N21,2495.355165428405,2496.935165428405,1.5799999999999272
N1-F27-2-1P,自动打磨,自动打磨N21,2496.935165428405,2498.340166063326,1.4050006349207251
N1-F27-2-1P,桁架至坡口工作站,自动分拣N21,2498.340166063326,2499.506866063326,1.166700000000219
N1-F27-2-1S,分拣,自动分拣N21,2499.506866063326,2501.086866063326,1.5799999999999272
N1-F27-2-1S,自动打磨,自动打磨N21,2501.086866063326,2502.9068069363416,1.8199408730156392
N1-F27-2-1S,桁架至坡口工作站,自动分拣N21,2502.9068069363416,2504.073506936342,1.166700000000219
N1-F28-3-1P,分拣,自动分拣N21,2504.073506936342,2505.6535069363417,1.5799999999999272
N1-F28-3-1P,自动打磨,自动打磨N21,2505.6535069363417,2507.1500051109447,1.496498174602948
N1-F28-3-1P,桁架至坡口工作站,自动分拣N21,2507.1500051109447,2508.316705110945,1.166700000000219
N1-F28-3-1S,分拣,自动分拣N21,2508.316705110945,2509.896705110945,1.5799999999999272
N1-F28-3-1S,自动打磨,自动打磨N21,2509.896705110945,2511.513754634754,1.617049523809328
N1-F28-3-1S,桁架至坡口工作站,自动分拣N21,2511.513754634754,2512.6804546347544,1.166700000000219
N1-F29-3-1P,分拣,自动分拣N21,2512.6804546347544,2514.2604546347543,1.5799999999999272
N1-F29-3-1P,自动打磨,自动打磨N21,2514.2604546347543,2516.078966301421,1.8185116666668364
N1-F29-3-1P,桁架至坡口工作站,自动分拣N21,2516.078966301421,2517.2456663014214,1.166700000000219
N1-F29-3-1S,分拣,自动分拣N21,2517.2456663014214,2518.8256663014213,1.5799999999999272
N1-F29-3-1S,自动打磨,自动打磨N21,2518.8256663014213,2521.6268113807864,2.801145079365142
N1-F29-3-1S,桁架至坡口工作站,自动分拣N21,2521.6268113807864,2522.7935113807866,1.166700000000219
E01S-1219,天车空驶（胎架到原料区）,天车,2321.188984659363,2324.188984659363,3.0
E01S-1219,天车吊运（原料区到胎架）,天车,2324.188984659363,2327.188984659363,3.0
N1-STB-1P-1P,自由边打磨,人工打磨N51,2352.952754476812,2353.276759451171,0.32400497435901343
N1-STB-2S-1S,自由边打磨,人工打磨N51,2353.276759451171,2353.6057609383506,0.32900148717953925
E01S-1219切割后的大件,天车吊运（胎架到成品区）,天车,2353.6057609383506,2358.6057609383506,5.0
E01S-1212,天车空驶（胎架到原料区）,天车,2341.952754476812,2349.952754476812,8.0
E01S-1212,天车吊运（原料区到胎架）,天车,2349.952754476812,2352.952754476812,3.0
E01S-1212切割后的大件,天车吊运（胎架到坡口区）,天车,2384.854348374914,2387.854348374914,3.0
N1-AG-6-1P,人工坡口,人工坡口1,2505.4669877503084,2512.511363750308,7.044375999999829
N1-AG-6-1S,人工坡口,人工坡口1,2512.511363750308,2519.555739750308,7.044375999999829
E01S-1212切割后的大件,天车吊运（坡口区到成品区）,天车,2519.555739750308,2524.555739750308,5.0
E01S-1210,天车空驶（胎架到原料区）,天车,2387.854348374914,2395.854348374914,8.0
E01S-1210,天车吊运（原料区到胎架）,天车,2395.854348374914,2398.854348374914,3.0
E01S-1210切割后的大件,天车吊运（胎架到成品区）,天车,2418.0209006323644,2423.0209006323644,5.0
E01S-1200,天车空驶（胎架到原料区）,天车,2407.0209006323644,2415.0209006323644,8.0
E01S-1200,天车吊运（原料区到胎架）,天车,2415.0209006323644,2418.0209006323644,3.0
N1-F30-3S-1S,分拣,自动分拣N51,2461.6082037073143,2463.188203707314,1.5799999999999272
N1-F30-3S-1S,自动打磨,自动打磨N51,2463.188203707314,2464.545346564457,1.3571428571426623
N1-F30-3S-1S,桁架码垛,自动分拣N51,2464.545346564457,2465.715346564457,1.1700000000000728
N1-DB-1SP-4SP,自由边打磨,人工打磨N51,2461.6082037073143,2462.0913151944937,0.48311148717948527
N1-DB-1SP-6SP,分拣,自动分拣N51,2465.715346564457,2467.295346564457,1.5799999999999272
N1-DB-1SP-6SP,自动打磨,自动打磨N51,2467.295346564457,2468.8300064057266,1.5346598412697858
N1-DB-1SP-6SP,桁架码垛,自动分拣N51,2468.8300064057266,2470.0000064057267,1.1700000000000728
N1-F30-3S-2S,分拣,自动分拣N51,2470.0000064057267,2471.5800064057266,1.5799999999999272
N1-F30-3S-2S,自动打磨,自动打磨N51,2471.5800064057266,2473.3276789454094,1.7476725396827533
N1-F30-3S-2S,桁架码垛,自动分拣N51,2473.3276789454094,2474.4976789454095,1.1700000000000728
E01S-1200切割后的大件,天车吊运（胎架到坡口区）,天车,2462.0913151944937,2465.0913151944937,3.0
N1-DB-1SP-4SP,人工坡口,人工坡口1,2519.555739750308,2538.341363750308,18.785624000000098
E01S-1200切割后的大件,天车吊运（坡口区到成品区）,天车,2538.341363750308,2543.341363750308,5.0
E01S-1221,天车空驶（胎架到原料区）,天车,2426.2259100315778,2434.2259100315778,8.0
E01S-1221,天车吊运（原料区到胎架）,天车,2434.2259100315778,2437.2259100315778,3.0
N1-F20-1P-1P,分拣,自动分拣N21,2555.2969353495528,2556.8769353495527,1.5799999999999272
N1-F20-1P-1P,自动打磨,自动打磨N21,2556.8769353495527,2558.386104397172,1.5091690476192525
N1-F20-1P-1P,桁架码垛,自动分拣N21,2558.386104397172,2559.556104397172,1.1700000000000728
N1-F20-2P-1P,分拣,自动分拣N21,2559.556104397172,2561.136104397172,1.5799999999999272
N1-F20-2P-1P,自动打磨,自动打磨N21,2561.136104397172,2562.645273365426,1.5091689682540164
N1-F20-2P-1P,桁架码垛,自动分拣N21,2562.645273365426,2563.815273365426,1.1700000000000728
N1-F20-3S-1S,分拣,自动分拣N21,2563.815273365426,2565.395273365426,1.5799999999999272
N1-F20-3S-1S,自动打磨,自动打磨N21,2565.395273365426,2566.904442413045,1.5091690476192525
N1-F20-3S-1S,桁架码垛,自动分拣N21,2566.904442413045,2568.0744424130453,1.1700000000000728
N1-F20-4S-1S,分拣,自动分拣N21,2568.0744424130453,2569.654442413045,1.5799999999999272
N1-F20-4S-1S,自动打磨,自动打磨N21,2569.654442413045,2571.1590949527276,1.5046525396824109
N1-F20-4S-1S,桁架码垛,自动分拣N21,2571.1590949527276,2572.3290949527277,1.1700000000000728
N1-F21-1P-1P,分拣,自动分拣N21,2572.3290949527277,2573.9090949527276,1.5799999999999272
N1-F21-1P-1P,自动打磨,自动打磨N21,2573.9090949527276,2575.4137474130453,1.5046524603176294
N1-F21-1P-1P,桁架码垛,自动分拣N21,2575.4137474130453,2576.5837474130453,1.1700000000000728
N1-F21-2P-1P,分拣,自动分拣N21,2576.5837474130453,2578.1637474130453,1.5799999999999272
N1-F21-2P-1P,自动打磨,自动打磨N21,2578.1637474130453,2579.6683999527277,1.5046525396824109
N1-F21-2P-1P,桁架码垛,自动分拣N21,2579.6683999527277,2580.8383999527277,1.1700000000000728
N1-F21-3S-1S,分拣,自动分拣N21,2580.8383999527277,2582.4183999527277,1.5799999999999272
N1-F21-3S-1S,自动打磨,自动打磨N21,2582.4183999527277,2583.9230524130453,1.5046524603176294
N1-F21-3S-1S,桁架码垛,自动分拣N21,2583.9230524130453,2585.0930524130454,1.1700000000000728
N1-F21-4S-1S,分拣,自动分拣N21,2585.0930524130454,2586.6730524130453,1.5799999999999272
N1-F21-4S-1S,自动打磨,自动打磨N21,2586.6730524130453,2588.8915116987596,2.218459285714289
N1-F21-4S-1S,桁架码垛,自动分拣N21,2588.8915116987596,2590.0615116987597,1.1700000000000728
N1-F22-1P-1P,分拣,自动分拣N21,2590.0615116987597,2591.6415116987596,1.5799999999999272
N1-F22-1P-1P,自动打磨,自动打磨N21,2591.6415116987596,2593.859970984474,2.218459285714289
N1-F22-1P-1P,桁架码垛,自动分拣N21,2593.859970984474,2595.029970984474,1.1700000000000728
N1-F22-2P-1P,分拣,自动分拣N21,2595.029970984474,2596.609970984474,1.5799999999999272
N1-F22-2P-1P,自动打磨,自动打磨N21,2596.609970984474,2599.0158705082836,2.405899523809694
N1-F22-2P-1P,桁架码垛,自动分拣N21,2599.0158705082836,2600.1858705082836,1.1700000000000728
N1-F22-3S-1S,分拣,自动分拣N21,2600.1858705082836,2601.7658705082836,1.5799999999999272
N1-F22-3S-1S,自动打磨,自动打磨N21,2601.7658705082836,2604.1717700320933,2.405899523809694
N1-F22-3S-1S,桁架码垛,自动分拣N21,2604.1717700320933,2605.3417700320933,1.1700000000000728
N1-F22-4S-1S,分拣,自动分拣N21,2605.3417700320933,2606.9217700320933,1.5799999999999272
N1-F22-4S-1S,自动打磨,自动打磨N21,2606.9217700320933,2608.7603001114585,1.8385300793652277
N1-F22-4S-1S,桁架码垛,自动分拣N21,2608.7603001114585,2609.9303001114586,1.1700000000000728
N1-F23-1P-1P,分拣,自动分拣N21,2609.9303001114586,2611.5103001114585,1.5799999999999272
N1-F23-1P-1P,自动打磨,自动打磨N21,2611.5103001114585,2613.3488301114585,1.8385299999999916
N1-F23-1P-1P,桁架码垛,自动分拣N21,2613.3488301114585,2614.5188301114586,1.1700000000000728
N1-F23-2P-1P,分拣,自动分拣N21,2614.5188301114586,2616.0988301114585,1.5799999999999272
N1-F23-2P-1P,自动打磨,自动打磨N21,2616.0988301114585,2618.5015184447916,2.402688333333117
N1-F23-2P-1P,桁架码垛,自动分拣N21,2618.5015184447916,2619.6715184447917,1.1700000000000728
N1-F23-3S-1S,分拣,自动分拣N21,2619.6715184447917,2621.2515184447916,1.5799999999999272
N1-F23-3S-1S,自动打磨,自动打磨N21,2621.2515184447916,2623.4302794765376,2.178761031746035
N1-F23-3S-1S,桁架码垛,自动分拣N21,2623.4302794765376,2624.6002794765377,1.1700000000000728
N1-F23-4S-1S,分拣,自动分拣N21,2624.6002794765377,2626.1802794765376,1.5799999999999272
N1-F23-4S-1S,自动打磨,自动打磨N21,2626.1802794765376,2627.4232763812997,1.2429969047620943
N1-F23-4S-1S,桁架码垛,自动分拣N21,2627.4232763812997,2628.5932763813,1.1700000000000728
N1-F24-1P-1P,分拣,自动分拣N21,2628.5932763813,2630.1732763812997,1.5799999999999272
N1-F24-1P-1P,自动打磨,自动打磨N21,2630.1732763812997,2631.4162732066966,1.2429968253968582
N1-F24-1P-1P,桁架码垛,自动分拣N21,2631.4162732066966,2632.5862732066967,1.1700000000000728
N1-F24-2P-1P,分拣,自动分拣N21,2632.5862732066967,2634.1662732066966,1.5799999999999272
N1-F24-2P-1P,自动打磨,自动打磨N21,2634.1662732066966,2636.3762157463793,2.209942539682743
N1-F24-2P-1P,桁架码垛,自动分拣N21,2636.3762157463793,2637.5462157463794,1.1700000000000728
N1-F24-3S-1S,分拣,自动分拣N21,2637.5462157463794,2639.1262157463793,1.5799999999999272
N1-F24-3S-1S,自动打磨,自动打磨N21,2639.1262157463793,2641.336158286062,2.209942539682743
N1-F24-3S-1S,桁架码垛,自动分拣N21,2641.336158286062,2642.506158286062,1.1700000000000728
N1-F24-4S-1S,分拣,自动分拣N21,2642.506158286062,2644.086158286062,1.5799999999999272
N1-F24-4S-1S,自动打磨,自动打磨N21,2644.086158286062,2645.329155111459,1.2429968253968582
N1-F24-4S-1S,桁架码垛,自动分拣N21,2645.329155111459,2646.499155111459,1.1700000000000728
N1-F25-1P-1P,分拣,自动分拣N21,2646.499155111459,2648.079155111459,1.5799999999999272
N1-F25-1P-1P,自动打磨,自动打磨N21,2648.079155111459,2650.2890975717764,2.2099424603175066
N1-F25-1P-1P,桁架码垛,自动分拣N21,2650.2890975717764,2651.4590975717765,1.1700000000000728
N1-F25-2P-1P,分拣,自动分拣N21,2651.4590975717765,2653.0390975717764,1.5799999999999272
N1-F25-2P-1P,自动打磨,自动打磨N21,2653.0390975717764,2654.2820944765385,1.2429969047620943
N1-F25-2P-1P,桁架码垛,自动分拣N21,2654.2820944765385,2655.4520944765386,1.1700000000000728
N1-F25-3S-1S,分拣,自动分拣N21,2655.4520944765386,2657.0320944765385,1.5799999999999272
N1-F25-3S-1S,自动打磨,自动打磨N21,2657.0320944765385,2659.2420370162213,2.209942539682743
N1-F25-3S-1S,桁架码垛,自动分拣N21,2659.2420370162213,2660.4120370162213,1.1700000000000728
N1-F25-4S-1S,分拣,自动分拣N21,2660.4120370162213,2661.9920370162213,1.5799999999999272
N1-F25-4S-1S,自动打磨,自动打磨N21,2661.9920370162213,2663.235033841618,1.2429968253968582
N1-F25-4S-1S,桁架码垛,自动分拣N21,2663.235033841618,2664.405033841618,1.1700000000000728
N1-F26-1P-1P,分拣,自动分拣N21,2664.405033841618,2665.985033841618,1.5799999999999272
N1-F26-1P-1P,自动打磨,自动打磨N21,2665.985033841618,2667.22803074638,1.2429969047620943
N1-F26-1P-1P,桁架码垛,自动分拣N21,2667.22803074638,2668.3980307463803,1.1700000000000728
N1-F26-2P-1P,分拣,自动分拣N21,2668.3980307463803,2669.97803074638,1.5799999999999272
N1-F26-2P-1P,自动打磨,自动打磨N21,2669.97803074638,2672.187973286063,2.209942539682743
N1-F26-2P-1P,桁架码垛,自动分拣N21,2672.187973286063,2673.357973286063,1.1700000000000728
N1-F26-3S-1S,分拣,自动分拣N21,2673.357973286063,2674.937973286063,1.5799999999999272
N1-F26-3S-1S,自动打磨,自动打磨N21,2674.937973286063,2676.180970190825,1.2429969047620943
N1-F26-3S-1S,桁架码垛,自动分拣N21,2676.180970190825,2677.350970190825,1.1700000000000728
N1-F26-4S-1S,分拣,自动分拣N21,2677.350970190825,2678.930970190825,1.5799999999999272
N1-F26-4S-1S,自动打磨,自动打磨N21,2678.930970190825,2681.1409126511426,2.2099424603175066
N1-F26-4S-1S,桁架码垛,自动分拣N21,2681.1409126511426,2682.3109126511426,1.1700000000000728
E01S-1215,天车空驶（胎架到原料区）,天车,2455.6082037073143,2458.6082037073143,3.0
E01S-1215,天车吊运（原料区到胎架）,天车,2458.6082037073143,2461.6082037073143,3.0
N1-F33-2-1P,自由边打磨,人工打磨N51,2588.89086217112,2589.216945299325,0.3260831282050276
N1-F29-5P-1P,自由边打磨,人工打磨N51,2589.216945299325,2589.546487812145,0.3295425128203533
N1-F17-1SP-1SP,自由边打磨,人工打磨N51,2589.546487812145,2590.370077555735,0.8235897435897641
N1-F29-4P-1P,自由边打磨,人工打磨N51,2590.370077555735,2590.532210530094,0.16213297435888308
N1-F31-1P-1P,分拣,自动分拣N51,2588.89086217112,2590.4708621711197,1.5799999999999272
N1-F31-1P-1P,自动打磨,自动打磨N51,2590.4708621711197,2591.972298440961,1.5014362698411787
N1-F31-1P-1P,桁架码垛,自动分拣N51,2591.972298440961,2593.142298440961,1.1700000000000728
N1-F33-2-1S,自由边打磨,人工打磨N51,2590.532210530094,2590.858293658299,0.3260831282050276
N1-F21-6P-1P,自由边打磨,人工打磨N51,2590.858293658299,2591.187836581376,0.32954292307704236
N1-F26-8S-1S,自由边打磨,人工打磨N51,2591.187836581376,2591.511841555735,0.32400497435901343
N1-LG2-5WS-1S,自由边打磨,人工打磨N51,2591.511841555735,2591.673974530094,0.16213297435888308
N1-ST-4-2S,分拣,自动分拣N51,2593.142298440961,2594.722298440961,1.5799999999999272
N1-ST-4-2S,自动打磨,自动打磨N51,2594.722298440961,2595.973218520326,1.2509200793651871
N1-ST-4-2S,桁架码垛,自动分拣N51,2595.973218520326,2597.143218520326,1.1700000000000728
E01S-1215切割后的大件,天车吊运（胎架到成品区）,天车,2591.673974530094,2596.673974530094,5.0
E01S-1225,天车空驶（胎架到原料区）,天车,2544.2969353495528,2552.2969353495528,8.0
E01S-1225,天车吊运（原料区到胎架）,天车,2552.2969353495528,2555.2969353495528,3.0
N1-LG32-2-1P,分拣,自动分拣N21,2682.3109126511426,2683.8909126511426,1.5799999999999272
N1-LG32-2-1P,自动打磨,自动打磨N21,2683.8909126511426,2686.441578762254,2.5506661111112408
N1-LG32-2-1P,桁架码垛,自动分拣N21,2686.441578762254,2687.611578762254,1.1700000000000728
N1-LG32-2-1S,分拣,自动分拣N21,2687.611578762254,2689.191578762254,1.5799999999999272
N1-LG32-2-1S,自动打磨,自动打磨N21,2689.191578762254,2691.722451063841,2.530872301587351
N1-LG32-2-1S,桁架码垛,自动分拣N21,2691.722451063841,2692.8924510638412,1.1700000000000728
N1-BW-2-1P,分拣,自动分拣N21,2692.8924510638412,2694.472451063841,1.5799999999999272
N1-BW-2-1P,自动打磨,自动打磨N21,2694.472451063841,2696.682393603524,2.209942539682743
N1-BW-2-1P,桁架码垛,自动分拣N21,2696.682393603524,2697.852393603524,1.1700000000000728
N1-BW-2-1S,分拣,自动分拣N21,2697.852393603524,2699.432393603524,1.5799999999999272
N1-BW-2-1S,自动打磨,自动打磨N21,2699.432393603524,2701.98305963527,2.5506660317460046
N1-BW-2-1S,桁架码垛,自动分拣N21,2701.98305963527,2703.15305963527,1.1700000000000728
N1-BW-3-1P,分拣,自动分拣N21,2703.15305963527,2704.73305963527,1.5799999999999272
N1-BW-3-1P,自动打磨,自动打磨N21,2704.73305963527,2707.283725746381,2.5506661111112408
N1-BW-3-1P,桁架码垛,自动分拣N21,2707.283725746381,2708.453725746381,1.1700000000000728
N1-BW-3-1S,分拣,自动分拣N21,2708.453725746381,2710.033725746381,1.5799999999999272
N1-BW-3-1S,自动打磨,自动打磨N21,2710.033725746381,2712.5843918574924,2.5506661111112408
N1-BW-3-1S,桁架码垛,自动分拣N21,2712.5843918574924,2713.7543918574925,1.1700000000000728
N1-F35-2-1P,分拣,自动分拣N21,2713.7543918574925,2715.3343918574924,1.5799999999999272
N1-F35-2-1P,自动打磨,自动打磨N21,2715.3343918574924,2717.8850579686036,2.5506661111112408
N1-F35-2-1P,桁架码垛,自动分拣N21,2717.8850579686036,2719.0550579686037,1.1700000000000728
N1-F35-2-1S,分拣,自动分拣N21,2719.0550579686037,2720.6350579686036,1.5799999999999272
N1-F35-2-1S,自动打磨,自动打磨N21,2720.6350579686036,2723.1857240003496,2.5506660317460046
N1-F35-2-1S,桁架码垛,自动分拣N21,2723.1857240003496,2724.3557240003497,1.1700000000000728
N1-F35-2-2P,分拣,自动分拣N21,2724.3557240003497,2725.9357240003496,1.5799999999999272
N1-F35-2-2P,自动打磨,自动打磨N21,2725.9357240003496,2728.486390111461,2.5506661111112408
N1-F35-2-2P,桁架码垛,自动分拣N21,2728.486390111461,2729.656390111461,1.1700000000000728
N1-F35-2-2S,分拣,自动分拣N21,2729.656390111461,2731.236390111461,1.5799999999999272
N1-F35-2-2S,自动打磨,自动打磨N21,2731.236390111461,2733.787056143207,2.5506660317460046
N1-F35-2-2S,桁架码垛,自动分拣N21,2733.787056143207,2734.957056143207,1.1700000000000728
E01S-1233,天车空驶（胎架到原料区）,天车,2582.89086217112,2585.89086217112,3.0
E01S-1233,天车吊运（原料区到胎架）,天车,2585.89086217112,2588.89086217112,3.0
N1-AG-1P-1P,自由边打磨,人工打磨N51,2629.1639364540506,2629.5084485053326,0.34451205128198126
N1-AG-2S-1S,自由边打磨,人工打磨N51,2629.5084485053326,2629.852960607897,0.34451210256429476
E01S-1233切割后的大件,天车吊运（胎架到成品区）,天车,2629.852960607897,2634.852960607897,5.0
E01S-1231,天车空驶（胎架到原料区）,天车,2596.673974530094,2604.673974530094,8.0
E01S-1231,天车吊运（原料区到胎架）,天车,2604.673974530094,2607.673974530094,3.0
N1-F36-3-2BP,分拣,自动分拣N21,2734.957056143207,2736.537056143207,1.5799999999999272
N1-F36-3-2BP,自动打磨,自动打磨N21,2736.537056143207,2738.9555996352706,2.418543492063691
N1-F36-3-2BP,桁架码垛,自动分拣N21,2738.9555996352706,2740.1255996352706,1.1700000000000728
N1-F36-3-2BS,分拣,自动分拣N21,2740.1255996352706,2741.7055996352706,1.5799999999999272
N1-F36-3-2BS,自动打磨,自动打磨N21,2741.7055996352706,2744.136939079715,2.4313394444443475
N1-F36-3-2BS,桁架码垛,自动分拣N21,2744.136939079715,2745.306939079715,1.1700000000000728
N1-F36-3B1-1P,分拣,自动分拣N21,2745.306939079715,2746.886939079715,1.5799999999999272
N1-F36-3B1-1P,自动打磨,自动打磨N21,2746.886939079715,2749.2876463813022,2.4007073015873175
N1-F36-3B1-1P,桁架码垛,自动分拣N21,2749.2876463813022,2750.4576463813023,1.1700000000000728
N1-F36-3B1-1S,分拣,自动分拣N21,2750.4576463813023,2752.0376463813022,1.5799999999999272
N1-F36-3B1-1S,自动打磨,自动打磨N21,2752.0376463813022,2754.438353762255,2.4007073809525536
N1-F36-3B1-1S,桁架码垛,自动分拣N21,2754.438353762255,2755.608353762255,1.1700000000000728
N1-F36-4-1P,自由边打磨,人工打磨N21,2645.091401582734,2645.716382864785,0.624981282051067
N1-F36-4B1W-1P,分拣,自动分拣N21,2755.608353762255,2757.188353762255,1.5799999999999272
N1-F36-4B1W-1P,自动打磨,自动打磨N21,2757.188353762255,2759.462230984477,2.2738772222223815
N1-F36-4B1W-1P,桁架码垛,自动分拣N21,2759.462230984477,2760.6322309844772,1.1700000000000728
N1-F33-1SP-7BSP,分拣,自动分拣N21,2760.6322309844772,2762.212230984477,1.5799999999999272
N1-F33-1SP-7BSP,自动打磨,自动打磨N21,2762.212230984477,2764.655654476541,2.44342349206363
N1-F33-1SP-7BSP,桁架码垛,自动分拣N21,2764.655654476541,2765.825654476541,1.1700000000000728
N1-F36-2S-1BS,分拣,自动分拣N21,2765.825654476541,2767.405654476541,1.5799999999999272
N1-F36-2S-1BS,自动打磨,自动打磨N21,2767.405654476541,2769.5321574924137,2.1265030158729132
N1-F36-2S-1BS,桁架码垛,自动分拣N21,2769.5321574924137,2770.702157492414,1.1700000000000728
N1-F36-2S-4BS,分拣,自动分拣N21,2770.702157492414,2772.2821574924137,1.5799999999999272
N1-F36-2S-4BS,自动打磨,自动打磨N21,2772.2821574924137,2774.408660667017,2.1265031746033856
N1-F36-2S-4BS,桁架码垛,自动分拣N21,2774.408660667017,2775.578660667017,1.1700000000000728
N1-F36-4-1S,自由边打磨,人工打磨N21,2645.716382864785,2646.0697742494003,0.3533913846154064
N1-F36-4B1W-1S,分拣,自动分拣N21,2775.578660667017,2777.158660667017,1.5799999999999272
N1-F36-4B1W-1S,自动打磨,自动打磨N21,2777.158660667017,2779.2849409844775,2.1262803174604414
N1-F36-4B1W-1S,桁架码垛,自动分拣N21,2779.2849409844775,2780.4549409844776,1.1700000000000728
N1-F33-1B1-1P,分拣,自动分拣N21,2780.4549409844776,2782.0349409844775,1.5799999999999272
N1-F33-1B1-1P,自动打磨,自动打磨N21,2782.0349409844775,2784.1614440003505,2.1265030158729132
N1-F33-1B1-1P,桁架码垛,自动分拣N21,2784.1614440003505,2785.3314440003505,1.1700000000000728
N1-F33-1B1-1S,分拣,自动分拣N21,2785.3314440003505,2786.9114440003505,1.5799999999999272
N1-F33-1B1-1S,自动打磨,自动打磨N21,2786.9114440003505,2789.34278336543,2.431339365079566
N1-F33-1B1-1S,桁架码垛,自动分拣N21,2789.34278336543,2790.51278336543,1.1700000000000728
E01S-1231切割后的大件,天车吊运（胎架到坡口区）,天车,2646.0697742494003,2649.0697742494003,3.0
N1-F36-4-1P,人工坡口,人工坡口1,2649.0697742494003,2659.5260342494003,10.45625999999993
N1-F36-4-1S,人工坡口,人工坡口1,2659.5260342494003,2669.9822942494,10.45625999999993
E01S-1231切割后的大件,天车吊运（坡口区到成品区）,天车,2669.9822942494,2674.9822942494,5.0
E01S-1222,天车空驶（胎架到原料区）,天车,2618.1639364540506,2626.1639364540506,8.0
E01S-1222,天车吊运（原料区到胎架）,天车,2626.1639364540506,2629.1639364540506,3.0
N1-F18-1P-1P,分拣,自动分拣N51,2680.3700834033734,2681.9500834033734,1.5799999999999272
N1-F18-1P-1P,自动打磨,自动打磨N51,2681.9500834033734,2684.160025943056,2.209942539682743
N1-F18-1P-1P,桁架码垛,自动分拣N51,2684.160025943056,2685.330025943056,1.1700000000000728
N1-F18-2S-1S,分拣,自动分拣N51,2685.330025943056,2686.910025943056,1.5799999999999272
N1-F18-2S-1S,自动打磨,自动打磨N51,2686.910025943056,2688.153022768453,1.2429968253968582
N1-F18-2S-1S,桁架码垛,自动分拣N51,2688.153022768453,2689.323022768453,1.1700000000000728
N1-ST-3-1P,分拣,自动分拣N51,2689.323022768453,2690.903022768453,1.5799999999999272
N1-ST-3-1P,自动打磨,自动打磨N51,2690.903022768453,2692.146019673215,1.2429969047620943
N1-ST-3-1P,桁架码垛,自动分拣N51,2692.146019673215,2693.316019673215,1.1700000000000728
N1-ST-3-1S,分拣,自动分拣N51,2693.316019673215,2694.896019673215,1.5799999999999272
N1-ST-3-1S,自动打磨,自动打磨N51,2694.896019673215,2697.1059621335326,2.2099424603175066
N1-ST-3-1S,桁架码垛,自动分拣N51,2697.1059621335326,2698.2759621335326,1.1700000000000728
N1-ST-3-2P,分拣,自动分拣N51,2698.2759621335326,2699.8559621335326,1.5799999999999272
N1-ST-3-2P,自动打磨,自动打磨N51,2699.8559621335326,2702.0659046732153,2.209942539682743
N1-ST-3-2P,桁架码垛,自动分拣N51,2702.0659046732153,2703.2359046732154,1.1700000000000728
N1-ST-4-1P,分拣,自动分拣N51,2703.2359046732154,2704.8159046732153,1.5799999999999272
N1-ST-4-1P,自动打磨,自动打磨N51,2704.8159046732153,2706.058901498612,1.2429968253968582
N1-ST-4-1P,桁架码垛,自动分拣N51,2706.058901498612,2707.2289014986122,1.1700000000000728
N1-ST-4-1S,分拣,自动分拣N51,2707.2289014986122,2708.808901498612,1.5799999999999272
N1-ST-4-1S,自动打磨,自动打磨N51,2708.808901498612,2710.0518984033743,1.2429969047620943
N1-ST-4-1S,桁架码垛,自动分拣N51,2710.0518984033743,2711.2218984033743,1.1700000000000728
N1-ST-4-2P,分拣,自动分拣N51,2711.2218984033743,2712.8018984033743,1.5799999999999272
N1-ST-4-2P,自动打磨,自动打磨N51,2712.8018984033743,2715.011840943057,2.209942539682743
N1-ST-4-2P,桁架码垛,自动分拣N51,2715.011840943057,2716.181840943057,1.1700000000000728
E01S-1218,天车空驶（胎架到原料区）,天车,2639.091401582734,2642.091401582734,3.0
E01S-1218,天车吊运（原料区到胎架）,天车,2642.091401582734,2645.091401582734,3.0
N1-F25-7-1P,分拣,自动分拣N21,2790.51278336543,2792.09278336543,1.5799999999999272
N1-F25-7-1P,自动打磨,自动打磨N21,2792.09278336543,2793.594219635271,1.5014362698411787
N1-F25-7-1P,桁架码垛,自动分拣N21,2793.594219635271,2794.7642196352713,1.1700000000000728
N1-F25-6-1P,自由边打磨,人工打磨N21,2700.247601914414,2700.571606837491,0.3240049230766999
N1-F25-6-1S,自由边打磨,人工打磨N21,2700.571606837491,2700.89561181185,0.32400497435901343
N1-F25-7-1S,分拣,自动分拣N21,2794.7642196352713,2796.344219635271,1.5799999999999272
N1-F25-7-1S,自动打磨,自动打磨N21,2796.344219635271,2797.8456559051124,1.5014362698411787
N1-F25-7-1S,桁架码垛,自动分拣N21,2797.8456559051124,2799.0156559051125,1.1700000000000728
N1-F29-6S-1S,自由边打磨,人工打磨N21,2700.89561181185,2701.2196167349266,0.3240049230766999
E01S-1218切割后的大件,天车吊运（胎架到成品区）,天车,2701.2196167349266,2706.2196167349266,5.0
E01S-1220,天车空驶（胎架到原料区）,天车,2674.9822942494,2682.9822942494,8.0
E01S-1220,天车吊运（原料区到胎架）,天车,2682.9822942494,2685.9822942494,3.0
N1-F19-1SP-1SP,自由边打磨,人工打磨N51,2737.7574043173036,2738.086405804483,0.32900148717953925
N1-F27-1SP-1SP,自由边打磨,人工打磨N51,2738.086405804483,2738.4154072916626,0.32900148717953925
N1-F28-1P-1P,分拣,自动分拣N51,2737.7574043173036,2739.3374043173035,1.5799999999999272
N1-F28-1P-1P,自动打磨,自动打磨N51,2739.3374043173035,2740.8465732855575,1.5091689682540164
N1-F28-1P-1P,桁架码垛,自动分拣N51,2740.8465732855575,2742.0165732855576,1.1700000000000728
N1-F29-1P-1P,分拣,自动分拣N51,2742.0165732855576,2743.5965732855575,1.5799999999999272
N1-F29-1P-1P,自动打磨,自动打磨N51,2743.5965732855575,2745.1057423331767,1.5091690476192525
N1-F29-1P-1P,桁架码垛,自动分拣N51,2745.1057423331767,2746.275742333177,1.1700000000000728
N1-F28-2S-1S,分拣,自动分拣N51,2746.275742333177,2747.8557423331767,1.5799999999999272
N1-F28-2S-1S,自动打磨,自动打磨N51,2747.8557423331767,2749.3649112220655,1.5091688888887802
N1-F28-2S-1S,桁架码垛,自动分拣N51,2749.3649112220655,2750.5349112220656,1.1700000000000728
N1-F29-2S-1S,分拣,自动分拣N51,2750.5349112220656,2752.1149112220655,1.5799999999999272
N1-F29-2S-1S,自动打磨,自动打磨N51,2752.1149112220655,2753.6240801903195,1.5091689682540164
N1-F29-2S-1S,桁架码垛,自动分拣N51,2753.6240801903195,2754.7940801903196,1.1700000000000728
E01S-1220切割后的大件,天车吊运（胎架到成品区）,天车,2738.4154072916626,2743.4154072916626,5.0
E01S-1230,天车空驶（胎架到原料区）,天车,2689.247601914414,2697.247601914414,8.0
E01S-1230,天车吊运（原料区到胎架）,天车,2697.247601914414,2700.247601914414,3.0
N1-F36-3-1P,自由边打磨,人工打磨N21,2767.6674565402686,2768.2572484889865,0.5897919487179024
N1-F36-3-1S,自由边打磨,人工打磨N21,2768.2572484889865,2768.3056766428326,0.04842815384608912
N1-F36-1P-1P,自由边打磨,人工打磨N21,2768.3056766428326,2769.3932027453966,1.0875261025639702
N1-F36-2S-1S,自由边打磨,人工打磨N21,2769.3932027453966,2770.4807287966787,1.0875260512821114
E01S-1230切割后的大件,天车吊运（胎架到坡口区）,天车,2770.4807287966787,2773.4807287966787,3.0
N1-F36-1P-1P,人工坡口,人工坡口1,2773.4807287966787,2784.5311407966788,11.050412000000051
N1-F36-2S-1S,人工坡口,人工坡口1,2784.5311407966788,2795.653580796679,11.122440000000097
N1-F36-3-1P,人工坡口,人工坡口1,2795.653580796679,2803.8132047966787,8.159623999999894
N1-F36-3-1S,人工坡口,人工坡口1,2803.8132047966787,2811.9928287966786,8.179623999999876
E01S-1230切割后的大件,天车吊运（坡口区到成品区）,天车,2811.9928287966786,2816.9928287966786,5.0
E01S-1243,天车空驶（胎架到原料区）,天车,2726.7574043173036,2734.7574043173036,8.0
E01S-1243,天车吊运（原料区到胎架）,天车,2734.7574043173036,2737.7574043173036,3.0
N1-F36-3-1BP,分拣,自动分拣N51,2825.9511551412593,2827.531155141259,1.5799999999999272
N1-F36-3-1BP,自动打磨,自动打磨N51,2827.531155141259,2829.4650847444336,1.9339296031744198
N1-F36-3-1BP,桁架码垛,自动分拣N51,2829.4650847444336,2830.6350847444337,1.1700000000000728
N1-F36-3-1BS,分拣,自动分拣N51,2830.6350847444337,2832.2150847444336,1.5799999999999272
N1-F36-3-1BS,自动打磨,自动打磨N51,2832.2150847444336,2834.1490142682433,1.9339295238096383
N1-F36-3-1BS,桁架码垛,自动分拣N51,2834.1490142682433,2835.3190142682433,1.1700000000000728
N1-F17-2B1-1P,分拣,自动分拣N51,2835.3190142682433,2836.8990142682433,1.5799999999999272
N1-F17-2B1-1P,自动打磨,自动打磨N51,2836.8990142682433,2838.8040425222116,1.9050282539683394
N1-F17-2B1-1P,桁架码垛,自动分拣N51,2838.8040425222116,2839.9740425222117,1.1700000000000728
N1-F17-2B1-1S,分拣,自动分拣N51,2839.9740425222117,2841.5540425222116,1.5799999999999272
N1-F17-2B1-1S,自动打磨,自动打磨N51,2841.5540425222116,2843.45907077618,1.9050282539683394
N1-F17-2B1-1S,桁架码垛,自动分拣N51,2843.45907077618,2844.62907077618,1.1700000000000728
N1-F31-5B1-1P,分拣,自动分拣N51,2844.62907077618,2846.20907077618,1.5799999999999272
N1-F31-5B1-1P,自动打磨,自动打磨N51,2846.20907077618,2849.745292839672,3.536222063492005
N1-F31-5B1-1P,桁架码垛,自动分拣N51,2849.745292839672,2850.915292839672,1.1700000000000728
N1-F34-2-1P,分拣,自动分拣N51,2850.915292839672,2852.495292839672,1.5799999999999272
N1-F34-2-1P,自动打磨,自动打磨N51,2852.495292839672,2853.6759054587196,1.180612619047679
N1-F34-2-1P,桁架码垛,自动分拣N51,2853.6759054587196,2854.8459054587197,1.1700000000000728
N1-F34-2-1S,分拣,自动分拣N51,2854.8459054587197,2856.4259054587196,1.5799999999999272
N1-F34-2-1S,自动打磨,自动打磨N51,2856.4259054587196,2857.6065180777673,1.180612619047679
N1-F34-2-1S,桁架码垛,自动分拣N51,2857.6065180777673,2858.7765180777674,1.1700000000000728
N1-F20-1B1P-1P,分拣,自动分拣N51,2858.7765180777674,2860.3565180777673,1.5799999999999272
N1-F20-1B1P-1P,自动打磨,自动打磨N51,2860.3565180777673,2863.2513134745927,2.8947953968254296
N1-F20-1B1P-1P,桁架码垛,自动分拣N51,2863.2513134745927,2864.421313474593,1.1700000000000728
N1-F20-2B1P-1P,分拣,自动分拣N51,2864.421313474593,2866.0013134745927,1.5799999999999272
N1-F20-2B1P-1P,自动打磨,自动打磨N51,2866.0013134745927,2869.607653712688,3.606340238095072
N1-F20-2B1P-1P,桁架码垛,自动分拣N51,2869.607653712688,2870.777653712688,1.1700000000000728
N1-F29-1B1P-1P,分拣,自动分拣N51,2870.777653712688,2872.357653712688,1.5799999999999272
N1-F29-1B1P-1P,自动打磨,自动打磨N51,2872.357653712688,2875.409324030148,3.051670317460321
N1-F29-1B1P-1P,桁架码垛,自动分拣N51,2875.409324030148,2876.579324030148,1.1700000000000728
N1-F29-2B1P-1P,分拣,自动分拣N51,2876.579324030148,2878.159324030148,1.5799999999999272
N1-F29-2B1P-1P,自动打磨,自动打磨N51,2878.159324030148,2881.2112562523703,3.051932222222149
N1-F29-2B1P-1P,桁架码垛,自动分拣N51,2881.2112562523703,2882.3812562523703,1.1700000000000728
N1-F29-3B1P-1P,分拣,自动分拣N51,2882.3812562523703,2883.9612562523703,1.5799999999999272
N1-F29-3B1P-1P,自动打磨,自动打磨N51,2883.9612562523703,2887.963765696815,4.002509444444513
N1-F29-3B1P-1P,桁架码垛,自动分拣N51,2887.963765696815,2889.133765696815,1.1700000000000728
N1-F31-5B1-1S,分拣,自动分拣N51,2889.133765696815,2890.713765696815,1.5799999999999272
N1-F31-5B1-1S,自动打磨,自动打磨N51,2890.713765696815,2894.2499876809416,3.536221984126769
N1-F31-5B1-1S,桁架码垛,自动分拣N51,2894.2499876809416,2895.4199876809416,1.1700000000000728
N1-F36-1P-5BP,分拣,自动分拣N51,2895.4199876809416,2896.9999876809416,1.5799999999999272
N1-F36-1P-5BP,自动打磨,自动打磨N51,2896.9999876809416,2899.0270456174494,2.0270579365078447
N1-F36-1P-5BP,桁架码垛,自动分拣N51,2899.0270456174494,2900.1970456174495,1.1700000000000728
N1-F26-1B1S-1S,分拣,自动分拣N51,2900.1970456174495,2901.7770456174494,1.5799999999999272
N1-F26-1B1S-1S,自动打磨,自动打磨N51,2901.7770456174494,2905.1280897444335,3.3510441269841067
N1-F26-1B1S-1S,桁架码垛,自动分拣N51,2905.1280897444335,2906.2980897444336,1.1700000000000728
N1-F26-2B1S-1S,分拣,自动分拣N51,2906.2980897444336,2907.8780897444335,1.5799999999999272
N1-F26-2B1S-1S,自动打磨,自动打磨N51,2907.8780897444335,2910.9303667285603,3.05227698412682
N1-F26-2B1S-1S,桁架码垛,自动分拣N51,2910.9303667285603,2912.1003667285604,1.1700000000000728
N1-F36-2S-2BS,分拣,自动分拣N51,2912.1003667285604,2913.6803667285603,1.5799999999999272
N1-F36-2S-2BS,自动打磨,自动打磨N51,2913.6803667285603,2915.707424665068,2.0270579365078447
N1-F36-2S-2BS,桁架码垛,自动分拣N51,2915.707424665068,2916.8774246650682,1.1700000000000728
N1-JXP-902S-1S,分拣,自动分拣N51,2916.8774246650682,2918.457424665068,1.5799999999999272
N1-JXP-902S-1S,自动打磨,自动打磨N51,2918.457424665068,2919.667940538084,1.2105158730159928
N1-JXP-902S-1S,桁架码垛,自动分拣N51,2919.667940538084,2920.8379405380842,1.1700000000000728
N1-JXP-903S-1S,分拣,自动分拣N51,2920.8379405380842,2922.417940538084,1.5799999999999272
N1-JXP-903S-1S,自动打磨,自动打磨N51,2922.417940538084,2925.112612601576,2.6946720634919075
N1-JXP-903S-1S,桁架码垛,自动分拣N51,2925.112612601576,2926.282612601576,1.1700000000000728
E01S-1216,天车空驶（胎架到原料区）,天车,2761.6674565402686,2764.6674565402686,3.0
E01S-1216,天车吊运（原料区到胎架）,天车,2764.6674565402686,2767.6674565402686,3.0
N1-LG1-4-1P,自由边打磨,人工打磨N21,2787.3229849387985,2787.6528218618755,0.3298369230769822
N1-LG1-4-1S,自由边打磨,人工打磨N21,2787.6528218618755,2787.982659297773,0.3298374358973888
E01S-1216切割后的大件,天车吊运（胎架到成品区）,天车,2787.982659297773,2792.982659297773,5.0
E01S-1227,天车空驶（胎架到原料区）,天车,2776.3229849387985,2784.3229849387985,8.0
E01S-1227,天车吊运（原料区到胎架）,天车,2784.3229849387985,2787.3229849387985,3.0
N1-MG-1SP-1SP,分拣,自动分拣N21,2813.826619203539,2815.406619203539,1.5799999999999272
N1-MG-1SP-1SP,自动打磨,自动打磨N21,2815.406619203539,2817.175897219412,1.7692780158731694
N1-MG-1SP-1SP,桁架码垛,自动分拣N21,2817.175897219412,2818.345897219412,1.1700000000000728
N1-MG-5SP-1SP,自由边打磨,人工打磨N21,2813.826619203539,2814.3430067932827,0.516387589743772
N1-MG-2SP-1SP,自由边打磨,人工打磨N21,2814.3430067932827,2815.267685100975,0.9246783076923748
E01S-1227切割后的大件,天车吊运（胎架到成品区）,天车,2816.9928287966786,2821.9928287966786,5.0
E01S-1235,天车空驶（胎架到原料区）,天车,2821.9928287966786,2829.9928287966786,8.0
E01S-1235,天车吊运（原料区到胎架）,天车,2829.9928287966786,2832.9928287966786,3.0
N1-BW-1-1P,自由边打磨,人工打磨N21,2870.998843833898,2871.917549218513,0.9187053846153503
N1-F32-1-1P,分拣,自动分拣N21,2870.998843833898,2872.5788438338977,1.5799999999999272
N1-F32-1-1P,自动打磨,自动打磨N21,2872.5788438338977,2874.9700178021517,2.391173968253952
N1-F32-1-1P,桁架码垛,自动分拣N21,2874.9700178021517,2876.1400178021518,1.1700000000000728
N1-LG1-1-1P,分拣,自动分拣N21,2876.1400178021518,2877.7200178021517,1.5799999999999272
N1-LG1-1-1P,自动打磨,自动打磨N21,2877.7200178021517,2879.6760736751676,1.9560558730158846
N1-LG1-1-1P,桁架码垛,自动分拣N21,2879.6760736751676,2880.8460736751676,1.1700000000000728
N1-LG1-1-1S,分拣,自动分拣N21,2880.8460736751676,2882.4260736751676,1.5799999999999272
N1-LG1-1-1S,自动打磨,自动打磨N21,2882.4260736751676,2883.5010035164373,1.0749298412697499
N1-LG1-1-1S,桁架码垛,自动分拣N21,2883.5010035164373,2884.6710035164374,1.1700000000000728
N1-BW-1-1S,自由边打磨,人工打磨N21,2871.917549218513,2872.8164615262053,0.8989123076921715
N1-F32-1-1S,分拣,自动分拣N21,2884.6710035164374,2886.2510035164373,1.5799999999999272
N1-F32-1-1S,自动打磨,自动打磨N21,2886.2510035164373,2888.207059389453,1.9560558730158846
N1-F32-1-1S,桁架码垛,自动分拣N21,2888.207059389453,2889.3770593894533,1.1700000000000728
N1-LG2-1-1P,分拣,自动分拣N21,2889.3770593894533,2890.957059389453,1.5799999999999272
N1-LG2-1-1P,自动打磨,自动打磨N21,2890.957059389453,2892.031989151358,1.0749297619049685
N1-LG2-1-1P,桁架码垛,自动分拣N21,2892.031989151358,2893.2019891513582,1.1700000000000728
N1-LG2-1-1S,分拣,自动分拣N21,2893.2019891513582,2894.781989151358,1.5799999999999272
N1-LG2-1-1S,自动打磨,自动打磨N21,2894.781989151358,2896.680498913263,1.8985097619047338
N1-LG2-1-1S,桁架码垛,自动分拣N21,2896.680498913263,2897.850498913263,1.1700000000000728
N1-AG-4S-1S,自由边打磨,人工打磨N21,2872.8164615262053,2873.7351669108207,0.9187053846153503
E01S-1235切割后的大件,天车吊运（胎架到成品区）,天车,2873.7351669108207,2878.7351669108207,5.0
E01S-1238,天车空驶（胎架到原料区）,天车,2832.9928287966786,2840.9928287966786,8.0
E01S-1238,天车吊运（原料区到胎架）,天车,2840.9928287966786,2843.9928287966786,3.0
N1-F26-7P-1P,自由边打磨,人工打磨N51,2926.297121544173,2926.641633698019,0.3445121538461535
N1-F27-4-1P,自由边打磨,人工打磨N51,2926.641633698019,2927.0139331851988,0.37229948717958905
N1-F28-5-1P,自由边打磨,人工打磨N51,2927.0139331851988,2927.358445287763,0.34451210256429476
N1-F32-3-1P,分拣,自动分拣N51,2926.297121544173,2927.877121544173,1.5799999999999272
N1-F32-3-1P,自动打磨,自动打磨N51,2927.877121544173,2929.4102949568714,1.5331734126984884
N1-F32-3-1P,桁架码垛,自动分拣N51,2929.4102949568714,2930.5802949568715,1.1700000000000728
N1-F27-4-1S,自由边打磨,人工打磨N51,2927.358445287763,2927.7307447749427,0.37229948717958905
N1-F28-5-1S,自由边打磨,人工打磨N51,2927.7307447749427,2928.0752567749428,0.3445120000001225
N1-F32-3-1S,分拣,自动分拣N51,2930.5802949568715,2932.1602949568714,1.5799999999999272
N1-F32-3-1S,自动打磨,自动打磨N51,2932.1602949568714,2933.7499310679827,1.5896361111113038
N1-F32-3-1S,桁架码垛,自动分拣N51,2933.7499310679827,2934.919931067983,1.1700000000000728
N1-F18-4P-1P,自由边打磨,人工打磨N51,2928.0752567749428,2928.441659595456,0.36640282051303075
N1-F32-4-1P,自由边打磨,人工打磨N51,2928.441659595456,2928.8226552877636,0.38099569230780617
N1-F32-4-1S,自由边打磨,人工打磨N51,2928.8226552877636,2929.2036509800714,0.38099569230780617
E01S-1238切割后的大件,天车吊运（胎架到成品区）,天车,2929.2036509800714,2934.2036509800714,5.0
E01S-1241,天车空驶（胎架到原料区）,天车,2859.998843833898,2867.998843833898,8.0
E01S-1241,天车吊运（原料区到胎架）,天车,2867.998843833898,2870.998843833898,3.0
N1-F36-1P-7BP,分拣,自动分拣N21,2901.989268981064,2903.569268981064,1.5799999999999272
N1-F36-1P-7BP,自动打磨,自动打磨N21,2903.569268981064,2904.9928007270955,1.4235317460315855
N1-F36-1P-7BP,桁架码垛,自动分拣N21,2904.9928007270955,2906.1628007270956,1.1700000000000728
N1-LG1-3W-1P,自由边打磨,人工打磨N21,2901.989268981064,2902.2629356477305,0.273666666666486
N1-F36-2S-7BS,分拣,自动分拣N21,2906.1628007270956,2907.7428007270955,1.5799999999999272
N1-F36-2S-7BS,自动打磨,自动打磨N21,2907.7428007270955,2909.5898640207465,1.84706329365099
N1-F36-2S-7BS,桁架码垛,自动分拣N21,2909.5898640207465,2910.7598640207466,1.1700000000000728
N1-LG1-3W-1S,自由边打磨,人工打磨N21,2902.2629356477305,2902.536602314397,0.273666666666486
E01S-1241切割后的大件,天车吊运（胎架到成品区）,天车,2902.536602314397,2907.536602314397,5.0
E01S-1213,天车空驶（胎架到原料区）,天车,2890.989268981064,2898.989268981064,8.0
E01S-1213,天车吊运（原料区到胎架）,天车,2898.989268981064,2901.989268981064,3.0
N1-F33-1SP-1SP,自由边打磨,人工打磨N21,2939.980711833073,2940.804301576663,0.8235897435897641
E01S-1213切割后的大件,天车吊运（胎架到成品区）,天车,2940.804301576663,2945.804301576663,5.0
E01S-1237,天车空驶（胎架到原料区）,天车,2915.297121544173,2923.297121544173,8.0
E01S-1237,天车吊运（原料区到胎架）,天车,2923.297121544173,2926.297121544173,3.0
N1-F23-6P-1P,自由边打磨,人工打磨N51,2966.9753099592176,2967.3417127284483,0.36640276923071724
N1-F24-6P-1P,自由边打磨,人工打磨N51,2967.3417127284483,2967.6862247284485,0.3445120000001225
N1-F28-4-1P,自由边打磨,人工打磨N51,2967.6862247284485,2968.0307368822946,0.3445121538461535
E01S-1237切割后的大件,天车吊运（胎架到成品区）,天车,2968.0307368822946,2973.0307368822946,5.0
E01S-1236,天车空驶（胎架到原料区）,天车,2945.804301576663,2953.804301576663,8.0
E01S-1236,天车吊运（原料区到胎架）,天车,2953.804301576663,2956.804301576663,3.0
N1-F30-1SP-1SP,自由边打磨,人工打磨N21,2982.569754624107,2983.150330213851,0.5805755897436029
E01S-1236切割后的大件,天车吊运（胎架到成品区）,天车,2983.150330213851,2988.150330213851,5.0
E01S-1239,天车空驶（胎架到原料区）,天车,2956.804301576663,2964.804301576663,8.0
E01S-1239,天车吊运（原料区到胎架）,天车,2964.804301576663,2967.804301576663,3.0
N1-F26-6P-1P,自由边打磨,人工打磨N51,3014.7649086961906,3015.1459043884984,0.38099569230780617
N1-F27-3-1P,自由边打磨,人工打磨N51,3015.1459043884984,3015.437509978242,0.2916055897435399
N1-F27-3-1S,自由边打磨,人工打磨N51,3015.437509978242,3015.7291155679854,0.2916055897435399
N1-F28-4-1S,自由边打磨,人工打磨N51,3015.7291155679854,3016.067717157729,0.33860158974357546
E01S-1239切割后的大件,天车吊运（胎架到成品区）,天车,3016.067717157729,3021.067717157729,5.0
E01S-1228,天车空驶（胎架到原料区）,天车,2988.150330213851,2996.150330213851,8.0
E01S-1228,天车吊运（原料区到胎架）,天车,2996.150330213851,2999.150330213851,3.0
N1-F19-3P-1P,自由边打磨,人工打磨N21,3032.3803444023615,3033.0212015305665,0.6408571282049706
N1-F20-6P-1P,自由边打磨,人工打磨N21,3033.0212015305665,3033.795517069028,0.7743155384614511
N1-F22-6P-1P,自由边打磨,人工打磨N21,3033.795517069028,3034.5698326074894,0.7743155384614511
N1-F30-2P-1P,自由边打磨,人工打磨N21,3034.5698326074894,3035.343172043387,0.7733394358974692
N1-JICH-1,分拣,自动分拣N21,3032.3803444023615,3033.9603444023614,1.5799999999999272
N1-JICH-1,自动打磨,自动打磨N21,3033.9603444023614,3035.9521472595043,1.9918028571428295
N1-JICH-1,桁架码垛,自动分拣N21,3035.9521472595043,3037.1221472595043,1.1700000000000728
E01S-1228切割后的大件,天车吊运（胎架到成品区）,天车,3035.343172043387,3040.343172043387,5.0
E01S-1234,天车空驶（胎架到原料区）,天车,3003.7649086961906,3011.7649086961906,8.0
E01S-1234,天车吊运（原料区到胎架）,天车,3011.7649086961906,3014.7649086961906,3.0
N1-AG-5W-1P,自由边打磨,人工打磨N51,3069.0564377960673,3069.4009498473492,0.34451205128198126
N1-AG-5W-1S,自由边打磨,人工打磨N51,3069.4009498473492,3070.025931283247,0.6249814358975527
N1-LG2-3WP-1P,自由边打磨,人工打磨N51,3070.025931283247,3070.9524448217085,0.9265135384616769
E01S-1234切割后的大件,天车吊运（胎架到成品区）,天车,3070.9524448217085,3075.9524448217085,5.0
E01S-1242,天车空驶（胎架到原料区）,天车,3021.3803444023615,3029.3803444023615,8.0
E01S-1242,天车吊运（原料区到胎架）,天车,3029.3803444023615,3032.3803444023615,3.0
N1-F26-1B1P-1P,分拣,自动分拣N21,3121.8398721580998,3123.4198721580997,1.5799999999999272
N1-F26-1B1P-1P,自动打磨,自动打磨N21,3123.4198721580997,3124.8434039041313,1.4235317460315855
N1-F26-1B1P-1P,桁架码垛,自动分拣N21,3124.8434039041313,3126.0134039041313,1.1700000000000728
N1-F26-5B1P-1P,分拣,自动分拣N21,3126.0134039041313,3127.5934039041313,1.5799999999999272
N1-F26-5B1P-1P,自动打磨,自动打磨N21,3127.5934039041313,3129.016935650163,1.4235317460315855
N1-F26-5B1P-1P,桁架码垛,自动分拣N21,3129.016935650163,3130.186935650163,1.1700000000000728
N1-F27-1B1P-1P,分拣,自动分拣N21,3130.186935650163,3131.766935650163,1.5799999999999272
N1-F27-1B1P-1P,自动打磨,自动打磨N21,3131.766935650163,3133.8935872374645,2.1266515873016942
N1-F27-1B1P-1P,桁架码垛,自动分拣N21,3133.8935872374645,3135.0635872374646,1.1700000000000728
N1-F27-3B1P-1P,分拣,自动分拣N21,3135.0635872374646,3136.6435872374645,1.5799999999999272
N1-F27-3B1P-1P,自动打磨,自动打磨N21,3136.6435872374645,3138.7702388247662,2.1266515873016942
N1-F27-3B1P-1P,桁架码垛,自动分拣N21,3138.7702388247662,3139.9402388247663,1.1700000000000728
N1-F28-5B1P-1P,分拣,自动分拣N21,3139.9402388247663,3141.5202388247662,1.5799999999999272
N1-F28-5B1P-1P,自动打磨,自动打磨N21,3141.5202388247662,3143.646890412068,2.1266515873016942
N1-F28-5B1P-1P,桁架码垛,自动分拣N21,3143.646890412068,3144.816890412068,1.1700000000000728
N1-F28-6B1-1P,分拣,自动分拣N21,3144.816890412068,3146.396890412068,1.5799999999999272
N1-F28-6B1-1P,自动打磨,自动打磨N21,3146.396890412068,3148.5235419993696,2.1266515873016942
N1-F28-6B1-1P,桁架码垛,自动分拣N21,3148.5235419993696,3149.6935419993697,1.1700000000000728
N1-F30-3B1S-1S,分拣,自动分拣N21,3149.6935419993697,3151.2735419993696,1.5799999999999272
N1-F30-3B1S-1S,自动打磨,自动打磨N21,3151.2735419993696,3153.734447078735,2.4609050793651477
N1-F30-3B1S-1S,桁架码垛,自动分拣N21,3153.734447078735,3154.904447078735,1.1700000000000728
N1-F30-5B1S-1S,分拣,自动分拣N21,3154.904447078735,3156.484447078735,1.5799999999999272
N1-F30-5B1S-1S,自动打磨,自动打磨N21,3156.484447078735,3159.30553747556,2.821090396825184
N1-F30-5B1S-1S,桁架码垛,自动分拣N21,3159.30553747556,3160.47553747556,1.1700000000000728
N1-F31-3B1-1P,分拣,自动分拣N21,3160.47553747556,3162.05553747556,1.5799999999999272
N1-F31-3B1-1P,自动打磨,自动打磨N21,3162.05553747556,3164.6541161263535,2.59857865079357
N1-F31-3B1-1P,桁架码垛,自动分拣N21,3164.6541161263535,3165.8241161263536,1.1700000000000728
N1-F31-4B1-1P,分拣,自动分拣N21,3165.8241161263536,3167.4041161263535,1.5799999999999272
N1-F31-4B1-1P,自动打磨,自动打磨N21,3167.4041161263535,3170.2279402533377,2.8238241269841637
N1-F31-4B1-1P,桁架码垛,自动分拣N21,3170.2279402533377,3171.3979402533378,1.1700000000000728
N1-F32-1B1P-1P,分拣,自动分拣N21,3171.3979402533378,3172.9779402533377,1.5799999999999272
N1-F32-1B1P-1P,自动打磨,自动打磨N21,3172.9779402533377,3175.69079779302,2.712857539682318
N1-F32-1B1P-1P,桁架码垛,自动分拣N21,3175.69079779302,3176.86079779302,1.1700000000000728
N1-F36-1P-2BP,分拣,自动分拣N21,3176.86079779302,3178.44079779302,1.5799999999999272
N1-F36-1P-2BP,自动打磨,自动打磨N21,3178.44079779302,3180.467855729528,2.0270579365078447
N1-F36-1P-2BP,桁架码垛,自动分拣N21,3180.467855729528,3181.637855729528,1.1700000000000728
N1-F36-1P-4BP,分拣,自动分拣N21,3181.637855729528,3183.217855729528,1.5799999999999272
N1-F36-1P-4BP,自动打磨,自动打磨N21,3183.217855729528,3184.6413874755594,1.4235317460315855
N1-F36-1P-4BP,桁架码垛,自动分拣N21,3184.6413874755594,3185.8113874755595,1.1700000000000728
N1-F28-6B1-1S,分拣,自动分拣N21,3185.8113874755595,3187.3913874755594,1.5799999999999272
N1-F28-6B1-1S,自动打磨,自动打磨N21,3187.3913874755594,3189.518039062861,2.1266515873016942
N1-F28-6B1-1S,桁架码垛,自动分拣N21,3189.518039062861,3190.688039062861,1.1700000000000728
N1-F29-5B1S-1S,分拣,自动分拣N21,3190.688039062861,3192.268039062861,1.5799999999999272
N1-F29-5B1S-1S,自动打磨,自动打磨N21,3192.268039062861,3194.394690650163,2.1266515873016942
N1-F29-5B1S-1S,桁架码垛,自动分拣N21,3194.394690650163,3195.564690650163,1.1700000000000728
N1-F29-6B1S-1S,分拣,自动分拣N21,3195.564690650163,3197.144690650163,1.5799999999999272
N1-F29-6B1S-1S,自动打磨,自动打磨N21,3197.144690650163,3199.9611712850833,2.816480634920481
N1-F29-6B1S-1S,桁架码垛,自动分拣N21,3199.9611712850833,3201.1311712850834,1.1700000000000728
N1-F29-8B1S-1S,分拣,自动分拣N21,3201.1311712850834,3202.7111712850833,1.5799999999999272
N1-F29-8B1S-1S,自动打磨,自动打磨N21,3202.7111712850833,3205.141211999369,2.4300407142854965
N1-F29-8B1S-1S,桁架码垛,自动分拣N21,3205.141211999369,3206.311211999369,1.1700000000000728
N1-F31-3B1-1S,分拣,自动分拣N21,3206.311211999369,3207.891211999369,1.5799999999999272
N1-F31-3B1-1S,自动打磨,自动打磨N21,3207.891211999369,3210.4897906501624,2.59857865079357
N1-F31-3B1-1S,桁架码垛,自动分拣N21,3210.4897906501624,3211.6597906501624,1.1700000000000728
N1-F31-4B1-1S,分拣,自动分拣N21,3211.6597906501624,3213.2397906501624,1.5799999999999272
N1-F31-4B1-1S,自动打磨,自动打磨N21,3213.2397906501624,3216.0636146184165,2.823823968254146
N1-F31-4B1-1S,桁架码垛,自动分拣N21,3216.0636146184165,3217.2336146184166,1.1700000000000728
N1-F32-1B2S-1S,分拣,自动分拣N21,3217.2336146184166,3218.8136146184165,1.5799999999999272
N1-F32-1B2S-1S,自动打磨,自动打磨N21,3218.8136146184165,3221.524311920004,2.7106973015875155
N1-F32-1B2S-1S,桁架码垛,自动分拣N21,3221.524311920004,3222.694311920004,1.1700000000000728
N1-F36-2S-3BS,分拣,自动分拣N21,3222.694311920004,3224.274311920004,1.5799999999999272
N1-F36-2S-3BS,自动打磨,自动打磨N21,3224.274311920004,3225.6978436660356,1.4235317460315855
N1-F36-2S-3BS,桁架码垛,自动分拣N21,3225.6978436660356,3226.8678436660357,1.1700000000000728
N1-F36-2S-6BS,分拣,自动分拣N21,3226.8678436660357,3228.4478436660356,1.5799999999999272
N1-F36-2S-6BS,自动打磨,自动打磨N21,3228.4478436660356,3230.486244142226,2.038400476190418
N1-F36-2S-6BS,桁架码垛,自动分拣N21,3230.486244142226,3231.656244142226,1.1700000000000728
E01S-1245,天车空驶（胎架到原料区）,天车,3063.0564377960673,3066.0564377960673,3.0
E01S-1245,天车吊运（原料区到胎架）,天车,3066.0564377960673,3069.0564377960673,3.0
N1-950-1S-1S,分拣,自动分拣N51,3077.2614319664813,3078.841431966481,1.5799999999999272
N1-950-1S-1S,自动打磨,自动打磨N51,3078.841431966481,3082.227377125211,3.38594515873001
N1-950-1S-1S,桁架码垛,自动分拣N51,3082.227377125211,3083.3973771252113,1.1700000000000728
E01S-1207,天车空驶（胎架到原料区）,天车,3075.9524448217085,3078.9524448217085,3.0
E01S-1207,天车吊运（原料区到胎架）,天车,3078.9524448217085,3081.9524448217085,3.0
N1-MG-6SP-1SP,自由边打磨,人工打磨N51,3090.4883570656875,3091.160300604149,0.671943538461619
E01S-1207切割后的大件,天车吊运（胎架到坡口区）,天车,3091.160300604149,3094.160300604149,3.0
N1-MG-6SP-1SP,人工坡口,人工坡口1,3094.160300604149,3113.206284604149,19.045983999999862
E01S-1207切割后的大件,天车吊运（坡口区到成品区）,天车,3113.206284604149,3118.206284604149,5.0
E01S-1232,天车空驶（胎架到原料区）,天车,3094.160300604149,3102.160300604149,8.0
E01S-1232,天车吊运（原料区到胎架）,天车,3102.160300604149,3105.160300604149,3.0
N1-F18-5S-1S,自由边打磨,人工打磨N51,3163.642253813111,3164.5450462233675,0.9027924102565521
N1-F19-4S-1S,自由边打磨,人工打磨N51,3164.5450462233675,3165.5778402233677,1.0327940000001945
N1-F20-7S-1S,自由边打磨,人工打磨N51,3165.5778402233677,3165.88553253106,0.30769230769237765
N1-F22-7S-1S,自由边打磨,人工打磨N51,3165.88553253106,3166.918326582342,1.0327940512820533
N1-F23-7S-1S,自由边打磨,人工打磨N51,3166.918326582342,3167.6244539156755,0.7061273333333702
N1-F24-7S-1S,自由边打磨,人工打磨N51,3167.6244539156755,3167.96896601824,0.34451210256429476
E01S-1232切割后的大件,天车吊运（胎架到成品区）,天车,3167.96896601824,3172.96896601824,5.0
E01S-1224,天车空驶（胎架到原料区）,天车,3118.206284604149,3126.206284604149,8.0
E01S-1224,天车吊运（原料区到胎架）,天车,3126.206284604149,3129.206284604149,3.0
N1-LG32-1-1P,自由边打磨,人工打磨N21,3147.442965975561,3148.22477494992,0.7818089743591372
N1-LG32-1-1S,自由边打磨,人工打磨N21,3148.22477494992,3148.3817883345355,0.15701338461531122
E01S-1224切割后的大件,天车吊运（胎架到成品区）,天车,3148.3817883345355,3153.3817883345355,5.0
E01S-1217,天车空驶（胎架到原料区）,天车,3153.3817883345355,3161.3817883345355,8.0
E01S-1217,天车吊运（原料区到胎架）,天车,3161.3817883345355,3164.3817883345355,3.0
N1-STR-1D1P-1P,分拣,自动分拣N21,3231.656244142226,3233.236244142226,1.5799999999999272
N1-STR-1D1P-1P,自动打磨,自动打磨N21,3233.236244142226,3234.7467066819086,1.5104625396825213
N1-STR-1D1P-1P,桁架码垛,自动分拣N21,3234.7467066819086,3235.9167066819086,1.1700000000000728
N1-STR-1D1S-1S,分拣,自动分拣N21,3235.9167066819086,3237.4967066819086,1.5799999999999272
N1-STR-1D1S-1S,自动打磨,自动打磨N21,3237.4967066819086,3239.007169380321,1.5104626984125389
N1-STR-1D1S-1S,桁架码垛,自动分拣N21,3239.007169380321,3240.177169380321,1.1700000000000728
料框_N2_AP2_P1_坡口,自动坡口,自动坡口1,67.3964927665676,71.08612951870435,3.6896367521367495
料框_N5_AP2_P4,AGV转运(至半框),AGV1,87.34587188067711,95.09587188067711,7.75
料框_N2_AP2_P2,AGV转运(至半框),AGV2,118.83040872576917,126.58040872576917,7.75
料框_N5_AP2_P1_坡口,AGV转运(至坡口),AGV1,127.31733457908979,135.0673345790898,7.75
料框_N5_AP2_P1_坡口,AGV至坡口工作站,AGV2,135.16733457908978,137.91733457908978,2.75
料框_N5_AP2_P1_坡口,自动坡口,自动坡口1,137.91733457908978,145.01801181658098,7.1006772374911975
料框_N5_AP2_P2,AGV转运(至半框),AGV1,233.48404079209814,241.23404079209814,7.75
料框_N2_AP2_P1_坡口,自动坡口,自动坡口1,343.83417686060346,350.0414289973556,6.207252136752118
料框_N2_AP2_P1_坡口,自动坡口,自动坡口1,350.0414289973556,354.40040335632995,4.358974358974365
料框_N2_AP2_P1_坡口,自动坡口,自动坡口1,354.40040335632995,358.73801019393676,4.337606837606813
料框_N2_AP2_P1_坡口,自动坡口,自动坡口1,358.73801019393676,363.9350401084667,5.197029914529935
料框_N2_AP2_P1_坡口,自动坡口,自动坡口1,363.9350401084667,367.99784566402224,4.062805555555542
料框_N2_AP2_P1_坡口,自动坡口,自动坡口1,367.99784566402224,372.0579802794069,4.060134615384641
料框_N2_AP2_P4_坡口,自动坡口,自动坡口1,372.0579802794069,378.10392045034706,6.0459401709401845
料框_N2_AP2_P4_坡口,自动坡口,自动坡口1,378.10392045034706,384.14986062128725,6.0459401709401845
料框_N2_AP2_P4_坡口,自动坡口,自动坡口1,384.14986062128725,389.6493755785522,5.499514957264978
料框_N2_AP2_P4_坡口,自动坡口,自动坡口1,389.6493755785522,395.1488905358172,5.499514957264978
料框_N2_AP2_P4,AGV转运(至半框),AGV2,388.289501622508,396.039501622508,7.75
料框_AP2_P4_合盘,AGV合盘至坡口工作站,AGV1,396.039501622508,398.789501622508,2.75
料框_N2_AP2_P4_坡口,自动坡口,自动坡口1,397.80080019393654,403.3017232708596,5.500923076923073
料框_N2_AP2_P4_坡口,自动坡口,自动坡口1,403.3017232708596,408.8026463477827,5.500923076923073
料框_N5_AP2_P1,AGV转运(至半框),AGV2,687.0987236089519,694.8487236089519,7.75
料框_N5_AP2_P3,AGV转运(至半框),AGV1,696.3042357518091,704.0542357518091,7.75
料框_N5_AP2_P5,AGV转运(至半框),AGV2,905.3508359745232,913.1008359745232,7.75
料框_N2_AP2_P1_坡口,自动坡口,自动坡口1,949.3311261442511,952.8932355948006,3.5621094505494284
料框_N2_AP2_P1,AGV转运(至半框),AGV1,954.3162924934575,962.0662924934575,7.75
料框_AP2_P1_合盘,AGV合盘至坡口工作站,AGV2,962.0662924934575,964.8162924934575,2.75
料框_N2_AP2_P1_坡口,自动坡口,自动坡口1,964.0467194775845,967.7445216753866,3.6978021978021616
料框_N2_AP2_P3,AGV转运(至半框),AGV1,987.2464191601242,994.9964191601242,7.75
料框_N2_AP2_P5,AGV转运(至半框),AGV2,1010.6626513823464,1018.4126513823464,7.75
料框_AP2_P0,AGV至小部材放置区,AGV1,1056.1951277106725,1058.9451277106725,2.75
料框_AP2_P1,AGV至小部材放置区,AGV2,1057.5701277106725,1060.3201277106725,2.75
料框_AP2_P2,AGV至小部材放置区,AGV1,1058.9451277106725,1066.6951277106725,7.75
料框_AP2_P3,AGV至小部材放置区,AGV2,1065.3201277106725,1073.0701277106725,7.75
料框_AP2_P4,AGV至小部材放置区,AGV1,1071.6951277106725,1079.4451277106725,7.75
料框_AP2_P5,AGV至小部材放置区,AGV2,1078.0701277106725,1085.8201277106725,7.75
料框_N2_STA238FC_P2_坡口,自动坡口,自动坡口1,1215.03290534894,1222.6294299720555,7.596524623115556
料框_N2_STA238FC_P2_坡口,自动坡口,自动坡口1,1222.6294299720555,1229.3759123841157,6.746482412060232
料框_N2_STA238FC_P3_坡口,自动坡口,自动坡口1,1229.3759123841157,1237.8251586152714,8.449246231155712
料框_N2_STA238FC_P1,AGV转运(至半框),AGV1,1236.8757345552888,1244.6257345552888,7.75
料框_N5_STA238FC_P2_坡口,AGV转运(至坡口),AGV2,1260.037981502297,1267.787981502297,7.75
料框_N5_STA238FC_P2_坡口,AGV至坡口工作站,AGV1,1267.887981502297,1270.637981502297,2.75
料框_N5_STA238FC_P2_坡口,自动坡口,自动坡口1,1270.637981502297,1290.4603922508575,19.822410748560515
料框_N5_STA238FC_P1,AGV转运(至半框),AGV2,1301.636731184837,1309.386731184837,7.75
料框_N5_STA238FC_P1_坡口,AGV转运(至坡口),AGV1,1308.011731184837,1315.761731184837,7.75
料框_N5_STA238FC_P1_坡口,AGV至坡口工作站,AGV2,1315.8617311848368,1318.6117311848368,2.75
料框_N5_STA238FC_P1_坡口,自动坡口,自动坡口1,1318.6117311848368,1334.341077825309,15.729346640472158
料框_STA238FC_P1_合盘,AGV合盘至坡口工作站,AGV1,1334.341077825309,1337.091077825309,2.75
料框_N2_STA238FC_P3,AGV转运(至半框),AGV2,1363.5810094759236,1371.3310094759236,7.75
料框_N5_STA238FC_P2,AGV转运(至半框),AGV1,1374.680316462615,1382.430316462615,7.75
料框_N2_DC12_P1,AGV转运(至半框),AGV2,1452.7732983648125,1460.5232983648125,7.75
料框_N2_DC12_P2_坡口,自动坡口,自动坡口1,1462.7147958251298,1466.345685877486,3.630890052356108
料框_N2_DC12_P2_坡口,自动坡口,自动坡口1,1467.6562932854472,1471.2888194634577,3.632526178010494
料框_N2_DC12_P2_坡口,自动坡口,自动坡口1,1472.512392967987,1476.143283020343,3.630890052356108
料框_N2_DC12_P2_坡口,自动坡口,自动坡口1,1477.3684924917964,1480.9993825441525,3.630890052356108
料框_N2_DC12_P2_坡口,自动坡口,自动坡口1,1482.132143206082,1485.763033258438,3.630890052356108
料框_N2_DC12_P2_坡口,自动坡口,自动坡口1,1486.8957939203676,1490.5283200983781,3.632526178010494
料框_N2_DC12_P3,AGV转运(至半框),AGV1,1500.2216868568757,1507.9716868568757,7.75
料框_N5_DC12_P1,AGV转运(至半框),AGV2,1508.114902967458,1515.864902967458,7.75
料框_N2_DC12_P4_坡口,自动坡口,自动坡口1,1517.1186078886217,1523.556952780843,6.4383448922212665
料框_N2_DC12_P4_坡口,自动坡口,自动坡口1,1523.556952780843,1529.9859256018365,6.428972820993522
料框_N2_DC12_P4_坡口,自动坡口,自动坡口1,1529.9859256018365,1536.6915657143013,6.705640112464835
料框_N2_DC12_P4_坡口,自动坡口,自动坡口1,1536.6915657143013,1543.3972058267661,6.705640112464835
料框_N2_DC12_P4_坡口,自动坡口,自动坡口1,1543.3972058267661,1549.5481505315458,6.150944704779704
料框_N5_DC12_P2,AGV转运(至半框),AGV1,1525.247596776982,1532.997596776982,7.75
料框_N2_DC12_P4_坡口,自动坡口,自动坡口1,1549.5481505315458,1555.6990952363255,6.150944704779704
料框_N2_DC12_P4_坡口,自动坡口,自动坡口1,1555.6990952363255,1561.8473407845918,6.148245548266232
料框_N2_DC12_P4_坡口,自动坡口,自动坡口1,1561.8473407845918,1567.9862142616303,6.138873477038487
料框_N2_DC12_P4,AGV转运(至半框),AGV2,1586.552935190209,1594.302935190209,7.75
料框_DC12_P4_合盘,AGV合盘至坡口工作站,AGV1,1594.302935190209,1597.052935190209,2.75
料框_N2_DC12_P2,AGV转运(至半框),AGV2,1637.6672987616369,1645.4172987616369,7.75
料框_DC12_P2_合盘,AGV合盘至坡口工作站,AGV1,1645.4172987616369,1648.1672987616369,2.75
料框_N5_DC12_P3,AGV转运(至半框),AGV2,1658.4520577293629,1666.2020577293629,7.75
料框_N5_DC12_P3_坡口,AGV转运(至坡口),AGV1,1698.0027028087281,1705.7527028087281,7.75
料框_N5_DC12_P3_坡口,AGV至坡口工作站,AGV2,1705.852702808728,1708.602702808728,2.75
料框_N5_DC12_P3_坡口,自动坡口,自动坡口1,1708.602702808728,1751.7981461868471,43.19544337811908
料框_DC12_P3_合盘,AGV合盘至坡口工作站,AGV1,1751.7981461868471,1754.5481461868471,2.75
料框_DC12_P1,AGV至小部材放置区,AGV2,1754.5481461868471,1757.2981461868471,2.75
料框_DC12_P2,AGV至小部材放置区,AGV1,1755.9231461868471,1758.6731461868471,2.75
料框_DC12_P3,AGV至小部材放置区,AGV2,1757.2981461868471,1765.0481461868471,7.75
料框_DC12_P4,AGV至小部材放置区,AGV1,1763.6731461868471,1771.4231461868471,7.75
料框_N5_STA238FC_P3,AGV转运(至半框),AGV2,1765.0481461868471,1772.7981461868471,7.75
料框_STA238FC_P3_合盘,AGV合盘至坡口工作站,AGV1,1772.7981461868471,1780.5481461868471,7.75
料框_N5_STA238FC_P3_坡口,AGV转运(至坡口),AGV2,1772.7981461868471,1783.2981461868471,10.5
料框_N2_STA238FC_P2,AGV转运(至半框),AGV1,1780.5481461868471,1788.2981461868471,7.75
料框_N5_STA238FC_P3_坡口,AGV至坡口工作站,AGV2,1788.2981461868471,1791.0481461868471,2.75
料框_N5_STA238FC_P3_坡口,自动坡口,自动坡口1,1791.0481461868471,1815.5719239646248,24.523777777777696
料框_STA238FC_P2_合盘,AGV合盘至坡口工作站,AGV1,1791.0481461868471,1793.7981461868471,2.75
料框_STA238FC_P1,AGV至小部材放置区,AGV2,1817.423070527621,1820.173070527621,2.75
料框_STA238FC_P2,AGV至小部材放置区,AGV1,1818.798070527621,1821.548070527621,2.75
料框_STA238FC_P3,AGV至小部材放置区,AGV2,1820.173070527621,1827.923070527621,7.75
料框_N2_BN1_P1_坡口,自动坡口,自动坡口1,1874.2804702618764,1879.1677653438437,4.887295081967295
料框_N2_BN1_P1_坡口,自动坡口,自动坡口1,1879.1677653438437,1883.9013719012207,4.733606557377016
料框_N2_BN1_P1_坡口,自动坡口,自动坡口1,1883.9013719012207,1888.7907161635158,4.889344262295026
料框_N2_BN1_P1_坡口,自动坡口,自动坡口1,1888.7907161635158,1893.5263719012207,4.735655737704974
料框_N5_BN1_P1,AGV转运(至半框),AGV1,1885.4096930982073,1893.1596930982073,7.75
料框_N5_BN1_P2,AGV转运(至半框),AGV2,1891.7846930982073,1899.5346930982073,7.75
料框_N5_BN1_P6_坡口,AGV转运(至坡口),AGV1,1920.925677780747,1928.675677780747,7.75
料框_N5_BN1_P6_坡口,AGV至坡口工作站,AGV2,1928.775677780747,1931.525677780747,2.75
料框_N5_BN1_P6_坡口,自动坡口,自动坡口1,1931.525677780747,1938.7195730687051,7.193895287958185
料框_N2_BN1_P1,AGV转运(至半框),AGV1,2224.52725112427,2232.27725112427,7.75
料框_BN1_P1_合盘,AGV合盘至坡口工作站,AGV2,2232.27725112427,2235.02725112427,2.75
料框_N2_BN1_P1_坡口,自动坡口,自动坡口1,2442.0125226506257,2446.2973587161996,4.284836065573927
料框_N2_BN1_P1_坡口,自动坡口,自动坡口1,2447.0389274918957,2451.3237635574696,4.284836065573927
料框_N2_BN1_P1_坡口,自动坡口,自动坡口1,2452.0653323331658,2456.3501683987397,4.284836065573927
料框_N2_BN1_P1_坡口,自动坡口,自动坡口1,2456.6413836030074,2460.9262196685813,4.284836065573927
料框_N2_BN1_P1_坡口,自动坡口,自动坡口1,2461.217434952214,2465.5022710177877,4.284836065573927
料框_N5_BN1_P2_坡口,AGV转运(至坡口),AGV1,2460.715346564457,2468.465346564457,7.75
料框_N2_BN1_P1_坡口,自动坡口,自动坡口1,2465.7598575712614,2470.0446936368353,4.284836065573927
料框_N5_BN1_P2_坡口,AGV至坡口工作站,AGV2,2468.565346564457,2471.315346564457,2.75
料框_N5_BN1_P2_坡口,自动坡口,自动坡口1,2471.315346564457,2480.7144256022575,9.399079037800675
料框_N2_BN1_P1_坡口,自动坡口,自动坡口1,2480.7144256022575,2484.9992616678314,4.284836065573927
料框_N2_BN1_P1_坡口,自动坡口,自动坡口1,2484.9992616678314,2489.2840977334054,4.284836065573927
料框_N5_BN1_P9_坡口,AGV转运(至坡口),AGV1,2469.4976789454095,2477.2476789454095,7.75
料框_N5_BN1_P9_坡口,AGV至坡口工作站,AGV2,2477.3476789454094,2480.0976789454094,2.75
料框_N5_BN1_P9_坡口,自动坡口,自动坡口1,2489.2840977334054,2509.719346874299,20.435249140893575
料框_N2_BN1_P1_坡口,自动坡口,自动坡口1,2509.719346874299,2514.004182939873,4.284836065573927
料框_BN1_P2_合盘,AGV合盘至坡口工作站,AGV1,2480.7144256022575,2483.4644256022575,2.75
料框_N2_BN1_P1_坡口,自动坡口,自动坡口1,2514.004182939873,2518.289019005447,4.284836065573927
料框_N2_BN1_P1_坡口,自动坡口,自动坡口1,2518.289019005447,2522.5738550710207,4.284836065573927
料框_N2_BN1_P1_坡口,自动坡口,自动坡口1,2522.5738550710207,2526.8586911365946,4.284836065573927
料框_N2_BN1_P1_坡口,自动坡口,自动坡口1,2526.8586911365946,2531.1435272021686,4.284836065573927
料框_N2_BN1_P1_坡口,自动坡口,自动坡口1,2531.1435272021686,2535.4283632677425,4.284836065573927
料框_N2_BN1_P1_坡口,自动坡口,自动坡口1,2535.4283632677425,2539.7131993333164,4.284836065573927
料框_N2_BN1_P1_坡口,自动坡口,自动坡口1,2539.7131993333164,2543.9980353988904,4.284836065573927
料框_N2_BN1_P1_坡口,自动坡口,自动坡口1,2543.9980353988904,2548.733691136595,4.735655737704747
料框_N2_BN1_P1_坡口,自动坡口,自动坡口1,2548.733691136595,2553.4693468743,4.735655737704747
料框_N2_BN1_P2,AGV转运(至半框),AGV2,2677.3109126511426,2685.0609126511426,7.75
料框_N2_BN1_P8,AGV转运(至半框),AGV1,2785.51278336543,2793.26278336543,7.75
料框_N2_BN1_P3,AGV转运(至半框),AGV2,2791.88778336543,2799.63778336543,7.75
料框_N5_BN1_P3,AGV转运(至半框),AGV1,2830.3190142682433,2838.0690142682433,7.75
料框_N2_BN1_P4,AGV转运(至半框),AGV2,2879.6710035164374,2887.4210035164374,7.75
料框_N2_BN1_P5,AGV转运(至半框),AGV1,2886.0460035164374,2893.7960035164374,7.75
料框_N5_BN1_P6,AGV转运(至半框),AGV2,2895.1970456174495,2902.9470456174495,7.75
料框_N5_BN1_P9,AGV转运(至半框),AGV1,2921.282612601576,2929.032612601576,7.75
料框_N5_BN1_P4,AGV转运(至半框),AGV2,2927.657612601576,2935.407612601576,7.75
料框_N5_BN1_P5,AGV转运(至半框),AGV1,2934.032612601576,2941.782612601576,7.75
料框_N5_BN1_P7,AGV转运(至半框),AGV2,3078.3973771252113,3086.1473771252113,7.75
料框_N2_BN1_P6,AGV转运(至半框),AGV1,3180.8113874755595,3188.5613874755595,7.75
料框_BN1_P6_合盘,AGV合盘至坡口工作站,AGV2,3188.5613874755595,3191.3113874755595,2.75
料框_N2_BN1_P7,AGV转运(至半框),AGV1,3226.656244142226,3234.406244142226,7.75
料框_N2_BN1_P9,AGV转运(至半框),AGV2,3235.177169380321,3242.927169380321,7.75
料框_BN1_P9_合盘,AGV合盘至坡口工作站,AGV1,3242.927169380321,3245.677169380321,2.75
料框_BN1_P1,AGV至小部材放置区,AGV2,3245.677169380321,3248.427169380321,2.75
料框_BN1_P2,AGV至小部材放置区,AGV1,3247.052169380321,3249.802169380321,2.75
料框_BN1_P3,AGV至小部材放置区,AGV2,3248.427169380321,3256.177169380321,7.75
料框_BN1_P4,AGV至小部材放置区,AGV1,3254.802169380321,3262.552169380321,7.75
料框_BN1_P5,AGV至小部材放置区,AGV2,3261.177169380321,3268.927169380321,7.75
料框_BN1_P6,AGV至小部材放置区,AGV1,3267.552169380321,3275.302169380321,7.75
料框_BN1_P7,AGV至小部材放置区,AGV2,3273.927169380321,3281.677169380321,7.75
料框_BN1_P8,AGV至小部材放置区,AGV1,3280.302169380321,3288.052169380321,7.75
料框_BN1_P9,AGV至小部材放置区,AGV2,3286.677169380321,3294.427169380321,7.75
