零件名,套料图名,分段号,齐套优先级,零件类型,厚度(mm),理想切割释放(min),分拣(min),自动打磨(min),自动坡口修正Y+X+K(min),自动坡口现状按坡口总长触发(min),桁架码垛(min),"AGV所在料框转运(修正,min)","AGV所在料框转运(现状,min)",自由边打磨(min),人工坡口修正Y+X+K(min),人工坡口现状按坡口总长(min),天车吊运(min),"下游链长(修正,min)","下游链长(现状,min)","理想就绪(修正,min)","理想就绪(现状,min)"
AP2-JMG-650P,A03S-1251,AP2,5,large,24.0,1970.130918,0.0,0.0,0.0,0.0,0.0,0.0,0.0,0.365242,35.512768,51.65394,5.0,40.87801,57.019182,2011.008928,2027.1501
AP2-JMG-650S,A03S-1251,AP2,5,large,24.0,1970.130918,0.0,0.0,0.0,0.0,0.0,0.0,0.0,0.542621,35.512768,51.653944,5.0,41.055389,57.196565,2011.186307,2027.327483
AP2-829-1S,A03S-1274,AP2,4,small,12.0,2933.232799,1.58,1.952541,0.0,0.0,1.17,2.75,2.75,0.0,0.0,0.0,0.0,7.452541,7.452541,2940.68534,2940.68534
AP2-818-1S,A03S-1274,AP2,1,small,12.0,2933.232799,1.58,1.952541,0.0,0.0,1.17,2.75,2.75,0.0,0.0,0.0,0.0,7.452541,7.452541,2940.68534,2940.68534
AP2-821-1P,A03S-1274,AP2,1,small,12.0,2933.232799,1.58,1.795898,0.0,0.0,1.17,2.75,2.75,0.0,0.0,0.0,0.0,7.295898,7.295898,2940.528697,2940.528697
AP2-821-1S,A03S-1274,AP2,1,small,12.0,2933.232799,1.58,1.795899,0.0,0.0,1.17,2.75,2.75,0.0,0.0,0.0,0.0,7.295899,7.295899,2940.528698,2940.528698
AP2-823-1P,A03S-1274,AP2,4,small,12.0,2933.232799,1.58,1.811709,0.0,0.0,1.17,2.75,2.75,0.0,0.0,0.0,0.0,7.311709,7.311709,2940.544508,2940.544508
AP2-823-1S,A03S-1274,AP2,4,small,12.0,2933.232799,1.58,1.811709,0.0,0.0,1.17,2.75,2.75,0.0,0.0,0.0,0.0,7.311709,7.311709,2940.544508,2940.544508
AP2-826-1P,A03S-1274,AP2,4,small,12.0,2933.232799,1.58,1.750405,0.0,0.0,1.17,2.75,2.75,0.0,0.0,0.0,0.0,7.250405,7.250405,2940.483204,2940.483204
AP2-826-1S,A03S-1274,AP2,4,small,12.0,2933.232799,1.58,1.750405,0.0,0.0,1.17,2.75,2.75,0.0,0.0,0.0,0.0,7.250405,7.250405,2940.483204,2940.483204
AP2-830-1P,A03S-1274,AP2,5,small,12.0,2933.232799,1.58,1.682335,0.0,0.0,1.17,2.75,2.75,0.0,0.0,0.0,0.0,7.182335,7.182335,2940.415134,2940.415134
AP2-830-1S,A03S-1274,AP2,5,small,12.0,2933.232799,1.58,1.682335,0.0,0.0,1.17,2.75,2.75,0.0,0.0,0.0,0.0,7.182335,7.182335,2940.415134,2940.415134
AP2-831-1P,A03S-1274,AP2,4,small,12.0,2933.232799,1.58,1.686517,0.0,0.0,1.17,2.75,2.75,0.0,0.0,0.0,0.0,7.186517,7.186517,2940.419316,2940.419316
AP2-831-1S,A03S-1274,AP2,4,small,12.0,2933.232799,1.58,1.686608,0.0,0.0,1.17,2.75,2.75,0.0,0.0,0.0,0.0,7.186608,7.186608,2940.419407,2940.419407
AP2-832-1P,A03S-1274,AP2,4,small,12.0,2933.232799,1.58,1.708886,0.0,0.0,1.17,2.75,2.75,0.0,0.0,0.0,0.0,7.208886,7.208886,2940.441685,2940.441685
AP2-832-1S,A03S-1274,AP2,4,small,12.0,2933.232799,1.58,1.708978,0.0,0.0,1.17,2.75,2.75,0.0,0.0,0.0,0.0,7.208978,7.208978,2940.441777,2940.441777
AP2-833-1P,A03S-1274,AP2,5,small,12.0,2933.232799,1.58,2.60453,0.0,0.0,1.17,2.75,2.75,0.0,0.0,0.0,0.0,8.10453,8.10453,2941.337329,2941.337329
AP2-833-1S,A03S-1274,AP2,5,small,12.0,2933.232799,1.58,2.077844,0.0,0.0,1.17,2.75,2.75,0.0,0.0,0.0,0.0,7.577844,7.577844,2940.810643,2940.810643
AP2-F0-1B1P-1P,A03S-1276,AP2,5,small,12.0,1330.281363,1.58,2.658537,0.0,3.5,1.17,2.75,5.5,0.0,0.0,0.0,0.0,8.158537,14.408537,1338.4399,1344.6899
AP2-F0-1B2S-1S,A03S-1276,AP2,5,small,12.0,1330.281363,1.58,2.09652,0.0,3.5,1.17,2.75,5.5,0.0,0.0,0.0,0.0,7.59652,13.84652,1337.877883,1344.127883
AP2-F1-1B1P-1P,A03S-1276,AP2,5,small,12.0,1330.281363,1.58,1.564586,0.0,3.5,1.17,2.75,5.5,0.0,0.0,0.0,0.0,7.064586,13.314586,1337.345949,1343.595949
AP2-F1-1B2S-1S,A03S-1276,AP2,5,small,12.0,1330.281363,1.58,1.564586,0.0,3.5,1.17,2.75,5.5,0.0,0.0,0.0,0.0,7.064586,13.314586,1337.345949,1343.595949
AP2-F1-1B3-1P,A03S-1276,AP2,5,small,12.0,1330.281363,1.58,2.745506,0.0,3.5,1.17,2.75,5.5,0.0,0.0,0.0,0.0,8.245506,14.495506,1338.526869,1344.776869
AP2-F1-1B3-1S,A03S-1276,AP2,5,small,12.0,1330.281363,1.58,2.780072,0.0,3.5,1.17,2.75,5.5,0.0,0.0,0.0,0.0,8.280072,14.530072,1338.561435,1344.811435
AP2-F3-1B1P-1P,A03S-1276,AP2,5,small,12.0,1330.281363,1.58,2.810392,0.0,3.5,1.17,2.75,5.5,0.0,0.0,0.0,0.0,8.310392,14.560392,1338.591755,1344.841755
AP2-F4-1B1P-1P,A03S-1276,AP2,5,small,12.0,1330.281363,1.58,1.758363,0.0,3.5,1.17,2.75,5.5,0.0,0.0,0.0,0.0,7.258363,13.508363,1337.539726,1343.789726
AP2-F5-1B1P-1P,A03S-1276,AP2,5,small,12.0,1330.281363,1.58,1.846769,0.0,3.5,1.17,2.75,5.5,0.0,0.0,0.0,0.0,7.346769,13.596769,1337.628132,1343.878132
AP2-F5-1B3-1P,A03S-1276,AP2,5,small,12.0,1330.281363,1.58,2.843922,0.0,3.5,1.17,2.75,5.5,0.0,0.0,0.0,0.0,8.343922,14.593922,1338.625285,1344.875285
AP2-F5-1B3-1S,A03S-1276,AP2,5,small,12.0,1330.281363,1.58,1.807422,0.0,3.5,1.17,2.75,5.5,0.0,0.0,0.0,0.0,7.307422,13.557422,1337.588785,1343.838785
AP2-F7-1B1P-1P,A03S-1276,AP2,5,small,12.0,1330.281363,1.58,1.814919,0.0,3.5,1.17,2.75,5.5,0.0,0.0,0.0,0.0,7.314919,13.564919,1337.596282,1343.846282
AP2-F8-1B1P-1P,A03S-1276,AP2,5,small,12.0,1330.281363,1.58,2.544422,0.0,3.5,1.17,2.75,5.5,0.0,0.0,0.0,0.0,8.044422,14.294422,1338.325785,1344.575785
AP2-F9-1B1P-1P,A03S-1276,AP2,5,small,12.0,1330.281363,1.58,1.852419,0.0,3.5,1.17,2.75,5.5,0.0,0.0,0.0,0.0,7.352419,13.602419,1337.633782,1343.883782
AP2-FA-1B1P-1P,A03S-1276,AP2,5,small,12.0,1330.281363,1.58,1.783384,0.0,3.5,1.17,2.75,5.5,0.0,0.0,0.0,0.0,7.283384,13.533384,1337.564747,1343.814747
AP2-FA-1B2S-1S,A03S-1276,AP2,5,small,12.0,1330.281363,1.58,1.783384,0.0,3.5,1.17,2.75,5.5,0.0,0.0,0.0,0.0,7.283384,13.533384,1337.564747,1343.814747
AP2-SGF-1SP-1BSP,A03S-1276,AP2,5,small,12.0,1330.281363,1.58,1.459556,0.0,0.0,1.17,2.75,2.75,0.0,0.0,0.0,0.0,6.959556,6.959556,1337.240919,1337.240919
AP2-SGF-1SP-2BSP,A03S-1276,AP2,5,small,12.0,1330.281363,1.58,1.895396,0.0,0.0,1.17,2.75,2.75,0.0,0.0,0.0,0.0,7.395396,7.395396,1337.676759,1337.676759
AP2-AG-1-3BP,A03S-1276,AP2,1,small,12.0,1330.281363,1.58,1.895396,0.0,3.5,1.17,2.75,5.5,0.0,0.0,0.0,0.0,7.395396,13.645396,1337.676759,1343.926759
AP2-CG-1B1-1P,A03S-1276,AP2,1,small,12.0,1330.281363,1.58,1.457973,0.0,0.0,1.17,2.75,2.75,0.0,0.0,0.0,0.0,6.957973,6.957973,1337.239336,1337.239336
AP2-CG-1B1-1S,A03S-1276,AP2,1,small,12.0,1330.281363,1.58,2.106227,0.0,0.0,1.17,2.75,2.75,0.0,0.0,0.0,0.0,7.606227,7.606227,1337.88759,1337.88759
AP2-F6-2P-2BP,A03S-1276,AP2,1,small,12.0,1330.281363,1.58,1.464562,0.0,3.5,1.17,2.75,5.5,0.0,0.0,0.0,0.0,6.964562,13.214562,1337.245925,1343.495925
AP2-F7-1B1-1P,A03S-1276,AP2,1,small,12.0,1330.281363,1.58,2.041466,0.0,0.0,1.17,2.75,2.75,0.0,0.0,0.0,0.0,7.541466,7.541466,1337.822829,1337.822829
AP2-F7-1B1-1S,A03S-1276,AP2,1,small,12.0,1330.281363,1.58,1.909896,0.0,0.0,1.17,2.75,2.75,0.0,0.0,0.0,0.0,7.409896,7.409896,1337.691259,1337.691259
AP2-F7-1B2S-1S,A03S-1276,AP2,5,small,12.0,1330.281363,1.58,1.909896,0.0,3.5,1.17,2.75,5.5,0.0,0.0,0.0,0.0,7.409896,13.659896,1337.691259,1343.941259
AP2-F8-1B1-1P,A03S-1276,AP2,1,small,12.0,1330.281363,1.58,1.83977,0.0,0.0,1.17,2.75,2.75,0.0,0.0,0.0,0.0,7.33977,7.33977,1337.621133,1337.621133
AP2-F8-1B2S-1S,A03S-1276,AP2,5,small,12.0,1330.281363,1.58,1.727504,0.0,3.5,1.17,2.75,5.5,0.0,0.0,0.0,0.0,7.227504,13.477504,1337.508867,1343.758867
AP2-FB-3S-2BS,A03S-1276,AP2,1,small,12.0,1330.281363,1.58,1.727504,0.0,3.5,1.17,2.75,5.5,0.0,0.0,0.0,0.0,7.227504,13.477504,1337.508867,1343.758867
AP2-MG-1SP-1BP,A03S-1276,AP2,3,small,12.0,1330.281363,1.58,1.904525,0.0,0.0,1.17,2.75,2.75,0.0,0.0,0.0,0.0,7.404525,7.404525,1337.685888,1337.685888
AP2-MG-1SP-2BP,A03S-1276,AP2,3,small,12.0,1330.281363,1.58,1.800987,0.0,0.0,1.17,2.75,2.75,0.0,0.0,0.0,0.0,7.300987,7.300987,1337.58235,1337.58235
AP2-818-1P,A03S-1276,AP2,1,small,12.0,1330.281363,1.58,1.518651,0.0,0.0,1.17,2.75,2.75,0.0,0.0,0.0,0.0,7.018651,7.018651,1337.300014,1337.300014
AP2-SGF-1SP-10SP,A03S-1277,AP2,5,large,11.0,1556.080401,0.0,0.0,0.0,0.0,0.0,0.0,0.0,0.251917,0.0,100.737844,5.0,5.251917,105.989761,1561.332318,1662.070162
AP2-SGF-1SP-1SP,A03S-1277,AP2,5,large,11.0,1556.080401,0.0,0.0,0.0,0.0,0.0,0.0,0.0,0.335128,0.0,100.679796,5.0,5.335128,106.014924,1561.415529,1662.095325
AP2-G5-4B4-1P,A03S-1277,AP2,1,small,11.0,1556.080401,1.58,1.389872,0.0,3.5,1.17,2.75,5.5,0.0,0.0,0.0,0.0,6.889872,13.139872,1562.970273,1569.220273
AP2-G5-4B4-1S,A03S-1277,AP2,1,small,11.0,1556.080401,1.58,1.518651,0.0,3.5,1.17,2.75,5.5,0.0,0.0,0.0,0.0,7.018651,13.268651,1563.099052,1569.349052
AP2-G4-4B4-1P,A03S-1277,AP2,1,small,11.0,1556.080401,1.58,2.880556,0.0,3.5,1.17,2.75,5.5,0.0,0.0,0.0,0.0,8.380556,14.630556,1564.460957,1570.710957
AP2-G4-4B4-1S,A03S-1277,AP2,1,small,11.0,1556.080401,1.58,2.880556,0.0,3.5,1.17,2.75,5.5,0.0,0.0,0.0,0.0,8.380556,14.630556,1564.460957,1570.710957
AP2-G2-4B1S-1S,A03S-1277,AP2,1,small,11.0,1556.080401,1.58,2.541781,0.0,3.5,1.17,2.75,5.5,0.0,0.0,0.0,0.0,8.041781,14.291781,1564.122182,1570.372182
AP2-F1-1SP-1SP,A03S-1283,AP2,1,large,20.0,1332.92811,0.0,0.0,0.0,0.0,0.0,0.0,0.0,0.996228,62.794788,62.794788,5.0,68.791016,68.791016,1401.719126,1401.719126
AP2-F2-1-2P,A03S-1283,AP2,2,large,20.0,1332.92811,0.0,0.0,0.0,0.0,0.0,0.0,0.0,0.668948,6.803528,41.447596,5.0,12.472476,47.116544,1345.400586,1380.044654
AP2-F2-1-2S,A03S-1283,AP2,2,large,20.0,1332.92811,0.0,0.0,0.0,0.0,0.0,0.0,0.0,0.668948,6.823528,41.467596,5.0,12.492476,47.136544,1345.420586,1380.064654
AP2-F2-4SP-1SP,A03S-1283,AP2,1,small,20.0,1332.92811,1.58,1.287437,0.0,3.5,1.17,2.75,5.5,0.0,0.0,0.0,0.0,6.787437,13.037437,1339.715547,1345.965547
AP2-F3-2SP-1SP,A03S-1283,AP2,1,small,20.0,1332.92811,1.0,1.0,0.0,3.5,1.17,2.75,5.5,0.0,0.0,0.0,0.0,5.92,12.17,1338.84811,1345.09811
AP2-F3-1-2P,A03S-1284,AP2,2,large,18.0,1155.556959,0.0,0.0,0.0,0.0,0.0,0.0,0.0,0.0,4.844484,42.730612,5.0,9.844484,47.730612,1165.401443,1203.287571
AP2-F3-1-2S,A03S-1284,AP2,2,large,18.0,1155.556959,0.0,0.0,0.0,0.0,0.0,0.0,0.0,0.737468,4.844484,42.710612,5.0,10.581952,48.44808,1166.138911,1204.005039
AP2-F4-1-2P,A03S-1284,AP2,2,large,18.0,1155.556959,0.0,0.0,0.0,0.0,0.0,0.0,0.0,0.0,5.664432,44.124816,5.0,10.664432,49.124816,1166.221391,1204.681775
AP2-F4-1-2S,A03S-1284,AP2,2,large,18.0,1155.556959,0.0,0.0,0.0,0.0,0.0,0.0,0.0,0.0,5.664432,44.124816,5.0,10.664432,49.124816,1166.221391,1204.681775
AP2-AE-1SP-1SP,A03S-1285,AP2,3,large,16.5,1411.130188,0.0,0.0,0.0,0.0,0.0,0.0,0.0,0.484821,0.0,153.441108,5.0,5.484821,158.925929,1416.615009,1570.056117
AP2-F2-2P-6BP,A03S-1285,AP2,1,small,16.5,1411.130188,1.58,1.745344,0.0,0.0,1.17,2.75,2.75,0.0,0.0,0.0,0.0,7.245344,7.245344,1418.375532,1418.375532
AP2-F2-3S-6BS,A03S-1285,AP2,5,small,16.5,1411.130188,1.58,1.750318,0.0,0.0,1.17,2.75,2.75,0.0,0.0,0.0,0.0,7.250318,7.250318,1418.380506,1418.380506
AP2-F6-2P-8BP,A03S-1285,AP2,1,small,16.5,1411.130188,1.58,1.745344,0.0,0.0,1.17,2.75,2.75,0.0,0.0,0.0,0.0,7.245344,7.245344,1418.375532,1418.375532
AP2-F6-2P-9BP,A03S-1285,AP2,5,small,16.5,1411.130188,1.58,1.559858,0.0,0.0,1.17,2.75,2.75,0.0,0.0,0.0,0.0,7.059858,7.059858,1418.190046,1418.190046
AP2-F6-3S-8BS,A03S-1285,AP2,1,small,16.5,1411.130188,1.58,1.086143,0.0,0.0,1.17,2.75,2.75,0.0,0.0,0.0,0.0,6.586143,6.586143,1417.716331,1417.716331
TA10-G13-1B1-1P,A03S-1285,AP2,1,small,16.5,1411.130188,1.58,1.332937,0.0,0.0,1.17,2.75,2.75,0.0,0.0,0.0,0.0,6.832937,6.832937,1417.963125,1417.963125
TA10-G13-1B1-1S,A03S-1285,AP2,1,small,16.5,1411.130188,1.58,1.612067,0.0,0.0,1.17,2.75,2.75,0.0,0.0,0.0,0.0,7.112067,7.112067,1418.242255,1418.242255
AP2-F0-2-1P,A03S-1286,AP2,4,small,15.0,1861.065369,1.58,1.629629,6.04594,6.04594,1.17,5.5,5.5,0.0,0.0,0.0,0.0,15.925569,15.925569,1876.990938,1876.990938
AP2-F0-2-1S,A03S-1286,AP2,4,small,15.0,1861.065369,1.58,2.108674,6.04594,6.04594,1.17,5.5,5.5,0.0,0.0,0.0,0.0,16.404614,16.404614,1877.469983,1877.469983
AP2-F0-3-1P,A03S-1286,AP2,4,small,15.0,1861.065369,1.58,1.612967,5.499515,5.499515,1.17,5.5,5.5,0.0,0.0,0.0,0.0,15.362482,15.362482,1876.427851,1876.427851
AP2-F0-3-1S,A03S-1286,AP2,4,small,15.0,1861.065369,1.58,1.612944,5.499515,5.499515,1.17,5.5,5.5,0.0,0.0,0.0,0.0,15.362459,15.362459,1876.427828,1876.427828
AP2-FA-1B3W-1P,A03S-1286,AP2,4,small,15.0,1861.065369,1.58,1.679804,0.0,3.5,1.17,2.75,5.5,0.0,0.0,0.0,0.0,7.179804,13.429804,1868.245173,1874.495173
AP2-FA-1B3W-1S,A03S-1286,AP2,4,small,15.0,1861.065369,1.58,1.73772,0.0,3.5,1.17,2.75,5.5,0.0,0.0,0.0,0.0,7.23772,13.48772,1868.303089,1874.553089
AP2-FA-2SP-1SP,A03S-1286,AP2,1,large,15.0,1861.065369,0.0,0.0,0.0,0.0,0.0,0.0,0.0,0.478308,21.283996,21.283996,5.0,26.762304,26.762304,1887.827673,1887.827673
AP2-FA-3K-1P,A03S-1286,AP2,4,small,15.0,1861.065369,1.58,1.764599,5.500923,5.500923,1.17,5.5,5.5,0.0,0.0,0.0,0.0,15.515522,15.515522,1876.580891,1876.580891
AP2-FA-3K-1S,A03S-1286,AP2,4,small,15.0,1861.065369,1.58,1.764595,5.500923,5.500923,1.17,5.5,5.5,0.0,0.0,0.0,0.0,15.515518,15.515518,1876.580887,1876.580887
AP2-MG-2SP-1SP,A03S-1286,AP2,1,small,15.0,1861.065369,1.58,2.073377,6.207252,6.207252,1.17,5.5,5.5,0.0,0.0,0.0,0.0,16.530629,16.530629,1877.595998,1877.595998
AP2-MG-4SP-1SP,A03S-1286,AP2,1,small,15.0,1861.065369,1.58,2.103429,4.358974,4.358974,1.17,5.5,5.5,0.0,0.0,0.0,0.0,14.712403,14.712403,1875.777772,1875.777772
AP2-MG-5SP-1SP,A03S-1286,AP2,1,small,15.0,1861.065369,1.58,2.103469,4.337607,4.337607,1.17,5.5,5.5,0.0,0.0,0.0,0.0,14.691076,14.691076,1875.756445,1875.756445
AP2-MG-8SP-1SP,A03S-1286,AP2,1,small,15.0,1861.065369,1.58,1.428077,5.19703,5.19703,1.17,5.5,5.5,0.0,0.0,0.0,0.0,14.875107,14.875107,1875.940476,1875.940476
AP2-SGF-1SP-28BSP,A03S-1286,AP2,1,small,15.0,1861.065369,1.58,1.575212,4.062806,4.062806,1.17,5.5,5.5,0.0,0.0,0.0,0.0,13.888018,13.888018,1874.953387,1874.953387
AP2-SGF-1SP-29BSP,A03S-1286,AP2,1,small,15.0,1861.065369,1.58,1.643101,4.060135,4.060135,1.17,5.5,5.5,0.0,0.0,0.0,0.0,13.953236,13.953236,1875.018605,1875.018605
AP2-SGF-1SP-5BSP,A03S-1286,AP2,5,small,15.0,1861.065369,1.58,1.457803,0.0,0.0,1.17,2.75,2.75,0.0,0.0,0.0,0.0,6.957803,6.957803,1868.023172,1868.023172
AP2-SGF-1SP-6BSP,A03S-1286,AP2,5,small,15.0,1861.065369,1.58,1.742808,0.0,0.0,1.17,2.75,2.75,0.0,0.0,0.0,0.0,7.242808,7.242808,1868.308177,1868.308177
AP2-SGF-1SP-7BSP,A03S-1286,AP2,5,small,15.0,1861.065369,1.58,2.10984,0.0,0.0,1.17,2.75,2.75,0.0,0.0,0.0,0.0,7.60984,7.60984,1868.675209,1868.675209
AP2-SGF-1SP-8BSP,A03S-1286,AP2,5,small,15.0,1861.065369,1.58,1.742779,0.0,0.0,1.17,2.75,2.75,0.0,0.0,0.0,0.0,7.242779,7.242779,1868.308148,1868.308148
AP2-F5-1P-1P,A03S-1287,AP2,1,large,14.5,2750.978195,0.0,0.0,0.0,0.0,0.0,0.0,0.0,0.294601,0.0,18.607944,5.0,5.294601,23.902545,2756.272796,2774.88074
AP2-F5-2S-1S,A03S-1287,AP2,1,large,14.5,2750.978195,0.0,0.0,0.0,0.0,0.0,0.0,0.0,0.328385,0.0,18.619948,5.0,5.328385,23.948333,2756.30658,2774.926528
TA10-F9-1SP-3SP,A03S-1287,AP2,5,small,14.5,2750.978195,1.58,1.671975,0.0,3.5,1.17,2.75,5.5,0.0,0.0,0.0,0.0,7.171975,13.421975,2758.15017,2764.40017
AP2-F6-2P-7BP,A03S-1287,AP2,1,small,14.5,2750.978195,1.58,1.671975,0.0,0.0,1.17,2.75,2.75,0.0,0.0,0.0,0.0,7.171975,7.171975,2758.15017,2758.15017
AP2-F2-3S-5BS,A03S-1287,AP2,1,small,14.5,2750.978195,1.58,1.676796,3.689637,3.689637,1.17,5.5,5.5,0.0,0.0,0.0,0.0,13.616433,13.616433,2764.594628,2764.594628
AP2-FB-1SP-1SP,A03S-1288,AP2,1,large,13.0,1742.154053,0.0,0.0,0.0,0.0,0.0,0.0,0.0,0.323576,0.0,35.844684,5.0,5.323576,41.16826,1747.477629,1783.322313
AP2-G2-1P-1P,A03S-1288,AP2,3,large,13.0,1742.154053,0.0,0.0,0.0,0.0,0.0,0.0,0.0,0.323576,0.0,5.893292,5.0,5.323576,11.216868,1747.477629,1753.370921
AP2-MG-1SP-1P,A03S-1288,AP2,3,large,13.0,1742.154053,0.0,0.0,0.0,0.0,0.0,0.0,0.0,0.055661,0.0,5.889884,5.0,5.055661,10.945545,1747.209714,1753.099598
AP2-F0-1-1S,A03S-1289,AP2,2,large,12.5,1153.451569,0.0,0.0,0.0,0.0,0.0,0.0,0.0,0.506878,0.0,11.91468,5.0,5.506878,17.421558,1158.958447,1170.873127
AP2-F0-1-1P,A03S-1289,AP2,2,large,12.5,1153.451569,0.0,0.0,0.0,0.0,0.0,0.0,0.0,0.055661,0.0,11.91468,5.0,5.055661,16.970341,1158.50723,1170.42191
AP2-F1-2-1P,A03S-1289,AP2,2,large,12.5,1153.451569,0.0,0.0,0.0,0.0,0.0,0.0,0.0,0.693581,0.0,11.921152,5.0,5.693581,17.614733,1159.14515,1171.066302
AP2-F1-2-1S,A03S-1289,AP2,2,large,12.5,1153.451569,0.0,0.0,0.0,0.0,0.0,0.0,0.0,0.42576,0.0,11.901152,5.0,5.42576,17.326912,1158.877329,1170.778481
AP2-F3-1-1P,A03S-1290,AP2,2,large,12.5,956.903407,0.0,0.0,0.0,0.0,0.0,0.0,0.0,0.296944,0.0,30.694872,5.0,5.296944,35.991816,962.200351,992.895223
AP2-F3-1-1S,A03S-1290,AP2,2,large,12.5,956.903407,0.0,0.0,0.0,0.0,0.0,0.0,0.0,0.299046,0.0,30.674872,5.0,5.299046,35.973918,962.202453,992.877325
AP2-F4-1-1P,A03S-1290,AP2,2,large,12.5,956.903407,0.0,0.0,0.0,0.0,0.0,0.0,0.0,0.543456,0.0,31.301164,5.0,5.543456,36.84462,962.446863,993.748027
AP2-F4-1-1S,A03S-1290,AP2,2,large,12.5,956.903407,0.0,0.0,0.0,0.0,0.0,0.0,0.0,0.677497,0.0,31.281164,5.0,5.677497,36.958661,962.580904,993.862068
TA10-T10-1B4S-1S,A03S-1291,AP2,5,small,12.5,861.22334,1.58,1.358104,0.0,0.0,1.17,2.75,2.75,0.0,0.0,0.0,0.0,6.858104,6.858104,868.081444,868.081444
AP2-F2-1-1P,A03S-1291,AP2,2,large,12.5,861.22334,0.0,0.0,0.0,0.0,0.0,0.0,0.0,1.246328,0.0,30.09992,5.0,6.246328,36.346248,867.469668,897.569588
AP2-F2-1-1S,A03S-1291,AP2,2,large,12.5,861.22334,0.0,0.0,0.0,0.0,0.0,0.0,0.0,0.630064,0.0,30.11992,5.0,5.630064,35.749984,866.853404,896.973324
AP2-FA-1-1P,A03S-1291,AP2,2,large,12.5,861.22334,0.0,0.0,0.0,0.0,0.0,0.0,0.0,0.691394,0.0,11.931128,5.0,5.691394,17.622522,866.914734,878.845862
AP2-FA-1-1S,A03S-1291,AP2,2,large,12.5,861.22334,0.0,0.0,0.0,0.0,0.0,0.0,0.0,0.672948,0.0,11.931128,5.0,5.672948,17.604076,866.896288,878.827416
TA10-F9-1SP-2SP,A03S-1292,AP2,5,small,12.5,641.25246,1.58,1.73339,0.0,3.5,1.17,2.75,5.5,0.0,0.0,0.0,0.0,7.23339,13.48339,648.48585,654.73585
AP2-F2-2P-2P,A03S-1292,AP2,1,large,12.5,641.25246,0.0,0.0,0.0,0.0,0.0,0.0,0.0,0.470616,0.0,23.540088,5.0,5.470616,29.010704,646.723076,670.263164
AP2-F2-3S-2S,A03S-1292,AP2,1,large,12.5,641.25246,0.0,0.0,0.0,0.0,0.0,0.0,0.0,0.484373,0.0,23.560048,5.0,5.484373,29.044421,646.736833,670.296881
AP2-FB-2P-3BP,A03S-1292,AP2,1,small,12.5,641.25246,1.58,1.740568,0.0,3.5,1.17,2.75,5.5,0.0,0.0,0.0,0.0,7.240568,13.490568,648.493028,654.743028
AP2-FB-2P-4BP,A03S-1292,AP2,1,small,12.5,641.25246,1.58,1.73339,0.0,3.5,1.17,2.75,5.5,0.0,0.0,0.0,0.0,7.23339,13.48339,648.48585,654.73585
AP2-FB-3S-5BS,A03S-1292,AP2,1,small,12.5,641.25246,1.58,1.952462,0.0,3.5,1.17,2.75,5.5,0.0,0.0,0.0,0.0,7.452462,13.702462,648.704922,654.954922
AP2-FB-2P-1P,A03S-1292,AP2,1,large,12.5,641.25246,0.0,0.0,0.0,0.0,0.0,0.0,0.0,0.765268,0.0,23.938432,5.0,5.765268,29.7037,647.017728,670.95616
AP2-FB-3S-1S,A03S-1292,AP2,1,large,12.5,641.25246,0.0,0.0,0.0,0.0,0.0,0.0,0.0,0.430922,0.0,23.93854,5.0,5.430922,29.369462,646.683382,670.621922
AP2-G2-3B1-1P,A03S-1292,AP2,5,small,12.5,641.25246,1.58,2.235625,0.0,0.0,1.17,2.75,2.75,0.0,0.0,0.0,0.0,7.735625,7.735625,648.988085,648.988085
AP2-AE-1B3-1S,A03S-1292,AP2,3,small,12.5,641.25246,1.58,2.184369,0.0,3.5,1.17,2.75,5.5,0.0,0.0,0.0,0.0,7.684369,13.934369,648.936829,655.186829
AP2-AE-1B4-1S,A03S-1292,AP2,3,small,12.5,641.25246,1.58,2.131535,0.0,3.5,1.17,2.75,5.5,0.0,0.0,0.0,0.0,7.631535,13.881535,648.883995,655.133995
AP2-F2-2P-2BP,A03S-1292,AP2,1,small,12.5,641.25246,1.58,2.104595,0.0,3.5,1.17,2.75,5.5,0.0,0.0,0.0,0.0,7.604595,13.854595,648.857055,655.107055
AP2-F2-3S-2BS,A03S-1292,AP2,1,small,12.5,641.25246,1.58,1.740567,0.0,3.5,1.17,2.75,5.5,0.0,0.0,0.0,0.0,7.240567,13.490567,648.493027,654.743027
AP2-F2-3S-3BS,A03S-1292,AP2,1,small,12.5,641.25246,1.58,1.676796,0.0,3.5,1.17,2.75,5.5,0.0,0.0,0.0,0.0,7.176796,13.426796,648.429256,654.679256
AP2-F6-2P-5BP,A03S-1292,AP2,1,small,12.5,641.25246,1.58,1.508215,0.0,3.5,1.17,2.75,5.5,0.0,0.0,0.0,0.0,7.008215,13.258215,648.260675,654.510675
AP2-F6-3S-5BS,A03S-1292,AP2,1,small,12.5,641.25246,1.58,2.022911,0.0,3.5,1.17,2.75,5.5,0.0,0.0,0.0,0.0,7.522911,13.772911,648.775371,655.025371
AP2-F6-3S-1BS,A03S-1292,AP2,1,small,12.5,641.25246,1.58,2.022911,0.0,3.5,1.17,2.75,5.5,0.0,0.0,0.0,0.0,7.522911,13.772911,648.775371,655.025371
AP2-MG-6SP-1SP,A03S-1292,AP2,1,small,12.5,641.25246,1.58,1.359672,5.636264,5.636264,1.17,5.5,5.5,0.0,0.0,0.0,0.0,15.245936,15.245936,656.498396,656.498396
AP2-MG-7SP-1SP,A03S-1292,AP2,1,small,12.5,641.25246,1.58,1.086143,5.125495,5.125495,1.17,5.5,5.5,0.0,0.0,0.0,0.0,14.461638,14.461638,655.714098,655.714098
AP2-F6-3S-2BS,A03S-1292,AP2,1,small,12.5,641.25246,1.0,1.0,0.0,3.5,1.17,2.75,5.5,0.0,0.0,0.0,0.0,5.92,12.17,647.17246,653.42246
AP2-F6-3S-3BS,A03S-1292,AP2,1,small,12.5,641.25246,1.58,1.086143,0.0,3.5,1.17,2.75,5.5,0.0,0.0,0.0,0.0,6.586143,12.836143,647.838603,654.088603
AP2-F5-1B2S-1S,A03S-1292,AP2,5,small,12.5,641.25246,1.58,1.679804,0.0,3.5,1.17,2.75,5.5,0.0,0.0,0.0,0.0,7.179804,13.429804,648.432264,654.682264
AP2-F6-2P-3BP,A03S-1292,AP2,1,small,12.5,641.25246,1.58,1.647699,0.0,3.5,1.17,2.75,5.5,0.0,0.0,0.0,0.0,7.147699,13.397699,648.400159,654.650159
AP2-FB-3S-9BS,A03S-1292,AP2,5,small,12.5,641.25246,1.58,1.358554,0.0,0.0,1.17,2.75,2.75,0.0,0.0,0.0,0.0,6.858554,6.858554,648.111014,648.111014
AP2-F3-1B3-1P,A03S-1293,AP2,5,small,12.5,2401.499819,1.58,1.102969,0.0,3.5,1.17,2.75,5.5,0.0,0.0,0.0,0.0,6.602969,12.852969,2408.102788,2414.352788
AP2-F2-3S-3S,A03S-1293,AP2,1,small,12.5,2401.499819,1.58,1.428077,0.0,3.5,1.17,2.75,5.5,0.0,0.0,0.0,0.0,6.928077,13.178077,2408.427896,2414.677896
AP2-F0-1B3-1P,A03S-1293,AP2,5,small,12.5,2401.499819,1.58,1.086143,0.0,3.5,1.17,2.75,5.5,0.0,0.0,0.0,0.0,6.586143,12.836143,2408.085962,2414.335962
AP2-F2-2P-3P,A03S-1293,AP2,1,small,12.5,2401.499819,1.58,1.086143,0.0,3.5,1.17,2.75,5.5,0.0,0.0,0.0,0.0,6.586143,12.836143,2408.085962,2414.335962
AP2-F6-3S-3S,A03S-1293,AP2,1,large,12.5,2401.499819,0.0,0.0,0.0,0.0,0.0,0.0,0.0,0.521978,0.0,6.596888,5.0,5.521978,12.118866,2407.021797,2413.618685
AP2-F0-1B3-1S,A03S-1293,AP2,5,small,12.5,2401.499819,1.58,1.809697,0.0,3.5,1.17,2.75,5.5,0.0,0.0,0.0,0.0,7.309697,13.559697,2408.809516,2415.059516
AP2-F6-2P-3P,A03S-1293,AP2,1,large,12.5,2401.499819,0.0,0.0,0.0,0.0,0.0,0.0,0.0,0.595728,0.0,6.596856,5.0,5.595728,12.192584,2407.095547,2413.692403
AP2-F4-1B3-1S,A03S-1293,AP2,5,small,12.5,2401.499819,1.58,1.941834,0.0,3.5,1.17,2.75,5.5,0.0,0.0,0.0,0.0,7.441834,13.691834,2408.941653,2415.191653
AP2-FA-1B4-1P,A03S-1293,AP2,5,small,12.5,2401.499819,1.58,3.185317,0.0,3.5,1.17,2.75,5.5,0.0,0.0,0.0,0.0,8.685317,14.935317,2410.185136,2416.435136
AP2-FA-1B4-1S,A03S-1293,AP2,5,small,12.5,2401.499819,1.58,3.091505,0.0,3.5,1.17,2.75,5.5,0.0,0.0,0.0,0.0,8.591505,14.841505,2410.091324,2416.341324
AP2-F6-2P-4P,A03S-1294,AP2,1,large,12.5,200.281991,0.0,0.0,0.0,0.0,0.0,0.0,0.0,0.946474,0.0,26.488952,5.0,5.946474,32.435426,206.228465,232.717417
AP2-F6-3S-4S,A03S-1294,AP2,1,large,12.5,200.281991,0.0,0.0,0.0,0.0,0.0,0.0,0.0,0.910066,0.0,26.48904,5.0,5.910066,32.399106,206.192057,232.681097
AP2-F2-2P-1P,A03S-1294,AP2,1,large,12.5,200.281991,0.0,0.0,0.0,0.0,0.0,0.0,0.0,1.316708,0.0,25.943616,5.0,6.316708,32.260324,206.598699,232.542315
AP2-F2-3S-1S,A03S-1294,AP2,1,large,12.5,200.281991,0.0,0.0,0.0,0.0,0.0,0.0,0.0,1.316708,0.0,25.923616,5.0,6.316708,32.240324,206.598699,232.522315
AP2-F7-2-1P,A03S-1294,AP2,1,small,12.5,200.281991,1.58,2.394509,0.0,3.5,1.17,2.75,5.5,0.0,0.0,0.0,0.0,7.894509,14.144509,208.1765,214.4265
AP2-F6-2P-2P,A03S-1294,AP2,1,large,12.5,200.281991,0.0,0.0,0.0,0.0,0.0,0.0,0.0,0.901067,0.0,25.934924,5.0,5.901067,31.835991,206.183058,232.117982
AP2-CG-1-1S,A03S-1294,AP2,1,large,12.5,200.281991,0.0,0.0,0.0,0.0,0.0,0.0,0.0,1.366344,0.0,4.753444,5.0,6.366344,11.119788,206.648335,211.401779
AP2-CG-1-1P,A03S-1294,AP2,1,large,12.5,200.281991,0.0,0.0,0.0,0.0,0.0,0.0,0.0,1.366344,0.0,4.753444,5.0,6.366344,11.119788,206.648335,211.401779
AP2-F6-3S-2S,A03S-1294,AP2,1,large,12.5,200.281991,0.0,0.0,0.0,0.0,0.0,0.0,0.0,0.924784,0.0,25.93516,5.0,5.924784,31.859944,206.206775,232.141935
AP2-F6-2P-6BP,A03S-1294,AP2,1,small,12.5,200.281991,1.58,2.431213,0.0,0.0,1.17,2.75,2.75,0.0,0.0,0.0,0.0,7.931213,7.931213,208.213204,208.213204
AP2-F7-2-1S,A03S-1294,AP2,1,small,12.5,200.281991,1.58,3.11458,0.0,3.5,1.17,2.75,5.5,0.0,0.0,0.0,0.0,8.61458,14.86458,208.896571,215.146571
AP2-FB-2P-11BP,A03S-1294,AP2,1,small,12.5,200.281991,1.58,3.11458,0.0,0.0,1.17,2.75,2.75,0.0,0.0,0.0,0.0,8.61458,8.61458,208.896571,208.896571
AP2-F2-2P-3BP,A03S-1294,AP2,1,small,12.5,200.281991,1.58,2.432426,0.0,3.5,1.17,2.75,5.5,0.0,0.0,0.0,0.0,7.932426,14.182426,208.214417,214.464417
AP2-FB-3S-13BS,A03S-1294,AP2,1,small,12.5,200.281991,1.58,2.432426,0.0,3.5,1.17,2.75,5.5,0.0,0.0,0.0,0.0,7.932426,14.182426,208.214417,214.464417
AP2-AG-1-3BS,A03S-1294,AP2,1,small,12.5,200.281991,1.58,1.086143,0.0,3.5,1.17,2.75,5.5,0.0,0.0,0.0,0.0,6.586143,12.836143,206.868134,213.118134
AP2-F8-1B1-1S,A03S-1294,AP2,1,small,12.5,200.281991,1.58,1.729365,0.0,0.0,1.17,2.75,2.75,0.0,0.0,0.0,0.0,7.229365,7.229365,207.511356,207.511356
AP2-F9-1B2S-1S,A03S-1294,AP2,5,small,12.5,200.281991,1.58,1.932889,0.0,3.5,1.17,2.75,5.5,0.0,0.0,0.0,0.0,7.432889,13.682889,207.71488,213.96488
AP2-F8-2-1P,A03S-1294,AP2,1,small,12.5,200.281991,1.58,2.128474,0.0,3.5,1.17,2.75,5.5,0.0,0.0,0.0,0.0,7.628474,13.878474,207.910465,214.160465
AP2-FB-2P-5BP,A03S-1294,AP2,1,small,12.5,200.281991,1.58,2.235669,0.0,3.5,1.17,2.75,5.5,0.0,0.0,0.0,0.0,7.735669,13.985669,208.01766,214.26766
AP2-F2-2P-4BP,A03S-1294,AP2,1,small,12.5,200.281991,1.58,3.025701,0.0,3.5,1.17,2.75,5.5,0.0,0.0,0.0,0.0,8.525701,14.775701,208.807692,215.057692
AP2-FB-3S-8BS,A03S-1294,AP2,1,small,12.5,200.281991,1.58,1.983727,3.697802,3.697802,1.17,5.5,5.5,0.0,0.0,0.0,0.0,13.931529,13.931529,214.21352,214.21352
AP2-FB-3S-4BS,A03S-1294,AP2,1,small,12.5,200.281991,1.58,2.05274,0.0,3.5,1.17,2.75,5.5,0.0,0.0,0.0,0.0,7.55274,13.80274,207.834731,214.084731
AP2-F6-3S-10BS,A03S-1294,AP2,1,small,12.5,200.281991,1.58,1.803255,0.0,3.5,1.17,2.75,5.5,0.0,0.0,0.0,0.0,7.303255,13.553255,207.585246,213.835246
AP2-FB-2P-2BP,A03S-1294,AP2,1,small,12.5,200.281991,1.58,1.493449,0.0,3.5,1.17,2.75,5.5,0.0,0.0,0.0,0.0,6.993449,13.243449,207.27544,213.52544
AP2-AE-1B2-1P,A03S-1294,AP2,3,small,12.5,200.281991,1.58,1.493449,0.0,3.5,1.17,2.75,5.5,0.0,0.0,0.0,0.0,6.993449,13.243449,207.27544,213.52544
AP2-AE-1B4-1P,A03S-1294,AP2,3,small,12.5,200.281991,1.58,2.049642,0.0,3.5,1.17,2.75,5.5,0.0,0.0,0.0,0.0,7.549642,13.799642,207.831633,214.081633
AP2-AE-1B3-1P,A03S-1294,AP2,3,small,12.5,200.281991,1.58,2.098142,0.0,3.5,1.17,2.75,5.5,0.0,0.0,0.0,0.0,7.598142,13.848142,207.880133,214.130133
AP2-AE-1B1-1S,A03S-1294,AP2,3,small,12.5,200.281991,1.58,2.018071,0.0,3.5,1.17,2.75,5.5,0.0,0.0,0.0,0.0,7.518071,13.768071,207.800062,214.050062
AP2-AE-1B2-1S,A03S-1294,AP2,3,small,12.5,200.281991,1.58,2.018071,0.0,3.5,1.17,2.75,5.5,0.0,0.0,0.0,0.0,7.518071,13.768071,207.800062,214.050062
AP2-FB-3S-12BS,A03S-1294,AP2,1,small,12.5,200.281991,1.58,2.019615,3.562109,3.562109,1.17,5.5,5.5,0.0,0.0,0.0,0.0,13.831724,13.831724,214.113715,214.113715
AP2-F2-3S-1BS,A03S-1294,AP2,1,small,12.5,200.281991,1.58,2.007587,0.0,3.5,1.17,2.75,5.5,0.0,0.0,0.0,0.0,7.507587,13.757587,207.789578,214.039578
AP2-FC-1B4P-1P,A03S-1294,AP2,5,small,12.5,200.281991,1.58,2.008733,0.0,0.0,1.17,2.75,2.75,0.0,0.0,0.0,0.0,7.508733,7.508733,207.790724,207.790724
AP2-F6-2P-4BP,A03S-1294,AP2,1,small,12.5,200.281991,1.58,2.008619,0.0,3.5,1.17,2.75,5.5,0.0,0.0,0.0,0.0,7.508619,13.758619,207.79061,214.04061
AP2-F2-2P-1BP,A03S-1294,AP2,1,small,12.5,200.281991,1.58,2.020512,0.0,3.5,1.17,2.75,5.5,0.0,0.0,0.0,0.0,7.520512,13.770512,207.802503,214.052503
AP2-F3-1B2S-1S,A03S-1294,AP2,5,small,12.5,200.281991,1.58,2.006879,0.0,3.5,1.17,2.75,5.5,0.0,0.0,0.0,0.0,7.506879,13.756879,207.78887,214.03887
AP2-F4-1B2S-1S,A03S-1294,AP2,5,small,12.5,200.281991,1.58,1.695408,0.0,3.5,1.17,2.75,5.5,0.0,0.0,0.0,0.0,7.195408,13.445408,207.477399,213.727399
AP2-AE-1B1-1P,A03S-1294,AP2,3,small,12.5,200.281991,1.58,2.022324,0.0,3.5,1.17,2.75,5.5,0.0,0.0,0.0,0.0,7.522324,13.772324,207.804315,214.054315
AP2-F4-1B3-1P,A03S-1294,AP2,5,small,12.5,200.281991,1.58,2.022324,0.0,3.5,1.17,2.75,5.5,0.0,0.0,0.0,0.0,7.522324,13.772324,207.804315,214.054315
AP2-F6-2P-1P,A03S-1295,AP2,1,large,12.5,2172.639458,0.0,0.0,0.0,0.0,0.0,0.0,0.0,0.660209,0.0,14.363836,5.0,5.660209,20.024045,2178.299667,2192.663503
AP2-F6-3S-1S,A03S-1295,AP2,1,large,12.5,2172.639458,0.0,0.0,0.0,0.0,0.0,0.0,0.0,0.652517,0.0,14.343972,5.0,5.652517,19.996489,2178.291975,2192.635947
AP2-F3-1B3-1S,A03S-1295,AP2,5,small,12.5,2172.639458,1.58,2.007799,0.0,3.5,1.17,2.75,5.5,0.0,0.0,0.0,0.0,7.507799,13.757799,2180.147257,2186.397257
AP2-FC-1B3-1S,A03S-1295,AP2,5,small,12.5,2172.639458,1.58,1.695501,0.0,3.5,1.17,2.75,5.5,0.0,0.0,0.0,0.0,7.195501,13.445501,2179.834959,2186.084959
AP2-FC-1B3-1P,A03S-1295,AP2,5,small,12.5,2172.639458,1.58,4.268492,0.0,3.5,1.17,2.75,5.5,0.0,0.0,0.0,0.0,9.768492,16.018492,2182.40795,2188.65795
AP2-FB-3S-14BS,A03S-1295,AP2,1,small,12.5,2172.639458,1.58,1.841064,0.0,3.5,1.17,2.75,5.5,0.0,0.0,0.0,0.0,7.341064,13.591064,2179.980522,2186.230522
AP2-F6-3S-7BS,A03S-1295,AP2,1,small,12.5,2172.639458,1.58,2.431709,0.0,0.0,1.17,2.75,2.75,0.0,0.0,0.0,0.0,7.931709,7.931709,2180.571167,2180.571167
AP2-FB-3S-15BS,A03S-1295,AP2,1,small,12.5,2172.639458,1.58,2.431709,0.0,3.5,1.17,2.75,5.5,0.0,0.0,0.0,0.0,7.931709,14.181709,2180.571167,2186.821167
AP2-FB-3S-16BS,A03S-1295,AP2,1,small,12.5,2172.639458,1.58,2.020633,0.0,0.0,1.17,2.75,2.75,0.0,0.0,0.0,0.0,7.520633,7.520633,2180.160091,2180.160091
AP2-G2-3B1-1S,A03S-1295,AP2,5,small,12.5,2172.639458,1.58,2.007752,0.0,0.0,1.17,2.75,2.75,0.0,0.0,0.0,0.0,7.507752,7.507752,2180.14721,2180.14721
AP2-FB-2P-9BP,A03S-1295,AP2,1,small,12.5,2172.639458,1.58,2.007651,0.0,3.5,1.17,2.75,5.5,0.0,0.0,0.0,0.0,7.507651,13.757651,2180.147109,2186.397109
AP2-F2-3S-7BS,A03S-1295,AP2,1,small,12.5,2172.639458,1.58,2.009092,0.0,3.5,1.17,2.75,5.5,0.0,0.0,0.0,0.0,7.509092,13.759092,2180.14855,2186.39855
AP2-F2-3S-8BS,A03S-1295,AP2,1,small,12.5,2172.639458,1.0,1.0,0.0,3.5,1.17,2.75,5.5,0.0,0.0,0.0,0.0,5.92,12.17,2178.559458,2184.809458
AP2-F6-2P-1BP,A03S-1295,AP2,1,small,12.5,2172.639458,1.58,1.205036,0.0,3.5,1.17,2.75,5.5,0.0,0.0,0.0,0.0,6.705036,12.955036,2179.344494,2185.594494
AP2-F6-3S-6BS,A03S-1295,AP2,1,small,12.5,2172.639458,1.58,1.205036,0.0,0.0,1.17,2.75,2.75,0.0,0.0,0.0,0.0,6.705036,6.705036,2179.344494,2179.344494
AP2-F2-2P-8BP,A03S-1295,AP2,1,small,12.5,2172.639458,1.58,1.205036,0.0,0.0,1.17,2.75,2.75,0.0,0.0,0.0,0.0,6.705036,6.705036,2179.344494,2179.344494
AP2-FB-2P-6BP,A03S-1296,AP2,1,small,12.0,2492.619274,1.58,1.315362,0.0,3.5,1.17,2.75,5.5,0.0,0.0,0.0,0.0,6.815362,13.065362,2499.434636,2505.684636
AP2-FB-3S-7BS,A03S-1296,AP2,1,small,12.0,2492.619274,1.58,1.321613,0.0,3.5,1.17,2.75,5.5,0.0,0.0,0.0,0.0,6.821613,13.071613,2499.440887,2505.690887
AP2-FC-1B1P-1P,A03S-1296,AP2,3,small,12.0,2492.619274,1.58,1.314403,0.0,3.5,1.17,2.75,5.5,0.0,0.0,0.0,0.0,6.814403,13.064403,2499.433677,2505.683677
AP2-FC-1B2S-1S,A03S-1296,AP2,3,small,12.0,2492.619274,1.58,1.205036,0.0,3.5,1.17,2.75,5.5,0.0,0.0,0.0,0.0,6.705036,12.955036,2499.32431,2505.57431
AP2-G1-1B1P-1P,A03S-1296,AP2,3,small,12.0,2492.619274,1.58,1.205036,0.0,0.0,1.17,2.75,2.75,0.0,0.0,0.0,0.0,6.705036,6.705036,2499.32431,2499.32431
AP2-G1-1B2S-1S,A03S-1296,AP2,3,small,12.0,2492.619274,1.58,1.205036,0.0,0.0,1.17,2.75,2.75,0.0,0.0,0.0,0.0,6.705036,6.705036,2499.32431,2499.32431
AP2-G1-2B1P-1P,A03S-1296,AP2,3,small,12.0,2492.619274,1.58,1.205036,0.0,3.5,1.17,2.75,5.5,0.0,0.0,0.0,0.0,6.705036,12.955036,2499.32431,2505.57431
AP2-G1-2B2S-1S,A03S-1296,AP2,3,small,12.0,2492.619274,1.58,1.205036,0.0,3.5,1.17,2.75,5.5,0.0,0.0,0.0,0.0,6.705036,12.955036,2499.32431,2505.57431
AP2-G3-1B1-1P,A03S-1296,AP2,3,small,12.0,2492.619274,1.58,1.205036,0.0,0.0,1.17,2.75,2.75,0.0,0.0,0.0,0.0,6.705036,6.705036,2499.32431,2499.32431
AP2-G3-1B1-1S,A03S-1296,AP2,3,small,12.0,2492.619274,1.58,1.205036,0.0,0.0,1.17,2.75,2.75,0.0,0.0,0.0,0.0,6.705036,6.705036,2499.32431,2499.32431
AP2-G3-2B1-1P,A03S-1296,AP2,3,small,12.0,2492.619274,1.58,1.205036,0.0,3.5,1.17,2.75,5.5,0.0,0.0,0.0,0.0,6.705036,12.955036,2499.32431,2505.57431
AP2-G3-2B1-1S,A03S-1296,AP2,3,small,12.0,2492.619274,1.58,1.205036,0.0,3.5,1.17,2.75,5.5,0.0,0.0,0.0,0.0,6.705036,12.955036,2499.32431,2505.57431
AP2-G4-1B1-1P,A03S-1296,AP2,3,small,12.0,2492.619274,1.58,1.205036,0.0,0.0,1.17,2.75,2.75,0.0,0.0,0.0,0.0,6.705036,6.705036,2499.32431,2499.32431
AP2-G4-1B1-1S,A03S-1296,AP2,3,small,12.0,2492.619274,1.58,1.205036,0.0,0.0,1.17,2.75,2.75,0.0,0.0,0.0,0.0,6.705036,6.705036,2499.32431,2499.32431
AP2-G4-2B1-1P,A03S-1296,AP2,3,small,12.0,2492.619274,1.58,1.205036,0.0,3.5,1.17,2.75,5.5,0.0,0.0,0.0,0.0,6.705036,12.955036,2499.32431,2505.57431
AP2-G4-2B1-1S,A03S-1296,AP2,3,small,12.0,2492.619274,1.58,1.205036,0.0,3.5,1.17,2.75,5.5,0.0,0.0,0.0,0.0,6.705036,12.955036,2499.32431,2505.57431
AP2-G5-1B1-1P,A03S-1296,AP2,3,small,12.0,2492.619274,1.58,1.205036,0.0,0.0,1.17,2.75,2.75,0.0,0.0,0.0,0.0,6.705036,6.705036,2499.32431,2499.32431
AP2-G5-1B1-1S,A03S-1296,AP2,3,small,12.0,2492.619274,1.58,1.205036,0.0,0.0,1.17,2.75,2.75,0.0,0.0,0.0,0.0,6.705036,6.705036,2499.32431,2499.32431
AP2-G5-2B1-1P,A03S-1296,AP2,3,small,12.0,2492.619274,1.58,1.205036,0.0,3.5,1.17,2.75,5.5,0.0,0.0,0.0,0.0,6.705036,12.955036,2499.32431,2505.57431
AP2-G5-2B1-1S,A03S-1296,AP2,3,small,12.0,2492.619274,1.58,1.205036,0.0,3.5,1.17,2.75,5.5,0.0,0.0,0.0,0.0,6.705036,12.955036,2499.32431,2505.57431
AP2-F2-3S-4BS,A03S-1296,AP2,1,small,12.0,2492.619274,1.58,1.555618,0.0,0.0,1.17,2.75,2.75,0.0,0.0,0.0,0.0,7.055618,7.055618,2499.674892,2499.674892
AP2-SGF-1SP-4BSP,A03S-1296,AP2,3,small,12.0,2492.619274,1.0,1.0,0.0,0.0,1.17,2.75,2.75,0.0,0.0,0.0,0.0,5.92,5.92,2498.539274,2498.539274
AP2-FB-2P-8BP,A03S-1297,AP2,1,small,12.0,2649.273473,1.58,3.811139,3.547823,3.547823,1.17,5.5,5.5,0.0,0.0,0.0,0.0,15.608962,15.608962,2664.882435,2664.882435
AP2-FB-3S-3BS,A03S-1297,AP2,1,small,12.0,2649.273473,1.58,3.811139,0.0,3.5,1.17,2.75,5.5,0.0,0.0,0.0,0.0,9.311139,15.561139,2658.584612,2664.834612
AP2-F6-3S-4BS,A03S-1297,AP2,1,small,12.0,2649.273473,1.58,2.36964,0.0,3.5,1.17,2.75,5.5,0.0,0.0,0.0,0.0,7.86964,14.11964,2657.143113,2663.393113
AP2-FB-3S-10BS,A03S-1297,AP2,1,small,12.0,2649.273473,1.58,2.36964,3.552854,3.552854,1.17,5.5,5.5,0.0,0.0,0.0,0.0,14.172494,14.172494,2663.445967,2663.445967
AP2-FB-2P-7BP,A03S-1297,AP2,1,small,12.0,2649.273473,1.58,1.373999,0.0,3.5,1.17,2.75,5.5,0.0,0.0,0.0,0.0,6.873999,13.123999,2656.147472,2662.397472
AP2-FB-3S-6BS,A03S-1297,AP2,1,small,12.0,2649.273473,1.58,2.595303,0.0,3.5,1.17,2.75,5.5,0.0,0.0,0.0,0.0,8.095303,14.345303,2657.368776,2663.618776
AP2-G2-2-1P,A03S-1297,AP2,4,large,12.0,2649.273473,0.0,0.0,0.0,0.0,0.0,0.0,0.0,0.241661,0.0,11.24208,5.0,5.241661,16.483741,2654.515134,2665.757214
AP2-G2-2-1S,A03S-1297,AP2,4,large,12.0,2649.273473,0.0,0.0,0.0,0.0,0.0,0.0,0.0,1.030811,0.0,11.24208,5.0,6.030811,17.272891,2655.304284,2666.546364
AP2-G2-1B1-1S,A03S-1299,AP2,2,small,11.5,2272.671776,1.58,1.373999,0.0,3.5,1.17,2.75,5.5,0.0,0.0,0.0,0.0,6.873999,13.123999,2279.545775,2285.795775
AP2-G2-1B2-1P,A03S-1299,AP2,5,small,11.5,2272.671776,1.58,2.595301,0.0,3.5,1.17,2.75,5.5,0.0,0.0,0.0,0.0,8.095301,14.345301,2280.767077,2287.017077
AP2-G2-1B2-1S,A03S-1299,AP2,1,small,11.5,2272.671776,1.58,1.373999,0.0,3.5,1.17,2.75,5.5,0.0,0.0,0.0,0.0,6.873999,13.123999,2279.545775,2285.795775
AP2-G2-4S-1S,A03S-1299,AP2,3,small,11.5,2272.671776,1.58,2.595301,0.0,3.5,1.17,2.75,5.5,0.0,0.0,0.0,0.0,8.095301,14.345301,2280.767077,2287.017077
AP2-G2-4S-2S,A03S-1299,AP2,3,small,11.5,2272.671776,1.58,1.373999,0.0,3.5,1.17,2.75,5.5,0.0,0.0,0.0,0.0,6.873999,13.123999,2279.545775,2285.795775
AP2-G2-4S-3S,A03S-1299,AP2,3,large,11.5,2272.671776,0.0,0.0,0.0,0.0,0.0,0.0,0.0,1.381926,0.0,6.743648,5.0,6.381926,13.125574,2279.053702,2285.79735
AP2-G3-4B3-1P,A03S-1299,AP2,5,small,11.5,2272.671776,1.58,1.373999,0.0,3.5,1.17,2.75,5.5,0.0,0.0,0.0,0.0,6.873999,13.123999,2279.545775,2285.795775
AP2-G3-4B3-1S,A03S-1299,AP2,1,small,11.5,2272.671776,1.58,3.138695,0.0,3.5,1.17,2.75,5.5,0.0,0.0,0.0,0.0,8.638695,14.888695,2281.310471,2287.560471
AP2-G3-4B4-1S,A03S-1299,AP2,2,small,11.5,2272.671776,1.58,1.373999,0.0,3.5,1.17,2.75,5.5,0.0,0.0,0.0,0.0,6.873999,13.123999,2279.545775,2285.795775
AP2-G3-4B5-1S,A03S-1299,AP2,2,small,11.5,2272.671776,1.58,3.007995,0.0,3.5,1.17,2.75,5.5,0.0,0.0,0.0,0.0,8.507995,14.757995,2281.179771,2287.429771
AP2-G4-4B1-1S,A03S-1299,AP2,2,small,11.5,2272.671776,1.58,1.373999,0.0,3.5,1.17,2.75,5.5,0.0,0.0,0.0,0.0,6.873999,13.123999,2279.545775,2285.795775
AP2-G4-4B2-1P,A03S-1299,AP2,2,small,11.5,2272.671776,1.58,3.007995,0.0,3.5,1.17,2.75,5.5,0.0,0.0,0.0,0.0,8.507995,14.757995,2281.179771,2287.429771
AP2-G4-4B2-1S,A03S-1299,AP2,2,small,11.5,2272.671776,1.58,1.373999,0.0,3.5,1.17,2.75,5.5,0.0,0.0,0.0,0.0,6.873999,13.123999,2279.545775,2285.795775
AP2-G4-4B3-1P,A03S-1299,AP2,1,small,11.5,2272.671776,1.58,3.019192,0.0,3.5,1.17,2.75,5.5,0.0,0.0,0.0,0.0,8.519192,14.769192,2281.190968,2287.440968
AP2-G4-4B3-1S,A03S-1299,AP2,1,small,11.5,2272.671776,1.58,1.373999,0.0,3.5,1.17,2.75,5.5,0.0,0.0,0.0,0.0,6.873999,13.123999,2279.545775,2285.795775
AP2-G5-4B1-1P,A03S-1299,AP2,2,small,11.5,2272.671776,1.58,3.019192,0.0,3.5,1.17,2.75,5.5,0.0,0.0,0.0,0.0,8.519192,14.769192,2281.190968,2287.440968
AP2-G5-4B1-1S,A03S-1299,AP2,2,small,11.5,2272.671776,1.58,3.039635,0.0,3.5,1.17,2.75,5.5,0.0,0.0,0.0,0.0,8.539635,14.789635,2281.211411,2287.461411
AP2-G5-4B2-1P,A03S-1299,AP2,2,small,11.5,2272.671776,1.58,1.373999,0.0,3.5,1.17,2.75,5.5,0.0,0.0,0.0,0.0,6.873999,13.123999,2279.545775,2285.795775
AP2-G5-4B2-1S,A03S-1299,AP2,2,small,11.5,2272.671776,1.58,1.373999,0.0,3.5,1.17,2.75,5.5,0.0,0.0,0.0,0.0,6.873999,13.123999,2279.545775,2285.795775
AP2-G5-4B3-1P,A03S-1299,AP2,1,small,11.5,2272.671776,1.58,3.039635,0.0,3.5,1.17,2.75,5.5,0.0,0.0,0.0,0.0,8.539635,14.789635,2281.211411,2287.461411
AP2-G5-4B3-1S,A03S-1299,AP2,1,small,11.5,2272.671776,1.58,1.373999,0.0,3.5,1.17,2.75,5.5,0.0,0.0,0.0,0.0,6.873999,13.123999,2279.545775,2285.795775
AP2-AG-1-2P,A03S-1300,AP2,1,large,10.0,1623.880536,0.0,0.0,0.0,0.0,0.0,0.0,0.0,1.030806,0.0,71.774692,5.0,6.030806,77.805498,1629.911342,1701.686034
AP2-AG-1-2S,A03S-1300,AP2,1,large,10.0,1623.880536,0.0,0.0,0.0,0.0,0.0,0.0,0.0,1.030806,0.0,71.849232,5.0,6.030806,77.880038,1629.911342,1701.760574
AP2-AG-1-1P,A03S-1301,AP2,1,large,10.0,2118.663568,0.0,0.0,0.0,0.0,0.0,0.0,0.0,0.241661,0.0,31.369428,5.0,5.241661,36.611089,2123.905229,2155.274657
AP2-AG-1-1S,A03S-1301,AP2,1,large,10.0,2118.663568,0.0,0.0,0.0,0.0,0.0,0.0,0.0,0.0,0.0,31.369428,5.0,5.0,36.369428,2123.663568,2155.032996
AP2-G3-6S-1S,A03S-1301,AP2,1,small,10.0,2118.663568,1.0,1.0,0.0,3.5,1.17,2.75,5.5,0.0,0.0,0.0,0.0,5.92,12.17,2124.583568,2130.833568
AP2-G1-1-1P,A03S-1302,AP2,2,large,10.0,517.761411,0.0,0.0,0.0,0.0,0.0,0.0,0.0,0.0,0.0,1.494664,5.0,5.0,6.494664,522.761411,524.256075
AP2-G1-1-1S,A03S-1302,AP2,2,large,10.0,517.761411,0.0,0.0,0.0,0.0,0.0,0.0,0.0,0.0,0.0,1.494664,5.0,5.0,6.494664,522.761411,524.256075
AP2-G3-1-1P,A03S-1302,AP2,2,large,10.0,517.761411,0.0,0.0,0.0,0.0,0.0,0.0,0.0,0.0,0.0,2.810432,5.0,5.0,7.810432,522.761411,525.571843
AP2-G3-1-1S,A03S-1302,AP2,2,large,10.0,517.761411,0.0,0.0,0.0,0.0,0.0,0.0,0.0,0.0,0.0,2.810432,5.0,5.0,7.810432,522.761411,525.571843
AP2-G3-2-1S,A03S-1302,AP2,2,large,10.0,517.761411,0.0,0.0,0.0,0.0,0.0,0.0,0.0,0.0,0.0,2.81134,5.0,5.0,7.81134,522.761411,525.572751
AP2-G4-2-1P,A03S-1302,AP2,2,large,10.0,517.761411,0.0,0.0,0.0,0.0,0.0,0.0,0.0,0.0,0.0,2.813148,5.0,5.0,7.813148,522.761411,525.574559
AP2-G4-2-1S,A03S-1302,AP2,2,large,10.0,517.761411,0.0,0.0,0.0,0.0,0.0,0.0,0.0,0.0,0.0,2.813148,5.0,5.0,7.813148,522.761411,525.574559
AP2-G4-3-1P,A03S-1302,AP2,2,large,10.0,517.761411,0.0,0.0,0.0,0.0,0.0,0.0,0.0,0.0,0.0,2.81324,5.0,5.0,7.81324,522.761411,525.574651
AP2-G4-3-1S,A03S-1302,AP2,2,large,10.0,517.761411,0.0,0.0,0.0,0.0,0.0,0.0,0.0,0.658482,0.0,2.81324,5.0,5.658482,8.471722,523.419893,526.233133
AP2-G5-1-1P,A03S-1302,AP2,2,large,10.0,517.761411,0.0,0.0,0.0,0.0,0.0,0.0,0.0,0.650786,0.0,2.819408,5.0,5.650786,8.470194,523.412197,526.231605
AP2-G5-1-1S,A03S-1302,AP2,2,large,10.0,517.761411,0.0,0.0,0.0,0.0,0.0,0.0,0.0,0.619375,0.0,2.819408,5.0,5.619375,8.438783,523.380786,526.200194
AP2-G2-3-1S,A03S-1302,AP2,2,large,10.0,517.761411,0.0,0.0,0.0,0.0,0.0,0.0,0.0,0.619375,0.0,2.790472,5.0,5.619375,8.409847,523.380786,526.171258
AP2-G2-3-1P,A03S-1302,AP2,2,large,10.0,517.761411,0.0,0.0,0.0,0.0,0.0,0.0,0.0,0.0,0.0,2.790472,5.0,5.0,7.790472,522.761411,525.551883
AP2-G3-2-1P,A03S-1302,AP2,2,large,10.0,517.761411,0.0,0.0,0.0,0.0,0.0,0.0,0.0,0.0,0.0,2.81134,5.0,5.0,7.81134,522.761411,525.572751
AP2-G5-2-1S,A03S-1302,AP2,2,large,10.0,517.761411,0.0,0.0,0.0,0.0,0.0,0.0,0.0,1.5165,0.0,2.8169,5.0,6.5165,9.3334,524.277911,527.094811
AP2-G5-2-1P,A03S-1302,AP2,2,large,10.0,517.761411,0.0,0.0,0.0,0.0,0.0,0.0,0.0,1.5165,0.0,2.8169,5.0,6.5165,9.3334,524.277911,527.094811
AP2-G4-4-1S,A03S-1303,AP2,2,large,10.0,2017.277952,0.0,0.0,0.0,0.0,0.0,0.0,0.0,1.620922,0.0,2.8122,5.0,6.620922,9.433122,2023.898874,2026.711074
AP2-G4-4-1P,A03S-1303,AP2,2,large,10.0,2017.277952,0.0,0.0,0.0,0.0,0.0,0.0,0.0,1.620922,0.0,2.8122,5.0,6.620922,9.433122,2023.898874,2026.711074
AP2-G3-3-1S,A03S-1303,AP2,2,large,10.0,2017.277952,0.0,0.0,0.0,0.0,0.0,0.0,0.0,0.422749,0.0,2.81134,5.0,5.422749,8.234089,2022.700701,2025.512041
AP2-G3-3-1P,A03S-1303,AP2,2,large,10.0,2017.277952,0.0,0.0,0.0,0.0,0.0,0.0,0.0,0.422749,0.0,2.81134,5.0,5.422749,8.234089,2022.700701,2025.512041
AP2-G5-3-1S,A03S-1303,AP2,2,large,10.0,2017.277952,0.0,0.0,0.0,0.0,0.0,0.0,0.0,0.784615,0.0,2.8149,5.0,5.784615,8.599515,2023.062567,2025.877467
AP2-G5-3-1P,A03S-1303,AP2,2,large,10.0,2017.277952,0.0,0.0,0.0,0.0,0.0,0.0,0.0,1.654713,0.0,2.8149,5.0,6.654713,9.469613,2023.932665,2026.747565
AP2-FC-1-1P,A03S-1304,AP2,1,large,10.0,3004.721404,0.0,0.0,0.0,0.0,0.0,0.0,0.0,1.654713,0.0,22.618076,5.0,6.654713,29.272789,3011.376117,3033.994193
AP2-FC-1-1S,A03S-1304,AP2,1,large,10.0,3004.721404,0.0,0.0,0.0,0.0,0.0,0.0,0.0,1.654713,0.0,22.618076,5.0,6.654713,29.272789,3011.376117,3033.994193
TA10-CG-1-1P,A03S-1305,AP2,1,large,12.5,2572.215498,0.0,0.0,0.0,0.0,0.0,0.0,0.0,1.654713,0.0,11.623744,5.0,6.654713,18.278457,2578.870211,2590.493955
TA10-CG-1-1S,A03S-1305,AP2,1,large,12.5,2572.215498,0.0,0.0,0.0,0.0,0.0,0.0,0.0,1.229072,0.0,11.643744,5.0,6.229072,17.872816,2578.44457,2590.088314
AP2-F8-2-1S,A03S-1305,AP2,1,small,12.5,2572.215498,1.58,2.902135,0.0,3.5,1.17,2.75,5.5,0.0,0.0,0.0,0.0,8.402135,14.652135,2580.617633,2586.867633
AP2-AE-1B5-1P,A03S-1305,AP2,5,small,12.5,2572.215498,1.58,2.902135,0.0,3.5,1.17,2.75,5.5,0.0,0.0,0.0,0.0,8.402135,14.652135,2580.617633,2586.867633
AP2-AE-1B5-1S,A03S-1305,AP2,5,small,12.5,2572.215498,1.58,2.902135,0.0,3.5,1.17,2.75,5.5,0.0,0.0,0.0,0.0,8.402135,14.652135,2580.617633,2586.867633
AP2-G4-4B1-1P,A03S-1305,AP2,2,small,12.5,2572.215498,1.58,1.43805,0.0,3.5,1.17,2.75,5.5,0.0,0.0,0.0,0.0,6.93805,13.18805,2579.153548,2585.403548
AP2-G3-4B4-1P,A03S-1305,AP2,2,small,12.5,2572.215498,1.58,1.43805,0.0,3.5,1.17,2.75,5.5,0.0,0.0,0.0,0.0,6.93805,13.18805,2579.153548,2585.403548
AP2-G3-4B5-1P,A03S-1305,AP2,2,small,12.5,2572.215498,1.58,1.523316,0.0,3.5,1.17,2.75,5.5,0.0,0.0,0.0,0.0,7.023316,13.273316,2579.238814,2585.488814
AP2-G2-1B1-1P,A03S-1305,AP2,2,small,12.5,2572.215498,1.58,1.523317,0.0,3.5,1.17,2.75,5.5,0.0,0.0,0.0,0.0,7.023317,13.273317,2579.238815,2585.488815
TA10-F6-1SP-5SP,A03S-1305,AP2,5,small,12.5,2572.215498,1.58,1.537228,0.0,3.5,1.17,2.75,5.5,0.0,0.0,0.0,0.0,7.037228,13.287228,2579.252726,2585.502726
N1-DB-1SP-4SP,E01S-1200,BN1,9,large,20.0,2407.428267,0.0,0.0,0.0,0.0,0.0,0.0,0.0,0.483111,18.785624,28.056408,5.0,24.268735,33.539519,2431.697002,2440.967786
N1-DB-1SP-6SP,E01S-1200,BN1,9,small,20.0,2407.428267,1.58,1.53466,11.51099,11.51099,1.17,5.5,5.5,0.0,0.0,0.0,0.0,21.29565,21.29565,2428.723917,2428.723917
N1-F30-3S-2S,E01S-1200,BN1,9,small,20.0,2407.428267,1.58,1.747673,8.924259,8.924259,1.17,5.5,5.5,0.0,0.0,0.0,0.0,18.921932,18.921932,2426.350199,2426.350199
N1-F30-3S-1S,E01S-1200,BN1,2,small,20.0,2407.428267,1.58,1.357143,9.399079,9.399079,1.17,5.5,5.5,0.0,0.0,0.0,0.0,19.006222,19.006222,2426.434489,2426.434489
N1-LG1-2-10BP,E01S-1203,BN1,1,small,16.5,1056.569679,1.58,2.171914,0.0,0.0,1.17,2.75,2.75,0.0,0.0,0.0,0.0,7.671914,7.671914,1064.241593,1064.241593
N1-LG1-2-10BS,E01S-1203,BN1,1,small,16.5,1056.569679,1.58,1.537228,0.0,0.0,1.17,2.75,2.75,0.0,0.0,0.0,0.0,7.037228,7.037228,1063.606907,1063.606907
N1-DB-1SP-3SP,E01S-1203,BN1,9,large,16.5,1056.569679,0.0,0.0,0.0,0.0,0.0,0.0,0.0,0.757237,86.52124,117.808492,5.0,92.278477,123.565729,1148.848156,1180.135408
N1-LG1-2-1BP,E01S-1203,BN1,1,small,16.5,1056.569679,1.58,1.523317,0.0,0.0,1.17,2.75,2.75,0.0,0.0,0.0,0.0,7.023317,7.023317,1063.592996,1063.592996
N1-F31-2B1S-1S,E01S-1203,BN1,9,small,16.5,1056.569679,1.58,2.622548,0.0,3.5,1.17,2.75,5.5,0.0,0.0,0.0,0.0,8.122548,14.372548,1064.692227,1070.942227
N1-ST1-1B1S-1S,E01S-1203,BN1,9,small,16.5,1056.569679,1.58,2.622548,0.0,3.5,1.17,2.75,5.5,0.0,0.0,0.0,0.0,8.122548,14.372548,1064.692227,1070.942227
N1-ST2-1B1S-1S,E01S-1203,BN1,9,small,16.5,1056.569679,1.0,1.0,0.0,3.5,1.17,2.75,5.5,0.0,0.0,0.0,0.0,5.92,12.17,1062.489679,1068.739679
N1-LG1-2-1BS,E01S-1203,BN1,1,small,16.5,1056.569679,1.0,1.0,0.0,0.0,1.17,2.75,2.75,0.0,0.0,0.0,0.0,5.92,5.92,1062.489679,1062.489679
N1-LG1-2-2BP,E01S-1203,BN1,1,small,16.5,1056.569679,1.0,1.0,0.0,0.0,1.17,2.75,2.75,0.0,0.0,0.0,0.0,5.92,5.92,1062.489679,1062.489679
N1-LG1-2-2BS,E01S-1203,BN1,1,small,16.5,1056.569679,1.0,1.0,0.0,0.0,1.17,2.75,2.75,0.0,0.0,0.0,0.0,5.92,5.92,1062.489679,1062.489679
N1-LG1-2-3BP,E01S-1203,BN1,1,small,16.5,1056.569679,1.58,1.523316,0.0,0.0,1.17,2.75,2.75,0.0,0.0,0.0,0.0,7.023316,7.023316,1063.592995,1063.592995
N1-LG1-2-3BS,E01S-1203,BN1,1,small,16.5,1056.569679,1.58,1.53466,0.0,0.0,1.17,2.75,2.75,0.0,0.0,0.0,0.0,7.03466,7.03466,1063.604339,1063.604339
N1-LG1-2-4BP,E01S-1203,BN1,1,small,16.5,1056.569679,1.58,2.027058,0.0,0.0,1.17,2.75,2.75,0.0,0.0,0.0,0.0,7.527058,7.527058,1064.096737,1064.096737
N1-LG1-2-4BS,E01S-1203,BN1,1,small,16.5,1056.569679,1.58,2.0384,0.0,0.0,1.17,2.75,2.75,0.0,0.0,0.0,0.0,7.5384,7.5384,1064.108079,1064.108079
N1-LG1-2-5BP,E01S-1203,BN1,1,small,16.5,1056.569679,1.58,2.027058,0.0,0.0,1.17,2.75,2.75,0.0,0.0,0.0,0.0,7.527058,7.527058,1064.096737,1064.096737
N1-LG1-2-5BS,E01S-1203,BN1,1,small,16.5,1056.569679,1.58,2.0384,0.0,0.0,1.17,2.75,2.75,0.0,0.0,0.0,0.0,7.5384,7.5384,1064.108079,1064.108079
N1-LG1-2-6BP,E01S-1203,BN1,1,small,16.5,1056.569679,1.58,3.60634,0.0,0.0,1.17,2.75,2.75,0.0,0.0,0.0,0.0,9.10634,9.10634,1065.676019,1065.676019
N1-LG1-2-6BS,E01S-1203,BN1,1,small,16.5,1056.569679,1.58,1.210516,0.0,0.0,1.17,2.75,2.75,0.0,0.0,0.0,0.0,6.710516,6.710516,1063.280195,1063.280195
N1-LG1-2-7BP,E01S-1203,BN1,1,small,16.5,1056.569679,1.58,2.694672,0.0,0.0,1.17,2.75,2.75,0.0,0.0,0.0,0.0,8.194672,8.194672,1064.764351,1064.764351
N1-LG1-2-7BS,E01S-1203,BN1,1,small,16.5,1056.569679,1.58,2.027058,0.0,0.0,1.17,2.75,2.75,0.0,0.0,0.0,0.0,7.527058,7.527058,1064.096737,1064.096737
N1-LG1-2-8BP,E01S-1203,BN1,1,small,16.5,1056.569679,1.58,2.027058,0.0,0.0,1.17,2.75,2.75,0.0,0.0,0.0,0.0,7.527058,7.527058,1064.096737,1064.096737
N1-LG1-2-8BS,E01S-1203,BN1,1,small,16.5,1056.569679,1.58,1.93393,0.0,0.0,1.17,2.75,2.75,0.0,0.0,0.0,0.0,7.43393,7.43393,1064.003609,1064.003609
N1-LG1-2-9BP,E01S-1203,BN1,1,small,16.5,1056.569679,1.58,1.93393,0.0,0.0,1.17,2.75,2.75,0.0,0.0,0.0,0.0,7.43393,7.43393,1064.003609,1064.003609
N1-LG1-2-9BS,E01S-1203,BN1,1,small,16.5,1056.569679,1.58,1.827785,0.0,0.0,1.17,2.75,2.75,0.0,0.0,0.0,0.0,7.327785,7.327785,1063.897464,1063.897464
N1-F21-7S-1S,E01S-1203,BN1,7,large,16.5,1056.569679,0.0,0.0,0.0,0.0,0.0,0.0,0.0,0.265397,0.0,13.706516,5.0,5.265397,18.971913,1061.835076,1075.541592
N1-ST-3-2S,E01S-1203,BN1,9,small,16.5,1056.569679,1.58,2.078711,0.0,3.5,1.17,2.75,5.5,0.0,0.0,0.0,0.0,7.578711,13.828711,1064.14839,1070.39839
N1-LG3-1-1P,E01S-1204,BN1,1,large,36.0,1415.081771,0.0,0.0,0.0,0.0,0.0,0.0,0.0,0.265397,37.826372,37.826372,5.0,43.091769,43.091769,1458.17354,1458.17354
N1-LG3-1-1S,E01S-1204,BN1,1,large,36.0,1415.081771,0.0,0.0,0.0,0.0,0.0,0.0,0.0,0.265397,37.826372,37.826372,5.0,43.091769,43.091769,1458.17354,1458.17354
N1-LG1-2-1P,E01S-1205,BN1,1,large,28.0,385.990846,0.0,0.0,0.0,0.0,0.0,0.0,0.0,0.523905,66.534816,103.17366,5.0,72.058721,108.697565,458.049567,494.688411
N1-LG1-2-1S,E01S-1205,BN1,1,large,28.0,385.990846,0.0,0.0,0.0,0.0,0.0,0.0,0.0,0.523975,66.554816,103.17366,5.0,72.078791,108.697635,458.069637,494.688481
N1-LG2-2P-1P,E01S-1206,BN1,1,large,28.0,754.250504,0.0,0.0,0.0,0.0,0.0,0.0,0.0,0.514159,69.096172,85.512636,5.0,74.610331,91.026795,828.860835,845.277299
N1-LG2-4S-1S,E01S-1206,BN1,1,large,28.0,754.250504,0.0,0.0,0.0,0.0,0.0,0.0,0.0,0.519534,102.918732,102.918732,5.0,108.438266,108.438266,862.68877,862.68877
N1-MG-6SP-1SP,E01S-1207,BN1,7,large,25.0,3090.973091,0.0,0.0,0.0,0.0,0.0,0.0,0.0,0.671944,19.045984,19.04598,5.0,24.717928,24.717924,3115.691019,3115.691015
N1-F21-5-1P,E01S-1208,BN1,1,small,22.0,222.17398,1.58,2.039913,4.284836,4.284836,1.17,5.5,5.5,0.0,0.0,0.0,0.0,14.574749,14.574749,236.748729,236.748729
N1-F21-5-1S,E01S-1208,BN1,1,small,22.0,222.17398,1.58,2.279705,4.284836,4.284836,1.17,5.5,5.5,0.0,0.0,0.0,0.0,14.814541,14.814541,236.988521,236.988521
N1-F22-5-1P,E01S-1208,BN1,1,small,22.0,222.17398,1.58,2.279705,4.284836,4.284836,1.17,5.5,5.5,0.0,0.0,0.0,0.0,14.814541,14.814541,236.988521,236.988521
N1-F22-5-1S,E01S-1208,BN1,1,small,22.0,222.17398,1.58,1.829351,4.284836,4.284836,1.17,5.5,5.5,0.0,0.0,0.0,0.0,14.364187,14.364187,236.538167,236.538167
N1-F23-5-1P,E01S-1208,BN1,1,small,22.0,222.17398,1.58,1.829351,4.284836,4.284836,1.17,5.5,5.5,0.0,0.0,0.0,0.0,14.364187,14.364187,236.538167,236.538167
N1-F23-5-1S,E01S-1208,BN1,1,small,22.0,222.17398,1.58,1.795723,4.284836,4.284836,1.17,5.5,5.5,0.0,0.0,0.0,0.0,14.330559,14.330559,236.504539,236.504539
N1-F24-5-1P,E01S-1208,BN1,1,small,22.0,222.17398,1.58,1.410734,4.284836,4.284836,1.17,5.5,5.5,0.0,0.0,0.0,0.0,13.94557,13.94557,236.11955,236.11955
N1-F24-5-1S,E01S-1208,BN1,1,small,22.0,222.17398,1.58,1.80404,4.284836,4.284836,1.17,5.5,5.5,0.0,0.0,0.0,0.0,14.338876,14.338876,236.512856,236.512856
N1-F25-5-1P,E01S-1208,BN1,1,small,22.0,222.17398,1.58,1.560903,4.284836,4.284836,1.17,5.5,5.5,0.0,0.0,0.0,0.0,14.095739,14.095739,236.269719,236.269719
N1-F25-5-1S,E01S-1208,BN1,1,small,22.0,222.17398,1.58,3.413335,4.284836,4.284836,1.17,5.5,5.5,0.0,0.0,0.0,0.0,15.948171,15.948171,238.122151,238.122151
N1-F26-5-1P,E01S-1208,BN1,1,small,22.0,222.17398,1.58,1.622831,4.284836,4.284836,1.17,5.5,5.5,0.0,0.0,0.0,0.0,14.157667,14.157667,236.331647,236.331647
N1-F26-5-1S,E01S-1208,BN1,1,small,22.0,222.17398,1.58,3.303264,4.284836,4.284836,1.17,5.5,5.5,0.0,0.0,0.0,0.0,15.8381,15.8381,238.01208,238.01208
N1-F27-2-1P,E01S-1208,BN1,1,small,22.0,222.17398,1.58,1.405001,4.284836,4.284836,1.17,5.5,5.5,0.0,0.0,0.0,0.0,13.939837,13.939837,236.113817,236.113817
N1-F27-2-1S,E01S-1208,BN1,1,small,22.0,222.17398,1.58,1.819941,4.284836,4.284836,1.17,5.5,5.5,0.0,0.0,0.0,0.0,14.354777,14.354777,236.528757,236.528757
N1-F28-3-1P,E01S-1208,BN1,1,small,22.0,222.17398,1.58,1.496498,4.284836,4.284836,1.17,5.5,5.5,0.0,0.0,0.0,0.0,14.031334,14.031334,236.205314,236.205314
N1-F28-3-1S,E01S-1208,BN1,1,small,22.0,222.17398,1.58,1.61705,4.284836,4.284836,1.17,5.5,5.5,0.0,0.0,0.0,0.0,14.151886,14.151886,236.325866,236.325866
N1-F29-3-1P,E01S-1208,BN1,1,small,22.0,222.17398,1.58,1.818512,4.735656,4.735656,1.17,5.5,5.5,0.0,0.0,0.0,0.0,14.804168,14.804168,236.978148,236.978148
N1-F29-3-1S,E01S-1208,BN1,1,small,22.0,222.17398,1.58,2.801145,4.735656,4.735656,1.17,5.5,5.5,0.0,0.0,0.0,0.0,15.786801,15.786801,237.960781,237.960781
N1-F19-2-1P,E01S-1209,BN1,1,small,22.0,2318.613161,1.58,2.801145,4.887295,4.887295,1.17,5.5,5.5,0.0,0.0,0.0,0.0,15.93844,15.93844,2334.551601,2334.551601
N1-F19-2-1S,E01S-1209,BN1,1,small,22.0,2318.613161,1.0,1.0,4.733607,4.733607,1.17,5.5,5.5,0.0,0.0,0.0,0.0,13.403607,13.403607,2332.016768,2332.016768
N1-F20-5-1P,E01S-1209,BN1,1,small,22.0,2318.613161,1.58,1.38043,4.889344,4.889344,1.17,5.5,5.5,0.0,0.0,0.0,0.0,14.519774,14.519774,2333.132935,2333.132935
N1-F20-5-1S,E01S-1209,BN1,1,small,22.0,2318.613161,1.58,1.987766,4.735656,4.735656,1.17,5.5,5.5,0.0,0.0,0.0,0.0,14.973422,14.973422,2333.586583,2333.586583
N1-STT-1SP-1SP,E01S-1210,BN1,2,large,20.0,2818.072951,0.0,0.0,0.0,0.0,0.0,0.0,0.0,0.0,0.0,0.0,5.0,5.0,5.0,2823.072951,2823.072951
N1-CG-2KS-2S,E01S-1211,BN1,1,large,17.0,2982.422803,0.0,0.0,0.0,0.0,0.0,0.0,0.0,0.0,20.17558,26.996832,5.0,25.17558,31.996832,3007.598383,3014.419635
N1-F29-7S-1S,E01S-1211,BN1,3,large,17.0,2982.422803,0.0,0.0,0.0,0.0,0.0,0.0,0.0,0.0,16.320112,19.913984,5.0,21.320112,24.913984,3003.742915,3007.336787
N1-F31-8S-1S,E01S-1211,BN1,2,large,17.0,2982.422803,0.0,0.0,0.0,0.0,0.0,0.0,0.0,0.0,27.344244,27.344244,5.0,32.344244,32.344244,3014.767047,3014.767047
N1-AG-6-1P,E01S-1212,BN1,2,large,15.5,2822.807992,0.0,0.0,0.0,0.0,0.0,0.0,0.0,0.0,7.044376,18.790436,5.0,12.044376,23.790436,2834.852368,2846.598428
N1-AG-6-1S,E01S-1212,BN1,2,large,15.5,2822.807992,0.0,0.0,0.0,0.0,0.0,0.0,0.0,0.0,7.044376,18.770436,5.0,12.044376,23.770436,2834.852368,2846.578428
N1-F33-1SP-1SP,E01S-1213,BN1,6,large,15.0,2606.183366,0.0,0.0,0.0,0.0,0.0,0.0,0.0,0.82359,0.0,54.967452,5.0,5.82359,60.791042,2612.006956,2666.974408
N1-F17-1SP-1SP,E01S-1215,BN1,6,large,15.0,515.299131,0.0,0.0,0.0,0.0,0.0,0.0,0.0,0.82359,0.0,35.569732,5.0,5.82359,41.393322,521.122721,556.692453
N1-F21-6P-1P,E01S-1215,BN1,8,large,15.0,515.299131,0.0,0.0,0.0,0.0,0.0,0.0,0.0,0.329543,0.0,14.166192,5.0,5.329543,19.495735,520.628674,534.794866
N1-F26-8S-1S,E01S-1215,BN1,8,large,15.0,515.299131,0.0,0.0,0.0,0.0,0.0,0.0,0.0,0.324005,0.0,19.529332,5.0,5.324005,24.853337,520.623136,540.152468
N1-F33-2-1S,E01S-1215,BN1,7,large,15.0,515.299131,0.0,0.0,0.0,0.0,0.0,0.0,0.0,0.326083,0.0,17.534216,5.0,5.326083,22.860299,520.625214,538.15943
N1-F29-5P-1P,E01S-1215,BN1,3,large,15.0,515.299131,0.0,0.0,0.0,0.0,0.0,0.0,0.0,0.329543,0.0,12.949412,5.0,5.329543,18.278955,520.628674,533.578086
N1-F31-1P-1P,E01S-1215,BN1,6,small,15.0,515.299131,1.58,1.501436,0.0,3.5,1.17,2.75,5.5,0.0,0.0,0.0,0.0,7.001436,13.251436,522.300567,528.550567
N1-F33-2-1P,E01S-1215,BN1,2,large,15.0,515.299131,0.0,0.0,0.0,0.0,0.0,0.0,0.0,0.326083,0.0,17.534216,5.0,5.326083,22.860299,520.625214,538.15943
N1-ST-4-2S,E01S-1215,BN1,9,small,15.0,515.299131,1.58,1.25092,0.0,3.5,1.17,2.75,5.5,0.0,0.0,0.0,0.0,6.75092,13.00092,522.050051,528.300051
N1-F29-4P-1P,E01S-1215,BN1,6,large,15.0,515.299131,0.0,0.0,0.0,0.0,0.0,0.0,0.0,0.162133,0.0,9.792784,5.0,5.162133,14.954917,520.461264,530.254048
N1-LG2-5WS-1S,E01S-1215,BN1,8,large,15.0,515.299131,0.0,0.0,0.0,0.0,0.0,0.0,0.0,0.162133,0.0,31.913332,5.0,5.162133,37.075465,520.461264,552.374596
N1-LG1-4-1P,E01S-1216,BN1,4,large,15.0,3030.376933,0.0,0.0,0.0,0.0,0.0,0.0,0.0,0.329837,0.0,0.0,5.0,5.329837,5.329837,3035.70677,3035.70677
N1-LG1-4-1S,E01S-1216,BN1,4,large,15.0,3030.376933,0.0,0.0,0.0,0.0,0.0,0.0,0.0,0.329837,0.0,0.0,5.0,5.329837,5.329837,3035.70677,3035.70677
N1-STR-1D1P-1P,E01S-1217,BN1,9,small,6.0,3108.079743,1.58,1.510463,0.0,0.0,1.17,2.75,2.75,0.0,0.0,0.0,0.0,7.010463,7.010463,3115.090206,3115.090206
N1-STR-1D1S-1S,E01S-1217,BN1,9,small,6.0,3108.079743,1.58,1.510463,0.0,0.0,1.17,2.75,2.75,0.0,0.0,0.0,0.0,7.010463,7.010463,3115.090206,3115.090206
N1-F25-6-1P,E01S-1218,BN1,6,large,15.0,1911.156704,0.0,0.0,0.0,0.0,0.0,0.0,0.0,0.324005,0.0,9.898968,5.0,5.324005,15.222973,1916.480709,1926.379677
N1-F25-6-1S,E01S-1218,BN1,7,large,15.0,1911.156704,0.0,0.0,0.0,0.0,0.0,0.0,0.0,0.324005,0.0,9.898968,5.0,5.324005,15.222973,1916.480709,1926.379677
N1-F25-7-1P,E01S-1218,BN1,3,small,15.0,1911.156704,1.58,1.501436,0.0,3.5,1.17,2.75,5.5,0.0,0.0,0.0,0.0,7.001436,13.251436,1918.15814,1924.40814
N1-F25-7-1S,E01S-1218,BN1,7,small,15.0,1911.156704,1.58,1.501436,0.0,3.5,1.17,2.75,5.5,0.0,0.0,0.0,0.0,7.001436,13.251436,1918.15814,1924.40814
N1-F29-6S-1S,E01S-1218,BN1,7,large,15.0,1911.156704,0.0,0.0,0.0,0.0,0.0,0.0,0.0,0.324005,0.0,9.592628,5.0,5.324005,14.916633,1916.480709,1926.073337
N1-STB-1P-1P,E01S-1219,BN1,2,large,15.0,2939.062794,0.0,0.0,0.0,0.0,0.0,0.0,0.0,0.324005,0.0,0.0,5.0,5.324005,5.324005,2944.386799,2944.386799
N1-STB-2S-1S,E01S-1219,BN1,2,large,15.0,2939.062794,0.0,0.0,0.0,0.0,0.0,0.0,0.0,0.329001,0.0,0.0,5.0,5.329001,5.329001,2944.391795,2944.391795
N1-F19-1SP-1SP,E01S-1220,BN1,3,large,15.0,1747.225217,0.0,0.0,0.0,0.0,0.0,0.0,0.0,0.329001,0.0,9.402032,5.0,5.329001,14.731033,1752.554218,1761.95625
N1-F27-1SP-1SP,E01S-1220,BN1,3,large,15.0,1747.225217,0.0,0.0,0.0,0.0,0.0,0.0,0.0,0.329001,0.0,9.400008,5.0,5.329001,14.729009,1752.554218,1761.954226
N1-F28-1P-1P,E01S-1220,BN1,4,small,15.0,1747.225217,1.58,1.509169,0.0,0.0,1.17,2.75,2.75,0.0,0.0,0.0,0.0,7.009169,7.009169,1754.234386,1754.234386
N1-F28-2S-1S,E01S-1220,BN1,5,small,15.0,1747.225217,1.58,1.509169,0.0,0.0,1.17,2.75,2.75,0.0,0.0,0.0,0.0,7.009169,7.009169,1754.234386,1754.234386
N1-F29-1P-1P,E01S-1220,BN1,4,small,15.0,1747.225217,1.58,1.509169,0.0,0.0,1.17,2.75,2.75,0.0,0.0,0.0,0.0,7.009169,7.009169,1754.234386,1754.234386
N1-F29-2S-1S,E01S-1220,BN1,5,small,15.0,1747.225217,1.58,1.509169,0.0,0.0,1.17,2.75,2.75,0.0,0.0,0.0,0.0,7.009169,7.009169,1754.234386,1754.234386
N1-F20-1P-1P,E01S-1221,BN1,2,small,15.0,759.323485,1.58,1.509169,0.0,0.0,1.17,2.75,2.75,0.0,0.0,0.0,0.0,7.009169,7.009169,766.332654,766.332654
N1-F20-2P-1P,E01S-1221,BN1,2,small,15.0,759.323485,1.58,1.509169,0.0,3.5,1.17,2.75,5.5,0.0,0.0,0.0,0.0,7.009169,13.259169,766.332654,772.582654
N1-F20-3S-1S,E01S-1221,BN1,2,small,15.0,759.323485,1.58,1.509169,0.0,0.0,1.17,2.75,2.75,0.0,0.0,0.0,0.0,7.009169,7.009169,766.332654,766.332654
N1-F20-4S-1S,E01S-1221,BN1,2,small,15.0,759.323485,1.58,1.504653,0.0,3.5,1.17,2.75,5.5,0.0,0.0,0.0,0.0,7.004653,13.254653,766.328138,772.578138
N1-F21-1P-1P,E01S-1221,BN1,2,small,15.0,759.323485,1.58,1.504652,0.0,0.0,1.17,2.75,2.75,0.0,0.0,0.0,0.0,7.004652,7.004652,766.328137,766.328137
N1-F21-2P-1P,E01S-1221,BN1,2,small,15.0,759.323485,1.58,1.504653,0.0,3.5,1.17,2.75,5.5,0.0,0.0,0.0,0.0,7.004653,13.254653,766.328138,772.578138
N1-F21-3S-1S,E01S-1221,BN1,2,small,15.0,759.323485,1.58,1.504652,0.0,0.0,1.17,2.75,2.75,0.0,0.0,0.0,0.0,7.004652,7.004652,766.328137,766.328137
N1-F21-4S-1S,E01S-1221,BN1,2,small,15.0,759.323485,1.58,2.218459,0.0,3.5,1.17,2.75,5.5,0.0,0.0,0.0,0.0,7.718459,13.968459,767.041944,773.291944
N1-F22-1P-1P,E01S-1221,BN1,2,small,15.0,759.323485,1.58,2.218459,0.0,0.0,1.17,2.75,2.75,0.0,0.0,0.0,0.0,7.718459,7.718459,767.041944,767.041944
N1-F22-2P-1P,E01S-1221,BN1,2,small,15.0,759.323485,1.58,2.4059,0.0,0.0,1.17,2.75,2.75,0.0,0.0,0.0,0.0,7.9059,7.9059,767.229385,767.229385
N1-F22-3S-1S,E01S-1221,BN1,2,small,15.0,759.323485,1.58,2.4059,0.0,0.0,1.17,2.75,2.75,0.0,0.0,0.0,0.0,7.9059,7.9059,767.229385,767.229385
N1-F22-4S-1S,E01S-1221,BN1,2,small,15.0,759.323485,1.58,1.83853,0.0,0.0,1.17,2.75,2.75,0.0,0.0,0.0,0.0,7.33853,7.33853,766.662015,766.662015
N1-F23-1P-1P,E01S-1221,BN1,2,small,15.0,759.323485,1.58,1.83853,0.0,0.0,1.17,2.75,2.75,0.0,0.0,0.0,0.0,7.33853,7.33853,766.662015,766.662015
N1-F23-2P-1P,E01S-1221,BN1,2,small,15.0,759.323485,1.58,2.402688,0.0,0.0,1.17,2.75,2.75,0.0,0.0,0.0,0.0,7.902688,7.902688,767.226173,767.226173
N1-F23-3S-1S,E01S-1221,BN1,2,small,15.0,759.323485,1.58,2.178761,0.0,0.0,1.17,2.75,2.75,0.0,0.0,0.0,0.0,7.678761,7.678761,767.002246,767.002246
N1-F23-4S-1S,E01S-1221,BN1,2,small,15.0,759.323485,1.58,1.242997,0.0,0.0,1.17,2.75,2.75,0.0,0.0,0.0,0.0,6.742997,6.742997,766.066482,766.066482
N1-F24-1P-1P,E01S-1221,BN1,2,small,15.0,759.323485,1.58,1.242997,0.0,0.0,1.17,2.75,2.75,0.0,0.0,0.0,0.0,6.742997,6.742997,766.066482,766.066482
N1-F24-2P-1P,E01S-1221,BN1,2,small,15.0,759.323485,1.58,2.209943,0.0,0.0,1.17,2.75,2.75,0.0,0.0,0.0,0.0,7.709943,7.709943,767.033428,767.033428
N1-F24-3S-1S,E01S-1221,BN1,2,small,15.0,759.323485,1.58,2.209943,0.0,0.0,1.17,2.75,2.75,0.0,0.0,0.0,0.0,7.709943,7.709943,767.033428,767.033428
N1-F24-4S-1S,E01S-1221,BN1,2,small,15.0,759.323485,1.58,1.242997,0.0,0.0,1.17,2.75,2.75,0.0,0.0,0.0,0.0,6.742997,6.742997,766.066482,766.066482
N1-F25-2P-1P,E01S-1221,BN1,2,small,15.0,759.323485,1.58,1.242997,0.0,0.0,1.17,2.75,2.75,0.0,0.0,0.0,0.0,6.742997,6.742997,766.066482,766.066482
N1-F25-1P-1P,E01S-1221,BN1,2,small,15.0,759.323485,1.58,2.209942,0.0,0.0,1.17,2.75,2.75,0.0,0.0,0.0,0.0,7.709942,7.709942,767.033427,767.033427
N1-F25-3S-1S,E01S-1221,BN1,2,small,15.0,759.323485,1.58,2.209943,0.0,0.0,1.17,2.75,2.75,0.0,0.0,0.0,0.0,7.709943,7.709943,767.033428,767.033428
N1-F25-4S-1S,E01S-1221,BN1,2,small,15.0,759.323485,1.58,1.242997,0.0,0.0,1.17,2.75,2.75,0.0,0.0,0.0,0.0,6.742997,6.742997,766.066482,766.066482
N1-F26-1P-1P,E01S-1221,BN1,2,small,15.0,759.323485,1.58,1.242997,0.0,0.0,1.17,2.75,2.75,0.0,0.0,0.0,0.0,6.742997,6.742997,766.066482,766.066482
N1-F26-2P-1P,E01S-1221,BN1,2,small,15.0,759.323485,1.58,2.209943,0.0,0.0,1.17,2.75,2.75,0.0,0.0,0.0,0.0,7.709943,7.709943,767.033428,767.033428
N1-F26-4S-1S,E01S-1221,BN1,2,small,15.0,759.323485,1.58,2.209942,0.0,0.0,1.17,2.75,2.75,0.0,0.0,0.0,0.0,7.709942,7.709942,767.033427,767.033427
N1-F26-3S-1S,E01S-1221,BN1,2,small,15.0,759.323485,1.58,1.242997,0.0,0.0,1.17,2.75,2.75,0.0,0.0,0.0,0.0,6.742997,6.742997,766.066482,766.066482
N1-F18-1P-1P,E01S-1222,BN1,3,small,15.0,2074.484099,1.58,2.209943,0.0,3.5,1.17,2.75,5.5,0.0,0.0,0.0,0.0,7.709943,13.959943,2082.194042,2088.444042
N1-F18-2S-1S,E01S-1222,BN1,3,small,15.0,2074.484099,1.58,1.242997,0.0,3.5,1.17,2.75,5.5,0.0,0.0,0.0,0.0,6.742997,12.992997,2081.227096,2087.477096
N1-ST-3-1P,E01S-1222,BN1,9,small,15.0,2074.484099,1.58,1.242997,0.0,3.5,1.17,2.75,5.5,0.0,0.0,0.0,0.0,6.742997,12.992997,2081.227096,2087.477096
N1-ST-3-1S,E01S-1222,BN1,9,small,15.0,2074.484099,1.58,2.209942,0.0,3.5,1.17,2.75,5.5,0.0,0.0,0.0,0.0,7.709942,13.959942,2082.194041,2088.444041
N1-ST-3-2P,E01S-1222,BN1,9,small,15.0,2074.484099,1.58,2.209943,0.0,3.5,1.17,2.75,5.5,0.0,0.0,0.0,0.0,7.709943,13.959943,2082.194042,2088.444042
N1-ST-4-1P,E01S-1222,BN1,9,small,15.0,2074.484099,1.58,1.242997,0.0,3.5,1.17,2.75,5.5,0.0,0.0,0.0,0.0,6.742997,12.992997,2081.227096,2087.477096
N1-ST-4-1S,E01S-1222,BN1,9,small,15.0,2074.484099,1.58,1.242997,0.0,3.5,1.17,2.75,5.5,0.0,0.0,0.0,0.0,6.742997,12.992997,2081.227096,2087.477096
N1-ST-4-2P,E01S-1222,BN1,9,small,15.0,2074.484099,1.58,2.209943,0.0,3.5,1.17,2.75,5.5,0.0,0.0,0.0,0.0,7.709943,13.959943,2082.194042,2088.444042
N1-F31-4P-1P,E01S-1223,BN1,1,small,15.0,2790.708882,1.58,2.209943,0.0,3.5,1.17,2.75,5.5,0.0,0.0,0.0,0.0,7.709943,13.959943,2798.418825,2804.668825
N1-F31-5S-1S,E01S-1223,BN1,2,small,15.0,2790.708882,1.58,1.242997,0.0,3.5,1.17,2.75,5.5,0.0,0.0,0.0,0.0,6.742997,12.992997,2797.451879,2803.701879
N1-F32-6P-1P,E01S-1223,BN1,4,small,15.0,2790.708882,1.58,1.242997,0.0,3.5,1.17,2.75,5.5,0.0,0.0,0.0,0.0,6.742997,12.992997,2797.451879,2803.701879
N1-F32-7S-1S,E01S-1223,BN1,6,small,15.0,2790.708882,1.58,2.209943,0.0,3.5,1.17,2.75,5.5,0.0,0.0,0.0,0.0,7.709943,13.959943,2798.418825,2804.668825
N1-LG32-1-1P,E01S-1224,BN1,8,large,14.5,2958.835893,0.0,0.0,0.0,0.0,0.0,0.0,0.0,0.781809,0.0,10.082804,5.0,5.781809,15.864613,2964.617702,2974.700506
N1-LG32-1-1S,E01S-1224,BN1,8,large,14.5,2958.835893,0.0,0.0,0.0,0.0,0.0,0.0,0.0,0.157013,0.0,10.102804,5.0,5.157013,15.259817,2963.992906,2974.09571
N1-BW-2-1P,E01S-1225,BN1,8,small,14.5,2878.549184,1.58,2.209943,0.0,0.0,1.17,2.75,2.75,0.0,0.0,0.0,0.0,7.709943,7.709943,2886.259127,2886.259127
N1-BW-2-1S,E01S-1225,BN1,8,small,14.5,2878.549184,1.58,2.550666,0.0,0.0,1.17,2.75,2.75,0.0,0.0,0.0,0.0,8.050666,8.050666,2886.59985,2886.59985
N1-BW-3-1P,E01S-1225,BN1,8,small,14.5,2878.549184,1.58,2.550666,0.0,3.5,1.17,2.75,5.5,0.0,0.0,0.0,0.0,8.050666,14.300666,2886.59985,2892.84985
N1-BW-3-1S,E01S-1225,BN1,8,small,14.5,2878.549184,1.58,2.550666,0.0,3.5,1.17,2.75,5.5,0.0,0.0,0.0,0.0,8.050666,14.300666,2886.59985,2892.84985
N1-F35-2-1P,E01S-1225,BN1,8,small,14.5,2878.549184,1.58,2.550666,0.0,3.5,1.17,2.75,5.5,0.0,0.0,0.0,0.0,8.050666,14.300666,2886.59985,2892.84985
N1-F35-2-1S,E01S-1225,BN1,8,small,14.5,2878.549184,1.58,2.550666,0.0,3.5,1.17,2.75,5.5,0.0,0.0,0.0,0.0,8.050666,14.300666,2886.59985,2892.84985
N1-F35-2-2P,E01S-1225,BN1,8,small,14.5,2878.549184,1.58,2.550666,0.0,3.5,1.17,2.75,5.5,0.0,0.0,0.0,0.0,8.050666,14.300666,2886.59985,2892.84985
N1-F35-2-2S,E01S-1225,BN1,8,small,14.5,2878.549184,1.58,2.550666,0.0,3.5,1.17,2.75,5.5,0.0,0.0,0.0,0.0,8.050666,14.300666,2886.59985,2892.84985
N1-LG32-2-1P,E01S-1225,BN1,3,small,14.5,2878.549184,1.58,2.550666,0.0,3.5,1.17,2.75,5.5,0.0,0.0,0.0,0.0,8.050666,14.300666,2886.59985,2892.84985
N1-LG32-2-1S,E01S-1225,BN1,3,small,14.5,2878.549184,1.58,2.530872,0.0,3.5,1.17,2.75,5.5,0.0,0.0,0.0,0.0,8.030872,14.280872,2886.580056,2892.830056
N1-F34-1-1P,E01S-1226,BN1,6,small,14.5,1060.721098,1.58,2.530872,0.0,3.5,1.17,2.75,5.5,0.0,0.0,0.0,0.0,8.030872,14.280872,1068.75197,1075.00197
N1-F34-1-1S,E01S-1226,BN1,7,small,14.5,1060.721098,1.58,2.530872,0.0,3.5,1.17,2.75,5.5,0.0,0.0,0.0,0.0,8.030872,14.280872,1068.75197,1075.00197
N1-F34-1-2P,E01S-1226,BN1,6,small,14.5,1060.721098,1.58,2.530872,0.0,3.5,1.17,2.75,5.5,0.0,0.0,0.0,0.0,8.030872,14.280872,1068.75197,1075.00197
N1-F34-1-2S,E01S-1226,BN1,7,small,14.5,1060.721098,1.58,1.370492,0.0,3.5,1.17,2.75,5.5,0.0,0.0,0.0,0.0,6.870492,13.120492,1067.59159,1073.84159
N1-F35-1-1P,E01S-1226,BN1,6,small,14.5,1060.721098,1.58,1.372224,0.0,3.5,1.17,2.75,5.5,0.0,0.0,0.0,0.0,6.872224,13.122224,1067.593322,1073.843322
N1-F35-1-2P,E01S-1226,BN1,6,small,14.5,1060.721098,1.58,1.370492,0.0,3.5,1.17,2.75,5.5,0.0,0.0,0.0,0.0,6.870492,13.120492,1067.59159,1073.84159
N1-F35-1-1S,E01S-1226,BN1,7,small,14.5,1060.721098,1.58,1.372224,0.0,3.5,1.17,2.75,5.5,0.0,0.0,0.0,0.0,6.872224,13.122224,1067.593322,1073.843322
N1-F35-1-2S,E01S-1226,BN1,7,small,14.5,1060.721098,1.0,1.0,0.0,3.5,1.17,2.75,5.5,0.0,0.0,0.0,0.0,5.92,12.17,1066.641098,1072.891098
N1-MG-3SP-1SP,E01S-1226,BN1,1,large,14.5,1060.721098,0.0,0.0,0.0,0.0,0.0,0.0,0.0,0.0,0.0,0.0,5.0,5.0,5.0,1065.721098,1065.721098
N1-MG-4SP-1SP,E01S-1226,BN1,1,large,14.5,1060.721098,0.0,0.0,0.0,0.0,0.0,0.0,0.0,0.0,0.0,0.0,5.0,5.0,5.0,1065.721098,1065.721098
N1-F19-1SP-1BSP,E01S-1226,BN1,3,small,14.5,1060.721098,1.0,1.0,0.0,0.0,1.17,2.75,2.75,0.0,0.0,0.0,0.0,5.92,5.92,1066.641098,1066.641098
N1-F30-1SP-1BSP,E01S-1226,BN1,9,small,14.5,1060.721098,1.58,1.769278,0.0,0.0,1.17,2.75,2.75,0.0,0.0,0.0,0.0,7.269278,7.269278,1067.990376,1067.990376
N1-MG-1SP-1SP,E01S-1227,BN1,4,small,14.5,2911.052818,1.58,1.769278,0.0,3.5,1.17,2.75,5.5,0.0,0.0,0.0,0.0,7.269278,13.519278,2918.322096,2924.572096
N1-MG-2SP-1SP,E01S-1227,BN1,8,large,14.5,2911.052818,0.0,0.0,0.0,0.0,0.0,0.0,0.0,0.924678,0.0,0.0,5.0,5.924678,5.924678,2916.977496,2916.977496
N1-MG-5SP-1SP,E01S-1227,BN1,6,large,14.5,2911.052818,0.0,0.0,0.0,0.0,0.0,0.0,0.0,0.516388,0.0,0.0,5.0,5.516388,5.516388,2916.569206,2916.569206
N1-JICH-1,E01S-1228,BN1,9,small,13.0,2124.38047,1.58,1.991803,0.0,0.0,1.17,2.75,2.75,0.0,0.0,0.0,0.0,7.491803,7.491803,2131.872273,2131.872273
N1-F19-3P-1P,E01S-1228,BN1,6,large,13.0,2124.38047,0.0,0.0,0.0,0.0,0.0,0.0,0.0,0.640857,0.0,11.495736,5.0,5.640857,17.136593,2130.021327,2141.517063
N1-F20-6P-1P,E01S-1228,BN1,6,large,13.0,2124.38047,0.0,0.0,0.0,0.0,0.0,0.0,0.0,0.774316,0.0,12.583152,5.0,5.774316,18.357468,2130.154786,2142.737938
N1-F22-6P-1P,E01S-1228,BN1,6,large,13.0,2124.38047,0.0,0.0,0.0,0.0,0.0,0.0,0.0,0.774316,0.0,14.612784,5.0,5.774316,20.3871,2130.154786,2144.76757
N1-F30-2P-1P,E01S-1228,BN1,6,large,13.0,2124.38047,0.0,0.0,0.0,0.0,0.0,0.0,0.0,0.773339,0.0,20.938032,5.0,5.773339,26.711371,2130.153809,2151.091841
N1-CG-1KP-1P,E01S-1229,BN1,2,large,14.0,1489.437612,0.0,0.0,0.0,0.0,0.0,0.0,0.0,0.773339,0.0,24.916712,5.0,5.773339,30.690051,1495.210951,1520.127663
N1-CG-2KS-1S,E01S-1229,BN1,1,large,14.0,1489.437612,0.0,0.0,0.0,0.0,0.0,0.0,0.0,0.769463,0.0,31.356664,5.0,5.769463,37.126127,1495.207075,1526.563739
N1-F33-1SP-1BSP,E01S-1229,BN1,6,small,14.0,1489.437612,1.58,2.190835,0.0,0.0,1.17,2.75,2.75,0.0,0.0,0.0,0.0,7.690835,7.690835,1497.128447,1497.128447
N1-F33-1SP-2BSP,E01S-1229,BN1,6,small,14.0,1489.437612,1.58,2.189307,0.0,0.0,1.17,2.75,2.75,0.0,0.0,0.0,0.0,7.689307,7.689307,1497.126919,1497.126919
N1-F33-1SP-3BSP,E01S-1229,BN1,6,small,14.0,1489.437612,1.58,2.189307,0.0,0.0,1.17,2.75,2.75,0.0,0.0,0.0,0.0,7.689307,7.689307,1497.126919,1497.126919
N1-F33-1SP-4BSP,E01S-1229,BN1,6,small,14.0,1489.437612,1.58,2.282897,0.0,0.0,1.17,2.75,2.75,0.0,0.0,0.0,0.0,7.782897,7.782897,1497.220509,1497.220509
N1-F33-1SP-5BSP,E01S-1229,BN1,6,small,14.0,1489.437612,1.58,2.282897,0.0,3.5,1.17,2.75,5.5,0.0,0.0,0.0,0.0,7.782897,14.032897,1497.220509,1503.470509
N1-F33-1SP-6BSP,E01S-1229,BN1,6,small,14.0,1489.437612,1.58,2.460009,0.0,3.5,1.17,2.75,5.5,0.0,0.0,0.0,0.0,7.960009,14.210009,1497.397621,1503.647621
N1-F36-1P-6BP,E01S-1229,BN1,6,small,14.0,1489.437612,1.58,2.460009,0.0,3.5,1.17,2.75,5.5,0.0,0.0,0.0,0.0,7.960009,14.210009,1497.397621,1503.647621
N1-F36-2S-5BS,E01S-1229,BN1,7,small,14.0,1489.437612,1.58,2.695281,0.0,3.5,1.17,2.75,5.5,0.0,0.0,0.0,0.0,8.195281,14.445281,1497.632893,1503.882893
N1-F36-1P/C1P,E01S-1229,BN1,9,small,14.0,1489.437612,1.58,2.695281,0.0,3.5,1.17,2.75,5.5,0.0,0.0,0.0,0.0,8.195281,14.445281,1497.632893,1503.882893
N1-F36-1P/C2P,E01S-1229,BN1,9,small,14.0,1489.437612,1.58,2.273877,0.0,3.5,1.17,2.75,5.5,0.0,0.0,0.0,0.0,7.773877,14.023877,1497.211489,1503.461489
N1-F36-1P-1BP,E01S-1229,BN1,6,small,14.0,1489.437612,1.58,2.450117,0.0,0.0,1.17,2.75,2.75,0.0,0.0,0.0,0.0,7.950117,7.950117,1497.387729,1497.387729
N1-F36-1P-3BP,E01S-1229,BN1,6,small,14.0,1489.437612,1.58,2.450118,0.0,0.0,1.17,2.75,2.75,0.0,0.0,0.0,0.0,7.950118,7.950118,1497.38773,1497.38773
N1-F36-1P-1P,E01S-1230,BN1,6,large,14.0,1557.703939,0.0,0.0,0.0,0.0,0.0,0.0,0.0,1.087526,11.050412,25.460028,5.0,17.137938,31.547554,1574.841877,1589.251493
N1-F36-2S-1S,E01S-1230,BN1,7,large,14.0,1557.703939,0.0,0.0,0.0,0.0,0.0,0.0,0.0,1.087526,11.12244,25.924384,5.0,17.209966,32.01191,1574.913905,1589.715849
N1-F36-3-1P,E01S-1230,BN1,3,large,14.0,1557.703939,0.0,0.0,0.0,0.0,0.0,0.0,0.0,0.589792,8.159624,24.75704,5.0,13.749416,30.346832,1571.453355,1588.050771
N1-F36-3-1S,E01S-1230,BN1,3,large,14.0,1557.703939,0.0,0.0,0.0,0.0,0.0,0.0,0.0,0.048428,8.179624,24.75704,5.0,13.228052,29.805468,1570.931991,1587.509407
N1-F36-3-2BP,E01S-1231,BN1,3,small,14.0,2312.655149,1.58,2.418543,0.0,3.5,1.17,2.75,5.5,0.0,0.0,0.0,0.0,7.918543,14.168543,2320.573692,2326.823692
N1-F36-4B1W-1P,E01S-1231,BN1,6,small,14.0,2312.655149,1.58,2.273877,0.0,3.5,1.17,2.75,5.5,0.0,0.0,0.0,0.0,7.773877,14.023877,2320.429026,2326.679026
N1-F36-2S-4BS,E01S-1231,BN1,7,small,14.0,2312.655149,1.58,2.126503,0.0,0.0,1.17,2.75,2.75,0.0,0.0,0.0,0.0,7.626503,7.626503,2320.281652,2320.281652
N1-F36-4B1W-1S,E01S-1231,BN1,7,small,14.0,2312.655149,1.58,2.12628,0.0,3.5,1.17,2.75,5.5,0.0,0.0,0.0,0.0,7.62628,13.87628,2320.281429,2326.531429
N1-F33-1SP-7BSP,E01S-1231,BN1,7,small,14.0,2312.655149,1.58,2.443423,0.0,0.0,1.17,2.75,2.75,0.0,0.0,0.0,0.0,7.943423,7.943423,2320.598572,2320.598572
N1-F33-1B1-1S,E01S-1231,BN1,8,small,14.0,2312.655149,1.58,2.431339,0.0,0.0,1.17,2.75,2.75,0.0,0.0,0.0,0.0,7.931339,7.931339,2320.586488,2320.586488
N1-F36-3-2BS,E01S-1231,BN1,3,small,14.0,2312.655149,1.58,2.431339,0.0,3.5,1.17,2.75,5.5,0.0,0.0,0.0,0.0,7.931339,14.181339,2320.586488,2326.836488
N1-F33-1B1-1P,E01S-1231,BN1,8,small,14.0,2312.655149,1.58,2.126503,0.0,0.0,1.17,2.75,2.75,0.0,0.0,0.0,0.0,7.626503,7.626503,2320.281652,2320.281652
N1-F36-2S-1BS,E01S-1231,BN1,7,small,14.0,2312.655149,1.58,2.126503,0.0,0.0,1.17,2.75,2.75,0.0,0.0,0.0,0.0,7.626503,7.626503,2320.281652,2320.281652
N1-F36-3B1-1P,E01S-1231,BN1,3,small,14.0,2312.655149,1.58,2.400707,0.0,3.5,1.17,2.75,5.5,0.0,0.0,0.0,0.0,7.900707,14.150707,2320.555856,2326.805856
N1-F36-3B1-1S,E01S-1231,BN1,3,small,14.0,2312.655149,1.58,2.400707,0.0,3.5,1.17,2.75,5.5,0.0,0.0,0.0,0.0,7.900707,14.150707,2320.555856,2326.805856
N1-F36-4-1P,E01S-1231,BN1,6,large,14.0,2312.655149,0.0,0.0,0.0,0.0,0.0,0.0,0.0,0.624981,10.45626,29.589788,5.0,16.081241,35.214769,2328.73639,2347.869918
N1-F36-4-1S,E01S-1231,BN1,7,large,14.0,2312.655149,0.0,0.0,0.0,0.0,0.0,0.0,0.0,0.353391,10.45626,29.569788,5.0,15.809651,34.923179,2328.4648,2347.578328
N1-F18-5S-1S,E01S-1232,BN1,7,large,14.0,1484.284085,0.0,0.0,0.0,0.0,0.0,0.0,0.0,0.902792,0.0,10.369152,5.0,5.902792,16.271944,1490.186877,1500.556029
N1-F19-4S-1S,E01S-1232,BN1,7,large,14.0,1484.284085,0.0,0.0,0.0,0.0,0.0,0.0,0.0,1.032794,0.0,11.475736,5.0,6.032794,17.50853,1490.316879,1501.792615
N1-F20-7S-1S,E01S-1232,BN1,7,large,14.0,1484.284085,0.0,0.0,0.0,0.0,0.0,0.0,0.0,0.307692,0.0,12.603152,5.0,5.307692,17.910844,1489.591777,1502.194929
N1-F22-7S-1S,E01S-1232,BN1,7,large,14.0,1484.284085,0.0,0.0,0.0,0.0,0.0,0.0,0.0,1.032794,0.0,14.592784,5.0,6.032794,20.625578,1490.316879,1504.909663
N1-F23-7S-1S,E01S-1232,BN1,7,large,14.0,1484.284085,0.0,0.0,0.0,0.0,0.0,0.0,0.0,0.706127,0.0,15.700596,5.0,5.706127,21.406723,1489.990212,1505.690808
N1-F24-7S-1S,E01S-1232,BN1,7,large,14.0,1484.284085,0.0,0.0,0.0,0.0,0.0,0.0,0.0,0.344512,0.0,16.812752,5.0,5.344512,22.157264,1489.628597,1506.441349
N1-AG-1P-1P,E01S-1233,BN1,3,large,14.0,2533.527841,0.0,0.0,0.0,0.0,0.0,0.0,0.0,0.344512,0.0,19.89852,5.0,5.344512,25.243032,2538.872353,2558.770873
N1-AG-2S-1S,E01S-1233,BN1,3,large,14.0,2533.527841,0.0,0.0,0.0,0.0,0.0,0.0,0.0,0.344512,0.0,12.847816,5.0,5.344512,18.192328,2538.872353,2551.720169
N1-AG-5W-1P,E01S-1234,BN1,6,large,14.0,1916.292033,0.0,0.0,0.0,0.0,0.0,0.0,0.0,0.344512,0.0,30.814924,5.0,5.344512,36.159436,1921.636545,1952.451469
N1-AG-5W-1S,E01S-1234,BN1,7,large,14.0,1916.292033,0.0,0.0,0.0,0.0,0.0,0.0,0.0,0.624981,0.0,30.814924,5.0,5.624981,36.439905,1921.917014,1952.731938
N1-LG2-3WP-1P,E01S-1234,BN1,8,large,14.0,1916.292033,0.0,0.0,0.0,0.0,0.0,0.0,0.0,0.926514,0.0,30.724784,5.0,5.926514,36.651298,1922.218547,1952.943331
N1-AG-4S-1S,E01S-1235,BN1,7,large,14.0,1799.326277,0.0,0.0,0.0,0.0,0.0,0.0,0.0,0.918705,0.0,6.149732,5.0,5.918705,12.068437,1805.244982,1811.394714
N1-BW-1-1P,E01S-1235,BN1,4,large,14.0,1799.326277,0.0,0.0,0.0,0.0,0.0,0.0,0.0,0.918705,0.0,6.353048,5.0,5.918705,12.271753,1805.244982,1811.59803
N1-BW-1-1S,E01S-1235,BN1,5,large,14.0,1799.326277,0.0,0.0,0.0,0.0,0.0,0.0,0.0,0.898912,0.0,6.353048,5.0,5.898912,12.25196,1805.225189,1811.578237
N1-F32-1-1P,E01S-1235,BN1,4,small,14.0,1799.326277,1.58,2.391174,0.0,3.5,1.17,2.75,5.5,0.0,0.0,0.0,0.0,7.891174,14.141174,1807.217451,1813.467451
N1-F32-1-1S,E01S-1235,BN1,5,small,14.0,1799.326277,1.58,1.956056,0.0,3.5,1.17,2.75,5.5,0.0,0.0,0.0,0.0,7.456056,13.706056,1806.782333,1813.032333
N1-LG1-1-1P,E01S-1235,BN1,4,small,14.0,1799.326277,1.58,1.956056,0.0,3.5,1.17,2.75,5.5,0.0,0.0,0.0,0.0,7.456056,13.706056,1806.782333,1813.032333
N1-LG1-1-1S,E01S-1235,BN1,4,small,14.0,1799.326277,1.58,1.07493,0.0,3.5,1.17,2.75,5.5,0.0,0.0,0.0,0.0,6.57493,12.82493,1805.901207,1812.151207
N1-LG2-1-1P,E01S-1235,BN1,6,small,14.0,1799.326277,1.58,1.07493,0.0,3.5,1.17,2.75,5.5,0.0,0.0,0.0,0.0,6.57493,12.82493,1805.901207,1812.151207
N1-LG2-1-1S,E01S-1235,BN1,6,small,14.0,1799.326277,1.58,1.89851,0.0,3.5,1.17,2.75,5.5,0.0,0.0,0.0,0.0,7.39851,13.64851,1806.724787,1812.974787
N1-F30-1SP-1SP,E01S-1236,BN1,6,large,13.0,2487.254767,0.0,0.0,0.0,0.0,0.0,0.0,0.0,0.580576,0.0,42.819256,5.0,5.580576,48.399832,2492.835343,2535.654599
N1-F23-6P-1P,E01S-1237,BN1,6,large,13.0,2527.932955,0.0,0.0,0.0,0.0,0.0,0.0,0.0,0.366403,0.0,15.700596,5.0,5.366403,21.066999,2533.299358,2548.999954
N1-F24-6P-1P,E01S-1237,BN1,6,large,13.0,2527.932955,0.0,0.0,0.0,0.0,0.0,0.0,0.0,0.344512,0.0,16.832752,5.0,5.344512,22.177264,2533.277467,2550.110219
N1-F28-4-1P,E01S-1237,BN1,6,large,13.0,2527.932955,0.0,0.0,0.0,0.0,0.0,0.0,0.0,0.344512,0.0,9.653804,5.0,5.344512,14.998316,2533.277467,2542.931271
N1-F18-4P-1P,E01S-1238,BN1,6,large,13.0,962.34097,0.0,0.0,0.0,0.0,0.0,0.0,0.0,0.366403,0.0,10.389152,5.0,5.366403,15.755555,967.707373,978.096525
N1-F26-7P-1P,E01S-1238,BN1,4,large,13.0,962.34097,0.0,0.0,0.0,0.0,0.0,0.0,0.0,0.344512,0.0,8.932136,5.0,5.344512,14.276648,967.685482,976.617618
N1-F27-4-1P,E01S-1238,BN1,4,large,13.0,962.34097,0.0,0.0,0.0,0.0,0.0,0.0,0.0,0.372299,0.0,10.14076,5.0,5.372299,15.513059,967.713269,977.854029
N1-F27-4-1S,E01S-1238,BN1,5,large,13.0,962.34097,0.0,0.0,0.0,0.0,0.0,0.0,0.0,0.372299,0.0,10.12076,5.0,5.372299,15.493059,967.713269,977.834029
N1-F28-5-1P,E01S-1238,BN1,4,large,13.0,962.34097,0.0,0.0,0.0,0.0,0.0,0.0,0.0,0.344512,0.0,11.543172,5.0,5.344512,16.887684,967.685482,979.228654
N1-F28-5-1S,E01S-1238,BN1,5,large,13.0,962.34097,0.0,0.0,0.0,0.0,0.0,0.0,0.0,0.344512,0.0,11.303172,5.0,5.344512,16.647684,967.685482,978.988654
N1-F32-3-1P,E01S-1238,BN1,4,small,13.0,962.34097,1.58,1.533173,0.0,3.5,1.17,2.75,5.5,0.0,0.0,0.0,0.0,7.033173,13.283173,969.374143,975.624143
N1-F32-3-1S,E01S-1238,BN1,5,small,13.0,962.34097,1.58,1.589636,0.0,3.5,1.17,2.75,5.5,0.0,0.0,0.0,0.0,7.089636,13.339636,969.430606,975.680606
N1-F32-4-1P,E01S-1238,BN1,6,large,13.0,962.34097,0.0,0.0,0.0,0.0,0.0,0.0,0.0,0.380996,0.0,28.673724,5.0,5.380996,34.05472,967.721966,996.39569
N1-F32-4-1S,E01S-1238,BN1,7,large,13.0,962.34097,0.0,0.0,0.0,0.0,0.0,0.0,0.0,0.380996,0.0,28.673724,5.0,5.380996,34.05472,967.721966,996.39569
N1-F26-6P-1P,E01S-1239,BN1,6,large,13.0,2215.468393,0.0,0.0,0.0,0.0,0.0,0.0,0.0,0.380996,0.0,9.775268,5.0,5.380996,15.156264,2220.849389,2230.624657
N1-F27-3-1P,E01S-1239,BN1,6,large,13.0,2215.468393,0.0,0.0,0.0,0.0,0.0,0.0,0.0,0.291606,0.0,9.691352,5.0,5.291606,14.982958,2220.759999,2230.451351
N1-F27-3-1S,E01S-1239,BN1,7,large,13.0,2215.468393,0.0,0.0,0.0,0.0,0.0,0.0,0.0,0.291606,0.0,9.691352,5.0,5.291606,14.982958,2220.759999,2230.451351
N1-F28-4-1S,E01S-1239,BN1,7,large,13.0,2215.468393,0.0,0.0,0.0,0.0,0.0,0.0,0.0,0.338602,0.0,9.633804,5.0,5.338602,14.972406,2220.806995,2230.440799
N1-F18-3-1P,E01S-1240,BN1,1,small,13.0,641.775247,1.58,1.524026,0.0,3.5,1.17,2.75,5.5,0.0,0.0,0.0,0.0,7.024026,13.274026,648.799273,655.049273
N1-F18-3-1S,E01S-1240,BN1,1,small,13.0,641.775247,1.58,1.451294,0.0,3.5,1.17,2.75,5.5,0.0,0.0,0.0,0.0,6.951294,13.201294,648.726541,654.976541
N1-F31-1P-2P,E01S-1240,BN1,6,large,13.0,641.775247,0.0,0.0,0.0,0.0,0.0,0.0,0.0,0.291606,0.0,20.919048,5.0,5.291606,26.210654,647.066853,667.985901
N1-F31-2P-1P,E01S-1240,BN1,6,large,13.0,641.775247,0.0,0.0,0.0,0.0,0.0,0.0,0.0,0.291606,0.0,24.18436,5.0,5.291606,29.475966,647.066853,671.251213
N1-F31-3-1P,E01S-1240,BN1,6,small,13.0,641.775247,1.58,1.451294,0.0,3.5,1.17,2.75,5.5,0.0,0.0,0.0,0.0,6.951294,13.201294,648.726541,654.976541
N1-F31-3-1S,E01S-1240,BN1,7,small,13.0,641.775247,1.58,2.194797,0.0,3.5,1.17,2.75,5.5,0.0,0.0,0.0,0.0,7.694797,13.944797,649.470044,655.720044
N1-F31-6S-1S,E01S-1240,BN1,7,large,13.0,641.775247,0.0,0.0,0.0,0.0,0.0,0.0,0.0,0.716843,0.0,24.161804,5.0,5.716843,29.878647,647.49209,671.653894
N1-F31-7S-1S,E01S-1240,BN1,5,small,13.0,641.775247,1.58,2.1094,0.0,3.5,1.17,2.75,5.5,0.0,0.0,0.0,0.0,7.6094,13.8594,649.384647,655.634647
N1-F32-2-1P,E01S-1240,BN1,4,small,13.0,641.775247,1.58,2.016951,0.0,3.5,1.17,2.75,5.5,0.0,0.0,0.0,0.0,7.516951,13.766951,649.292198,655.542198
N1-F32-2-1S,E01S-1240,BN1,5,small,13.0,641.775247,1.58,2.016951,0.0,3.5,1.17,2.75,5.5,0.0,0.0,0.0,0.0,7.516951,13.766951,649.292198,655.542198
N1-F32-5-1P,E01S-1240,BN1,6,small,13.0,641.775247,1.58,1.837062,0.0,3.5,1.17,2.75,5.5,0.0,0.0,0.0,0.0,7.337062,13.587062,649.112309,655.362309
N1-F32-5-1S,E01S-1240,BN1,7,small,13.0,641.775247,1.58,1.837062,0.0,3.5,1.17,2.75,5.5,0.0,0.0,0.0,0.0,7.337062,13.587062,649.112309,655.362309
N1-ST-1-1P,E01S-1240,BN1,8,small,13.0,641.775247,1.58,1.825885,0.0,3.5,1.17,2.75,5.5,0.0,0.0,0.0,0.0,7.325885,13.575885,649.101132,655.351132
N1-ST-1-1S,E01S-1240,BN1,8,small,13.0,641.775247,1.58,1.825885,0.0,3.5,1.17,2.75,5.5,0.0,0.0,0.0,0.0,7.325885,13.575885,649.101132,655.351132
N1-ST-2-1P,E01S-1240,BN1,8,small,13.0,641.775247,1.58,2.194797,0.0,3.5,1.17,2.75,5.5,0.0,0.0,0.0,0.0,7.694797,13.944797,649.470044,655.720044
N1-ST-2-1S,E01S-1240,BN1,8,small,13.0,641.775247,1.58,1.423532,0.0,3.5,1.17,2.75,5.5,0.0,0.0,0.0,0.0,6.923532,13.173532,648.698779,654.948779
N1-F36-1P-7BP,E01S-1241,BN1,6,small,14.0,2855.063376,1.58,1.423532,0.0,0.0,1.17,2.75,2.75,0.0,0.0,0.0,0.0,6.923532,6.923532,2861.986908,2861.986908
N1-F36-2S-7BS,E01S-1241,BN1,7,small,14.0,2855.063376,1.58,1.847063,0.0,0.0,1.17,2.75,2.75,0.0,0.0,0.0,0.0,7.347063,7.347063,2862.410439,2862.410439
N1-LG1-3W-1P,E01S-1241,BN1,6,large,14.0,2855.063376,0.0,0.0,0.0,0.0,0.0,0.0,0.0,0.273667,0.0,21.260336,5.0,5.273667,26.534003,2860.337043,2881.597379
N1-LG1-3W-1S,E01S-1241,BN1,7,large,14.0,2855.063376,0.0,0.0,0.0,0.0,0.0,0.0,0.0,0.273667,0.0,21.260336,5.0,5.273667,26.534003,2860.337043,2881.597379
N1-F36-1P-4BP,E01S-1242,BN1,6,small,12.0,1242.911097,1.58,1.423532,0.0,0.0,1.17,2.75,2.75,0.0,0.0,0.0,0.0,6.923532,6.923532,1249.834629,1249.834629
N1-F36-2S-3BS,E01S-1242,BN1,7,small,12.0,1242.911097,1.58,1.423532,0.0,0.0,1.17,2.75,2.75,0.0,0.0,0.0,0.0,6.923532,6.923532,1249.834629,1249.834629
N1-F26-1B1P-1P,E01S-1242,BN1,6,small,12.0,1242.911097,1.58,1.423532,0.0,3.5,1.17,2.75,5.5,0.0,0.0,0.0,0.0,6.923532,13.173532,1249.834629,1256.084629
N1-F26-5B1P-1P,E01S-1242,BN1,6,small,12.0,1242.911097,1.58,1.423532,0.0,3.5,1.17,2.75,5.5,0.0,0.0,0.0,0.0,6.923532,13.173532,1249.834629,1256.084629
N1-F27-1B1P-1P,E01S-1242,BN1,6,small,12.0,1242.911097,1.58,2.126652,0.0,3.5,1.17,2.75,5.5,0.0,0.0,0.0,0.0,7.626652,13.876652,1250.537749,1256.787749
N1-F27-3B1P-1P,E01S-1242,BN1,6,small,12.0,1242.911097,1.58,2.126652,0.0,3.5,1.17,2.75,5.5,0.0,0.0,0.0,0.0,7.626652,13.876652,1250.537749,1256.787749
N1-F28-5B1P-1P,E01S-1242,BN1,6,small,12.0,1242.911097,1.58,2.126652,0.0,3.5,1.17,2.75,5.5,0.0,0.0,0.0,0.0,7.626652,13.876652,1250.537749,1256.787749
N1-F28-6B1-1P,E01S-1242,BN1,6,small,12.0,1242.911097,1.58,2.126652,0.0,3.5,1.17,2.75,5.5,0.0,0.0,0.0,0.0,7.626652,13.876652,1250.537749,1256.787749
N1-F28-6B1-1S,E01S-1242,BN1,7,small,12.0,1242.911097,1.58,2.126652,0.0,3.5,1.17,2.75,5.5,0.0,0.0,0.0,0.0,7.626652,13.876652,1250.537749,1256.787749
N1-F29-5B1S-1S,E01S-1242,BN1,7,small,12.0,1242.911097,1.58,2.126652,0.0,3.5,1.17,2.75,5.5,0.0,0.0,0.0,0.0,7.626652,13.876652,1250.537749,1256.787749
N1-F29-6B1S-1S,E01S-1242,BN1,7,small,12.0,1242.911097,1.58,2.816481,0.0,3.5,1.17,2.75,5.5,0.0,0.0,0.0,0.0,8.316481,14.566481,1251.227578,1257.477578
N1-F29-8B1S-1S,E01S-1242,BN1,7,small,12.0,1242.911097,1.58,2.430041,0.0,3.5,1.17,2.75,5.5,0.0,0.0,0.0,0.0,7.930041,14.180041,1250.841138,1257.091138
N1-F30-3B1S-1S,E01S-1242,BN1,6,small,12.0,1242.911097,1.58,2.460905,0.0,3.5,1.17,2.75,5.5,0.0,0.0,0.0,0.0,7.960905,14.210905,1250.872002,1257.122002
N1-F30-5B1S-1S,E01S-1242,BN1,6,small,12.0,1242.911097,1.58,2.82109,0.0,3.5,1.17,2.75,5.5,0.0,0.0,0.0,0.0,8.32109,14.57109,1251.232187,1257.482187
N1-F31-3B1-1P,E01S-1242,BN1,6,small,12.0,1242.911097,1.58,2.598579,0.0,3.5,1.17,2.75,5.5,0.0,0.0,0.0,0.0,8.098579,14.348579,1251.009676,1257.259676
N1-F31-3B1-1S,E01S-1242,BN1,7,small,12.0,1242.911097,1.58,2.598579,0.0,3.5,1.17,2.75,5.5,0.0,0.0,0.0,0.0,8.098579,14.348579,1251.009676,1257.259676
N1-F31-4B1-1P,E01S-1242,BN1,6,small,12.0,1242.911097,1.58,2.823824,0.0,3.5,1.17,2.75,5.5,0.0,0.0,0.0,0.0,8.323824,14.573824,1251.234921,1257.484921
N1-F31-4B1-1S,E01S-1242,BN1,7,small,12.0,1242.911097,1.58,2.823824,0.0,3.5,1.17,2.75,5.5,0.0,0.0,0.0,0.0,8.323824,14.573824,1251.234921,1257.484921
N1-F32-1B1P-1P,E01S-1242,BN1,6,small,12.0,1242.911097,1.58,2.712858,0.0,3.5,1.17,2.75,5.5,0.0,0.0,0.0,0.0,8.212858,14.462858,1251.123955,1257.373955
N1-F32-1B2S-1S,E01S-1242,BN1,7,small,12.0,1242.911097,1.58,2.710697,0.0,3.5,1.17,2.75,5.5,0.0,0.0,0.0,0.0,8.210697,14.460697,1251.121794,1257.371794
N1-F36-1P-2BP,E01S-1242,BN1,6,small,12.0,1242.911097,1.58,2.027058,0.0,0.0,1.17,2.75,2.75,0.0,0.0,0.0,0.0,7.527058,7.527058,1250.438155,1250.438155
N1-F36-2S-6BS,E01S-1242,BN1,7,small,12.0,1242.911097,1.58,2.0384,0.0,0.0,1.17,2.75,2.75,0.0,0.0,0.0,0.0,7.5384,7.5384,1250.449497,1250.449497
N1-F17-2B1-1P,E01S-1243,BN1,4,small,12.0,1247.64532,1.58,1.905028,0.0,3.5,1.17,2.75,5.5,0.0,0.0,0.0,0.0,7.405028,13.655028,1255.050348,1261.300348
N1-F17-2B1-1S,E01S-1243,BN1,4,small,12.0,1247.64532,1.58,1.905028,0.0,3.5,1.17,2.75,5.5,0.0,0.0,0.0,0.0,7.405028,13.655028,1255.050348,1261.300348
N1-F20-1B1P-1P,E01S-1243,BN1,6,small,12.0,1247.64532,1.58,2.894795,0.0,3.5,1.17,2.75,5.5,0.0,0.0,0.0,0.0,8.394795,14.644795,1256.040115,1262.290115
N1-F20-2B1P-1P,E01S-1243,BN1,6,small,12.0,1247.64532,1.58,3.60634,0.0,3.5,1.17,2.75,5.5,0.0,0.0,0.0,0.0,9.10634,15.35634,1256.75166,1263.00166
N1-JXP-902S-1S,E01S-1243,BN1,9,small,12.0,1247.64532,1.58,1.210516,0.0,0.0,1.17,2.75,2.75,0.0,0.0,0.0,0.0,6.710516,6.710516,1254.355836,1254.355836
N1-F26-1B1S-1S,E01S-1243,BN1,7,small,12.0,1247.64532,1.58,3.351044,0.0,3.5,1.17,2.75,5.5,0.0,0.0,0.0,0.0,8.851044,15.101044,1256.496364,1262.746364
N1-F26-2B1S-1S,E01S-1243,BN1,7,small,12.0,1247.64532,1.58,3.052277,0.0,3.5,1.17,2.75,5.5,0.0,0.0,0.0,0.0,8.552277,14.802277,1256.197597,1262.447597
N1-JXP-903S-1S,E01S-1243,BN1,9,small,12.0,1247.64532,1.58,2.694672,0.0,0.0,1.17,2.75,2.75,0.0,0.0,0.0,0.0,8.194672,8.194672,1255.839992,1255.839992
N1-F29-1B1P-1P,E01S-1243,BN1,6,small,12.0,1247.64532,1.58,3.05167,0.0,3.5,1.17,2.75,5.5,0.0,0.0,0.0,0.0,8.55167,14.80167,1256.19699,1262.44699
N1-F29-2B1P-1P,E01S-1243,BN1,6,small,12.0,1247.64532,1.58,3.051932,0.0,3.5,1.17,2.75,5.5,0.0,0.0,0.0,0.0,8.551932,14.801932,1256.197252,1262.447252
N1-F29-3B1P-1P,E01S-1243,BN1,6,small,12.0,1247.64532,1.58,4.002509,0.0,3.5,1.17,2.75,5.5,0.0,0.0,0.0,0.0,9.502509,15.752509,1257.147829,1263.397829
N1-F31-5B1-1P,E01S-1243,BN1,4,small,12.0,1247.64532,1.58,3.536222,0.0,3.5,1.17,2.75,5.5,0.0,0.0,0.0,0.0,9.036222,15.286222,1256.681542,1262.931542
N1-F31-5B1-1S,E01S-1243,BN1,6,small,12.0,1247.64532,1.58,3.536222,0.0,3.5,1.17,2.75,5.5,0.0,0.0,0.0,0.0,9.036222,15.286222,1256.681542,1262.931542
N1-F34-2-1P,E01S-1243,BN1,4,small,12.0,1247.64532,1.58,1.180613,0.0,3.5,1.17,2.75,5.5,0.0,0.0,0.0,0.0,6.680613,12.930613,1254.325933,1260.575933
N1-F34-2-1S,E01S-1243,BN1,5,small,12.0,1247.64532,1.58,1.180613,0.0,3.5,1.17,2.75,5.5,0.0,0.0,0.0,0.0,6.680613,12.930613,1254.325933,1260.575933
N1-F36-1P-5BP,E01S-1243,BN1,6,small,12.0,1247.64532,1.58,2.027058,0.0,0.0,1.17,2.75,2.75,0.0,0.0,0.0,0.0,7.527058,7.527058,1255.172378,1255.172378
N1-F36-2S-2BS,E01S-1243,BN1,7,small,12.0,1247.64532,1.58,2.027058,0.0,0.0,1.17,2.75,2.75,0.0,0.0,0.0,0.0,7.527058,7.527058,1255.172378,1255.172378
N1-F36-3-1BP,E01S-1243,BN1,3,small,12.0,1247.64532,1.58,1.93393,0.0,3.5,1.17,2.75,5.5,0.0,0.0,0.0,0.0,7.43393,13.68393,1255.07925,1261.32925
N1-F36-3-1BS,E01S-1243,BN1,3,small,12.0,1247.64532,1.58,1.93393,0.0,3.5,1.17,2.75,5.5,0.0,0.0,0.0,0.0,7.43393,13.68393,1255.07925,1261.32925
N1-F27-2B1S-1S,E01S-1244,BN1,7,small,11.0,1964.533213,1.58,1.827785,0.0,3.5,1.17,2.75,5.5,0.0,0.0,0.0,0.0,7.327785,13.577785,1971.860998,1978.110998
N1-F19-2-1BP,E01S-1244,BN1,1,small,11.0,1964.533213,1.58,1.410734,0.0,0.0,1.17,2.75,2.75,0.0,0.0,0.0,0.0,6.910734,6.910734,1971.443947,1971.443947
N1-F20-3B1S-1S,E01S-1244,BN1,7,small,11.0,1964.533213,1.58,2.292792,0.0,3.5,1.17,2.75,5.5,0.0,0.0,0.0,0.0,7.792792,14.042792,1972.326005,1978.576005
N1-F21-2B1S-1S,E01S-1244,BN1,7,small,11.0,1964.533213,1.58,2.154009,0.0,3.5,1.17,2.75,5.5,0.0,0.0,0.0,0.0,7.654009,13.904009,1972.187222,1978.437222
N1-F22-1B1-1P,E01S-1244,BN1,6,small,11.0,1964.533213,1.58,2.559429,0.0,3.5,1.17,2.75,5.5,0.0,0.0,0.0,0.0,8.059429,14.309429,1972.592642,1978.842642
N1-F22-1B1-1S,E01S-1244,BN1,7,small,11.0,1964.533213,1.58,2.559429,0.0,3.5,1.17,2.75,5.5,0.0,0.0,0.0,0.0,8.059429,14.309429,1972.592642,1978.842642
N1-F26-4B1P-1P,E01S-1244,BN1,4,small,11.0,1964.533213,1.58,2.078711,0.0,3.5,1.17,2.75,5.5,0.0,0.0,0.0,0.0,7.578711,13.828711,1972.111924,1978.361924
N1-F28-1B1P-1P,E01S-1244,BN1,4,small,11.0,1964.533213,1.58,2.141578,0.0,3.5,1.17,2.75,5.5,0.0,0.0,0.0,0.0,7.641578,13.891578,1972.174791,1978.424791
N1-F28-2B1P-1P,E01S-1244,BN1,4,small,11.0,1964.533213,1.58,2.195459,0.0,3.5,1.17,2.75,5.5,0.0,0.0,0.0,0.0,7.695459,13.945459,1972.228672,1978.478672
N1-F28-3B1S-1S,E01S-1244,BN1,5,small,11.0,1964.533213,1.58,2.174013,0.0,3.5,1.17,2.75,5.5,0.0,0.0,0.0,0.0,7.674013,13.924013,1972.207226,1978.457226
N1-F30-1SP-2BSP,E01S-1244,BN1,1,small,11.0,1964.533213,1.58,1.410734,0.0,0.0,1.17,2.75,2.75,0.0,0.0,0.0,0.0,6.910734,6.910734,1971.443947,1971.443947
N1-F30-1SP-3BSP,E01S-1244,BN1,1,small,11.0,1964.533213,1.58,1.410734,0.0,0.0,1.17,2.75,2.75,0.0,0.0,0.0,0.0,6.910734,6.910734,1971.443947,1971.443947
N1-F33-3B1-1P,E01S-1244,BN1,4,small,11.0,1964.533213,1.58,2.337575,0.0,3.5,1.17,2.75,5.5,0.0,0.0,0.0,0.0,7.837575,14.087575,1972.370788,1978.620788
N1-F33-3B1-1S,E01S-1244,BN1,5,small,11.0,1964.533213,1.58,2.337575,0.0,3.5,1.17,2.75,5.5,0.0,0.0,0.0,0.0,7.837575,14.087575,1972.370788,1978.620788
N1-F34-1B1-1P,E01S-1244,BN1,9,small,11.0,1964.533213,1.58,1.810806,0.0,3.5,1.17,2.75,5.5,0.0,0.0,0.0,0.0,7.310806,13.560806,1971.844019,1978.094019
N1-F34-1B1-1S,E01S-1244,BN1,9,small,11.0,1964.533213,1.58,1.810914,0.0,3.5,1.17,2.75,5.5,0.0,0.0,0.0,0.0,7.310914,13.560914,1971.844127,1978.094127
N1-F34-2B1-1P,E01S-1244,BN1,9,small,11.0,1964.533213,1.58,1.795723,0.0,3.5,1.17,2.75,5.5,0.0,0.0,0.0,0.0,7.295723,13.545723,1971.828936,1978.078936
N1-F35-1B1-1S,E01S-1244,BN1,9,small,11.0,1964.533213,1.58,1.80404,0.0,3.5,1.17,2.75,5.5,0.0,0.0,0.0,0.0,7.30404,13.55404,1971.837253,1978.087253
N1-LG32-1B1-1P,E01S-1244,BN1,8,small,11.0,1964.533213,1.58,2.511628,0.0,3.5,1.17,2.75,5.5,0.0,0.0,0.0,0.0,8.011628,14.261628,1972.544841,1978.794841
N1-LG32-1B1-1S,E01S-1244,BN1,8,small,11.0,1964.533213,1.58,2.511628,0.0,3.5,1.17,2.75,5.5,0.0,0.0,0.0,0.0,8.011628,14.261628,1972.544841,1978.794841
N1-950-1S-1S,E01S-1245,BN1,7,small,20.0,3101.266269,1.58,3.385945,0.0,3.5,1.17,2.75,5.5,0.0,0.0,0.0,0.0,8.885945,15.135945,3110.152214,3116.402214
N1-AG-3-1P,E01S-1246,BN1,6,small,11.0,2022.968168,1.58,2.039913,0.0,3.5,1.17,2.75,5.5,0.0,0.0,0.0,0.0,7.539913,13.789913,2030.508081,2036.758081
N1-AG-3-1S,E01S-1246,BN1,7,small,11.0,2022.968168,1.58,2.039913,0.0,3.5,1.17,2.75,5.5,0.0,0.0,0.0,0.0,7.539913,13.789913,2030.508081,2036.758081
N1-F17-1B1-1P,E01S-1246,BN1,6,small,11.0,2022.968168,1.58,2.279705,3.596948,3.596948,1.17,5.5,5.5,0.0,0.0,0.0,0.0,14.126653,14.126653,2037.094821,2037.094821
N1-F17-1B1-1S,E01S-1246,BN1,6,small,11.0,2022.968168,1.58,2.279705,3.596948,3.596948,1.17,5.5,5.5,0.0,0.0,0.0,0.0,14.126653,14.126653,2037.094821,2037.094821
N1-F32-2B1-1P,E01S-1246,BN1,4,small,11.0,2022.968168,1.58,1.829351,0.0,3.5,1.17,2.75,5.5,0.0,0.0,0.0,0.0,7.329351,13.579351,2030.297519,2036.547519
N1-F32-2B1-1S,E01S-1246,BN1,6,small,11.0,2022.968168,1.58,1.829351,0.0,3.5,1.17,2.75,5.5,0.0,0.0,0.0,0.0,7.329351,13.579351,2030.297519,2036.547519
N1-F34-2B1-1S,E01S-1246,BN1,9,small,11.0,2022.968168,1.58,1.795723,0.0,3.5,1.17,2.75,5.5,0.0,0.0,0.0,0.0,7.295723,13.545723,2030.263891,2036.513891
N1-F19-2-1BS,E01S-1246,BN1,1,small,11.0,2022.968168,1.58,1.410734,0.0,0.0,1.17,2.75,2.75,0.0,0.0,0.0,0.0,6.910734,6.910734,2029.878902,2029.878902
N1-F35-1B1-1P,E01S-1246,BN1,9,small,11.0,2022.968168,1.58,1.80404,0.0,3.5,1.17,2.75,5.5,0.0,0.0,0.0,0.0,7.30404,13.55404,2030.272208,2036.522208
N1-F21-1B1P-1P,E01S-1246,BN1,9,small,11.0,2022.968168,1.58,1.560903,0.0,3.5,1.17,2.75,5.5,0.0,0.0,0.0,0.0,7.060903,13.310903,2030.029071,2036.279071
N1-F26-3B1S-1S,E01S-1246,BN1,5,small,11.0,2022.968168,1.58,3.413335,0.0,3.5,1.17,2.75,5.5,0.0,0.0,0.0,0.0,8.913335,15.163335,2031.881503,2038.131503
N1-F28-4B1S-1S,E01S-1246,BN1,5,small,11.0,2022.968168,1.58,1.622831,0.0,3.5,1.17,2.75,5.5,0.0,0.0,0.0,0.0,7.122831,13.372831,2030.090999,2036.340999
N1-F29-4B1P-1P,E01S-1246,BN1,6,small,11.0,2022.968168,1.58,3.303264,0.0,3.5,1.17,2.75,5.5,0.0,0.0,0.0,0.0,8.803264,15.053264,2031.771432,2038.021432
N1-F30-1B1P-1P,E01S-1246,BN1,9,small,11.0,2022.968168,1.58,1.405001,0.0,3.5,1.17,2.75,5.5,0.0,0.0,0.0,0.0,6.905001,13.155001,2029.873169,2036.123169
N1-F27-4B1S-1S,E01S-1246,BN1,7,small,11.0,2022.968168,1.58,1.819941,0.0,3.5,1.17,2.75,5.5,0.0,0.0,0.0,0.0,7.319941,13.569941,2030.288109,2036.538109
N1-F30-2B1P-1P,E01S-1246,BN1,6,small,11.0,2022.968168,1.58,1.496498,0.0,3.5,1.17,2.75,5.5,0.0,0.0,0.0,0.0,6.996498,13.246498,2029.964666,2036.214666
N1-F31-1B1P-1P,E01S-1246,BN1,9,small,11.0,2022.968168,1.58,1.61705,0.0,3.5,1.17,2.75,5.5,0.0,0.0,0.0,0.0,7.11705,13.36705,2030.085218,2036.335218
N1-F30-4B1P-1P,E01S-1246,BN1,6,small,11.0,2022.968168,1.58,1.818512,0.0,3.5,1.17,2.75,5.5,0.0,0.0,0.0,0.0,7.318512,13.568512,2030.28668,2036.53668
N1-F33-1B1K-1P,E01S-1246,BN1,2,small,11.0,2022.968168,1.58,2.801145,0.0,3.5,1.17,2.75,5.5,0.0,0.0,0.0,0.0,8.301145,14.551145,2031.269313,2037.519313
N1-F33-1B1K-1S,E01S-1246,BN1,7,small,11.0,2022.968168,1.58,2.801145,0.0,3.5,1.17,2.75,5.5,0.0,0.0,0.0,0.0,8.301145,14.551145,2031.269313,2037.519313
STA238FC-TOP-1SP-4SP,T63S-4084,STA238FC,3,small,40.0,3063.192748,1.0,1.0,12.261889,12.261889,1.17,5.5,5.5,0.0,0.0,0.0,0.0,20.931889,20.931889,3084.124637,3084.124637
STA238FC-TOP-1SP-5SP,T63S-4084,STA238FC,3,small,40.0,3063.192748,1.58,1.38043,12.261889,12.261889,1.17,5.5,5.5,0.0,0.0,0.0,0.0,21.892319,21.892319,3085.085067,3085.085067
STA238FC-TOP-1SP-2SP,T63S-4086,STA238FC,3,large,37.0,2784.906398,0.0,0.0,0.0,0.0,0.0,0.0,0.0,7.339754,0.0,15.86,5.0,12.339754,28.199754,2797.246152,2813.106152
STA238FC-TOP-1SP-7SP,T63S-4087,STA238FC,3,large,32.0,2962.978822,0.0,0.0,0.0,0.0,0.0,0.0,0.0,4.359036,0.0,15.86,5.0,9.359036,25.219036,2972.337858,2988.197858
STA238FC-F238A-1P-1P,T63S-4088,STA238FC,3,small,26.0,3077.746165,1.58,2.44057,8.449246,8.449246,1.17,5.5,5.5,0.0,0.0,0.0,0.0,19.139816,19.139816,3096.885981,3096.885981
STA238FC-F238A-3SP-2SP,T63S-4088,STA238FC,2,small,26.0,3077.746165,1.58,1.987766,7.596525,7.596525,1.17,5.5,5.5,0.0,0.0,0.0,0.0,17.834291,17.834291,3095.580456,3095.580456
STA238FC-F240-5S-1S,T63S-4088,STA238FC,2,small,26.0,3077.746165,1.0,1.0,6.746482,6.746482,1.17,5.5,5.5,0.0,0.0,0.0,0.0,15.416482,15.416482,3093.162647,3093.162647
STA238FC-F240-4P-1P,T63S-4089,STA238FC,2,small,25.0,3044.087013,1.0,1.0,6.58215,6.58215,1.17,5.5,5.5,0.0,0.0,0.0,0.0,15.25215,15.25215,3059.339163,3059.339163
STA238FC-F240-1SP-4SP,T63S-4089,STA238FC,1,small,25.0,3044.087013,1.0,1.0,5.804322,5.804322,1.17,5.5,5.5,0.0,0.0,0.0,0.0,14.474322,14.474322,3058.561335,3058.561335
STA238FC-F240-1SP-6SP,T63S-4089,STA238FC,1,small,25.0,3044.087013,1.0,1.0,5.804322,5.804322,1.17,5.5,5.5,0.0,0.0,0.0,0.0,14.474322,14.474322,3058.561335,3058.561335
STA238FC-F240-3-1P,T63S-4089,STA238FC,2,small,25.0,3044.087013,1.0,1.0,6.620131,6.620131,1.17,5.5,5.5,0.0,0.0,0.0,0.0,15.290131,15.290131,3059.377144,3059.377144
STA238FC-F240-3-1S,T63S-4089,STA238FC,2,small,25.0,3044.087013,1.0,1.0,6.620131,6.620131,1.17,5.5,5.5,0.0,0.0,0.0,0.0,15.290131,15.290131,3059.377144,3059.377144
STA238FC-TOP-1SP-6SP,T63S-4090,STA238FC,3,large,25.0,3049.482419,0.0,0.0,0.0,0.0,0.0,0.0,0.0,4.341419,0.0,15.86,5.0,9.341419,25.201419,3058.823838,3074.683838
STA238FC-P1-1F1-1P,T63S-4091,STA238FC,2,small,25.0,3010.099274,1.58,3.933269,0.0,3.5,1.17,2.75,5.5,0.0,0.0,0.0,0.0,9.433269,15.683269,3019.532543,3025.782543
STA238FC-P1-1F1-1S,T63S-4091,STA238FC,2,small,25.0,3010.099274,1.58,3.933269,0.0,3.5,1.17,2.75,5.5,0.0,0.0,0.0,0.0,9.433269,15.683269,3019.532543,3025.782543
STA238FC-P1-1F1-3P,T63S-4091,STA238FC,2,small,25.0,3010.099274,1.58,2.274603,0.0,3.5,1.17,2.75,5.5,0.0,0.0,0.0,0.0,7.774603,14.024603,3017.873877,3024.123877
STA238FC-P1-1F1-3S,T63S-4091,STA238FC,2,small,25.0,3010.099274,1.58,2.274603,0.0,3.5,1.17,2.75,5.5,0.0,0.0,0.0,0.0,7.774603,14.024603,3017.873877,3024.123877
STA238FC-TOP-1SP-1SP,T63S-4092,STA238FC,3,large,23.0,2267.100683,0.0,0.0,0.0,0.0,0.0,0.0,0.0,1.295138,16.170444,20.150444,5.0,22.465582,26.445582,2289.566265,2293.546265
STA238FC-TOP-1SP-3SP,T63S-4092,STA238FC,3,large,23.0,2267.100683,0.0,0.0,0.0,0.0,0.0,0.0,0.0,1.295138,16.190444,20.150444,5.0,22.485582,26.445582,2289.586265,2293.546265
STA238FC-R2-2B1WS-1S,T63S-4092,STA238FC,3,small,23.0,2267.100683,1.58,1.510007,0.0,3.5,1.17,2.75,5.5,0.0,0.0,0.0,0.0,7.010007,13.260007,2274.11069,2280.36069
STA238FC-R2-1B1P-1P,T63S-4092,STA238FC,3,small,23.0,2267.100683,1.58,1.501436,0.0,0.0,1.17,2.75,2.75,0.0,0.0,0.0,0.0,7.001436,7.001436,2274.102119,2274.102119
STA238FC-R2-3B1S-1S,T63S-4092,STA238FC,3,small,23.0,2267.100683,1.58,1.504652,0.0,0.0,1.17,2.75,2.75,0.0,0.0,0.0,0.0,7.004652,7.004652,2274.105335,2274.105335
STA238FC-R2-2B2WS-1S,T63S-4092,STA238FC,3,small,23.0,2267.100683,1.58,1.510006,0.0,3.5,1.17,2.75,5.5,0.0,0.0,0.0,0.0,7.010006,13.260006,2274.110689,2280.360689
STA238FC-R2-1B2P-1P,T63S-4092,STA238FC,3,small,23.0,2267.100683,1.58,1.501436,0.0,0.0,1.17,2.75,2.75,0.0,0.0,0.0,0.0,7.001436,7.001436,2274.102119,2274.102119
STA238FC-R2-3B2S-1S,T63S-4092,STA238FC,3,small,23.0,2267.100683,1.58,1.504652,0.0,0.0,1.17,2.75,2.75,0.0,0.0,0.0,0.0,7.004652,7.004652,2274.105335,2274.105335
STA238FC-S1-2B1-1P,T63S-4092,STA238FC,2,small,23.0,2267.100683,1.58,1.25092,0.0,0.0,1.17,2.75,2.75,0.0,0.0,0.0,0.0,6.75092,6.75092,2273.851603,2273.851603
STA238FC-S1-1B1-1P,T63S-4092,STA238FC,2,small,23.0,2267.100683,1.58,1.25092,0.0,0.0,1.17,2.75,2.75,0.0,0.0,0.0,0.0,6.75092,6.75092,2273.851603,2273.851603
STA238FC-S1-1B1-1S,T63S-4092,STA238FC,2,small,23.0,2267.100683,1.58,1.25092,0.0,0.0,1.17,2.75,2.75,0.0,0.0,0.0,0.0,6.75092,6.75092,2273.851603,2273.851603
STA238FC-F238-1SP-2SP,T63S-4093,STA238FC,1,large,19.0,2220.965395,0.0,0.0,0.0,0.0,0.0,0.0,0.0,5.830796,0.0,77.840332,5.0,10.830796,88.671128,2231.796191,2309.636523
STA238FC-F240-1SP-3SP,T63S-4094,STA238FC,1,large,19.0,2362.95828,0.0,0.0,0.0,0.0,0.0,0.0,0.0,6.222597,0.0,54.537788,5.0,11.222597,65.760385,2374.180877,2428.718665
STA238FC-F240-1SP-2SP,T63S-4094,STA238FC,1,small,19.0,2362.95828,1.58,1.313799,0.0,3.5,1.17,2.75,5.5,0.0,0.0,0.0,0.0,6.813799,13.063799,2369.772079,2376.022079
STA238FC-F240-1SP-5SP,T63S-4094,STA238FC,1,small,19.0,2362.95828,1.0,1.0,4.120702,4.120702,1.17,5.5,5.5,0.0,0.0,0.0,0.0,12.790702,12.790702,2375.748982,2375.748982
STA238FC-R1-1B1-1P,T63S-4095,STA238FC,3,small,15.0,2568.191923,1.58,1.510462,0.0,0.0,1.17,2.75,2.75,0.0,0.0,0.0,0.0,7.010462,7.010462,2575.202385,2575.202385
STA238FC-R1-1B1-1S,T63S-4095,STA238FC,3,small,15.0,2568.191923,1.58,1.510463,0.0,0.0,1.17,2.75,2.75,0.0,0.0,0.0,0.0,7.010463,7.010463,2575.202386,2575.202386
STA238FC-R1-1B2-1P,T63S-4095,STA238FC,3,small,15.0,2568.191923,1.58,1.510463,0.0,0.0,1.17,2.75,2.75,0.0,0.0,0.0,0.0,7.010463,7.010463,2575.202386,2575.202386
STA238FC-R1-1B2-1S,T63S-4095,STA238FC,3,small,15.0,2568.191923,1.58,1.510463,0.0,0.0,1.17,2.75,2.75,0.0,0.0,0.0,0.0,7.010463,7.010463,2575.202386,2575.202386
STA238FC-R1-2B1P-1P,T63S-4095,STA238FC,3,small,15.0,2568.191923,1.58,1.501436,0.0,0.0,1.17,2.75,2.75,0.0,0.0,0.0,0.0,7.001436,7.001436,2575.193359,2575.193359
STA238FC-R1-2B2P-1P,T63S-4095,STA238FC,3,small,15.0,2568.191923,1.58,1.501436,0.0,0.0,1.17,2.75,2.75,0.0,0.0,0.0,0.0,7.001436,7.001436,2575.193359,2575.193359
STA238FC-R1-3B1P-1P,T63S-4095,STA238FC,3,small,15.0,2568.191923,1.58,1.501436,0.0,0.0,1.17,2.75,2.75,0.0,0.0,0.0,0.0,7.001436,7.001436,2575.193359,2575.193359
STA238FC-R1-3B2P-1P,T63S-4095,STA238FC,3,small,15.0,2568.191923,1.58,1.501436,0.0,0.0,1.17,2.75,2.75,0.0,0.0,0.0,0.0,7.001436,7.001436,2575.193359,2575.193359
STA238FC-R1-4B1P-1P,T63S-4095,STA238FC,3,small,15.0,2568.191923,1.58,1.501436,0.0,0.0,1.17,2.75,2.75,0.0,0.0,0.0,0.0,7.001436,7.001436,2575.193359,2575.193359
STA238FC-R1-4B2P-1P,T63S-4095,STA238FC,3,small,15.0,2568.191923,1.58,1.501436,0.0,0.0,1.17,2.75,2.75,0.0,0.0,0.0,0.0,7.001436,7.001436,2575.193359,2575.193359
STA238FC-R1-5B1-1P,T63S-4095,STA238FC,3,small,15.0,2568.191923,1.58,1.509169,0.0,0.0,1.17,2.75,2.75,0.0,0.0,0.0,0.0,7.009169,7.009169,2575.201092,2575.201092
STA238FC-R1-5B1-1S,T63S-4095,STA238FC,3,small,15.0,2568.191923,1.58,1.509169,0.0,0.0,1.17,2.75,2.75,0.0,0.0,0.0,0.0,7.009169,7.009169,2575.201092,2575.201092
STA238FC-R1-5B2-1P,T63S-4095,STA238FC,3,small,15.0,2568.191923,1.58,1.509169,0.0,0.0,1.17,2.75,2.75,0.0,0.0,0.0,0.0,7.009169,7.009169,2575.201092,2575.201092
STA238FC-R1-5B2-1S,T63S-4095,STA238FC,3,small,15.0,2568.191923,1.58,1.509169,0.0,0.0,1.17,2.75,2.75,0.0,0.0,0.0,0.0,7.009169,7.009169,2575.201092,2575.201092
STA238FC-R1-6B1-1P,T63S-4095,STA238FC,3,small,15.0,2568.191923,1.58,1.509169,0.0,0.0,1.17,2.75,2.75,0.0,0.0,0.0,0.0,7.009169,7.009169,2575.201092,2575.201092
STA238FC-R1-6B1-1S,T63S-4095,STA238FC,3,small,15.0,2568.191923,1.58,1.509169,0.0,0.0,1.17,2.75,2.75,0.0,0.0,0.0,0.0,7.009169,7.009169,2575.201092,2575.201092
STA238FC-R1-6B2-1P,T63S-4095,STA238FC,3,small,15.0,2568.191923,1.58,1.509169,0.0,0.0,1.17,2.75,2.75,0.0,0.0,0.0,0.0,7.009169,7.009169,2575.201092,2575.201092
STA238FC-R1-6B2-1S,T63S-4095,STA238FC,3,small,15.0,2568.191923,1.58,1.509169,0.0,0.0,1.17,2.75,2.75,0.0,0.0,0.0,0.0,7.009169,7.009169,2575.201092,2575.201092
STA238FC-R1-7B1S-1S,T63S-4095,STA238FC,3,small,15.0,2568.191923,1.58,1.509169,0.0,0.0,1.17,2.75,2.75,0.0,0.0,0.0,0.0,7.009169,7.009169,2575.201092,2575.201092
STA238FC-R1-7B2S-1S,T63S-4095,STA238FC,3,small,15.0,2568.191923,1.58,1.509169,0.0,0.0,1.17,2.75,2.75,0.0,0.0,0.0,0.0,7.009169,7.009169,2575.201092,2575.201092
STA238FC-R1-8B1S-1S,T63S-4095,STA238FC,3,small,15.0,2568.191923,1.58,1.504653,0.0,0.0,1.17,2.75,2.75,0.0,0.0,0.0,0.0,7.004653,7.004653,2575.196576,2575.196576
STA238FC-R1-8B2S-1S,T63S-4095,STA238FC,3,small,15.0,2568.191923,1.58,1.504652,0.0,0.0,1.17,2.75,2.75,0.0,0.0,0.0,0.0,7.004652,7.004652,2575.196575,2575.196575
STA238FC-R1-9B1S-1S,T63S-4095,STA238FC,3,small,15.0,2568.191923,1.58,1.504653,0.0,0.0,1.17,2.75,2.75,0.0,0.0,0.0,0.0,7.004653,7.004653,2575.196576,2575.196576
STA238FC-R1-9B2S-1S,T63S-4095,STA238FC,3,small,15.0,2568.191923,1.58,1.504652,0.0,0.0,1.17,2.75,2.75,0.0,0.0,0.0,0.0,7.004652,7.004652,2575.196575,2575.196575
STA238FC-AG-2P-1P,T63S-4096,STA238FC,2,small,14.0,2643.404533,1.58,2.257353,0.0,0.0,1.17,2.75,2.75,0.0,0.0,0.0,0.0,7.757353,7.757353,2651.161886,2651.161886
STA238FC-AG-3S-1S,T63S-4096,STA238FC,2,small,14.0,2643.404533,1.58,2.265798,0.0,0.0,1.17,2.75,2.75,0.0,0.0,0.0,0.0,7.765798,7.765798,2651.170331,2651.170331
STA238FC-BG-2WP-1P,T63S-4096,STA238FC,2,small,14.0,2643.404533,1.0,1.0,0.0,3.5,1.17,2.75,5.5,0.0,0.0,0.0,0.0,5.92,12.17,2649.324533,2655.574533
STA238FC-BG-3WS-1S,T63S-4096,STA238FC,2,small,14.0,2643.404533,1.0,1.0,0.0,3.5,1.17,2.75,5.5,0.0,0.0,0.0,0.0,5.92,12.17,2649.324533,2655.574533
STA238FC-CG-2-1P,T63S-4096,STA238FC,2,small,14.0,2643.404533,1.58,2.267559,0.0,0.0,1.17,2.75,2.75,0.0,0.0,0.0,0.0,7.767559,7.767559,2651.172092,2651.172092
STA238FC-CG-2-1S,T63S-4096,STA238FC,2,small,14.0,2643.404533,1.58,2.267559,0.0,0.0,1.17,2.75,2.75,0.0,0.0,0.0,0.0,7.767559,7.767559,2651.172092,2651.172092
STA238FC-MG-2WSP-1SP,T63S-4096,STA238FC,2,small,14.0,2643.404533,1.0,1.0,0.0,3.5,1.17,2.75,5.5,0.0,0.0,0.0,0.0,5.92,12.17,2649.324533,2655.574533
STA238FC-P1-1-1P,T63S-4097,STA238FC,2,small,14.0,2988.23963,1.58,2.218459,0.0,3.5,1.17,2.75,5.5,0.0,0.0,0.0,0.0,7.718459,13.968459,2995.958089,3002.208089
STA238FC-P1-1-1S,T63S-4097,STA238FC,2,small,14.0,2988.23963,1.58,2.218459,0.0,3.5,1.17,2.75,5.5,0.0,0.0,0.0,0.0,7.718459,13.968459,2995.958089,3002.208089
STA238FC-P1-1B1-1P,T63S-4097,STA238FC,1,small,14.0,2988.23963,1.58,2.4059,0.0,0.0,1.17,2.75,2.75,0.0,0.0,0.0,0.0,7.9059,7.9059,2996.14553,2996.14553
STA238FC-P1-1B1-1S,T63S-4097,STA238FC,1,small,14.0,2988.23963,1.58,2.4059,0.0,0.0,1.17,2.75,2.75,0.0,0.0,0.0,0.0,7.9059,7.9059,2996.14553,2996.14553
STA238FC-P1-1B2-1P,T63S-4097,STA238FC,1,small,14.0,2988.23963,1.58,1.83853,0.0,0.0,1.17,2.75,2.75,0.0,0.0,0.0,0.0,7.33853,7.33853,2995.57816,2995.57816
STA238FC-P1-1B2-1S,T63S-4097,STA238FC,1,small,14.0,2988.23963,1.58,1.83853,0.0,0.0,1.17,2.75,2.75,0.0,0.0,0.0,0.0,7.33853,7.33853,2995.57816,2995.57816
STA238FC-P1-1F1-2P,T63S-4097,STA238FC,2,small,14.0,2988.23963,1.58,4.553795,0.0,3.5,1.17,2.75,5.5,0.0,0.0,0.0,0.0,10.053795,16.303795,2998.293425,3004.543425
STA238FC-P1-1F1-2S,T63S-4097,STA238FC,2,small,14.0,2988.23963,1.58,4.553795,0.0,3.5,1.17,2.75,5.5,0.0,0.0,0.0,0.0,10.053795,16.303795,2998.293425,3004.543425
STA238FC-F238-1SP-1SP,T63S-4098,STA238FC,1,large,13.0,2679.85815,0.0,0.0,0.0,0.0,0.0,0.0,0.0,1.026775,0.0,86.294168,5.0,6.026775,92.320943,2685.884925,2772.179093
STA238FC-F240-1SP-1SP,T63S-4099,STA238FC,1,large,13.0,2716.303799,0.0,0.0,0.0,0.0,0.0,0.0,0.0,1.026775,0.0,86.310452,5.0,6.026775,92.337227,2722.330574,2808.641026
STA238FC-F238A-2P-1P,T63S-4100,STA238FC,2,small,12.0,2167.678794,1.58,3.348776,0.0,3.5,1.17,2.75,5.5,0.0,0.0,0.0,0.0,8.848776,15.098776,2176.52757,2182.77757
STA238FC-F238A-3SP-1SP,T63S-4100,STA238FC,2,small,12.0,2167.678794,1.58,2.402688,0.0,3.5,1.17,2.75,5.5,0.0,0.0,0.0,0.0,7.902688,14.152688,2175.581482,2181.831482
STA238FC-F238A-4S-1S,T63S-4100,STA238FC,2,small,12.0,2167.678794,1.58,3.353762,0.0,3.5,1.17,2.75,5.5,0.0,0.0,0.0,0.0,8.853762,15.103762,2176.532556,2182.782556
STA238FC-F240A-1SP-1SP,T63S-4100,STA238FC,2,small,12.0,2167.678794,1.58,2.808341,0.0,3.5,1.17,2.75,5.5,0.0,0.0,0.0,0.0,8.308341,14.558341,2175.987135,2182.237135
STA238FC-F240A-2P-1P,T63S-4100,STA238FC,2,small,12.0,2167.678794,1.58,3.348776,0.0,3.5,1.17,2.75,5.5,0.0,0.0,0.0,0.0,8.848776,15.098776,2176.52757,2182.77757
STA238FC-F240A-4S-1S,T63S-4100,STA238FC,2,small,12.0,2167.678794,1.58,3.353762,0.0,3.5,1.17,2.75,5.5,0.0,0.0,0.0,0.0,8.853762,15.103762,2176.532556,2182.782556
STA238FC-R3-1B1P-1P,T63S-4100,STA238FC,3,small,12.0,2167.678794,1.58,2.178761,0.0,0.0,1.17,2.75,2.75,0.0,0.0,0.0,0.0,7.678761,7.678761,2175.357555,2175.357555
STA238FC-F238-CG1-1P,T63S-4100,STA238FC,1,small,12.0,2167.678794,1.58,1.242997,0.0,3.5,1.17,2.75,5.5,0.0,0.0,0.0,0.0,6.742997,12.992997,2174.421791,2180.671791
STA238FC-F238-CG1-1S,T63S-4100,STA238FC,1,small,12.0,2167.678794,1.58,1.242997,0.0,3.5,1.17,2.75,5.5,0.0,0.0,0.0,0.0,6.742997,12.992997,2174.421791,2180.671791
STA238FC-F238-CG1D1-1P,T63S-4100,STA238FC,1,small,12.0,2167.678794,1.58,2.209943,0.0,0.0,1.17,2.75,2.75,0.0,0.0,0.0,0.0,7.709943,7.709943,2175.388737,2175.388737
STA238FC-F238-CG1D1-1S,T63S-4100,STA238FC,1,small,12.0,2167.678794,1.58,2.209943,0.0,0.0,1.17,2.75,2.75,0.0,0.0,0.0,0.0,7.709943,7.709943,2175.388737,2175.388737
STA238FC-F238-CG2-1P,T63S-4100,STA238FC,1,small,12.0,2167.678794,1.58,1.242997,0.0,3.5,1.17,2.75,5.5,0.0,0.0,0.0,0.0,6.742997,12.992997,2174.421791,2180.671791
STA238FC-F238-CG2-1S,T63S-4100,STA238FC,1,small,12.0,2167.678794,1.58,1.242997,0.0,3.5,1.17,2.75,5.5,0.0,0.0,0.0,0.0,6.742997,12.992997,2174.421791,2180.671791
STA238FC-F238-CG2D1-1P,T63S-4100,STA238FC,1,small,12.0,2167.678794,1.58,2.209942,0.0,0.0,1.17,2.75,2.75,0.0,0.0,0.0,0.0,7.709942,7.709942,2175.388736,2175.388736
STA238FC-F238-CG2D1-1S,T63S-4100,STA238FC,1,small,12.0,2167.678794,1.58,2.209943,0.0,0.0,1.17,2.75,2.75,0.0,0.0,0.0,0.0,7.709943,7.709943,2175.388737,2175.388737
STA238FC-F238-CG3-1P,T63S-4100,STA238FC,1,small,12.0,2167.678794,1.58,1.242997,0.0,3.5,1.17,2.75,5.5,0.0,0.0,0.0,0.0,6.742997,12.992997,2174.421791,2180.671791
STA238FC-F238-CG3-1S,T63S-4100,STA238FC,1,small,12.0,2167.678794,1.58,1.242997,0.0,3.5,1.17,2.75,5.5,0.0,0.0,0.0,0.0,6.742997,12.992997,2174.421791,2180.671791
STA238FC-F238-CG3D1-1P,T63S-4100,STA238FC,1,small,12.0,2167.678794,1.58,2.209943,0.0,0.0,1.17,2.75,2.75,0.0,0.0,0.0,0.0,7.709943,7.709943,2175.388737,2175.388737
STA238FC-F238-CG3D1-1S,T63S-4100,STA238FC,1,small,12.0,2167.678794,1.58,2.209942,0.0,0.0,1.17,2.75,2.75,0.0,0.0,0.0,0.0,7.709942,7.709942,2175.388736,2175.388736
STA238FC-F238-CG4SP-1SP,T63S-4100,STA238FC,1,small,12.0,2167.678794,1.58,1.242997,0.0,3.5,1.17,2.75,5.5,0.0,0.0,0.0,0.0,6.742997,12.992997,2174.421791,2180.671791
STA238FC-F238-CG4D1SP-1S,T63S-4100,STA238FC,1,small,12.0,2167.678794,1.58,2.209943,0.0,0.0,1.17,2.75,2.75,0.0,0.0,0.0,0.0,7.709943,7.709943,2175.388737,2175.388737
STA238FC-F240-CG1-1P,T63S-4100,STA238FC,1,small,12.0,2167.678794,1.58,1.242997,0.0,3.5,1.17,2.75,5.5,0.0,0.0,0.0,0.0,6.742997,12.992997,2174.421791,2180.671791
STA238FC-F240-CG1-1S,T63S-4100,STA238FC,1,small,12.0,2167.678794,1.58,1.242997,0.0,3.5,1.17,2.75,5.5,0.0,0.0,0.0,0.0,6.742997,12.992997,2174.421791,2180.671791
STA238FC-F240-CG1D1-1P,T63S-4100,STA238FC,1,small,12.0,2167.678794,1.58,2.209942,0.0,0.0,1.17,2.75,2.75,0.0,0.0,0.0,0.0,7.709942,7.709942,2175.388736,2175.388736
STA238FC-F240-CG1D1-1S,T63S-4100,STA238FC,1,small,12.0,2167.678794,1.58,2.209943,0.0,0.0,1.17,2.75,2.75,0.0,0.0,0.0,0.0,7.709943,7.709943,2175.388737,2175.388737
STA238FC-F240-CG2-1P,T63S-4100,STA238FC,1,small,12.0,2167.678794,1.58,1.242997,0.0,3.5,1.17,2.75,5.5,0.0,0.0,0.0,0.0,6.742997,12.992997,2174.421791,2180.671791
STA238FC-F240-CG2-1S,T63S-4100,STA238FC,1,small,12.0,2167.678794,1.58,1.242997,0.0,3.5,1.17,2.75,5.5,0.0,0.0,0.0,0.0,6.742997,12.992997,2174.421791,2180.671791
STA238FC-F240-CG2D1-1P,T63S-4100,STA238FC,1,small,12.0,2167.678794,1.58,2.209943,0.0,0.0,1.17,2.75,2.75,0.0,0.0,0.0,0.0,7.709943,7.709943,2175.388737,2175.388737
STA238FC-F240-CG2D1-1S,T63S-4100,STA238FC,1,small,12.0,2167.678794,1.58,2.209943,0.0,0.0,1.17,2.75,2.75,0.0,0.0,0.0,0.0,7.709943,7.709943,2175.388737,2175.388737
STA238FC-F240-CG3-1P,T63S-4100,STA238FC,1,small,12.0,2167.678794,1.58,1.242997,0.0,3.5,1.17,2.75,5.5,0.0,0.0,0.0,0.0,6.742997,12.992997,2174.421791,2180.671791
STA238FC-F240-CG3-1S,T63S-4100,STA238FC,1,small,12.0,2167.678794,1.58,1.242997,0.0,3.5,1.17,2.75,5.5,0.0,0.0,0.0,0.0,6.742997,12.992997,2174.421791,2180.671791
STA238FC-F240-CG3D1-1P,T63S-4100,STA238FC,1,small,12.0,2167.678794,1.58,2.209943,0.0,0.0,1.17,2.75,2.75,0.0,0.0,0.0,0.0,7.709943,7.709943,2175.388737,2175.388737
STA238FC-F240-CG3D1-1S,T63S-4100,STA238FC,1,small,12.0,2167.678794,1.58,2.209942,0.0,0.0,1.17,2.75,2.75,0.0,0.0,0.0,0.0,7.709942,7.709942,2175.388736,2175.388736
STA238FC-F240-CG4SP-1SP,T63S-4100,STA238FC,1,small,12.0,2167.678794,1.58,1.242997,0.0,3.5,1.17,2.75,5.5,0.0,0.0,0.0,0.0,6.742997,12.992997,2174.421791,2180.671791
STA238FC-F240-CG4D1SP-1S,T63S-4100,STA238FC,1,small,12.0,2167.678794,1.58,2.209943,0.0,0.0,1.17,2.75,2.75,0.0,0.0,0.0,0.0,7.709943,7.709943,2175.388737,2175.388737
STA238FC-AG-1-1P,T63S-4101,STA238FC,2,small,12.0,2907.299024,1.58,2.528437,0.0,3.5,1.17,2.75,5.5,0.0,0.0,0.0,0.0,8.028437,14.278437,2915.327461,2921.577461
STA238FC-AG-1-1S,T63S-4101,STA238FC,2,small,12.0,2907.299024,1.58,2.528437,0.0,3.5,1.17,2.75,5.5,0.0,0.0,0.0,0.0,8.028437,14.278437,2915.327461,2921.577461
STA238FC-CG-1-1P,T63S-4101,STA238FC,2,small,12.0,2907.299024,1.58,2.528437,0.0,3.5,1.17,2.75,5.5,0.0,0.0,0.0,0.0,8.028437,14.278437,2915.327461,2921.577461
STA238FC-CG-1-1S,T63S-4101,STA238FC,2,small,12.0,2907.299024,1.58,2.528437,0.0,3.5,1.17,2.75,5.5,0.0,0.0,0.0,0.0,8.028437,14.278437,2915.327461,2921.577461
STA238FC-F238-1SP-1BSP,T63S-4101,STA238FC,1,small,12.0,2907.299024,1.58,2.550666,0.0,0.0,1.17,2.75,2.75,0.0,0.0,0.0,0.0,8.050666,8.050666,2915.34969,2915.34969
STA238FC-F238-1SP-2BSP,T63S-4101,STA238FC,1,small,12.0,2907.299024,1.58,2.550666,0.0,0.0,1.17,2.75,2.75,0.0,0.0,0.0,0.0,8.050666,8.050666,2915.34969,2915.34969
STA238FC-F238-1SP-3BSP,T63S-4101,STA238FC,1,small,12.0,2907.299024,1.58,2.550666,0.0,0.0,1.17,2.75,2.75,0.0,0.0,0.0,0.0,8.050666,8.050666,2915.34969,2915.34969
STA238FC-F238-1SP-4BSP,T63S-4101,STA238FC,1,small,12.0,2907.299024,1.58,2.550666,0.0,0.0,1.17,2.75,2.75,0.0,0.0,0.0,0.0,8.050666,8.050666,2915.34969,2915.34969
STA238FC-F240-1SP-1BSP,T63S-4101,STA238FC,1,small,12.0,2907.299024,1.58,2.550666,0.0,0.0,1.17,2.75,2.75,0.0,0.0,0.0,0.0,8.050666,8.050666,2915.34969,2915.34969
STA238FC-F240-1SP-2BSP,T63S-4101,STA238FC,1,small,12.0,2907.299024,1.58,2.550666,0.0,0.0,1.17,2.75,2.75,0.0,0.0,0.0,0.0,8.050666,8.050666,2915.34969,2915.34969
STA238FC-F240-1SP-3BSP,T63S-4101,STA238FC,1,small,12.0,2907.299024,1.58,2.550666,0.0,0.0,1.17,2.75,2.75,0.0,0.0,0.0,0.0,8.050666,8.050666,2915.34969,2915.34969
STA238FC-F240-1SP-4BSP,T63S-4101,STA238FC,1,small,12.0,2907.299024,1.58,2.550666,0.0,0.0,1.17,2.75,2.75,0.0,0.0,0.0,0.0,8.050666,8.050666,2915.34969,2915.34969
STA238FC-F240-1SP-5BSP,T63S-4101,STA238FC,1,small,12.0,2907.299024,1.58,2.530872,0.0,0.0,1.17,2.75,2.75,0.0,0.0,0.0,0.0,8.030872,8.030872,2915.329896,2915.329896
STA238FC-F240-1SP-6BSP,T63S-4101,STA238FC,1,small,12.0,2907.299024,1.58,2.530872,0.0,0.0,1.17,2.75,2.75,0.0,0.0,0.0,0.0,8.030872,8.030872,2915.329896,2915.329896
STA238FC-F240-1SP-7BSP,T63S-4101,STA238FC,1,small,12.0,2907.299024,1.58,2.530872,0.0,0.0,1.17,2.75,2.75,0.0,0.0,0.0,0.0,8.030872,8.030872,2915.329896,2915.329896
STA238FC-F240-1SP-8BSP,T63S-4101,STA238FC,1,small,12.0,2907.299024,1.58,2.530872,0.0,0.0,1.17,2.75,2.75,0.0,0.0,0.0,0.0,8.030872,8.030872,2915.329896,2915.329896
STA238FC-ADD-1SP-1SP,T63S-4102,STA238FC,1,large,10.5,2721.871305,0.0,0.0,0.0,0.0,0.0,0.0,0.0,5.561379,0.0,15.272,5.0,10.561379,25.833379,2732.432684,2747.704684
STA238FC-BG-1-1P,T63S-4103,STA238FC,1,large,10.0,2068.56988,0.0,0.0,0.0,0.0,0.0,0.0,0.0,3.702573,0.0,0.0,5.0,8.702573,8.702573,2077.272453,2077.272453
STA238FC-BG-1-1S,T63S-4103,STA238FC,1,large,10.0,2068.56988,0.0,0.0,0.0,0.0,0.0,0.0,0.0,3.557576,0.0,0.0,5.0,8.557576,8.557576,2077.127456,2077.127456
STA238FC-BG-2WP-2P,T63S-4103,STA238FC,2,small,10.0,2068.56988,1.58,2.813457,0.0,3.5,1.17,2.75,5.5,0.0,0.0,0.0,0.0,8.313457,14.563457,2076.883337,2083.133337
STA238FC-BG-3WS-2S,T63S-4103,STA238FC,2,small,10.0,2068.56988,1.58,2.813457,0.0,3.5,1.17,2.75,5.5,0.0,0.0,0.0,0.0,8.313457,14.563457,2076.883337,2083.133337
STA238FC-MG-1SP-1SP,T63S-4103,STA238FC,1,large,10.0,2068.56988,0.0,0.0,0.0,0.0,0.0,0.0,0.0,3.446163,0.0,0.0,5.0,8.446163,8.446163,2077.016043,2077.016043
STA238FC-MG-2WSP-2SP,T63S-4103,STA238FC,2,small,10.0,2068.56988,1.58,2.813457,0.0,3.5,1.17,2.75,5.5,0.0,0.0,0.0,0.0,8.313457,14.563457,2076.883337,2083.133337
STA238FC-F238-1B1P-1P,T63S-4855,STA238FC,3,small,15.0,3104.533973,1.58,1.370492,0.0,0.0,1.17,2.75,2.75,0.0,0.0,0.0,0.0,6.870492,6.870492,3111.404465,3111.404465
STA238FC-F238-1B2WS-1S,T63S-4855,STA238FC,3,small,15.0,3104.533973,1.58,1.372224,0.0,3.5,1.17,2.75,5.5,0.0,0.0,0.0,0.0,6.872224,13.122224,3111.406197,3117.656197
STA238FC-F240-1B1P-1P,T63S-4855,STA238FC,3,small,15.0,3104.533973,1.58,1.370492,0.0,0.0,1.17,2.75,2.75,0.0,0.0,0.0,0.0,6.870492,6.870492,3111.404465,3111.404465
STA238FC-F240-1B2WS-1S,T63S-4855,STA238FC,3,small,15.0,3104.533973,1.58,1.372224,0.0,3.5,1.17,2.75,5.5,0.0,0.0,0.0,0.0,6.872224,13.122224,3111.406197,3117.656197
DC12-UD-1KSP-4SP,U02A-1330,DC12,4,large,22.0,1805.023837,0.0,0.0,0.0,0.0,0.0,0.0,0.0,0.0,0.0,85.861744,5.0,5.0,90.861744,1810.023837,1895.885581
DC12-UD-1KSP-5SP,U02A-1331,DC12,4,large,22.0,1856.000503,0.0,0.0,0.0,0.0,0.0,0.0,0.0,0.0,0.0,85.861744,5.0,5.0,90.861744,1861.000503,1946.862247
DC12-UD-1KSP-1SP,U02B-1332,DC12,4,large,15.0,2849.249987,0.0,0.0,0.0,0.0,0.0,0.0,0.0,6.669909,0.0,82.394392,5.0,11.669909,94.064301,2860.919896,2943.314288
DC12-UD-1KSP-2SP,U02B-1333,DC12,4,large,15.0,2685.853617,0.0,0.0,0.0,0.0,0.0,0.0,0.0,3.036079,0.0,132.587128,5.0,8.036079,140.623207,2693.889696,2826.476824
DC12-UD-1KSP-3SP,U02B-1334,DC12,4,large,15.0,2884.104251,0.0,0.0,0.0,0.0,0.0,0.0,0.0,0.0,0.0,79.077392,5.0,5.0,84.077392,2889.104251,2968.181643
DC12-CHL-1E-1P,U02S-1335,DC12,4,small,21.0,1688.961583,1.0,1.0,6.438345,6.438345,1.17,5.5,5.5,0.0,0.0,0.0,0.0,15.108345,15.108345,1704.069928,1704.069928
DC12-CHL-1E-1S,U02S-1335,DC12,4,small,21.0,1688.961583,1.0,1.0,6.428973,6.428973,1.17,5.5,5.5,0.0,0.0,0.0,0.0,15.098973,15.098973,1704.060556,1704.060556
DC12-CHL-2E-1P,U02S-1335,DC12,4,small,21.0,1688.961583,1.0,1.0,6.70564,6.70564,1.17,5.5,5.5,0.0,0.0,0.0,0.0,15.37564,15.37564,1704.337223,1704.337223
DC12-CHL-2E-1S,U02S-1335,DC12,4,small,21.0,1688.961583,1.0,1.0,6.70564,6.70564,1.17,5.5,5.5,0.0,0.0,0.0,0.0,15.37564,15.37564,1704.337223,1704.337223
DC12-CHL-6E-1P,U02S-1335,DC12,4,small,21.0,1688.961583,1.58,1.769278,6.148246,6.148246,1.17,5.5,5.5,0.0,0.0,0.0,0.0,16.167524,16.167524,1705.129107,1705.129107
DC12-CHL-6E-1S,U02S-1335,DC12,4,small,21.0,1688.961583,1.58,1.769278,6.138873,6.138873,1.17,5.5,5.5,0.0,0.0,0.0,0.0,16.158151,16.158151,1705.119734,1705.119734
DC12-UD-1KSP-10BSP,U02S-1335,DC12,2,small,21.0,1688.961583,1.58,2.43105,0.0,3.5,1.17,2.75,5.5,0.0,0.0,0.0,0.0,7.93105,14.18105,1696.892633,1703.142633
DC12-UD-1KSP-8BSP,U02S-1335,DC12,2,small,21.0,1688.961583,1.58,1.799171,0.0,3.5,1.17,2.75,5.5,0.0,0.0,0.0,0.0,7.299171,13.549171,1696.260754,1702.510754
DC12-CHL-4E-1P,U02S-1335,DC12,4,small,21.0,1688.961583,1.58,1.991803,6.150945,6.150945,1.17,5.5,5.5,0.0,0.0,0.0,0.0,16.392748,16.392748,1705.354331,1705.354331
DC12-CHL-4E-1S,U02S-1335,DC12,4,small,21.0,1688.961583,1.58,1.991803,6.150945,6.150945,1.17,5.5,5.5,0.0,0.0,0.0,0.0,16.392748,16.392748,1705.354331,1705.354331
DC12-F64-1B4W-1P,U02S-1336,DC12,3,small,25.0,2357.840964,1.58,2.198345,5.40001,5.40001,1.17,5.5,5.5,0.0,0.0,0.0,0.0,15.848355,15.848355,2373.689319,2373.689319
DC12-F64-1B4W-1S,U02S-1336,DC12,3,small,25.0,2357.840964,1.58,2.198345,5.409607,5.409607,1.17,5.5,5.5,0.0,0.0,0.0,0.0,15.857952,15.857952,2373.698916,2373.698916
DC12-F64-1B5W-1P,U02S-1336,DC12,3,small,25.0,2357.840964,1.58,2.196835,5.400816,5.400816,1.17,5.5,5.5,0.0,0.0,0.0,0.0,15.847651,15.847651,2373.688615,2373.688615
DC12-F64-1B5W-1S,U02S-1336,DC12,3,small,25.0,2357.840964,1.58,2.196835,5.400816,5.400816,1.17,5.5,5.5,0.0,0.0,0.0,0.0,15.847651,15.847651,2373.688615,2373.688615
DC12-F76-1B4W-1P,U02S-1336,DC12,3,small,25.0,2357.840964,1.58,2.190835,5.4028,5.4028,1.17,5.5,5.5,0.0,0.0,0.0,0.0,15.843635,15.843635,2373.684599,2373.684599
DC12-F76-1B4W-1S,U02S-1336,DC12,3,small,25.0,2357.840964,1.58,2.190835,5.393203,5.393203,1.17,5.5,5.5,0.0,0.0,0.0,0.0,15.834038,15.834038,2373.675002,2373.675002
DC12-F76-1B5W-1P,U02S-1336,DC12,3,small,25.0,2357.840964,1.58,2.189307,5.394096,5.394096,1.17,5.5,5.5,0.0,0.0,0.0,0.0,15.833403,15.833403,2373.674367,2373.674367
DC12-F76-1B5W-1S,U02S-1336,DC12,3,small,25.0,2357.840964,1.58,2.189307,5.394096,5.394096,1.17,5.5,5.5,0.0,0.0,0.0,0.0,15.833403,15.833403,2373.674367,2373.674367
DC12-F69-1SP-1SP,U02S-1337,DC12,4,large,17.0,2444.665724,0.0,0.0,0.0,0.0,0.0,0.0,0.0,1.303835,20.62328,20.62328,5.0,26.927115,26.927115,2471.592839,2471.592839
DC12-F70-1SP-1SP,U02S-1338,DC12,1,large,17.0,2450.175611,0.0,0.0,0.0,0.0,0.0,0.0,0.0,1.303835,20.64328,20.64328,5.0,26.947115,26.947115,2477.122726,2477.122726
DC12-F64-1KSP-1SP,U02S-1339,DC12,3,large,17.0,2756.668647,0.0,0.0,0.0,0.0,0.0,0.0,0.0,0.483322,6.800028,13.712684,5.0,12.28335,19.196006,2768.951997,2775.864653
DC12-F64-1KSP-2SP,U02S-1339,DC12,3,large,17.0,2756.668647,0.0,0.0,0.0,0.0,0.0,0.0,0.0,0.483322,6.780028,13.712684,5.0,12.26335,19.196006,2768.931997,2775.864653
DC12-F76-1KSP-1SP,U02S-1339,DC12,3,large,17.0,2756.668647,0.0,0.0,0.0,0.0,0.0,0.0,0.0,0.483322,6.723696,13.58002,5.0,12.207018,19.063342,2768.875665,2775.731989
DC12-F76-1KSP-2SP,U02S-1339,DC12,3,large,17.0,2756.668647,0.0,0.0,0.0,0.0,0.0,0.0,0.0,0.483322,6.743696,13.60002,5.0,12.227018,19.083342,2768.895665,2775.751989
DC12-AG-1-1P,U02S-1340,DC12,2,large,16.0,855.995003,0.0,0.0,0.0,0.0,0.0,0.0,0.0,2.756439,1.660912,18.184964,5.0,9.417351,25.941403,865.412354,881.936406
DC12-AG-1-1S,U02S-1340,DC12,2,large,16.0,855.995003,0.0,0.0,0.0,0.0,0.0,0.0,0.0,2.756439,1.660912,18.184964,5.0,9.417351,25.941403,865.412354,881.936406
DC12-AG-2-1P,U02S-1340,DC12,2,large,16.0,855.995003,0.0,0.0,0.0,0.0,0.0,0.0,0.0,3.272299,3.49392,21.44876,5.0,11.766219,29.721059,867.761222,885.716062
DC12-AG-2-1S,U02S-1340,DC12,2,large,16.0,855.995003,0.0,0.0,0.0,0.0,0.0,0.0,0.0,3.2723,3.49392,21.42876,5.0,11.76622,29.70106,867.761223,885.696063
DC12-F64-1B1-1P,U02S-1340,DC12,3,small,16.0,855.995003,1.58,2.282897,0.0,0.0,1.17,2.75,2.75,0.0,0.0,0.0,0.0,7.782897,7.782897,863.7779,863.7779
DC12-F64-1B1-1S,U02S-1340,DC12,3,small,16.0,855.995003,1.58,2.282897,0.0,0.0,1.17,2.75,2.75,0.0,0.0,0.0,0.0,7.782897,7.782897,863.7779,863.7779
DC12-F64-1B2-1P,U02S-1340,DC12,3,small,16.0,855.995003,1.58,2.460009,0.0,0.0,1.17,2.75,2.75,0.0,0.0,0.0,0.0,7.960009,7.960009,863.955012,863.955012
DC12-F64-1B2-1S,U02S-1340,DC12,3,small,16.0,855.995003,1.58,2.460009,0.0,0.0,1.17,2.75,2.75,0.0,0.0,0.0,0.0,7.960009,7.960009,863.955012,863.955012
DC12-F64-1B3-1P,U02S-1340,DC12,3,small,16.0,855.995003,1.58,2.695281,0.0,0.0,1.17,2.75,2.75,0.0,0.0,0.0,0.0,8.195281,8.195281,864.190284,864.190284
DC12-F64-1B3-1S,U02S-1340,DC12,3,small,16.0,855.995003,1.58,2.695281,0.0,0.0,1.17,2.75,2.75,0.0,0.0,0.0,0.0,8.195281,8.195281,864.190284,864.190284
DC12-F76-1B1-1S,U02S-1340,DC12,3,small,16.0,855.995003,1.58,2.273877,0.0,0.0,1.17,2.75,2.75,0.0,0.0,0.0,0.0,7.773877,7.773877,863.76888,863.76888
DC12-F76-1B2-1P,U02S-1340,DC12,3,small,16.0,855.995003,1.58,2.450117,0.0,0.0,1.17,2.75,2.75,0.0,0.0,0.0,0.0,7.950117,7.950117,863.94512,863.94512
DC12-F76-1B2-1S,U02S-1340,DC12,3,small,16.0,855.995003,1.58,2.450118,0.0,0.0,1.17,2.75,2.75,0.0,0.0,0.0,0.0,7.950118,7.950118,863.945121,863.945121
DC12-F76-1B3-1P,U02S-1340,DC12,3,small,16.0,855.995003,1.58,2.683076,0.0,0.0,1.17,2.75,2.75,0.0,0.0,0.0,0.0,8.183076,8.183076,864.178079,864.178079
DC12-F76-1B3-1S,U02S-1340,DC12,3,small,16.0,855.995003,1.58,2.683076,0.0,0.0,1.17,2.75,2.75,0.0,0.0,0.0,0.0,8.183076,8.183076,864.178079,864.178079
DC12-F71-2-1P,U02S-1341,DC12,4,small,16.0,2612.022514,1.58,4.007782,0.0,0.0,1.17,2.75,2.75,0.0,0.0,0.0,0.0,9.507782,9.507782,2621.530296,2621.530296
DC12-F71-2-1S,U02S-1341,DC12,4,small,16.0,2612.022514,1.58,4.007781,0.0,0.0,1.17,2.75,2.75,0.0,0.0,0.0,0.0,9.507781,9.507781,2621.530295,2621.530295
DC12-F68-1SP-1SP,U02S-1341,DC12,2,small,16.0,2612.022514,1.58,5.754204,0.0,0.0,1.17,2.75,2.75,0.0,0.0,0.0,0.0,11.254204,11.254204,2623.276718,2623.276718
DC12-F71-1SP-1SP,U02S-1341,DC12,2,small,16.0,2612.022514,1.58,2.638814,0.0,0.0,1.17,2.75,2.75,0.0,0.0,0.0,0.0,8.138814,8.138814,2620.161328,2620.161328
DC12-F72-1SP-1SP,U02S-1341,DC12,2,small,16.0,2612.022514,1.58,5.61042,0.0,0.0,1.17,2.75,2.75,0.0,0.0,0.0,0.0,11.11042,11.11042,2623.132934,2623.132934
DC12-UD-1KSP-11BSP,U02S-1341,DC12,4,small,16.0,2612.022514,1.58,1.912773,0.0,3.5,1.17,2.75,5.5,0.0,0.0,0.0,0.0,7.412773,13.662773,2619.435287,2625.685287
DC12-UD-1KSP-7BSP,U02S-1341,DC12,2,small,16.0,2612.022514,1.58,1.074948,0.0,3.5,1.17,2.75,5.5,0.0,0.0,0.0,0.0,6.574948,12.824948,2618.597462,2624.847462
DC12-UD-1KSP-9BSP,U02S-1341,DC12,2,small,16.0,2612.022514,1.58,2.418543,0.0,3.5,1.17,2.75,5.5,0.0,0.0,0.0,0.0,7.918543,14.168543,2619.941057,2626.191057
DC12-F64-1KSP-3SP,U02S-1342,DC12,3,large,14.5,1683.837896,0.0,0.0,0.0,0.0,0.0,0.0,0.0,0.0,0.0,13.817364,5.0,5.0,18.817364,1688.837896,1702.65526
DC12-F76-1KSP-3SP,U02S-1342,DC12,3,large,14.5,1683.837896,0.0,0.0,0.0,0.0,0.0,0.0,0.0,0.0,0.0,13.721268,5.0,5.0,18.721268,1688.837896,1702.559164
DC12-CG-1-1P,U02S-1343,DC12,2,large,14.0,382.016473,0.0,0.0,0.0,0.0,0.0,0.0,0.0,2.852174,0.0,18.207844,5.0,7.852174,26.060018,389.868647,408.076491
DC12-CG-1-1S,U02S-1343,DC12,2,large,14.0,382.016473,0.0,0.0,0.0,0.0,0.0,0.0,0.0,2.852174,0.0,18.207844,5.0,7.852174,26.060018,389.868647,408.076491
DC12-CG-2-1P,U02S-1343,DC12,2,large,14.0,382.016473,0.0,0.0,0.0,0.0,0.0,0.0,0.0,3.309137,0.0,21.71212,5.0,8.309137,30.021257,390.32561,412.03773
DC12-CG-2-1S,U02S-1343,DC12,2,large,14.0,382.016473,0.0,0.0,0.0,0.0,0.0,0.0,0.0,3.309137,0.0,21.71212,5.0,8.309137,30.021257,390.32561,412.03773
DC12-DG-1-1P,U02S-1343,DC12,2,large,14.0,382.016473,0.0,0.0,0.0,0.0,0.0,0.0,0.0,2.958262,0.0,18.187844,5.0,7.958262,26.146106,389.974735,408.162579
DC12-DG-1-1S,U02S-1343,DC12,2,large,14.0,382.016473,0.0,0.0,0.0,0.0,0.0,0.0,0.0,2.958262,0.0,18.207844,5.0,7.958262,26.166106,389.974735,408.182579
DC12-DG-2-1P,U02S-1343,DC12,2,large,14.0,382.016473,0.0,0.0,0.0,0.0,0.0,0.0,0.0,3.398548,0.0,21.963292,5.0,8.398548,30.36184,390.415021,412.378313
DC12-DG-2-1S,U02S-1343,DC12,2,large,14.0,382.016473,0.0,0.0,0.0,0.0,0.0,0.0,0.0,3.398548,0.0,21.963292,5.0,8.398548,30.36184,390.415021,412.378313
DC12-F76-1B1-1P,U02S-1343,DC12,3,small,14.0,382.016473,1.58,2.273877,0.0,0.0,1.17,2.75,2.75,0.0,0.0,0.0,0.0,7.773877,7.773877,389.79035,389.79035
DC12-UD-1KSP-12BSP,U02S-1343,DC12,1,small,14.0,382.016473,1.58,2.126503,0.0,3.5,1.17,2.75,5.5,0.0,0.0,0.0,0.0,7.626503,13.876503,389.642976,395.892976
DC12-UD-1KSP-13BSP,U02S-1343,DC12,1,small,14.0,382.016473,1.58,2.12628,0.0,3.5,1.17,2.75,5.5,0.0,0.0,0.0,0.0,7.62628,13.87628,389.642753,395.892753
DC12-F64-1B8-1P,U02S-1343,DC12,3,small,14.0,382.016473,1.58,2.443423,0.0,0.0,1.17,2.75,2.75,0.0,0.0,0.0,0.0,7.943423,7.943423,389.959896,389.959896
DC12-F64-1B9-1P,U02S-1343,DC12,3,small,14.0,382.016473,1.58,2.431339,0.0,0.0,1.17,2.75,2.75,0.0,0.0,0.0,0.0,7.931339,7.931339,389.947812,389.947812
DC12-F64-1B9-1S,U02S-1343,DC12,3,small,14.0,382.016473,1.58,2.431339,0.0,0.0,1.17,2.75,2.75,0.0,0.0,0.0,0.0,7.931339,7.931339,389.947812,389.947812
DC12-UD-1KSP-1BSP,U02S-1343,DC12,1,small,14.0,382.016473,1.58,2.126503,0.0,3.5,1.17,2.75,5.5,0.0,0.0,0.0,0.0,7.626503,13.876503,389.642976,395.892976
DC12-UD-1KSP-2BSP,U02S-1343,DC12,1,small,14.0,382.016473,1.58,2.126503,0.0,3.5,1.17,2.75,5.5,0.0,0.0,0.0,0.0,7.626503,13.876503,389.642976,395.892976
DC12-F64-1B10-1P,U02S-1343,DC12,3,small,14.0,382.016473,1.58,2.400707,0.0,0.0,1.17,2.75,2.75,0.0,0.0,0.0,0.0,7.900707,7.900707,389.91718,389.91718
DC12-F64-1B10-1S,U02S-1343,DC12,3,small,14.0,382.016473,1.58,2.400707,0.0,0.0,1.17,2.75,2.75,0.0,0.0,0.0,0.0,7.900707,7.900707,389.91718,389.91718
DC12-F64-1B11-1P,U02S-1343,DC12,3,small,14.0,382.016473,1.58,1.967233,0.0,0.0,1.17,2.75,2.75,0.0,0.0,0.0,0.0,7.467233,7.467233,389.483706,389.483706
DC12-UD-1KSP-6BSP,U02S-1343,DC12,1,small,14.0,382.016473,1.58,1.546915,0.0,3.5,1.17,2.75,5.5,0.0,0.0,0.0,0.0,7.046915,13.296915,389.063388,395.313388
DC12-AG-4S-1BS,U02S-1343,DC12,1,small,14.0,382.016473,1.58,2.397179,0.0,0.0,1.17,2.75,2.75,0.0,0.0,0.0,0.0,7.897179,7.897179,389.913652,389.913652
DC12-DG-3-1BS,U02S-1343,DC12,1,small,14.0,382.016473,1.58,2.598372,0.0,0.0,1.17,2.75,2.75,0.0,0.0,0.0,0.0,8.098372,8.098372,390.114845,390.114845
DC12-DG-3-2BS,U02S-1343,DC12,1,small,14.0,382.016473,1.58,1.47619,0.0,3.5,1.17,2.75,5.5,0.0,0.0,0.0,0.0,6.97619,13.22619,388.992663,395.242663
DC12-DG-3-1BP,U02S-1343,DC12,1,small,14.0,382.016473,1.58,2.598372,0.0,0.0,1.17,2.75,2.75,0.0,0.0,0.0,0.0,8.098372,8.098372,390.114845,390.114845
DC12-DG-3-2BP,U02S-1343,DC12,1,small,14.0,382.016473,1.58,2.092816,0.0,3.5,1.17,2.75,5.5,0.0,0.0,0.0,0.0,7.592816,13.842816,389.609289,395.859289
DC12-DG-1-3BP,U02S-1343,DC12,2,small,14.0,382.016473,1.58,1.533173,0.0,0.0,1.17,2.75,2.75,0.0,0.0,0.0,0.0,7.033173,7.033173,389.049646,389.049646
DC12-DG-2-4BP,U02S-1343,DC12,2,small,14.0,382.016473,1.58,1.533173,0.0,0.0,1.17,2.75,2.75,0.0,0.0,0.0,0.0,7.033173,7.033173,389.049646,389.049646
DC12-DG-1-4BS,U02S-1343,DC12,2,small,14.0,382.016473,1.58,1.533173,0.0,0.0,1.17,2.75,2.75,0.0,0.0,0.0,0.0,7.033173,7.033173,389.049646,389.049646
DC12-DG-2-5BS,U02S-1343,DC12,2,small,14.0,382.016473,1.58,1.533173,0.0,0.0,1.17,2.75,2.75,0.0,0.0,0.0,0.0,7.033173,7.033173,389.049646,389.049646
DC12-F64-1B11-1S,U02S-1343,DC12,3,small,14.0,382.016473,1.58,1.967233,0.0,0.0,1.17,2.75,2.75,0.0,0.0,0.0,0.0,7.467233,7.467233,389.483706,389.483706
DC12-F76-1B8-1P,U02S-1343,DC12,3,small,14.0,382.016473,1.58,2.43389,0.0,0.0,1.17,2.75,2.75,0.0,0.0,0.0,0.0,7.93389,7.93389,389.950363,389.950363
DC12-F76-1B9-1P,U02S-1343,DC12,3,small,14.0,382.016473,1.58,2.421806,0.0,0.0,1.17,2.75,2.75,0.0,0.0,0.0,0.0,7.921806,7.921806,389.938279,389.938279
DC12-F76-1B9-1S,U02S-1343,DC12,3,small,14.0,382.016473,1.58,2.421806,0.0,0.0,1.17,2.75,2.75,0.0,0.0,0.0,0.0,7.921806,7.921806,389.938279,389.938279
DC12-F76-1B10-1P,U02S-1343,DC12,3,small,14.0,382.016473,1.58,2.391174,0.0,0.0,1.17,2.75,2.75,0.0,0.0,0.0,0.0,7.891174,7.891174,389.907647,389.907647
DC12-F76-1B10-1S,U02S-1343,DC12,3,small,14.0,382.016473,1.58,2.391174,0.0,0.0,1.17,2.75,2.75,0.0,0.0,0.0,0.0,7.891174,7.891174,389.907647,389.907647
DC12-F76-1B11-1P,U02S-1343,DC12,3,small,14.0,382.016473,1.58,1.956056,0.0,0.0,1.17,2.75,2.75,0.0,0.0,0.0,0.0,7.456056,7.456056,389.472529,389.472529
DC12-F76-1B11-1S,U02S-1343,DC12,3,small,14.0,382.016473,1.58,1.956056,0.0,0.0,1.17,2.75,2.75,0.0,0.0,0.0,0.0,7.456056,7.456056,389.472529,389.472529
DC12-AG-3P-1P,U02S-1344,DC12,1,large,14.0,1623.181402,0.0,0.0,0.0,0.0,0.0,0.0,0.0,1.328936,0.0,3.199344,5.0,6.328936,9.52828,1629.510338,1632.709682
DC12-AG-4S-1S,U02S-1344,DC12,1,large,14.0,1623.181402,0.0,0.0,0.0,0.0,0.0,0.0,0.0,0.0,0.0,3.44,5.0,5.0,8.44,1628.181402,1631.621402
DC12-CG-3-1P,U02S-1344,DC12,1,large,14.0,1623.181402,0.0,0.0,0.0,0.0,0.0,0.0,0.0,1.389435,0.0,2.96,5.0,6.389435,9.349435,1629.570837,1632.530837
DC12-CG-3-1S,U02S-1344,DC12,1,large,14.0,1623.181402,0.0,0.0,0.0,0.0,0.0,0.0,0.0,1.389435,0.0,2.96,5.0,6.389435,9.349435,1629.570837,1632.530837
DC12-DG-3-1P,U02S-1344,DC12,1,large,14.0,1623.181402,0.0,0.0,0.0,0.0,0.0,0.0,0.0,1.389435,0.0,2.96,5.0,6.389435,9.349435,1629.570837,1632.530837
DC12-DG-3-1S,U02S-1344,DC12,1,large,14.0,1623.181402,0.0,0.0,0.0,0.0,0.0,0.0,0.0,1.389435,0.0,2.96,5.0,6.389435,9.349435,1629.570837,1632.530837
DC12-F76-1B6-1S,U02S-1344,DC12,4,small,14.0,1623.181402,1.58,1.07493,0.0,3.5,1.17,2.75,5.5,0.0,0.0,0.0,0.0,6.57493,12.82493,1629.756332,1636.006332
DC12-F76-1B6-1P,U02S-1344,DC12,4,small,14.0,1623.181402,1.58,1.07493,0.0,3.5,1.17,2.75,5.5,0.0,0.0,0.0,0.0,6.57493,12.82493,1629.756332,1636.006332
DC12-F64-1B6-1P,U02S-1344,DC12,4,small,14.0,1623.181402,1.58,1.89851,0.0,3.5,1.17,2.75,5.5,0.0,0.0,0.0,0.0,7.39851,13.64851,1630.579912,1636.829912
DC12-F64-1B6-1S,U02S-1344,DC12,4,small,14.0,1623.181402,1.58,1.89851,0.0,3.5,1.17,2.75,5.5,0.0,0.0,0.0,0.0,7.39851,13.64851,1630.579912,1636.829912
DC12-DG-1-2BS,U02S-1344,DC12,2,small,14.0,1623.181402,1.58,1.567052,0.0,0.0,1.17,2.75,2.75,0.0,0.0,0.0,0.0,7.067052,7.067052,1630.248454,1630.248454
DC12-DG-1-1BP,U02S-1344,DC12,2,small,14.0,1623.181402,1.58,1.533173,0.0,0.0,1.17,2.75,2.75,0.0,0.0,0.0,0.0,7.033173,7.033173,1630.214575,1630.214575
DC12-DG-1-1BS,U02S-1344,DC12,2,small,14.0,1623.181402,1.58,1.533174,0.0,0.0,1.17,2.75,2.75,0.0,0.0,0.0,0.0,7.033174,7.033174,1630.214576,1630.214576
DC12-DG-1-2BP,U02S-1344,DC12,2,small,14.0,1623.181402,1.58,1.567052,0.0,0.0,1.17,2.75,2.75,0.0,0.0,0.0,0.0,7.067052,7.067052,1630.248454,1630.248454
DC12-DG-2-3BS,U02S-1344,DC12,2,small,14.0,1623.181402,1.58,1.533174,0.0,0.0,1.17,2.75,2.75,0.0,0.0,0.0,0.0,7.033174,7.033174,1630.214576,1630.214576
DC12-DG-2-1BP,U02S-1344,DC12,2,small,14.0,1623.181402,1.58,1.576178,0.0,0.0,1.17,2.75,2.75,0.0,0.0,0.0,0.0,7.076178,7.076178,1630.25758,1630.25758
DC12-DG-2-1BS,U02S-1344,DC12,2,small,14.0,1623.181402,1.58,1.576178,0.0,0.0,1.17,2.75,2.75,0.0,0.0,0.0,0.0,7.076178,7.076178,1630.25758,1630.25758
DC12-DG-2-2BP,U02S-1344,DC12,2,small,14.0,1623.181402,1.58,1.533173,0.0,0.0,1.17,2.75,2.75,0.0,0.0,0.0,0.0,7.033173,7.033173,1630.214575,1630.214575
DC12-DG-2-2BS,U02S-1344,DC12,2,small,14.0,1623.181402,1.58,1.533173,0.0,0.0,1.17,2.75,2.75,0.0,0.0,0.0,0.0,7.033173,7.033173,1630.214575,1630.214575
DC12-DG-2-3BP,U02S-1344,DC12,2,small,14.0,1623.181402,1.58,1.533173,0.0,0.0,1.17,2.75,2.75,0.0,0.0,0.0,0.0,7.033173,7.033173,1630.214575,1630.214575
DC12-AG-1-1BP,U02S-1345,DC12,2,small,12.5,3068.101275,1.58,1.589636,0.0,0.0,1.17,2.75,2.75,0.0,0.0,0.0,0.0,7.089636,7.089636,3075.190911,3075.190911
DC12-AG-1-1BS,U02S-1345,DC12,2,small,12.5,3068.101275,1.58,1.589636,0.0,0.0,1.17,2.75,2.75,0.0,0.0,0.0,0.0,7.089636,7.089636,3075.190911,3075.190911
DC12-AG-2-1BP,U02S-1345,DC12,2,small,12.5,3068.101275,1.58,1.589636,0.0,0.0,1.17,2.75,2.75,0.0,0.0,0.0,0.0,7.089636,7.089636,3075.190911,3075.190911
DC12-AG-2-1BS,U02S-1345,DC12,2,small,12.5,3068.101275,1.58,1.589636,0.0,0.0,1.17,2.75,2.75,0.0,0.0,0.0,0.0,7.089636,7.089636,3075.190911,3075.190911
DC12-CG-1-1BP,U02S-1345,DC12,2,small,12.5,3068.101275,1.58,1.451294,0.0,0.0,1.17,2.75,2.75,0.0,0.0,0.0,0.0,6.951294,6.951294,3075.052569,3075.052569
DC12-CG-1-1BS,U02S-1345,DC12,2,small,12.5,3068.101275,1.58,1.451294,0.0,0.0,1.17,2.75,2.75,0.0,0.0,0.0,0.0,6.951294,6.951294,3075.052569,3075.052569
DC12-CG-1-2BP,U02S-1345,DC12,2,small,12.5,3068.101275,1.58,1.524026,0.0,0.0,1.17,2.75,2.75,0.0,0.0,0.0,0.0,7.024026,7.024026,3075.125301,3075.125301
DC12-CG-1-2BS,U02S-1345,DC12,2,small,12.5,3068.101275,1.58,1.524026,0.0,0.0,1.17,2.75,2.75,0.0,0.0,0.0,0.0,7.024026,7.024026,3075.125301,3075.125301
DC12-CG-2-1BP,U02S-1345,DC12,2,small,12.5,3068.101275,1.58,1.451294,0.0,0.0,1.17,2.75,2.75,0.0,0.0,0.0,0.0,6.951294,6.951294,3075.052569,3075.052569
DC12-CG-2-1BS,U02S-1345,DC12,2,small,12.5,3068.101275,1.58,1.451294,0.0,0.0,1.17,2.75,2.75,0.0,0.0,0.0,0.0,6.951294,6.951294,3075.052569,3075.052569
DC12-CG-2-2BP,U02S-1345,DC12,2,small,12.5,3068.101275,1.58,1.451294,0.0,0.0,1.17,2.75,2.75,0.0,0.0,0.0,0.0,6.951294,6.951294,3075.052569,3075.052569
DC12-CG-2-2BS,U02S-1345,DC12,2,small,12.5,3068.101275,1.58,1.451294,0.0,0.0,1.17,2.75,2.75,0.0,0.0,0.0,0.0,6.951294,6.951294,3075.052569,3075.052569
DC12-AG-1-2BP,U02S-1346,DC12,2,small,11.0,3098.330102,1.58,2.194797,3.63089,3.63089,1.17,5.5,5.5,0.0,0.0,0.0,0.0,14.075687,14.075687,3112.405789,3112.405789
DC12-AG-2-2BP,U02S-1346,DC12,2,small,11.0,3098.330102,1.58,2.1094,3.63089,3.63089,1.17,5.5,5.5,0.0,0.0,0.0,0.0,13.99029,13.99029,3112.320392,3112.320392
DC12-AG-2-2BS,U02S-1346,DC12,2,small,11.0,3098.330102,1.58,2.1094,3.63089,3.63089,1.17,5.5,5.5,0.0,0.0,0.0,0.0,13.99029,13.99029,3112.320392,3112.320392
DC12-CG-2-3BP,U02S-1346,DC12,2,small,11.0,3098.330102,1.58,2.016951,3.63089,3.63089,1.17,5.5,5.5,0.0,0.0,0.0,0.0,13.897841,13.897841,3112.227943,3112.227943
DC12-CG-2-3BS,U02S-1346,DC12,2,small,11.0,3098.330102,1.58,2.016951,3.632526,3.632526,1.17,5.5,5.5,0.0,0.0,0.0,0.0,13.899477,13.899477,3112.229579,3112.229579
DC12-F64-1B7-1P,U02S-1346,DC12,3,small,11.0,3098.330102,1.58,1.837062,0.0,0.0,1.17,2.75,2.75,0.0,0.0,0.0,0.0,7.337062,7.337062,3105.667164,3105.667164
DC12-F64-1B7-1S,U02S-1346,DC12,3,small,11.0,3098.330102,1.58,1.837062,0.0,0.0,1.17,2.75,2.75,0.0,0.0,0.0,0.0,7.337062,7.337062,3105.667164,3105.667164
DC12-F76-1B7-1P,U02S-1346,DC12,3,small,11.0,3098.330102,1.58,1.825885,0.0,0.0,1.17,2.75,2.75,0.0,0.0,0.0,0.0,7.325885,7.325885,3105.655987,3105.655987
DC12-F76-1B7-1S,U02S-1346,DC12,3,small,11.0,3098.330102,1.58,1.825885,0.0,0.0,1.17,2.75,2.75,0.0,0.0,0.0,0.0,7.325885,7.325885,3105.655987,3105.655987
DC12-AG-1-2BS,U02S-1346,DC12,2,small,11.0,3098.330102,1.58,2.194797,3.632526,3.632526,1.17,5.5,5.5,0.0,0.0,0.0,0.0,14.077323,14.077323,3112.407425,3112.407425
DC12-F69-1B1SP-1SP,U02S-1347,DC12,1,small,12.0,3082.944674,1.58,1.423532,0.0,3.5,1.17,2.75,5.5,0.0,0.0,0.0,0.0,6.923532,13.173532,3089.868206,3096.118206
DC12-F69-1B2P-1P,U02S-1347,DC12,1,small,12.0,3082.944674,1.58,1.423532,0.0,0.0,1.17,2.75,2.75,0.0,0.0,0.0,0.0,6.923532,6.923532,3089.868206,3089.868206
DC12-F69-1B3S-1S,U02S-1347,DC12,1,small,12.0,3082.944674,1.58,1.847063,0.0,0.0,1.17,2.75,2.75,0.0,0.0,0.0,0.0,7.347063,7.347063,3090.291737,3090.291737
DC12-F69-1B5-1P,U02S-1347,DC12,1,small,12.0,3082.944674,1.58,1.423532,0.0,0.0,1.17,2.75,2.75,0.0,0.0,0.0,0.0,6.923532,6.923532,3089.868206,3089.868206
DC12-F69-1B5-1S,U02S-1347,DC12,1,small,12.0,3082.944674,1.58,1.423532,0.0,0.0,1.17,2.75,2.75,0.0,0.0,0.0,0.0,6.923532,6.923532,3089.868206,3089.868206
DC12-F69-1B6-1P,U02S-1347,DC12,1,small,12.0,3082.944674,1.58,1.423532,0.0,0.0,1.17,2.75,2.75,0.0,0.0,0.0,0.0,6.923532,6.923532,3089.868206,3089.868206
DC12-F69-1B8S-1S,U02S-1347,DC12,1,small,12.0,3082.944674,1.58,1.423532,0.0,0.0,1.17,2.75,2.75,0.0,0.0,0.0,0.0,6.923532,6.923532,3089.868206,3089.868206
DC12-F69-1B7-1P,U02S-1347,DC12,1,small,12.0,3082.944674,1.58,1.423532,0.0,0.0,1.17,2.75,2.75,0.0,0.0,0.0,0.0,6.923532,6.923532,3089.868206,3089.868206
DC12-F69-1B7-1S,U02S-1347,DC12,1,small,12.0,3082.944674,1.58,1.423532,0.0,0.0,1.17,2.75,2.75,0.0,0.0,0.0,0.0,6.923532,6.923532,3089.868206,3089.868206
DC12-UD-1KSP-16BSP,U02S-1348,DC12,1,small,20.0,3024.748856,1.58,2.126652,0.0,3.5,1.17,2.75,5.5,0.0,0.0,0.0,0.0,7.626652,13.876652,3032.375508,3038.625508
DC12-UD-1KSP-3BSP,U02S-1348,DC12,1,small,20.0,3024.748856,1.58,2.126652,0.0,3.5,1.17,2.75,5.5,0.0,0.0,0.0,0.0,7.626652,13.876652,3032.375508,3038.625508
DC12-UD-1KSP-5BSP,U02S-1348,DC12,1,small,20.0,3024.748856,1.58,2.126652,0.0,3.5,1.17,2.75,5.5,0.0,0.0,0.0,0.0,7.626652,13.876652,3032.375508,3038.625508
DC12-UD-1KSP-4BSP,U02S-1348,DC12,1,small,20.0,3024.748856,1.58,2.126652,0.0,3.5,1.17,2.75,5.5,0.0,0.0,0.0,0.0,7.626652,13.876652,3032.375508,3038.625508
DC12-UD-1KSP-14BSP,U02S-1348,DC12,1,small,20.0,3024.748856,1.58,2.126652,0.0,3.5,1.17,2.75,5.5,0.0,0.0,0.0,0.0,7.626652,13.876652,3032.375508,3038.625508
DC12-UD-1KSP-15BSP,U02S-1348,DC12,1,small,20.0,3024.748856,1.58,2.126652,0.0,3.5,1.17,2.75,5.5,0.0,0.0,0.0,0.0,7.626652,13.876652,3032.375508,3038.625508
