零件名,工序,资源,开始(min),结束(min),时长(min)
A03S-1304,天车空驶（胎架到原料区）,天车,0.0,3.0,3.0
A03S-1304,天车吊运（原料区到胎架）,天车,3.0,6.0,3.0
AP2-FC-1-1P,自由边打磨,人工打磨N21,28.29860114411301,29.953314169754037,1.6547130256410263
AP2-FC-1-1S,自由边打磨,人工打磨N21,29.953314169754037,31.608027144113013,1.6547129743589757
A03S-1304切割后的大件,天车吊运（胎架到成品区）,天车,31.608027144113013,36.60802714411301,4.9999999999999964
A03S-1274,天车空驶（胎架到原料区）,天车,6.0,14.0,8.0
A03S-1274,天车吊运（原料区到胎架）,天车,14.0,17.0,3.0
AP2-818-1S,分拣,自动分拣N51,37.93377497591521,39.51377497591521,1.5799999999999983
AP2-818-1S,自动打磨,自动打磨N51,39.51377497591521,41.46631624575648,1.9525412698412694
AP2-818-1S,桁架码垛,自动分拣N51,41.46631624575648,42.63631624575648,1.1700000000000017
AP2-821-1P,分拣,自动分拣N51,42.63631624575648,44.21631624575648,1.5799999999999983
AP2-821-1P,自动打磨,自动打磨N51,44.21631624575648,46.012214340994575,1.795898095238094
AP2-821-1P,桁架码垛,自动分拣N51,46.012214340994575,47.18221434099458,1.1700000000000017
AP2-821-1S,分拣,自动分拣N51,47.18221434099458,48.762214340994575,1.5799999999999983
AP2-821-1S,自动打磨,自动打磨N51,48.762214340994575,50.55811370607394,1.7958993650793644
AP2-821-1S,桁架码垛,自动分拣N51,50.55811370607394,51.72811370607394,1.1700000000000017
AP2-823-1P,分拣,自动分拣N51,51.72811370607394,53.30811370607394,1.5799999999999983
AP2-823-1P,自动打磨,自动打磨N51,53.30811370607394,55.119823071153306,1.8117093650793663
AP2-823-1P,桁架码垛,自动分拣N51,55.119823071153306,56.28982307115331,1.1700000000000017
AP2-823-1S,分拣,自动分拣N51,56.28982307115331,57.869823071153306,1.5799999999999983
AP2-823-1S,自动打磨,自动打磨N51,57.869823071153306,59.68153243623267,1.8117093650793663
AP2-823-1S,桁架码垛,自动分拣N51,59.68153243623267,60.851532436232674,1.1700000000000017
AP2-826-1P,分拣,自动分拣N51,60.851532436232674,62.43153243623267,1.5799999999999983
AP2-826-1P,自动打磨,自动打磨N51,62.43153243623267,64.18193719813743,1.7504047619047611
AP2-826-1P,桁架码垛,自动分拣N51,64.18193719813743,65.35193719813743,1.1700000000000017
AP2-826-1S,分拣,自动分拣N51,65.35193719813743,66.93193719813743,1.5799999999999983
AP2-826-1S,自动打磨,自动打磨N51,66.93193719813743,68.6823419600422,1.7504047619047611
AP2-826-1S,桁架码垛,自动分拣N51,68.6823419600422,69.8523419600422,1.1700000000000017
AP2-829-1S,分拣,自动分拣N51,69.8523419600422,71.4323419600422,1.5799999999999983
AP2-829-1S,自动打磨,自动打磨N51,71.4323419600422,73.38488338861362,1.952541428571422
AP2-829-1S,桁架码垛,自动分拣N51,73.38488338861362,74.55488338861362,1.1700000000000017
AP2-831-1P,分拣,自动分拣N51,74.55488338861362,76.13488338861362,1.5799999999999983
AP2-831-1P,自动打磨,自动打磨N51,76.13488338861362,77.82140029337552,1.686516904761902
AP2-831-1P,桁架码垛,自动分拣N51,77.82140029337552,78.99140029337552,1.1700000000000017
AP2-831-1S,分拣,自动分拣N51,78.99140029337552,80.57140029337552,1.5799999999999983
AP2-831-1S,自动打磨,自动打磨N51,80.57140029337552,82.25800830924854,1.68660801587302
AP2-831-1S,桁架码垛,自动分拣N51,82.25800830924854,83.42800830924854,1.1700000000000017
AP2-832-1P,分拣,自动分拣N51,83.42800830924854,85.00800830924854,1.5799999999999983
AP2-832-1P,自动打磨,自动打磨N51,85.00800830924854,86.71689434099457,1.708886031746033
AP2-832-1P,桁架码垛,自动分拣N51,86.71689434099457,87.88689434099457,1.1700000000000017
AP2-832-1S,分拣,自动分拣N51,87.88689434099457,89.46689434099457,1.5799999999999983
AP2-832-1S,自动打磨,自动打磨N51,89.46689434099457,91.17587188067711,1.708977539682536
AP2-832-1S,桁架码垛,自动分拣N51,91.17587188067711,92.34587188067711,1.1700000000000017
AP2-830-1P,分拣,自动分拣N51,92.34587188067711,93.92587188067711,1.5799999999999983
AP2-830-1P,自动打磨,自动打磨N51,93.92587188067711,95.6082068806771,1.6823349999999948
AP2-830-1P,桁架码垛,自动分拣N51,95.6082068806771,96.7782068806771,1.1700000000000017
AP2-830-1S,分拣,自动分拣N51,96.7782068806771,98.3582068806771,1.5799999999999983
AP2-830-1S,自动打磨,自动打磨N51,98.3582068806771,100.0405418806771,1.6823349999999948
AP2-830-1S,桁架码垛,自动分拣N51,100.0405418806771,101.2105418806771,1.1700000000000017
AP2-833-1P,分拣,自动分拣N51,101.2105418806771,102.7905418806771,1.5799999999999983
AP2-833-1P,自动打磨,自动打磨N51,102.7905418806771,105.39507180131201,2.604529920634917
AP2-833-1P,桁架码垛,自动分拣N51,105.39507180131201,106.56507180131202,1.1700000000000017
AP2-833-1S,分拣,自动分拣N51,106.56507180131202,108.14507180131201,1.5799999999999983
AP2-833-1S,自动打磨,自动打磨N51,108.14507180131201,110.22291545210567,2.0778436507936533
AP2-833-1S,桁架码垛,自动分拣N51,110.22291545210567,111.39291545210567,1.1700000000000017
A03S-1287,天车空驶（胎架到原料区）,天车,22.29860114411301,25.29860114411301,3.0
A03S-1287,天车吊运（原料区到胎架）,天车,25.29860114411301,28.29860114411301,3.0
AP2-F2-3S-5BS,分拣,自动分拣N21,62.97299689355172,64.55299689355172,1.5799999999999983
AP2-F2-3S-5BS,自动打磨,自动打磨N21,64.55299689355172,66.2297927665676,1.6767958730158767
AP2-F2-3S-5BS,桁架至坡口工作站,自动分拣N21,66.2297927665676,67.3964927665676,1.1667000000000058
AP2-F5-1P-1P,自由边打磨,人工打磨N21,62.97299689355172,63.267598021756854,0.2946011282051302
AP2-F5-2S-1S,自由边打磨,人工打磨N21,63.267598021756854,63.59598304739788,0.3283850256410261
AP2-F6-2P-7BP,分拣,自动分拣N21,67.3964927665676,68.9764927665676,1.5799999999999983
AP2-F6-2P-7BP,自动打磨,自动打磨N21,68.9764927665676,70.64846744910729,1.671974682539684
AP2-F6-2P-7BP,桁架码垛,自动分拣N21,70.64846744910729,71.81846744910729,1.1700000000000017
TA10-F9-1SP-3SP,分拣,自动分拣N21,71.81846744910729,73.39846744910729,1.5799999999999983
TA10-F9-1SP-3SP,自动打磨,自动打磨N21,73.39846744910729,75.07044205228189,1.6719746031746041
TA10-F9-1SP-3SP,桁架码垛,自动分拣N21,75.07044205228189,76.24044205228189,1.1700000000000017
A03S-1287切割后的大件,天车吊运（胎架到成品区）,天车,63.59598304739788,68.59598304739788,5.0
A03S-1297,天车空驶（胎架到原料区）,天车,36.60802714411301,44.60802714411301,8.0
A03S-1297,天车吊运（原料区到胎架）,天车,44.60802714411301,47.60802714411301,3.0
AP2-F6-3S-4BS,分拣,自动分拣N51,111.39291545210567,112.97291545210567,1.5799999999999983
AP2-F6-3S-4BS,自动打磨,自动打磨N51,112.97291545210567,115.34255576956599,2.3696403174603233
AP2-F6-3S-4BS,桁架码垛,自动分拣N51,115.34255576956599,116.51255576956599,1.1700000000000017
AP2-FB-2P-7BP,分拣,自动分拣N51,116.51255576956599,118.09255576956599,1.5799999999999983
AP2-FB-2P-7BP,自动打磨,自动打磨N51,118.09255576956599,119.46655513464536,1.3739993650793707
AP2-FB-2P-7BP,桁架码垛,自动分拣N51,119.46655513464536,120.63655513464536,1.1700000000000017
AP2-FB-2P-8BP,分拣,自动分拣N51,120.63655513464536,122.21655513464536,1.5799999999999983
AP2-FB-2P-8BP,自动打磨,自动打磨N51,122.21655513464536,126.02769418226441,3.8111390476190508
AP2-FB-2P-8BP,桁架码垛,自动分拣N51,126.02769418226441,127.19769418226441,1.1700000000000017
AP2-FB-3S-10BS,分拣,自动分拣N51,127.19769418226441,128.7776941822644,1.5799999999999983
AP2-FB-3S-10BS,自动打磨,自动打磨N51,128.7776941822644,131.1473345790898,2.369640396825389
AP2-FB-3S-10BS,桁架码垛,自动分拣N51,131.1473345790898,132.3173345790898,1.1699999999999875
AP2-FB-3S-3BS,分拣,自动分拣N51,132.3173345790898,133.8973345790898,1.5800000000000125
AP2-FB-3S-3BS,自动打磨,自动打磨N51,133.8973345790898,137.70847362670884,3.8111390476190365
AP2-FB-3S-3BS,桁架码垛,自动分拣N51,137.70847362670884,138.87847362670882,1.1699999999999875
AP2-FB-3S-6BS,分拣,自动分拣N51,138.87847362670882,140.45847362670884,1.5800000000000125
AP2-FB-3S-6BS,自动打磨,自动打磨N51,140.45847362670884,143.0537764838517,2.5953028571428547
AP2-FB-3S-6BS,桁架码垛,自动分拣N51,143.0537764838517,144.22377648385168,1.1699999999999875
AP2-G2-2-1P,自由边打磨,人工打磨N51,75.02388212678606,75.26554325499119,0.24166112820512353
AP2-G2-2-1S,自由边打磨,人工打磨N51,75.26554325499119,76.29635433191426,1.0308110769230723
A03S-1297切割后的大件,天车吊运（胎架到成品区）,天车,76.29635433191426,81.29635433191426,5.0
A03S-1305,天车空驶（胎架到原料区）,天车,51.97299689355172,59.97299689355172,8.0
A03S-1305,天车吊运（原料区到胎架）,天车,59.97299689355172,62.97299689355172,3.0
AP2-F8-2-1S,分拣,自动分拣N21,101.25553999561043,102.83553999561043,1.5799999999999983
AP2-F8-2-1S,自动打磨,自动打磨N21,102.83553999561043,105.7376751543406,2.902135158730161
AP2-F8-2-1S,桁架码垛,自动分拣N21,105.7376751543406,106.9076751543406,1.1700000000000017
TA10-CG-1-1P,自由边打磨,人工打磨N21,101.25553999561043,102.91025302125146,1.6547130256410298
TA10-CG-1-1S,自由边打磨,人工打磨N21,102.91025302125146,104.13932502125147,1.2290720000000022
AP2-G2-1B1-1P,分拣,自动分拣N21,106.9076751543406,108.4876751543406,1.5799999999999983
AP2-G2-1B1-1P,自动打磨,自动打磨N21,108.4876751543406,110.01099221783265,1.5233170634920583
AP2-G2-1B1-1P,桁架码垛,自动分拣N21,110.01099221783265,111.18099221783265,1.1700000000000017
AP2-G3-4B4-1P,分拣,自动分拣N21,111.18099221783265,112.76099221783265,1.5799999999999983
AP2-G3-4B4-1P,自动打磨,自动打磨N21,112.76099221783265,114.19904237656282,1.4380501587301637
AP2-G3-4B4-1P,桁架码垛,自动分拣N21,114.19904237656282,115.36904237656282,1.1700000000000017
AP2-G3-4B5-1P,分拣,自动分拣N21,115.36904237656282,116.94904237656282,1.5799999999999983
AP2-G3-4B5-1P,自动打磨,自动打磨N21,116.94904237656282,118.47235856703901,1.5233161904761943
AP2-G3-4B5-1P,桁架码垛,自动分拣N21,118.47235856703901,119.64235856703901,1.1700000000000017
AP2-G4-4B1-1P,分拣,自动分拣N21,119.64235856703901,121.22235856703901,1.5799999999999983
AP2-G4-4B1-1P,自动打磨,自动打磨N21,121.22235856703901,122.66040872576917,1.4380501587301637
AP2-G4-4B1-1P,桁架码垛,自动分拣N21,122.66040872576917,123.83040872576917,1.1700000000000017
AP2-AE-1B5-1P,分拣,自动分拣N21,123.83040872576917,125.41040872576917,1.5799999999999983
AP2-AE-1B5-1P,自动打磨,自动打磨N21,125.41040872576917,128.3125439638644,2.9021352380952408
AP2-AE-1B5-1P,桁架码垛,自动分拣N21,128.3125439638644,129.4825439638644,1.1699999999999875
AP2-AE-1B5-1S,分拣,自动分拣N21,129.4825439638644,131.0625439638644,1.5800000000000125
AP2-AE-1B5-1S,自动打磨,自动打磨N21,131.0625439638644,133.96467912259456,2.9021351587301467
AP2-AE-1B5-1S,桁架码垛,自动分拣N21,133.96467912259456,135.13467912259455,1.1699999999999875
TA10-F6-1SP-5SP,分拣,自动分拣N21,135.13467912259455,136.71467912259456,1.5800000000000125
TA10-F6-1SP-5SP,自动打磨,自动打磨N21,136.71467912259456,138.2519074559279,1.5372283333333314
TA10-F6-1SP-5SP,桁架码垛,自动分拣N21,138.2519074559279,139.42190745592788,1.1699999999999875
A03S-1305切割后的大件,天车吊运（胎架到成品区）,天车,104.13932502125147,109.13932502125147,5.0
A03S-1296,天车空驶（胎架到原料区）,天车,90.25553999561043,98.25553999561043,8.0
A03S-1296,天车吊运（原料区到胎架）,天车,98.25553999561043,101.25553999561043,3.0
AP2-F2-3S-4BS,分拣,自动分拣N21,143.20909014927437,144.7890901492744,1.5800000000000125
AP2-F2-3S-4BS,自动打磨,自动打磨N21,144.7890901492744,146.34470800641725,1.5556178571428632
AP2-F2-3S-4BS,桁架码垛,自动分拣N21,146.34470800641725,147.51470800641724,1.1699999999999875
AP2-FB-2P-6BP,分拣,自动分拣N21,147.51470800641724,149.09470800641725,1.5800000000000125
AP2-FB-2P-6BP,自动打磨,自动打磨N21,149.09470800641725,150.41006951435375,1.315361507936501
AP2-FB-2P-6BP,桁架码垛,自动分拣N21,150.41006951435375,151.58006951435374,1.1699999999999875
AP2-FB-3S-7BS,分拣,自动分拣N21,151.58006951435374,153.16006951435375,1.5800000000000125
AP2-FB-3S-7BS,自动打磨,自动打磨N21,153.16006951435375,154.48168241117915,1.3216128968253997
AP2-FB-3S-7BS,桁架码垛,自动分拣N21,154.48168241117915,155.65168241117914,1.1699999999999875
AP2-FC-1B1P-1P,分拣,自动分拣N21,155.65168241117914,157.23168241117915,1.5800000000000125
AP2-FC-1B1P-1P,自动打磨,自动打磨N21,157.23168241117915,158.54608538736963,1.314402976190479
AP2-FC-1B1P-1P,桁架码垛,自动分拣N21,158.54608538736963,159.71608538736962,1.1699999999999875
AP2-FC-1B2S-1S,分拣,自动分拣N21,159.71608538736962,161.29608538736963,1.5800000000000125
AP2-FC-1B2S-1S,自动打磨,自动打磨N21,161.29608538736963,162.50112149848073,1.2050361111110988
AP2-FC-1B2S-1S,桁架码垛,自动分拣N21,162.50112149848073,163.67112149848072,1.1699999999999875
AP2-G1-1B1P-1P,分拣,自动分拣N21,163.67112149848072,165.25112149848073,1.5800000000000125
AP2-G1-1B1P-1P,自动打磨,自动打磨N21,165.25112149848073,166.45615760959183,1.2050361111110988
AP2-G1-1B1P-1P,桁架码垛,自动分拣N21,166.45615760959183,167.62615760959181,1.1699999999999875
AP2-G1-1B2S-1S,分拣,自动分拣N21,167.62615760959181,169.20615760959183,1.5800000000000125
AP2-G1-1B2S-1S,自动打磨,自动打磨N21,169.20615760959183,170.41119372070293,1.2050361111110988
AP2-G1-1B2S-1S,桁架码垛,自动分拣N21,170.41119372070293,171.5811937207029,1.1699999999999875
AP2-G1-2B1P-1P,分拣,自动分拣N21,171.5811937207029,173.16119372070293,1.5800000000000125
AP2-G1-2B1P-1P,自动打磨,自动打磨N21,173.16119372070293,174.36622983181402,1.2050361111110988
AP2-G1-2B1P-1P,桁架码垛,自动分拣N21,174.36622983181402,175.536229831814,1.1699999999999875
AP2-G1-2B2S-1S,分拣,自动分拣N21,175.536229831814,177.11622983181402,1.5800000000000125
AP2-G1-2B2S-1S,自动打磨,自动打磨N21,177.11622983181402,178.32126594292512,1.2050361111110988
AP2-G1-2B2S-1S,桁架码垛,自动分拣N21,178.32126594292512,179.4912659429251,1.1699999999999875
AP2-G3-1B1-1P,分拣,自动分拣N21,179.4912659429251,181.07126594292512,1.5800000000000125
AP2-G3-1B1-1P,自动打磨,自动打磨N21,181.07126594292512,182.27630205403622,1.2050361111110988
AP2-G3-1B1-1P,桁架码垛,自动分拣N21,182.27630205403622,183.4463020540362,1.1699999999999875
AP2-G3-1B1-1S,分拣,自动分拣N21,183.4463020540362,185.02630205403622,1.5800000000000125
AP2-G3-1B1-1S,自动打磨,自动打磨N21,185.02630205403622,186.23133816514732,1.2050361111110988
AP2-G3-1B1-1S,桁架码垛,自动分拣N21,186.23133816514732,187.4013381651473,1.1699999999999875
AP2-G3-2B1-1P,分拣,自动分拣N21,187.4013381651473,188.98133816514732,1.5800000000000125
AP2-G3-2B1-1P,自动打磨,自动打磨N21,188.98133816514732,190.18637427625842,1.2050361111110988
AP2-G3-2B1-1P,桁架码垛,自动分拣N21,190.18637427625842,191.3563742762584,1.1699999999999875
AP2-G3-2B1-1S,分拣,自动分拣N21,191.3563742762584,192.93637427625842,1.5800000000000125
AP2-G3-2B1-1S,自动打磨,自动打磨N21,192.93637427625842,194.14141038736952,1.2050361111110988
AP2-G3-2B1-1S,桁架码垛,自动分拣N21,194.14141038736952,195.3114103873695,1.1699999999999875
AP2-G4-1B1-1P,分拣,自动分拣N21,195.3114103873695,196.89141038736952,1.5800000000000125
AP2-G4-1B1-1P,自动打磨,自动打磨N21,196.89141038736952,198.09644649848062,1.2050361111110988
AP2-G4-1B1-1P,桁架码垛,自动分拣N21,198.09644649848062,199.2664464984806,1.1699999999999875
AP2-G4-1B1-1S,分拣,自动分拣N21,199.2664464984806,200.84644649848062,1.5800000000000125
AP2-G4-1B1-1S,自动打磨,自动打磨N21,200.84644649848062,202.05148260959172,1.2050361111110988
AP2-G4-1B1-1S,桁架码垛,自动分拣N21,202.05148260959172,203.2214826095917,1.1699999999999875
AP2-G4-2B1-1P,分拣,自动分拣N21,203.2214826095917,204.80148260959172,1.5800000000000125
AP2-G4-2B1-1P,自动打磨,自动打磨N21,204.80148260959172,206.00651872070281,1.2050361111110988
AP2-G4-2B1-1P,桁架码垛,自动分拣N21,206.00651872070281,207.1765187207028,1.1699999999999875
AP2-G4-2B1-1S,分拣,自动分拣N21,207.1765187207028,208.75651872070281,1.5800000000000125
AP2-G4-2B1-1S,自动打磨,自动打磨N21,208.75651872070281,209.9615548318139,1.2050361111110988
AP2-G4-2B1-1S,桁架码垛,自动分拣N21,209.9615548318139,211.1315548318139,1.1699999999999875
AP2-G5-1B1-1P,分拣,自动分拣N21,211.1315548318139,212.7115548318139,1.5800000000000125
AP2-G5-1B1-1P,自动打磨,自动打磨N21,212.7115548318139,213.916590942925,1.2050361111110988
AP2-G5-1B1-1P,桁架码垛,自动分拣N21,213.916590942925,215.086590942925,1.1699999999999875
AP2-G5-1B1-1S,分拣,自动分拣N21,215.086590942925,216.666590942925,1.5800000000000125
AP2-G5-1B1-1S,自动打磨,自动打磨N21,216.666590942925,217.8716270540361,1.2050361111110988
AP2-G5-1B1-1S,桁架码垛,自动分拣N21,217.8716270540361,219.0416270540361,1.1699999999999875
AP2-G5-2B1-1P,分拣,自动分拣N21,219.0416270540361,220.6216270540361,1.5800000000000125
AP2-G5-2B1-1P,自动打磨,自动打磨N21,220.6216270540361,221.8266631651472,1.2050361111110988
AP2-G5-2B1-1P,桁架码垛,自动分拣N21,221.8266631651472,222.9966631651472,1.1699999999999875
AP2-G5-2B1-1S,分拣,自动分拣N21,222.9966631651472,224.5766631651472,1.5800000000000125
AP2-G5-2B1-1S,自动打磨,自动打磨N21,224.5766631651472,225.7816992762583,1.2050361111110988
AP2-G5-2B1-1S,桁架码垛,自动分拣N21,225.7816992762583,226.9516992762583,1.1699999999999875
AP2-SGF-1SP-4BSP,分拣,自动分拣N21,226.9516992762583,227.9516992762583,1.0
A03S-1299,天车空驶（胎架到原料区）,天车,109.13932502125148,112.13932502125148,3.0
A03S-1299,天车吊运（原料区到胎架）,天车,112.13932502125148,115.13932502125148,3.0
AP2-G2-1B2-1S,分拣,自动分拣N51,160.84570618892363,162.42570618892364,1.5800000000000125
AP2-G2-1B2-1S,自动打磨,自动打磨N51,162.42570618892364,163.799705554003,1.3739993650793565
AP2-G2-1B2-1S,桁架码垛,自动分拣N51,163.799705554003,164.96970555400299,1.1699999999999875
AP2-G3-4B3-1S,分拣,自动分拣N51,164.96970555400299,166.549705554003,1.5800000000000125
AP2-G3-4B3-1S,自动打磨,自动打磨N51,166.549705554003,169.68840103019346,3.1386954761904633
AP2-G3-4B3-1S,桁架码垛,自动分拣N51,169.68840103019346,170.85840103019345,1.1699999999999875
AP2-G4-4B3-1P,分拣,自动分拣N51,170.85840103019345,172.43840103019346,1.5800000000000125
AP2-G4-4B3-1P,自动打磨,自动打磨N51,172.43840103019346,175.45759269686013,3.0191916666666714
AP2-G4-4B3-1P,桁架码垛,自动分拣N51,175.45759269686013,176.62759269686012,1.1699999999999875
AP2-G4-4B3-1S,分拣,自动分拣N51,176.62759269686012,178.20759269686013,1.5800000000000125
AP2-G4-4B3-1S,自动打磨,自动打磨N51,178.20759269686013,179.5815920619395,1.3739993650793565
AP2-G4-4B3-1S,桁架码垛,自动分拣N51,179.5815920619395,180.75159206193948,1.1699999999999875
AP2-G5-4B3-1P,分拣,自动分拣N51,180.75159206193948,182.3315920619395,1.5800000000000125
AP2-G5-4B3-1P,自动打磨,自动打磨N51,182.3315920619395,185.3712273793998,3.0396353174603234
AP2-G5-4B3-1P,桁架码垛,自动分拣N51,185.3712273793998,186.5412273793998,1.1699999999999875
AP2-G5-4B3-1S,分拣,自动分拣N51,186.5412273793998,188.1212273793998,1.5800000000000125
AP2-G5-4B3-1S,自动打磨,自动打磨N51,188.1212273793998,189.49522674447917,1.3739993650793565
AP2-G5-4B3-1S,桁架码垛,自动分拣N51,189.49522674447917,190.66522674447916,1.1699999999999875
AP2-G2-1B1-1S,分拣,自动分拣N51,190.66522674447916,192.24522674447917,1.5800000000000125
AP2-G2-1B1-1S,自动打磨,自动打磨N51,192.24522674447917,193.61922610955853,1.3739993650793565
AP2-G2-1B1-1S,桁架码垛,自动分拣N51,193.61922610955853,194.7892261095585,1.1699999999999875
AP2-G3-4B4-1S,分拣,自动分拣N51,194.7892261095585,196.36922610955853,1.5800000000000125
AP2-G3-4B4-1S,自动打磨,自动打磨N51,196.36922610955853,197.74322547463788,1.3739993650793565
AP2-G3-4B4-1S,桁架码垛,自动分拣N51,197.74322547463788,198.91322547463787,1.1699999999999875
AP2-G3-4B5-1S,分拣,自动分拣N51,198.91322547463787,200.49322547463788,1.5800000000000125
AP2-G3-4B5-1S,自动打磨,自动打磨N51,200.49322547463788,203.5012208714633,3.0079953968254074
AP2-G3-4B5-1S,桁架码垛,自动分拣N51,203.5012208714633,204.67122087146328,1.1699999999999875
AP2-G4-4B1-1S,分拣,自动分拣N51,204.67122087146328,206.2512208714633,1.5800000000000125
AP2-G4-4B1-1S,自动打磨,自动打磨N51,206.2512208714633,207.62522023654265,1.3739993650793565
AP2-G4-4B1-1S,桁架码垛,自动分拣N51,207.62522023654265,208.79522023654263,1.1699999999999875
AP2-G4-4B2-1P,分拣,自动分拣N51,208.79522023654263,210.37522023654265,1.5800000000000125
AP2-G4-4B2-1P,自动打磨,自动打磨N51,210.37522023654265,213.38321571273312,3.007995476190473
AP2-G4-4B2-1P,桁架码垛,自动分拣N51,213.38321571273312,214.5532157127331,1.1699999999999875
AP2-G4-4B2-1S,分拣,自动分拣N51,214.5532157127331,216.13321571273312,1.5800000000000125
AP2-G4-4B2-1S,自动打磨,自动打磨N51,216.13321571273312,217.50721507781248,1.3739993650793565
AP2-G4-4B2-1S,桁架码垛,自动分拣N51,217.50721507781248,218.67721507781246,1.1699999999999875
AP2-G5-4B1-1P,分拣,自动分拣N51,218.67721507781246,220.25721507781248,1.5800000000000125
AP2-G5-4B1-1P,自动打磨,自动打磨N51,220.25721507781248,223.2764068238442,3.019191746031737
AP2-G5-4B1-1P,桁架码垛,自动分拣N51,223.2764068238442,224.4464068238442,1.1699999999999875
AP2-G5-4B1-1S,分拣,自动分拣N51,224.4464068238442,226.0264068238442,1.5800000000000125
AP2-G5-4B1-1S,自动打磨,自动打磨N51,226.0264068238442,229.06604206193944,3.0396352380952294
AP2-G5-4B1-1S,桁架码垛,自动分拣N51,229.06604206193944,230.23604206193943,1.1699999999999875
AP2-G5-4B2-1P,分拣,自动分拣N51,230.23604206193943,231.81604206193944,1.5800000000000125
AP2-G5-4B2-1P,自动打磨,自动打磨N51,231.81604206193944,233.1900414270188,1.3739993650793565
AP2-G5-4B2-1P,桁架码垛,自动分拣N51,233.1900414270188,234.36004142701879,1.1699999999999875
AP2-G5-4B2-1S,分拣,自动分拣N51,234.36004142701879,235.9400414270188,1.5800000000000125
AP2-G5-4B2-1S,自动打磨,自动打磨N51,235.9400414270188,237.31404079209815,1.3739993650793565
AP2-G5-4B2-1S,桁架码垛,自动分拣N51,237.31404079209815,238.48404079209814,1.1699999999999875
AP2-G2-4S-1S,分拣,自动分拣N51,238.48404079209814,240.06404079209815,1.5800000000000125
AP2-G2-4S-1S,自动打磨,自动打磨N51,240.06404079209815,242.6593413476537,2.5953005555555535
AP2-G2-4S-1S,桁架码垛,自动分拣N51,242.6593413476537,243.8293413476537,1.1699999999999875
AP2-G2-4S-2S,分拣,自动分拣N51,243.8293413476537,245.4093413476537,1.5800000000000125
AP2-G2-4S-2S,自动打磨,自动打磨N51,245.4093413476537,246.78334071273306,1.3739993650793565
AP2-G2-4S-2S,桁架码垛,自动分拣N51,246.78334071273306,247.95334071273305,1.1699999999999875
AP2-G2-4S-3S,自由边打磨,人工打磨N51,160.84570618892363,162.22763244533388,1.381926256410253
AP2-G2-1B2-1P,分拣,自动分拣N51,247.95334071273305,249.53334071273306,1.5800000000000125
AP2-G2-1B2-1P,自动打磨,自动打磨N51,249.53334071273306,252.12864134765368,2.595300634920619
AP2-G2-1B2-1P,桁架码垛,自动分拣N51,252.12864134765368,253.29864134765367,1.1699999999999875
AP2-G3-4B3-1P,分拣,自动分拣N51,253.29864134765367,254.87864134765368,1.5800000000000125
AP2-G3-4B3-1P,自动打磨,自动打磨N51,254.87864134765368,256.25264071273307,1.373999365079385
AP2-G3-4B3-1P,桁架码垛,自动分拣N51,256.25264071273307,257.4226407127331,1.170000000000016
A03S-1299切割后的大件,天车吊运（胎架到成品区）,天车,162.22763244533388,167.22763244533388,5.0
A03S-1293,天车空驶（胎架到原料区）,天车,132.20909014927437,140.20909014927437,8.0
A03S-1293,天车吊运（原料区到胎架）,天车,140.20909014927437,143.20909014927437,3.0
AP2-F2-2P-3P,分拣,自动分拣N21,227.9516992762583,229.5316992762583,1.5800000000000125
AP2-F2-2P-3P,自动打磨,自动打磨N21,229.5316992762583,230.617841974671,1.0861426984126865
AP2-F2-2P-3P,桁架码垛,自动分拣N21,230.617841974671,231.78784197467098,1.1699999999999875
AP2-F2-3S-3S,分拣,自动分拣N21,231.78784197467098,233.367841974671,1.5800000000000125
AP2-F2-3S-3S,自动打磨,自动打磨N21,233.367841974671,234.79591911752814,1.4280771428571484
AP2-F2-3S-3S,桁架码垛,自动分拣N21,234.79591911752814,235.96591911752813,1.1699999999999875
AP2-F6-2P-3P,自由边打磨,人工打磨N21,186.86794456917775,187.4636725178957,0.5957279487179505
AP2-F6-3S-3S,自由边打磨,人工打磨N21,187.4636725178957,187.9856503127675,0.5219777948717876
AP2-F0-1B3-1P,分拣,自动分拣N21,235.96591911752813,237.54591911752814,1.5800000000000125
AP2-F0-1B3-1P,自动打磨,自动打磨N21,237.54591911752814,238.63206181594083,1.0861426984126865
AP2-F0-1B3-1P,桁架码垛,自动分拣N21,238.63206181594083,239.80206181594082,1.1699999999999875
AP2-F0-1B3-1S,分拣,自动分拣N21,239.80206181594082,241.38206181594083,1.5800000000000125
AP2-F0-1B3-1S,自动打磨,自动打磨N21,241.38206181594083,243.1917584826075,1.8096966666666674
AP2-F0-1B3-1S,桁架码垛,自动分拣N21,243.1917584826075,244.36175848260748,1.1699999999999875
AP2-F3-1B3-1P,分拣,自动分拣N21,244.36175848260748,245.9417584826075,1.5800000000000125
AP2-F3-1B3-1P,自动打磨,自动打磨N21,245.9417584826075,247.04472745086147,1.1029689682539754
AP2-F3-1B3-1P,桁架码垛,自动分拣N21,247.04472745086147,248.21472745086146,1.1699999999999875
AP2-F4-1B3-1S,分拣,自动分拣N21,248.21472745086146,249.79472745086147,1.5800000000000125
AP2-F4-1B3-1S,自动打磨,自动打磨N21,249.79472745086147,251.73656133975035,1.9418338888888798
AP2-F4-1B3-1S,桁架码垛,自动分拣N21,251.73656133975035,252.90656133975034,1.1699999999999875
AP2-FA-1B4-1P,分拣,自动分拣N21,252.90656133975034,254.48656133975035,1.5800000000000125
AP2-FA-1B4-1P,自动打磨,自动打磨N21,254.48656133975035,257.67187872070275,3.185317380952398
AP2-FA-1B4-1P,桁架码垛,自动分拣N21,257.67187872070275,258.84187872070277,1.170000000000016
AP2-FA-1B4-1S,分拣,自动分拣N21,258.84187872070277,260.42187872070275,1.579999999999984
AP2-FA-1B4-1S,自动打磨,自动打磨N21,260.42187872070275,263.51338403816305,3.091505317460303
AP2-FA-1B4-1S,桁架码垛,自动分拣N21,263.51338403816305,264.68338403816307,1.170000000000016
A03S-1293切割后的大件,天车吊运（胎架到成品区）,天车,187.9856503127675,192.9856503127675,5.0
A03S-1301,天车空驶（胎架到原料区）,天车,149.84570618892363,157.84570618892363,8.0
A03S-1301,天车吊运（原料区到胎架）,天车,157.84570618892363,160.84570618892363,3.0
AP2-AG-1-1P,自由边打磨,人工打磨N51,210.9393943777341,211.1810555059392,0.24166112820512353
AP2-G3-6S-1S,分拣,自动分拣N51,257.4226407127331,259.00264071273307,1.579999999999984
AP2-G3-6S-1S,自动打磨,自动打磨N51,259.00264071273307,260.00264071273307,1.0
AP2-G3-6S-1S,桁架码垛,自动分拣N51,260.00264071273307,261.1726407127331,1.170000000000016
A03S-1301切割后的大件,天车吊运（胎架到成品区）,天车,211.1810555059392,216.1810555059392,5.0
A03S-1295,天车空驶（胎架到原料区）,天车,216.9516992762583,224.9516992762583,8.0
A03S-1295,天车吊运（原料区到胎架）,天车,224.9516992762583,227.9516992762583,3.0
AP2-F2-2P-8BP,分拣,自动分拣N21,275.927589400286,277.507589400286,1.579999999999984
AP2-F2-2P-8BP,自动打磨,自动打磨N21,277.507589400286,278.7126255113971,1.2050361111110988
AP2-F2-2P-8BP,桁架码垛,自动分拣N21,278.7126255113971,279.8826255113971,1.170000000000016
AP2-F2-3S-7BS,分拣,自动分拣N21,279.8826255113971,281.4626255113971,1.579999999999984
AP2-F2-3S-7BS,自动打磨,自动打磨N21,281.4626255113971,283.47171797171455,2.009092460317447
AP2-F2-3S-7BS,桁架码垛,自动分拣N21,283.47171797171455,284.64171797171457,1.170000000000016
AP2-F2-3S-8BS,分拣,自动分拣N21,284.64171797171457,285.64171797171457,1.0
AP2-F6-2P-1BP,分拣,自动分拣N21,285.64171797171457,287.22171797171455,1.579999999999984
AP2-F6-2P-1BP,自动打磨,自动打磨N21,287.22171797171455,288.42675408282565,1.2050361111110988
AP2-F6-2P-1BP,桁架码垛,自动分拣N21,288.42675408282565,289.59675408282567,1.170000000000016
AP2-F6-2P-1P,自由边打磨,人工打磨N21,275.927589400286,276.5877981695168,0.6602087692307919
AP2-F6-3S-1S,自由边打磨,人工打磨N21,276.5877981695168,277.2403146823373,0.6525165128205117
AP2-F6-3S-6BS,分拣,自动分拣N21,289.59675408282567,291.17675408282565,1.579999999999984
AP2-F6-3S-6BS,自动打磨,自动打磨N21,291.17675408282565,292.38179019393675,1.2050361111110988
AP2-F6-3S-6BS,桁架码垛,自动分拣N21,292.38179019393675,293.55179019393677,1.170000000000016
AP2-F6-3S-7BS,分拣,自动分拣N21,293.55179019393677,295.13179019393675,1.579999999999984
AP2-F6-3S-7BS,自动打磨,自动打磨N21,295.13179019393675,297.56349916219074,2.431708968253986
AP2-F6-3S-7BS,桁架码垛,自动分拣N21,297.56349916219074,298.73349916219075,1.170000000000016
AP2-FB-2P-9BP,分拣,自动分拣N21,298.73349916219075,300.31349916219074,1.579999999999984
AP2-FB-2P-9BP,自动打磨,自动打磨N21,300.31349916219074,302.3211501939368,2.007651031746036
AP2-FB-2P-9BP,桁架码垛,自动分拣N21,302.3211501939368,303.4911501939368,1.170000000000016
AP2-FB-3S-14BS,分拣,自动分拣N21,303.4911501939368,305.0711501939368,1.579999999999984
AP2-FB-3S-14BS,自动打磨,自动打磨N21,305.0711501939368,306.91221384473045,1.8410636507936715
AP2-FB-3S-14BS,桁架码垛,自动分拣N21,306.91221384473045,308.08221384473046,1.170000000000016
AP2-FB-3S-15BS,分拣,自动分拣N21,308.08221384473046,309.66221384473045,1.579999999999984
AP2-FB-3S-15BS,自动打磨,自动打磨N21,309.66221384473045,312.09392281298443,2.431708968253986
AP2-FB-3S-15BS,桁架码垛,自动分拣N21,312.09392281298443,313.26392281298445,1.170000000000016
AP2-FB-3S-16BS,分拣,自动分拣N21,313.26392281298445,314.84392281298443,1.579999999999984
AP2-FB-3S-16BS,自动打磨,自动打磨N21,314.84392281298443,316.8645556701273,2.020632857142857
AP2-FB-3S-16BS,桁架码垛,自动分拣N21,316.8645556701273,318.0345556701273,1.170000000000016
AP2-F3-1B3-1S,分拣,自动分拣N21,318.0345556701273,319.6145556701273,1.579999999999984
AP2-F3-1B3-1S,自动打磨,自动打磨N21,319.6145556701273,321.62235424155585,2.007798571428566
AP2-F3-1B3-1S,桁架码垛,自动分拣N21,321.62235424155585,322.79235424155587,1.170000000000016
AP2-FC-1B3-1P,分拣,自动分拣N21,322.79235424155587,324.37235424155585,1.579999999999984
AP2-FC-1B3-1P,自动打磨,自动打磨N21,324.37235424155585,328.64084614631776,4.268491904761902
AP2-FC-1B3-1P,桁架码垛,自动分拣N21,328.64084614631776,329.8108461463178,1.170000000000016
AP2-FC-1B3-1S,分拣,自动分拣N21,329.8108461463178,331.39084614631776,1.579999999999984
AP2-FC-1B3-1S,自动打磨,自动打磨N21,331.39084614631776,333.08634701933363,1.6955008730158738
AP2-FC-1B3-1S,桁架码垛,自动分拣N21,333.08634701933363,334.25634701933365,1.170000000000016
AP2-G2-3B1-1S,分拣,自动分拣N21,334.25634701933365,335.83634701933363,1.579999999999984
AP2-G2-3B1-1S,自动打磨,自动打磨N21,335.83634701933363,337.8440994796511,2.0077524603174766
AP2-G2-3B1-1S,桁架码垛,自动分拣N21,337.8440994796511,339.0140994796511,1.170000000000016
A03S-1295切割后的大件,天车吊运（胎架到成品区）,天车,277.2403146823373,282.2403146823373,5.0
A03S-1288,天车空驶（胎架到原料区）,天车,259.68338403816307,267.68338403816307,8.0
A03S-1288,天车吊运（原料区到胎架）,天车,267.68338403816307,270.68338403816307,3.0
AP2-FB-1SP-1SP,自由边打磨,人工打磨N51,328.9995409052187,329.3231166488084,0.3235757435897426
AP2-G2-1P-1P,自由边打磨,人工打磨N51,329.3231166488084,329.64669228983405,0.3235756410256272
AP2-MG-1SP-1P,自由边打磨,人工打磨N51,329.64669228983405,329.70235367444945,0.05566138461540504
A03S-1288切割后的大件,天车吊运（胎架到成品区）,天车,329.70235367444945,334.70235367444945,5.0
A03S-1286,天车空驶（胎架到原料区）,天车,282.2403146823373,290.2403146823373,8.0
A03S-1286,天车吊运（原料区到胎架）,天车,290.2403146823373,293.2403146823373,3.0
AP2-FA-2SP-1SP,自由边打磨,人工打磨N21,331.6666805153129,332.144988617877,0.4783081025640854
AP2-MG-2SP-1SP,分拣,自动分拣N21,339.0140994796511,340.5940994796511,1.579999999999984
AP2-MG-2SP-1SP,自动打磨,自动打磨N21,340.5940994796511,342.6674768606035,2.0733773809523655
AP2-MG-2SP-1SP,桁架至坡口工作站,自动分拣N21,342.6674768606035,343.83417686060346,1.1666999999999916
AP2-MG-4SP-1SP,分拣,自动分拣N21,343.83417686060346,345.41417686060345,1.579999999999984
AP2-MG-4SP-1SP,自动打磨,自动打磨N21,345.41417686060345,347.5176055113971,2.10342865079366
AP2-MG-4SP-1SP,桁架至坡口工作站,自动分拣N21,347.5176055113971,348.6843055113971,1.1666999999999916
AP2-MG-5SP-1SP,分拣,自动分拣N21,348.6843055113971,350.2643055113971,1.579999999999984
AP2-MG-5SP-1SP,自动打磨,自动打磨N21,350.2643055113971,352.36777479711134,2.1034692857142545
AP2-MG-5SP-1SP,桁架至坡口工作站,自动分拣N21,352.36777479711134,353.53447479711133,1.1666999999999916
AP2-MG-8SP-1SP,分拣,自动分拣N21,353.53447479711133,355.1144747971113,1.579999999999984
AP2-MG-8SP-1SP,自动打磨,自动打磨N21,355.1144747971113,356.54255193996846,1.4280771428571484
AP2-MG-8SP-1SP,桁架至坡口工作站,自动分拣N21,356.54255193996846,357.70925193996845,1.1666999999999916
AP2-SGF-1SP-28BSP,分拣,自动分拣N21,357.70925193996845,359.28925193996844,1.579999999999984
AP2-SGF-1SP-28BSP,自动打磨,自动打磨N21,359.28925193996844,360.8644636860002,1.575211746031755
AP2-SGF-1SP-28BSP,桁架至坡口工作站,自动分拣N21,360.8644636860002,362.0311636860002,1.1666999999999916
AP2-SGF-1SP-29BSP,分拣,自动分拣N21,362.0311636860002,363.61116368600017,1.579999999999984
AP2-SGF-1SP-29BSP,自动打磨,自动打磨N21,363.61116368600017,365.25426455901606,1.6431008730158965
AP2-SGF-1SP-29BSP,桁架至坡口工作站,自动分拣N21,365.25426455901606,366.42096455901606,1.1666999999999916
AP2-F0-2-1P,分拣,自动分拣N21,366.42096455901606,368.00096455901604,1.579999999999984
AP2-F0-2-1P,自动打磨,自动打磨N21,368.00096455901604,369.63059352727004,1.6296289682539964
AP2-F0-2-1P,桁架至坡口工作站,自动分拣N21,369.63059352727004,370.79729352727,1.1666999999999916
AP2-F0-2-1S,分拣,自动分拣N21,370.79729352727,372.37729352727,1.579999999999984
AP2-F0-2-1S,自动打磨,自动打磨N21,372.37729352727,374.4859678923494,2.1086743650793665
AP2-F0-2-1S,桁架至坡口工作站,自动分拣N21,374.4859678923494,375.65266789234937,1.1666999999999916
AP2-F0-3-1P,分拣,自动分拣N21,375.65266789234937,377.23266789234935,1.579999999999984
AP2-F0-3-1P,自动打磨,自动打磨N21,377.23266789234935,378.8456344796509,1.612966587301571
AP2-F0-3-1P,桁架至坡口工作站,自动分拣N21,378.8456344796509,380.0123344796509,1.1666999999999916
AP2-F0-3-1S,分拣,自动分拣N21,380.0123344796509,381.5923344796509,1.579999999999984
AP2-F0-3-1S,自动打磨,自动打磨N21,381.5923344796509,383.2052782891747,1.6129438095238129
AP2-F0-3-1S,桁架至坡口工作站,自动分拣N21,383.2052782891747,384.3719782891747,1.1666999999999916
AP2-FA-1B3W-1P,分拣,自动分拣N21,384.3719782891747,385.9519782891747,1.579999999999984
AP2-FA-1B3W-1P,自动打磨,自动打磨N21,385.9519782891747,387.6317820193334,1.67980373015871
AP2-FA-1B3W-1P,桁架码垛,自动分拣N21,387.6317820193334,388.8017820193334,1.170000000000016
AP2-FA-1B3W-1S,分拣,自动分拣N21,388.8017820193334,390.3817820193334,1.579999999999984
AP2-FA-1B3W-1S,自动打磨,自动打磨N21,390.3817820193334,392.119501622508,1.7377196031745825
AP2-FA-1B3W-1S,桁架码垛,自动分拣N21,392.119501622508,393.289501622508,1.170000000000016
AP2-FA-3K-1P,分拣,自动分拣N21,393.289501622508,394.869501622508,1.579999999999984
AP2-FA-3K-1P,自动打磨,自动打磨N21,394.869501622508,396.63410019393655,1.7645985714285644
AP2-FA-3K-1P,桁架至坡口工作站,自动分拣N21,396.63410019393655,397.80080019393654,1.1666999999999916
AP2-FA-3K-1S,分拣,自动分拣N21,397.80080019393654,399.3808001939365,1.579999999999984
AP2-FA-3K-1S,自动打磨,自动打磨N21,399.3808001939365,401.1453953526667,1.7645951587301738
AP2-FA-3K-1S,桁架至坡口工作站,自动分拣N21,401.1453953526667,402.3120953526667,1.1666999999999916
AP2-SGF-1SP-5BSP,分拣,自动分拣N21,402.3120953526667,403.8920953526667,1.579999999999984
AP2-SGF-1SP-5BSP,自动打磨,自动打磨N21,403.8920953526667,405.34989860663495,1.4578032539682795
AP2-SGF-1SP-5BSP,桁架码垛,自动分拣N21,405.34989860663495,406.51989860663497,1.170000000000016
AP2-SGF-1SP-6BSP,分拣,自动分拣N21,406.51989860663497,408.09989860663495,1.579999999999984
AP2-SGF-1SP-6BSP,自动打磨,自动打磨N21,408.09989860663495,409.8427061463175,1.7428075396825307
AP2-SGF-1SP-6BSP,桁架码垛,自动分拣N21,409.8427061463175,411.0127061463175,1.170000000000016
AP2-SGF-1SP-7BSP,分拣,自动分拣N21,411.0127061463175,412.5927061463175,1.579999999999984
AP2-SGF-1SP-7BSP,自动打磨,自动打磨N21,412.5927061463175,414.7025460669524,2.1098399206348972
AP2-SGF-1SP-7BSP,桁架码垛,自动分拣N21,414.7025460669524,415.8725460669524,1.170000000000016
AP2-SGF-1SP-8BSP,分拣,自动分拣N21,415.8725460669524,417.4525460669524,1.579999999999984
AP2-SGF-1SP-8BSP,自动打磨,自动打磨N21,417.4525460669524,419.1953249558413,1.7427788888888927
AP2-SGF-1SP-8BSP,桁架码垛,自动分拣N21,419.1953249558413,420.3653249558413,1.170000000000016
A03S-1286切割后的大件,天车吊运（胎架到坡口区）,天车,334.70235367444945,337.70235367444945,3.0
AP2-FA-2SP-1SP,人工坡口,人工坡口1,337.70235367444945,358.98634967444946,21.283996000000002
A03S-1286切割后的大件,天车吊运（坡口区到成品区）,天车,358.98634967444946,363.98634967444946,5.0
A03S-1277,天车空驶（胎架到原料区）,天车,317.9995409052187,325.9995409052187,8.0
A03S-1277,天车吊运（原料区到胎架）,天车,325.9995409052187,328.9995409052187,3.0
AP2-G2-4B1S-1S,分拣,自动分拣N51,400.7958570103608,402.3758570103608,1.579999999999984
AP2-G2-4B1S-1S,自动打磨,自动打磨N51,402.3758570103608,404.91763804210683,2.5417810317460408
AP2-G2-4B1S-1S,桁架码垛,自动分拣N51,404.91763804210683,406.08763804210685,1.170000000000016
AP2-G4-4B4-1P,分拣,自动分拣N51,406.08763804210685,407.66763804210683,1.579999999999984
AP2-G4-4B4-1P,自动打磨,自动打磨N51,407.66763804210683,410.5481943119481,2.8805562698412928
AP2-G4-4B4-1P,桁架码垛,自动分拣N51,410.5481943119481,411.71819431194814,1.170000000000016
AP2-G4-4B4-1S,分拣,自动分拣N51,411.71819431194814,413.2981943119481,1.579999999999984
AP2-G4-4B4-1S,自动打磨,自动打磨N51,413.2981943119481,416.1787506611545,2.8805563492063584
AP2-G4-4B4-1S,桁架码垛,自动分拣N51,416.1787506611545,417.3487506611545,1.170000000000016
AP2-G5-4B4-1P,分拣,自动分拣N51,417.3487506611545,418.9287506611545,1.579999999999984
AP2-G5-4B4-1P,自动打磨,自动打磨N51,418.9287506611545,420.3186224865513,1.389871825396824
AP2-G5-4B4-1P,桁架码垛,自动分拣N51,420.3186224865513,421.4886224865513,1.170000000000016
AP2-G5-4B4-1S,分拣,自动分拣N51,421.4886224865513,423.0686224865513,1.579999999999984
AP2-G5-4B4-1S,自动打磨,自动打磨N51,423.0686224865513,424.5872732802021,1.5186507936508065
AP2-G5-4B4-1S,桁架码垛,自动分拣N51,424.5872732802021,425.7572732802021,1.170000000000016
AP2-SGF-1SP-10SP,自由边打磨,人工打磨N51,400.7958570103608,401.047774189848,0.2519171794871795
AP2-SGF-1SP-1SP,自由边打磨,人工打磨N51,401.047774189848,401.3829023949762,0.3351282051282283
A03S-1277切割后的大件,天车吊运（胎架到成品区）,天车,401.3829023949762,406.3829023949762,5.0
A03S-1300,天车空驶（胎架到原料区）,天车,345.144988617877,353.144988617877,8.0
A03S-1300,天车吊运（原料区到胎架）,天车,353.144988617877,356.144988617877,3.0
AP2-AG-1-2P,自由边打磨,人工打磨N21,417.9451236170148,418.9759296682969,1.0308060512820703
AP2-AG-1-2S,自由边打磨,人工打磨N21,418.9759296682969,420.00673571957896,1.0308060512820703
A03S-1300切割后的大件,天车吊运（胎架到成品区）,天车,420.00673571957896,425.00673571957896,5.0
A03S-1285,天车空驶（胎架到原料区）,天车,389.7958570103608,397.7958570103608,8.0
A03S-1285,天车吊运（原料区到胎架）,天车,397.7958570103608,400.7958570103608,3.0
AP2-F2-2P-6BP,分拣,自动分拣N51,481.6446821138546,483.2246821138546,1.579999999999984
AP2-F2-2P-6BP,自动打磨,自动打磨N51,483.2246821138546,484.97002632020383,1.7453442063492162
AP2-F2-2P-6BP,桁架码垛,自动分拣N51,484.97002632020383,486.14002632020384,1.170000000000016
AP2-F6-2P-8BP,分拣,自动分拣N51,486.14002632020384,487.72002632020383,1.579999999999984
AP2-F6-2P-8BP,自动打磨,自动打磨N51,487.72002632020383,489.46537036782286,1.745344047619028
AP2-F6-2P-8BP,桁架码垛,自动分拣N51,489.46537036782286,490.6353703678229,1.170000000000016
AP2-F6-3S-8BS,分拣,自动分拣N51,490.6353703678229,492.21537036782286,1.579999999999984
AP2-F6-3S-8BS,自动打磨,自动打磨N51,492.21537036782286,493.30151306623554,1.0861426984126865
AP2-F6-3S-8BS,桁架码垛,自动分拣N51,493.30151306623554,494.47151306623556,1.170000000000016
TA10-G13-1B1-1P,分拣,自动分拣N51,494.47151306623556,496.05151306623554,1.579999999999984
TA10-G13-1B1-1P,自动打磨,自动打磨N51,496.05151306623554,497.3844496535371,1.3329365873015604
TA10-G13-1B1-1P,桁架码垛,自动分拣N51,497.3844496535371,498.5544496535371,1.170000000000016
TA10-G13-1B1-1S,分拣,自动分拣N51,498.5544496535371,500.1344496535371,1.579999999999984
TA10-G13-1B1-1S,自动打磨,自动打磨N51,500.1344496535371,501.7465162408387,1.6120665873015696
TA10-G13-1B1-1S,桁架码垛,自动分拣N51,501.7465162408387,502.9165162408387,1.170000000000016
AP2-AE-1SP-1SP,自由边打磨,人工打磨N51,481.6446821138546,482.1295027805213,0.48482066666667833
AP2-F2-3S-6BS,分拣,自动分拣N51,502.9165162408387,504.4965162408387,1.579999999999984
AP2-F2-3S-6BS,自动打磨,自动打磨N51,504.4965162408387,506.24683393925136,1.7503176984126867
AP2-F2-3S-6BS,桁架码垛,自动分拣N51,506.24683393925136,507.4168339392514,1.170000000000016
AP2-F6-2P-9BP,分拣,自动分拣N51,507.4168339392514,508.99683393925136,1.579999999999984
AP2-F6-2P-9BP,自动打磨,自动打磨N51,508.99683393925136,510.55669155829895,1.559857619047591
AP2-F6-2P-9BP,桁架码垛,自动分拣N51,510.55669155829895,511.72669155829897,1.170000000000016
A03S-1285切割后的大件,天车吊运（胎架到成品区）,天车,482.1295027805213,487.1295027805213,5.0
A03S-1294,天车空驶（胎架到原料区）,天车,431.00673571957896,439.00673571957896,8.0
A03S-1294,天车吊运（原料区到胎架）,天车,439.00673571957896,442.00673571957896,3.0
AP2-AG-1-3BS,分拣,自动分拣N21,870.288726937902,871.868726937902,1.580000000000041
AP2-AG-1-3BS,自动打磨,自动打磨N21,871.868726937902,872.9548696363147,1.0861426984126865
AP2-AG-1-3BS,桁架码垛,自动分拣N21,872.9548696363147,874.1248696363147,1.169999999999959
AP2-CG-1-1P,自由边打磨,人工打磨N21,870.288726937902,871.6550711430302,1.3663442051282573
AP2-CG-1-1S,自由边打磨,人工打磨N21,871.6550711430302,873.0214153481585,1.3663442051282573
AP2-F2-2P-1BP,分拣,自动分拣N21,874.1248696363147,875.7048696363147,1.580000000000041
AP2-F2-2P-1BP,自动打磨,自动打磨N21,875.7048696363147,877.7253817791718,2.0205121428571147
AP2-F2-2P-1BP,桁架码垛,自动分拣N21,877.7253817791718,878.8953817791718,1.169999999999959
AP2-F2-2P-1P,自由边打磨,人工打磨N21,873.0214153481585,874.3381232455944,1.3167078974358901
AP2-F2-2P-3BP,分拣,自动分拣N21,878.8953817791718,880.4753817791718,1.580000000000041
AP2-F2-2P-3BP,自动打磨,自动打磨N21,880.4753817791718,882.9078081283782,2.4324263492063665
AP2-F2-2P-3BP,桁架码垛,自动分拣N21,882.9078081283782,884.0778081283781,1.169999999999959
AP2-F2-2P-4BP,分拣,自动分拣N21,884.0778081283781,885.6578081283782,1.580000000000041
AP2-F2-2P-4BP,自动打磨,自动打磨N21,885.6578081283782,888.6835095569496,3.0257014285714376
AP2-F2-2P-4BP,桁架码垛,自动分拣N21,888.6835095569496,889.8535095569496,1.169999999999959
AP2-F2-3S-1BS,分拣,自动分拣N21,889.8535095569496,891.4335095569496,1.580000000000041
AP2-F2-3S-1BS,自动打磨,自动打磨N21,891.4335095569496,893.441096937902,2.0075873809523728
AP2-F2-3S-1BS,桁架码垛,自动分拣N21,893.441096937902,894.611096937902,1.169999999999959
AP2-F2-3S-1S,自由边打磨,人工打磨N21,874.3381232455944,875.6548310917482,1.316707846153804
AP2-F6-2P-2P,自由边打磨,人工打磨N21,875.6548310917482,876.5558984250815,0.9010673333333443
AP2-F6-2P-4BP,分拣,自动分拣N21,894.611096937902,896.191096937902,1.580000000000041
AP2-F6-2P-4BP,自动打磨,自动打磨N21,896.191096937902,898.1997156680607,2.0086187301586733
AP2-F6-2P-4BP,桁架码垛,自动分拣N21,898.1997156680607,899.3697156680606,1.169999999999959
AP2-F6-2P-4P,自由边打磨,人工打磨N21,876.5558984250815,877.5023724763636,0.9464740512820526
AP2-F6-2P-6BP,分拣,自动分拣N21,899.3697156680606,900.9497156680607,1.580000000000041
AP2-F6-2P-6BP,自动打磨,自动打磨N21,900.9497156680607,903.3809289220289,2.4312132539682807
AP2-F6-2P-6BP,桁架码垛,自动分拣N21,903.3809289220289,904.5509289220289,1.169999999999959
AP2-F6-3S-10BS,分拣,自动分拣N21,904.5509289220289,906.1309289220289,1.580000000000041
AP2-F6-3S-10BS,自动打磨,自动打磨N21,906.1309289220289,907.9341840807591,1.8032551587301668
AP2-F6-3S-10BS,桁架码垛,自动分拣N21,907.9341840807591,909.1041840807591,1.169999999999959
AP2-F6-3S-2S,自由边打磨,人工打磨N21,877.5023724763636,878.4271564763636,0.9247840000000451
AP2-F6-3S-4S,自由边打磨,人工打磨N21,878.4271564763636,879.3372227327739,0.9100662564102322
AP2-F7-2-1P,分拣,自动分拣N21,909.1041840807591,910.6841840807591,1.580000000000041
AP2-F7-2-1P,自动打磨,自动打磨N21,910.6841840807591,913.0786928109178,2.394508730158691
AP2-F7-2-1P,桁架码垛,自动分拣N21,913.0786928109178,914.2486928109178,1.169999999999959
AP2-F7-2-1S,分拣,自动分拣N21,914.2486928109178,915.8286928109178,1.580000000000041
AP2-F7-2-1S,自动打磨,自动打磨N21,915.8286928109178,918.9432731283781,3.114580317460309
AP2-F7-2-1S,桁架码垛,自动分拣N21,918.9432731283781,920.1132731283781,1.169999999999959
AP2-F8-1B1-1S,分拣,自动分拣N21,920.1132731283781,921.6932731283781,1.580000000000041
AP2-F8-1B1-1S,自动打磨,自动打磨N21,921.6932731283781,923.4226382077431,1.7293650793650386
AP2-F8-1B1-1S,桁架码垛,自动分拣N21,923.4226382077431,924.5926382077431,1.169999999999959
AP2-F8-2-1P,分拣,自动分拣N21,924.5926382077431,926.1726382077431,1.580000000000041
AP2-F8-2-1P,自动打磨,自动打磨N21,926.1726382077431,928.3011125728225,2.1284743650793416
AP2-F8-2-1P,桁架码垛,自动分拣N21,928.3011125728225,929.4711125728224,1.169999999999959
AP2-FB-2P-11BP,分拣,自动分拣N21,929.4711125728224,931.0511125728225,1.580000000000041
AP2-FB-2P-11BP,自动打磨,自动打磨N21,931.0511125728225,934.1656928902828,3.114580317460309
AP2-FB-2P-11BP,桁架码垛,自动分拣N21,934.1656928902828,935.3356928902828,1.169999999999959
AP2-FB-2P-2BP,分拣,自动分拣N21,935.3356928902828,936.9156928902828,1.580000000000041
AP2-FB-2P-2BP,自动打磨,自动打磨N21,936.9156928902828,938.4091421759971,1.4934492857142914
AP2-FB-2P-2BP,桁架码垛,自动分拣N21,938.4091421759971,939.579142175997,1.169999999999959
AP2-FB-2P-5BP,分拣,自动分拣N21,939.579142175997,941.1591421759971,1.580000000000041
AP2-FB-2P-5BP,自动打磨,自动打磨N21,941.1591421759971,943.3948115410765,2.2356693650793886
AP2-FB-2P-5BP,桁架码垛,自动分拣N21,943.3948115410765,944.5648115410764,1.169999999999959
AP2-FB-3S-12BS,分拣,自动分拣N21,944.5648115410764,946.1448115410765,1.580000000000041
AP2-FB-3S-12BS,自动打磨,自动打磨N21,946.1448115410765,948.1644261442511,2.0196146031746594
AP2-FB-3S-12BS,桁架至坡口工作站,自动分拣N21,948.1644261442511,949.3311261442511,1.1666999999999916
AP2-FB-3S-13BS,分拣,自动分拣N21,949.3311261442511,950.9111261442512,1.580000000000041
AP2-FB-3S-13BS,自动打磨,自动打磨N21,950.9111261442512,953.3435523347274,2.432426190476235
AP2-FB-3S-13BS,桁架码垛,自动分拣N21,953.3435523347274,954.5135523347274,1.169999999999959
AP2-FB-3S-4BS,分拣,自动分拣N21,954.5135523347274,956.0935523347274,1.580000000000041
AP2-FB-3S-4BS,自动打磨,自动打磨N21,956.0935523347274,958.1462924934575,2.052740158730103
AP2-FB-3S-4BS,桁架码垛,自动分拣N21,958.1462924934575,959.3162924934575,1.169999999999959
AP2-FB-3S-8BS,分拣,自动分拣N21,959.3162924934575,960.8962924934575,1.580000000000041
AP2-FB-3S-8BS,自动打磨,自动打磨N21,960.8962924934575,962.8800194775845,1.9837269841269745
AP2-FB-3S-8BS,桁架至坡口工作站,自动分拣N21,962.8800194775845,964.0467194775845,1.1666999999999916
AP2-AE-1B1-1P,分拣,自动分拣N21,964.0467194775845,965.6267194775845,1.580000000000041
AP2-AE-1B1-1P,自动打磨,自动打磨N21,965.6267194775845,967.6490434458385,2.0223239682539997
AP2-AE-1B1-1P,桁架码垛,自动分拣N21,967.6490434458385,968.8190434458385,1.169999999999959
AP2-AE-1B1-1S,分拣,自动分拣N21,968.8190434458385,970.3990434458385,1.580000000000041
AP2-AE-1B1-1S,自动打磨,自动打磨N21,970.3990434458385,972.4171147156798,2.0180712698412435
AP2-AE-1B1-1S,桁架码垛,自动分拣N21,972.4171147156798,973.5871147156797,1.169999999999959
AP2-AE-1B2-1P,分拣,自动分拣N21,973.5871147156797,975.1671147156798,1.580000000000041
AP2-AE-1B2-1P,自动打磨,自动打磨N21,975.1671147156798,976.6605638426639,1.49344912698416
AP2-AE-1B2-1P,桁架码垛,自动分拣N21,976.6605638426639,977.8305638426639,1.169999999999959
AP2-AE-1B2-1S,分拣,自动分拣N21,977.8305638426639,979.4105638426639,1.580000000000041
AP2-AE-1B2-1S,自动打磨,自动打磨N21,979.4105638426639,981.4286348744099,2.01807103174599
AP2-AE-1B2-1S,桁架码垛,自动分拣N21,981.4286348744099,982.5986348744099,1.169999999999959
AP2-AE-1B3-1P,分拣,自动分拣N21,982.5986348744099,984.1786348744099,1.580000000000041
AP2-AE-1B3-1P,自动打磨,自动打磨N21,984.1786348744099,986.2767773347274,2.09814246031749
AP2-AE-1B3-1P,桁架码垛,自动分拣N21,986.2767773347274,987.4467773347274,1.169999999999959
AP2-AE-1B4-1P,分拣,自动分拣N21,987.4467773347274,989.0267773347274,1.580000000000041
AP2-AE-1B4-1P,自动打磨,自动打磨N21,989.0267773347274,991.0764191601243,2.0496418253968613
AP2-AE-1B4-1P,桁架码垛,自动分拣N21,991.0764191601243,992.2464191601242,1.169999999999959
AP2-F3-1B2S-1S,分拣,自动分拣N21,992.2464191601242,993.8264191601243,1.580000000000041
AP2-F3-1B2S-1S,自动打磨,自动打磨N21,993.8264191601243,995.833297969648,2.006878809523755
AP2-F3-1B2S-1S,桁架码垛,自动分拣N21,995.833297969648,997.003297969648,1.169999999999959
AP2-F4-1B2S-1S,分拣,自动分拣N21,997.003297969648,998.583297969648,1.580000000000041
AP2-F4-1B2S-1S,自动打磨,自动打磨N21,998.583297969648,1000.278705906156,1.6954079365079906
AP2-F4-1B2S-1S,桁架码垛,自动分拣N21,1000.278705906156,1001.448705906156,1.169999999999959
AP2-F4-1B3-1P,分拣,自动分拣N21,1001.448705906156,1003.028705906156,1.580000000000041
AP2-F4-1B3-1P,自动打磨,自动打磨N21,1003.028705906156,1005.0510300331401,2.022324126984131
AP2-F4-1B3-1P,桁架码垛,自动分拣N21,1005.0510300331401,1006.2210300331401,1.169999999999959
AP2-F9-1B2S-1S,分拣,自动分拣N21,1006.2210300331401,1007.8010300331401,1.580000000000041
AP2-F9-1B2S-1S,自动打磨,自动打磨N21,1007.8010300331401,1009.7339186839338,1.9328886507936431
AP2-F9-1B2S-1S,桁架码垛,自动分拣N21,1009.7339186839338,1010.9039186839337,1.169999999999959
AP2-FC-1B4P-1P,分拣,自动分拣N21,1010.9039186839337,1012.4839186839338,1.580000000000041
AP2-FC-1B4P-1P,自动打磨,自动打磨N21,1012.4839186839338,1014.4926513823465,2.0087326984127003
AP2-FC-1B4P-1P,桁架码垛,自动分拣N21,1014.4926513823465,1015.6626513823464,1.169999999999959
A03S-1294切割后的大件,天车吊运（胎架到成品区）,天车,879.3372227327739,884.3372227327739,5.0
A03S-1283,天车空驶（胎架到原料区）,天车,469.0,477.0,8.0
A03S-1283,天车吊运（原料区到胎架）,天车,477.0,480.0,3.0
AP2-F1-1SP-1SP,自由边打磨,人工打磨N51,564.0170124993737,565.0132402942454,0.9962277948717428
AP2-F2-4SP-1SP,分拣,自动分拣N51,564.0170124993737,565.5970124993737,1.580000000000041
AP2-F2-4SP-1SP,自动打磨,自动打磨N51,565.5970124993737,566.8844494041356,1.2874369047618757
AP2-F2-4SP-1SP,桁架码垛,自动分拣N51,566.8844494041356,568.0544494041355,1.169999999999959
AP2-F3-2SP-1SP,分拣,自动分拣N51,568.0544494041355,569.6344494041356,1.580000000000041
AP2-F3-2SP-1SP,自动打磨,自动打磨N51,569.6344494041356,570.6344494041356,1.0
AP2-F3-2SP-1SP,桁架码垛,自动分拣N51,570.6344494041356,571.8044494041355,1.169999999999959
AP2-F2-1-2P,自由边打磨,人工打磨N51,565.0132402942454,565.6821879865531,0.6689476923077109
AP2-F2-1-2S,自由边打磨,人工打磨N51,565.6821879865531,566.3511356788608,0.6689476923077109
A03S-1283切割后的大件,天车吊运（胎架到坡口区）,天车,566.3511356788608,569.3511356788608,3.0
AP2-F1-1SP-1SP,人工坡口,人工坡口1,569.3511356788608,632.1459236788609,62.79478800000004
AP2-F2-1-2P,人工坡口,人工坡口1,632.1459236788609,638.9494516788609,6.803528000000028
AP2-F2-1-2S,人工坡口,人工坡口1,638.9494516788609,645.7729796788609,6.82352800000001
A03S-1283切割后的大件,天车吊运（坡口区到成品区）,天车,645.7729796788609,650.7729796788609,5.0
A03S-1276,天车空驶（胎架到原料区）,天车,553.0170124993737,561.0170124993737,8.0
A03S-1276,天车吊运（原料区到胎架）,天车,561.0170124993737,564.0170124993737,3.0
AP2-818-1P,分拣,自动分拣N51,651.387278172444,652.967278172444,1.580000000000041
AP2-818-1P,自动打磨,自动打磨N51,652.967278172444,654.4859289660948,1.5186507936507496
AP2-818-1P,桁架码垛,自动分拣N51,654.4859289660948,655.6559289660947,1.169999999999959
AP2-AG-1-3BP,分拣,自动分拣N51,655.6559289660947,657.2359289660948,1.580000000000041
AP2-AG-1-3BP,自动打磨,自动打磨N51,657.2359289660948,659.1313250772059,1.895396111111154
AP2-AG-1-3BP,桁架码垛,自动分拣N51,659.1313250772059,660.3013250772059,1.169999999999959
AP2-CG-1B1-1P,分拣,自动分拣N51,660.3013250772059,661.8813250772059,1.580000000000041
AP2-CG-1B1-1P,自动打磨,自动打磨N51,661.8813250772059,663.3392984899043,1.4579734126983794
AP2-CG-1B1-1P,桁架码垛,自动分拣N51,663.3392984899043,664.5092984899043,1.169999999999959
AP2-CG-1B1-1S,分拣,自动分拣N51,664.5092984899043,666.0892984899043,1.580000000000041
AP2-CG-1B1-1S,自动打磨,自动打磨N51,666.0892984899043,668.1955252359361,2.10622674603178
AP2-CG-1B1-1S,桁架码垛,自动分拣N51,668.1955252359361,669.365525235936,1.169999999999959
AP2-F6-2P-2BP,分拣,自动分拣N51,669.365525235936,670.9455252359361,1.580000000000041
AP2-F6-2P-2BP,自动打磨,自动打磨N51,670.9455252359361,672.4100874581583,1.4645622222221846
AP2-F6-2P-2BP,桁架码垛,自动分拣N51,672.4100874581583,673.5800874581582,1.169999999999959
AP2-F7-1B1-1P,分拣,自动分拣N51,673.5800874581582,675.1600874581583,1.580000000000041
AP2-F7-1B1-1P,自动打磨,自动打磨N51,675.1600874581583,677.2015536486344,2.0414661904761715
AP2-F7-1B1-1P,桁架码垛,自动分拣N51,677.2015536486344,678.3715536486344,1.169999999999959
AP2-F7-1B1-1S,分拣,自动分拣N51,678.3715536486344,679.9515536486344,1.580000000000041
AP2-F7-1B1-1S,自动打磨,自动打磨N51,679.9515536486344,681.8614496803805,1.9098960317460296
AP2-F7-1B1-1S,桁架码垛,自动分拣N51,681.8614496803805,683.0314496803804,1.169999999999959
AP2-F8-1B1-1P,分拣,自动分拣N51,683.0314496803804,684.6114496803805,1.580000000000041
AP2-F8-1B1-1P,自动打磨,自动打磨N51,684.6114496803805,686.4512198391106,1.8397701587301754
AP2-F8-1B1-1P,桁架码垛,自动分拣N51,686.4512198391106,687.6212198391106,1.169999999999959
AP2-FB-3S-2BS,分拣,自动分拣N51,687.6212198391106,689.2012198391106,1.580000000000041
AP2-FB-3S-2BS,自动打磨,自动打磨N51,689.2012198391106,690.9287236089519,1.7275037698412916
AP2-FB-3S-2BS,桁架码垛,自动分拣N51,690.9287236089519,692.0987236089519,1.169999999999959
AP2-MG-1SP-1BP,分拣,自动分拣N51,692.0987236089519,693.6787236089519,1.580000000000041
AP2-MG-1SP-1BP,自动打磨,自动打磨N51,693.6787236089519,695.5832488470472,1.9045252380952888
AP2-MG-1SP-1BP,桁架码垛,自动分拣N51,695.5832488470472,696.7532488470472,1.169999999999959
AP2-MG-1SP-2BP,分拣,自动分拣N51,696.7532488470472,698.3332488470472,1.580000000000041
AP2-MG-1SP-2BP,自动打磨,自动打磨N51,698.3332488470472,700.1342357518091,1.800986904761885
AP2-MG-1SP-2BP,桁架码垛,自动分拣N51,700.1342357518091,701.3042357518091,1.169999999999959
AP2-F0-1B1P-1P,分拣,自动分拣N51,701.3042357518091,702.8842357518091,1.580000000000041
AP2-F0-1B1P-1P,自动打磨,自动打磨N51,702.8842357518091,705.5427728946663,2.658537142857199
AP2-F0-1B1P-1P,桁架码垛,自动分拣N51,705.5427728946663,706.7127728946663,1.169999999999959
AP2-F0-1B2S-1S,分拣,自动分拣N51,706.7127728946663,708.2927728946663,1.580000000000041
AP2-F0-1B2S-1S,自动打磨,自动打磨N51,708.2927728946663,710.389292577206,2.096519682539679
AP2-F0-1B2S-1S,桁架码垛,自动分拣N51,710.389292577206,711.559292577206,1.169999999999959
AP2-F1-1B1P-1P,分拣,自动分拣N51,711.559292577206,713.139292577206,1.580000000000041
AP2-F1-1B1P-1P,自动打磨,自动打磨N51,713.139292577206,714.7038789264124,1.5645863492063654
AP2-F1-1B1P-1P,桁架码垛,自动分拣N51,714.7038789264124,715.8738789264123,1.169999999999959
AP2-F1-1B2S-1S,分拣,自动分拣N51,715.8738789264123,717.4538789264124,1.580000000000041
AP2-F1-1B2S-1S,自动打磨,自动打磨N51,717.4538789264124,719.0184651962536,1.564586269841243
AP2-F1-1B2S-1S,桁架码垛,自动分拣N51,719.0184651962536,720.1884651962536,1.169999999999959
AP2-F1-1B3-1P,分拣,自动分拣N51,720.1884651962536,721.7684651962536,1.580000000000041
AP2-F1-1B3-1P,自动打磨,自动打磨N51,721.7684651962536,724.5139711486346,2.745505952380995
AP2-F1-1B3-1P,桁架码垛,自动分拣N51,724.5139711486346,725.6839711486346,1.169999999999959
AP2-F1-1B3-1S,分拣,自动分拣N51,725.6839711486346,727.2639711486346,1.580000000000041
AP2-F1-1B3-1S,自动打磨,自动打磨N51,727.2639711486346,730.0440432914918,2.7800721428571933
AP2-F1-1B3-1S,桁架码垛,自动分拣N51,730.0440432914918,731.2140432914917,1.169999999999959
AP2-F3-1B1P-1P,分拣,自动分拣N51,731.2140432914917,732.7940432914918,1.580000000000041
AP2-F3-1B1P-1P,自动打磨,自动打磨N51,732.7940432914918,735.6044351962537,2.8103919047619
AP2-F3-1B1P-1P,桁架码垛,自动分拣N51,735.6044351962537,736.7744351962536,1.169999999999959
AP2-F4-1B1P-1P,分拣,自动分拣N51,736.7744351962536,738.3544351962537,1.580000000000041
AP2-F4-1B1P-1P,自动打磨,自动打磨N51,738.3544351962537,740.1127979740314,1.7583627777777338
AP2-F4-1B1P-1P,桁架码垛,自动分拣N51,740.1127979740314,741.2827979740314,1.169999999999959
AP2-F5-1B1P-1P,分拣,自动分拣N51,741.2827979740314,742.8627979740314,1.580000000000041
AP2-F5-1B1P-1P,自动打磨,自动打磨N51,742.8627979740314,744.7095672597457,1.846769285714231
AP2-F5-1B1P-1P,桁架码垛,自动分拣N51,744.7095672597457,745.8795672597456,1.169999999999959
AP2-F5-1B3-1P,分拣,自动分拣N51,745.8795672597456,747.4595672597457,1.580000000000041
AP2-F5-1B3-1P,自动打磨,自动打磨N51,747.4595672597457,750.3034890057774,2.843921746031697
AP2-F5-1B3-1P,桁架码垛,自动分拣N51,750.3034890057774,751.4734890057773,1.169999999999959
AP2-F5-1B3-1S,分拣,自动分拣N51,751.4734890057773,753.0534890057774,1.580000000000041
AP2-F5-1B3-1S,自动打磨,自动打磨N51,753.0534890057774,754.860910593079,1.8074215873016328
AP2-F5-1B3-1S,桁架码垛,自动分拣N51,754.860910593079,756.0309105930789,1.169999999999959
AP2-F7-1B1P-1P,分拣,自动分拣N51,756.0309105930789,757.610910593079,1.580000000000041
AP2-F7-1B1P-1P,自动打磨,自动打磨N51,757.610910593079,759.4258294026027,1.8149188095237605
AP2-F7-1B1P-1P,桁架码垛,自动分拣N51,759.4258294026027,760.5958294026027,1.169999999999959
AP2-F7-1B2S-1S,分拣,自动分拣N51,760.5958294026027,762.1758294026027,1.580000000000041
AP2-F7-1B2S-1S,自动打磨,自动打磨N51,762.1758294026027,764.0857254343488,1.9098960317460296
AP2-F7-1B2S-1S,桁架码垛,自动分拣N51,764.0857254343488,765.2557254343487,1.169999999999959
AP2-F8-1B1P-1P,分拣,自动分拣N51,765.2557254343487,766.8357254343488,1.580000000000041
AP2-F8-1B1P-1P,自动打磨,自动打磨N51,766.8357254343488,769.3801475772059,2.5444221428571154
AP2-F8-1B1P-1P,桁架码垛,自动分拣N51,769.3801475772059,770.5501475772058,1.169999999999959
AP2-F8-1B2S-1S,分拣,自动分拣N51,770.5501475772058,772.1301475772059,1.580000000000041
AP2-F8-1B2S-1S,自动打磨,自动打磨N51,772.1301475772059,773.8576511486344,1.7275035714285423
AP2-F8-1B2S-1S,桁架码垛,自动分拣N51,773.8576511486344,775.0276511486344,1.169999999999959
AP2-F9-1B1P-1P,分拣,自动分拣N51,775.0276511486344,776.6076511486344,1.580000000000041
AP2-F9-1B1P-1P,自动打磨,自动打磨N51,776.6076511486344,778.4600705137138,1.8524193650794132
AP2-F9-1B1P-1P,桁架码垛,自动分拣N51,778.4600705137138,779.6300705137138,1.169999999999959
AP2-FA-1B1P-1P,分拣,自动分拣N51,779.6300705137138,781.2100705137138,1.580000000000041
AP2-FA-1B1P-1P,自动打磨,自动打磨N51,781.2100705137138,782.9934541645075,1.7833836507936667
AP2-FA-1B1P-1P,桁架码垛,自动分拣N51,782.9934541645075,784.1634541645075,1.169999999999959
AP2-FA-1B2S-1S,分拣,自动分拣N51,784.1634541645075,785.7434541645075,1.580000000000041
AP2-FA-1B2S-1S,自动打磨,自动打磨N51,785.7434541645075,787.5268378153012,1.7833836507936667
AP2-FA-1B2S-1S,桁架码垛,自动分拣N51,787.5268378153012,788.6968378153011,1.169999999999959
AP2-SGF-1SP-1BSP,分拣,自动分拣N51,788.6968378153011,790.2768378153012,1.580000000000041
AP2-SGF-1SP-1BSP,自动打磨,自动打磨N51,790.2768378153012,791.7363939264122,1.4595561111110555
AP2-SGF-1SP-1BSP,桁架码垛,自动分拣N51,791.7363939264122,792.9063939264122,1.169999999999959
AP2-SGF-1SP-2BSP,分拣,自动分拣N51,792.9063939264122,794.4863939264122,1.580000000000041
AP2-SGF-1SP-2BSP,自动打磨,自动打磨N51,794.4863939264122,796.3817900375234,1.895396111111154
AP2-SGF-1SP-2BSP,桁架码垛,自动分拣N51,796.3817900375234,797.5517900375233,1.169999999999959
A03S-1290,天车空驶（胎架到原料区）,天车,650.7729796788609,653.7729796788609,3.0
A03S-1290,天车吊运（原料区到胎架）,天车,653.7729796788609,656.7729796788609,3.0
AP2-F3-1-1P,自由边打磨,人工打磨N51,752.2956820415086,752.5926260927906,0.2969440512820256
AP2-F3-1-1S,自由边打磨,人工打磨N51,752.5926260927906,752.8916722466367,0.29904615384612043
AP2-F4-1-1P,自由边打磨,人工打磨N51,752.8916722466367,753.4351286568932,0.5434564102564536
AP2-F4-1-1S,自由边打磨,人工打磨N51,753.4351286568932,754.112625374842,0.6774967179487703
A03S-1290切割后的大件,天车吊运（胎架到成品区）,天车,754.112625374842,759.112625374842,5.0
A03S-1292,天车空驶（胎架到原料区）,天车,709.0,717.0,8.0
A03S-1292,天车吊运（原料区到胎架）,天车,717.0,720.0,3.0
AP2-F2-2P-2BP,分拣,自动分拣N21,1015.6626513823464,1017.2426513823465,1.580000000000041
AP2-F2-2P-2BP,自动打磨,自动打磨N21,1017.2426513823465,1019.3472465410766,2.104595158730149
AP2-F2-2P-2BP,桁架码垛,自动分拣N21,1019.3472465410766,1020.5172465410766,1.169999999999959
AP2-F2-2P-2P,自由边打磨,人工打磨N21,879.3372227327739,879.8078385276457,0.4706157948718328
AP2-F2-3S-2BS,分拣,自动分拣N21,1020.5172465410766,1022.0972465410766,1.580000000000041
AP2-F2-3S-2BS,自动打磨,自动打磨N21,1022.0972465410766,1023.8378140013941,1.740567460317493
AP2-F2-3S-2BS,桁架码垛,自动分拣N21,1023.8378140013941,1025.007814001394,1.169999999999959
AP2-F2-3S-2S,自由边打磨,人工打磨N21,879.8078385276457,880.2922112968764,0.48437276923073114
AP2-F2-3S-3BS,分拣,自动分拣N21,1025.007814001394,1026.587814001394,1.5799999999999272
AP2-F2-3S-3BS,自动打磨,自动打磨N21,1026.587814001394,1028.2646098744099,1.6767958730158625
AP2-F2-3S-3BS,桁架码垛,自动分拣N21,1028.2646098744099,1029.43460987441,1.1700000000000728
AP2-F6-2P-3BP,分拣,自动分拣N21,1029.43460987441,1031.0146098744099,1.5799999999999272
AP2-F6-2P-3BP,自动打磨,自动打磨N21,1031.0146098744099,1032.6623084458383,1.6476985714284638
AP2-F6-2P-3BP,桁架码垛,自动分拣N21,1032.6623084458383,1033.8323084458384,1.1700000000000728
AP2-F6-2P-5BP,分拣,自动分拣N21,1033.8323084458384,1035.4123084458383,1.5799999999999272
AP2-F6-2P-5BP,自动打磨,自动打磨N21,1035.4123084458383,1036.9205233664732,1.5082149206348276
AP2-F6-2P-5BP,桁架码垛,自动分拣N21,1036.9205233664732,1038.0905233664732,1.1700000000000728
AP2-F6-3S-1BS,分拣,自动分拣N21,1038.0905233664732,1039.6705233664732,1.5799999999999272
AP2-F6-3S-1BS,自动打磨,自动打磨N21,1039.6705233664732,1041.6934339220288,2.0229105555556544
AP2-F6-3S-1BS,桁架码垛,自动分拣N21,1041.6934339220288,1042.863433922029,1.1700000000000728
AP2-F6-3S-2BS,分拣,自动分拣N21,1042.863433922029,1043.863433922029,1.0
AP2-F6-3S-3BS,分拣,自动分拣N21,1043.863433922029,1045.4434339220288,1.5799999999999272
AP2-F6-3S-3BS,自动打磨,自动打磨N21,1045.4434339220288,1046.5295766204415,1.0861426984126865
AP2-F6-3S-3BS,桁架码垛,自动分拣N21,1046.5295766204415,1047.6995766204416,1.1700000000000728
AP2-F6-3S-5BS,分拣,自动分拣N21,1047.6995766204416,1049.2795766204415,1.5799999999999272
AP2-F6-3S-5BS,自动打磨,自动打磨N21,1049.2795766204415,1051.3024872553622,2.022910634920663
AP2-F6-3S-5BS,桁架码垛,自动分拣N21,1051.3024872553622,1052.4724872553622,1.1700000000000728
AP2-FB-2P-1P,自由边打磨,人工打磨N21,880.2922112968764,881.0574791430303,0.7652678461538471
AP2-FB-2P-3BP,分拣,自动分拣N21,1052.4724872553622,1054.0524872553622,1.5799999999999272
AP2-FB-2P-3BP,自动打磨,自动打磨N21,1054.0524872553622,1055.7930547950448,1.7405675396826155
AP2-FB-2P-3BP,桁架码垛,自动分拣N21,1055.7930547950448,1056.9630547950449,1.1700000000000728
AP2-FB-2P-4BP,分拣,自动分拣N21,1056.9630547950449,1058.5430547950448,1.5799999999999272
AP2-FB-2P-4BP,自动打磨,自动打磨N21,1058.5430547950448,1060.2764444775844,1.7333896825396096
AP2-FB-2P-4BP,桁架码垛,自动分拣N21,1060.2764444775844,1061.4464444775845,1.1700000000000728
AP2-FB-3S-1S,自由边打磨,人工打磨N21,881.0574791430303,881.4884007840559,0.430921641025634
AP2-FB-3S-5BS,分拣,自动分拣N21,1061.4464444775845,1063.0264444775844,1.5799999999999272
AP2-FB-3S-5BS,自动打磨,自动打磨N21,1063.0264444775844,1064.9789063029812,1.9524618253967674
AP2-FB-3S-5BS,桁架码垛,自动分拣N21,1064.9789063029812,1066.1489063029812,1.1700000000000728
AP2-MG-6SP-1SP,分拣,自动分拣N21,1066.1489063029812,1067.7289063029812,1.5799999999999272
AP2-MG-6SP-1SP,自动打磨,自动打磨N21,1067.7289063029812,1069.088578128378,1.3596718253968447
AP2-MG-6SP-1SP,桁架至坡口工作站,自动分拣N21,1069.088578128378,1070.255278128378,1.1666999999999916
AP2-MG-7SP-1SP,分拣,自动分拣N21,1070.255278128378,1071.835278128378,1.5799999999999272
AP2-MG-7SP-1SP,自动打磨,自动打磨N21,1071.835278128378,1072.9214209061556,1.0861427777776953
AP2-MG-7SP-1SP,桁架至坡口工作站,自动分拣N21,1072.9214209061556,1074.0881209061556,1.1666999999999916
AP2-AE-1B3-1S,分拣,自动分拣N21,1074.0881209061556,1075.6681209061555,1.5799999999999272
AP2-AE-1B3-1S,自动打磨,自动打磨N21,1075.6681209061555,1077.8524899537747,2.184369047619157
AP2-AE-1B3-1S,桁架码垛,自动分拣N21,1077.8524899537747,1079.0224899537748,1.1700000000000728
AP2-AE-1B4-1S,分拣,自动分拣N21,1079.0224899537748,1080.6024899537747,1.5799999999999272
AP2-AE-1B4-1S,自动打磨,自动打磨N21,1080.6024899537747,1082.734025271235,2.131535317460248
AP2-AE-1B4-1S,桁架码垛,自动分拣N21,1082.734025271235,1083.904025271235,1.1700000000000728
AP2-F5-1B2S-1S,分拣,自动分拣N21,1083.904025271235,1085.484025271235,1.5799999999999272
AP2-F5-1B2S-1S,自动打磨,自动打磨N21,1085.484025271235,1087.1638290807587,1.6798038095237189
AP2-F5-1B2S-1S,桁架码垛,自动分拣N21,1087.1638290807587,1088.3338290807587,1.1700000000000728
AP2-FB-3S-9BS,分拣,自动分拣N21,1088.3338290807587,1089.9138290807587,1.5799999999999272
AP2-FB-3S-9BS,自动打磨,自动打磨N21,1089.9138290807587,1091.272383445838,1.3585543650792715
AP2-FB-3S-9BS,桁架码垛,自动分拣N21,1091.272383445838,1092.442383445838,1.1700000000000728
AP2-G2-3B1-1P,分拣,自动分拣N21,1092.442383445838,1094.022383445838,1.5799999999999272
AP2-G2-3B1-1P,自动打磨,自动打磨N21,1094.022383445838,1096.258008366473,2.2356249206350185
AP2-G2-3B1-1P,桁架码垛,自动分拣N21,1096.258008366473,1097.428008366473,1.1700000000000728
TA10-F9-1SP-2SP,分拣,自动分拣N21,1097.428008366473,1099.008008366473,1.5799999999999272
TA10-F9-1SP-2SP,自动打磨,自动打磨N21,1099.008008366473,1100.7413981283778,1.7333897619048457
TA10-F9-1SP-2SP,桁架码垛,自动分拣N21,1100.7413981283778,1101.9113981283779,1.1700000000000728
A03S-1292切割后的大件,天车吊运（胎架到成品区）,天车,884.3372227327739,889.3372227327739,5.0
A03S-1303,天车空驶（胎架到原料区）,天车,741.2956820415086,749.2956820415086,8.0
A03S-1303,天车吊运（原料区到胎架）,天车,749.2956820415086,752.2956820415086,3.0
AP2-G3-3-1P,自由边打磨,人工打磨N51,805.0404219775123,805.4631707980251,0.42274882051276563
AP2-G3-3-1S,自由边打磨,人工打磨N51,805.4631707980251,805.8859196185379,0.42274882051276563
AP2-G4-4-1P,自由边打磨,人工打磨N51,805.8859196185379,807.5068413621276,1.6209217435897472
AP2-G4-4-1S,自由边打磨,人工打磨N51,807.5068413621276,809.1277632082814,1.6209218461538057
AP2-G5-3-1P,自由边打磨,人工打磨N51,809.1277632082814,810.7824762339225,1.6547130256410583
AP2-G5-3-1S,自由边打磨,人工打磨N51,810.7824762339225,811.5670916185378,0.7846153846153356
A03S-1303切割后的大件,天车吊运（胎架到成品区）,天车,811.5670916185378,816.5670916185378,5.0
A03S-1289,天车空驶（胎架到原料区）,天车,794.0404219775123,802.0404219775123,8.0
A03S-1289,天车吊运（原料区到胎架）,天车,802.0404219775123,805.0404219775123,3.0
AP2-F0-1-1P,自由边打磨,人工打磨N51,901.9223119313873,901.9779733672848,0.055661435897491174
AP2-F0-1-1S,自由边打磨,人工打磨N51,901.9779733672848,902.484851572413,0.5068782051282597
AP2-F1-2-1P,自由边打磨,人工打磨N51,902.484851572413,903.1784330595925,0.6935814871794719
AP2-F1-2-1S,自由边打磨,人工打磨N51,903.1784330595925,903.6041930083105,0.42575994871799594
A03S-1289切割后的大件,天车吊运（胎架到成品区）,天车,903.6041930083105,908.6041930083105,5.0
A03S-1251,天车空驶（胎架到原料区）,天车,834.953329032469,842.953329032469,8.0
A03S-1251,天车吊运（原料区到胎架）,天车,842.953329032469,845.953329032469,3.0
AP2-JMG-650P,自由边打磨,人工打磨N21,898.9275431410862,899.2927856026247,0.36524246153851436
AP2-JMG-650S,自由边打磨,人工打磨N21,899.2927856026247,899.8354063205734,0.5426207179486937
A03S-1251切割后的大件,天车吊运（胎架到坡口区）,天车,899.8354063205734,902.8354063205734,3.0
AP2-JMG-650P,人工坡口,人工坡口1,902.8354063205734,938.3481743205734,35.51276800000005
AP2-JMG-650S,人工坡口,人工坡口1,938.3481743205734,973.8609423205735,35.51276800000005
A03S-1251切割后的大件,天车吊运（坡口区到成品区）,天车,973.8609423205735,978.8609423205735,5.0
A03S-1291,天车空驶（胎架到原料区）,天车,908.6041930083105,916.6041930083105,8.0
A03S-1291,天车吊运（原料区到胎架）,天车,916.6041930083105,919.6041930083105,3.0
AP2-F2-1-1P,自由边打磨,人工打磨N21,999.9003789972296,1001.1467074587681,1.2463284615384964
AP2-F2-1-1S,自由边打磨,人工打磨N21,1001.1467074587681,1001.7767715100501,0.6300640512820337
AP2-FA-1-1P,自由边打磨,人工打磨N21,1001.7767715100501,1002.4681654587681,0.6913939487179732
AP2-FA-1-1S,自由边打磨,人工打磨N21,1002.4681654587681,1003.1411132536399,0.6729477948717886
TA10-T10-1B4S-1S,分拣,自动分拣N21,1101.9113981283779,1103.4913981283778,1.5799999999999272
TA10-T10-1B4S-1S,自动打磨,自动打磨N21,1103.4913981283778,1104.8495020966318,1.3581039682539995
TA10-T10-1B4S-1S,桁架码垛,自动分拣N21,1104.8495020966318,1106.0195020966319,1.1700000000000728
A03S-1291切割后的大件,天车吊运（胎架到成品区）,天车,1003.1411132536399,1008.1411132536399,5.0
A03S-1284,天车空驶（胎架到原料区）,天车,919.6041930083105,927.6041930083105,8.0
A03S-1284,天车吊运（原料区到胎架）,天车,927.6041930083105,930.6041930083105,3.0
AP2-F3-1-2S,自由边打磨,人工打磨N51,994.9095915898674,995.6470595898675,0.7374680000000353
A03S-1284切割后的大件,天车吊运（胎架到坡口区）,天车,995.6470595898675,998.6470595898675,3.0
AP2-F3-1-2P,人工坡口,人工坡口1,998.6470595898675,1003.4915435898674,4.844483999999966
AP2-F3-1-2S,人工坡口,人工坡口1,1003.4915435898674,1008.3360275898674,4.844483999999966
AP2-F4-1-2P,人工坡口,人工坡口1,1008.3360275898674,1014.0004595898674,5.664432000000033
AP2-F4-1-2S,人工坡口,人工坡口1,1014.0004595898674,1019.6648915898675,5.664432000000033
A03S-1284切割后的大件,天车吊运（坡口区到成品区）,天车,1019.6648915898675,1024.6648915898675,5.0
A03S-1302,天车空驶（胎架到原料区）,天车,983.9095915898674,991.9095915898674,8.0
A03S-1302,天车吊运（原料区到胎架）,天车,991.9095915898674,994.9095915898674,3.0
AP2-G2-3-1S,自由边打磨,人工打磨N51,1130.6545297907492,1131.2739052779286,0.6193754871794681
AP2-G4-3-1S,自由边打磨,人工打磨N51,1131.2739052779286,1131.9323874317747,0.6584821538460801
AP2-G5-1-1P,自由边打磨,人工打磨N51,1131.9323874317747,1132.5831738933132,0.6507864615384733
AP2-G5-1-1S,自由边打磨,人工打磨N51,1132.5831738933132,1133.2025493804927,0.6193754871794681
AP2-G5-2-1P,自由边打磨,人工打磨N51,1133.2025493804927,1134.7190494317747,1.516500051282037
AP2-G5-2-1S,自由边打磨,人工打磨N51,1134.7190494317747,1136.2355496881848,1.5165002564101542
A03S-1302切割后的大件,天车吊运（胎架到成品区）,天车,1136.2355496881848,1141.2355496881848,5.0
T63S-4099,天车空驶（胎架到原料区）,天车,1008.1411132536399,1016.1411132536399,8.0
T63S-4099,天车吊运（原料区到胎架）,天车,1016.1411132536399,1019.1411132536399,3.0
STA238FC-F240-1SP-1SP,自由边打磨,人工打磨N21,1036.3460285533415,1037.372804040521,1.0267754871795205
T63S-4099切割后的大件,天车吊运（胎架到成品区）,天车,1037.372804040521,1042.372804040521,5.0
T63S-4098,天车空驶（胎架到原料区）,天车,1025.3460285533415,1033.3460285533415,8.0
T63S-4098,天车吊运（原料区到胎架）,天车,1033.3460285533415,1036.3460285533415,3.0
STA238FC-F238-1SP-1SP,自由边打磨,人工打磨N21,1072.7996455396901,1073.8264210268696,1.0267754871795205
T63S-4098切割后的大件,天车吊运（胎架到成品区）,天车,1073.8264210268696,1078.8264210268696,5.0
T63S-4100,天车空驶（胎架到原料区）,天车,1061.7996455396901,1069.7996455396901,8.0
T63S-4100,天车吊运（原料区到胎架）,天车,1069.7996455396901,1072.7996455396901,3.0
STA238FC-F238-CG1-1P,分拣,自动分拣N21,1121.8148712556665,1123.3948712556664,1.5799999999999272
STA238FC-F238-CG1-1P,自动打磨,自动打磨N21,1123.3948712556664,1124.6378681604283,1.242996904761867
STA238FC-F238-CG1-1P,桁架码垛,自动分拣N21,1124.6378681604283,1125.8078681604284,1.1700000000000728
STA238FC-F238-CG1-1S,分拣,自动分拣N21,1125.8078681604284,1127.3878681604283,1.5799999999999272
STA238FC-F238-CG1-1S,自动打磨,自动打磨N21,1127.3878681604283,1128.6308649858252,1.2429968253968582
STA238FC-F238-CG1-1S,桁架码垛,自动分拣N21,1128.6308649858252,1129.8008649858252,1.1700000000000728
STA238FC-F238-CG1D1-1P,分拣,自动分拣N21,1129.8008649858252,1131.3808649858252,1.5799999999999272
STA238FC-F238-CG1D1-1P,自动打磨,自动打磨N21,1131.3808649858252,1133.5908075255077,2.2099425396825154
STA238FC-F238-CG1D1-1P,桁架码垛,自动分拣N21,1133.5908075255077,1134.7608075255077,1.1700000000000728
STA238FC-F238-CG1D1-1S,分拣,自动分拣N21,1134.7608075255077,1136.3408075255077,1.5799999999999272
STA238FC-F238-CG1D1-1S,自动打磨,自动打磨N21,1136.3408075255077,1138.5507500651902,2.2099425396825154
STA238FC-F238-CG1D1-1S,桁架码垛,自动分拣N21,1138.5507500651902,1139.7207500651903,1.1700000000000728
STA238FC-F238-CG2-1P,分拣,自动分拣N21,1139.7207500651903,1141.3007500651902,1.5799999999999272
STA238FC-F238-CG2-1P,自动打磨,自动打磨N21,1141.3007500651902,1142.543746890587,1.2429968253968582
STA238FC-F238-CG2-1P,桁架码垛,自动分拣N21,1142.543746890587,1143.7137468905871,1.1700000000000728
STA238FC-F238-CG2-1S,分拣,自动分拣N21,1143.7137468905871,1145.293746890587,1.5799999999999272
STA238FC-F238-CG2-1S,自动打磨,自动打磨N21,1145.293746890587,1146.536743795349,1.242996904761867
STA238FC-F238-CG2-1S,桁架码垛,自动分拣N21,1146.536743795349,1147.706743795349,1.1700000000000728
STA238FC-F238-CG2D1-1P,分拣,自动分拣N21,1147.706743795349,1149.286743795349,1.5799999999999272
STA238FC-F238-CG2D1-1P,自动打磨,自动打磨N21,1149.286743795349,1151.4966862556664,2.2099424603175066
STA238FC-F238-CG2D1-1P,桁架码垛,自动分拣N21,1151.4966862556664,1152.6666862556665,1.1700000000000728
STA238FC-F238-CG2D1-1S,分拣,自动分拣N21,1152.6666862556665,1154.2466862556664,1.5799999999999272
STA238FC-F238-CG2D1-1S,自动打磨,自动打磨N21,1154.2466862556664,1156.456628795349,2.2099425396825154
STA238FC-F238-CG2D1-1S,桁架码垛,自动分拣N21,1156.456628795349,1157.626628795349,1.1700000000000728
STA238FC-F238-CG3-1P,分拣,自动分拣N21,1157.626628795349,1159.206628795349,1.5799999999999272
STA238FC-F238-CG3-1P,自动打磨,自动打磨N21,1159.206628795349,1160.4496256207458,1.2429968253968582
STA238FC-F238-CG3-1P,桁架码垛,自动分拣N21,1160.4496256207458,1161.6196256207459,1.1700000000000728
STA238FC-F238-CG3-1S,分拣,自动分拣N21,1161.6196256207459,1163.1996256207458,1.5799999999999272
STA238FC-F238-CG3-1S,自动打磨,自动打磨N21,1163.1996256207458,1164.4426225255077,1.242996904761867
STA238FC-F238-CG3-1S,桁架码垛,自动分拣N21,1164.4426225255077,1165.6126225255077,1.1700000000000728
STA238FC-F238-CG3D1-1P,分拣,自动分拣N21,1165.6126225255077,1167.1926225255077,1.5799999999999272
STA238FC-F238-CG3D1-1P,自动打磨,自动打磨N21,1167.1926225255077,1169.4025650651902,2.2099425396825154
STA238FC-F238-CG3D1-1P,桁架码垛,自动分拣N21,1169.4025650651902,1170.5725650651902,1.1700000000000728
STA238FC-F238-CG3D1-1S,分拣,自动分拣N21,1170.5725650651902,1172.1525650651902,1.5799999999999272
STA238FC-F238-CG3D1-1S,自动打磨,自动打磨N21,1172.1525650651902,1174.3625075255077,2.2099424603175066
STA238FC-F238-CG3D1-1S,桁架码垛,自动分拣N21,1174.3625075255077,1175.5325075255078,1.1700000000000728
STA238FC-F238-CG4D1SP-1S,分拣,自动分拣N21,1175.5325075255078,1177.1125075255077,1.5799999999999272
STA238FC-F238-CG4D1SP-1S,自动打磨,自动打磨N21,1177.1125075255077,1179.3224500651902,2.2099425396825154
STA238FC-F238-CG4D1SP-1S,桁架码垛,自动分拣N21,1179.3224500651902,1180.4924500651903,1.1700000000000728
STA238FC-F238-CG4SP-1SP,分拣,自动分拣N21,1180.4924500651903,1182.0724500651902,1.5799999999999272
STA238FC-F238-CG4SP-1SP,自动打磨,自动打磨N21,1182.0724500651902,1183.315446969952,1.242996904761867
STA238FC-F238-CG4SP-1SP,桁架码垛,自动分拣N21,1183.315446969952,1184.4854469699521,1.1700000000000728
STA238FC-F240-CG1-1P,分拣,自动分拣N21,1184.4854469699521,1186.065446969952,1.5799999999999272
STA238FC-F240-CG1-1P,自动打磨,自动打磨N21,1186.065446969952,1187.308443795349,1.2429968253968582
STA238FC-F240-CG1-1P,桁架码垛,自动分拣N21,1187.308443795349,1188.478443795349,1.1700000000000728
STA238FC-F240-CG1-1S,分拣,自动分拣N21,1188.478443795349,1190.058443795349,1.5799999999999272
STA238FC-F240-CG1-1S,自动打磨,自动打磨N21,1190.058443795349,1191.3014407001108,1.242996904761867
STA238FC-F240-CG1-1S,桁架码垛,自动分拣N21,1191.3014407001108,1192.4714407001109,1.1700000000000728
STA238FC-F240-CG1D1-1P,分拣,自动分拣N21,1192.4714407001109,1194.0514407001108,1.5799999999999272
STA238FC-F240-CG1D1-1P,自动打磨,自动打磨N21,1194.0514407001108,1196.2613831604283,2.2099424603175066
STA238FC-F240-CG1D1-1P,桁架码垛,自动分拣N21,1196.2613831604283,1197.4313831604284,1.1700000000000728
STA238FC-F240-CG1D1-1S,分拣,自动分拣N21,1197.4313831604284,1199.0113831604283,1.5799999999999272
STA238FC-F240-CG1D1-1S,自动打磨,自动打磨N21,1199.0113831604283,1201.2213257001108,2.2099425396825154
STA238FC-F240-CG1D1-1S,桁架码垛,自动分拣N21,1201.2213257001108,1202.3913257001109,1.1700000000000728
STA238FC-F240-CG2-1P,分拣,自动分拣N21,1202.3913257001109,1203.9713257001108,1.5799999999999272
STA238FC-F240-CG2-1P,自动打磨,自动打磨N21,1203.9713257001108,1205.2143225255077,1.2429968253968582
STA238FC-F240-CG2-1P,桁架码垛,自动分拣N21,1205.2143225255077,1206.3843225255077,1.1700000000000728
STA238FC-F240-CG2-1S,分拣,自动分拣N21,1206.3843225255077,1207.9643225255077,1.5799999999999272
STA238FC-F240-CG2-1S,自动打磨,自动打磨N21,1207.9643225255077,1209.2073194302695,1.242996904761867
STA238FC-F240-CG2-1S,桁架码垛,自动分拣N21,1209.2073194302695,1210.3773194302696,1.1700000000000728
STA238FC-F240-CG2D1-1P,分拣,自动分拣N21,1210.3773194302696,1211.9573194302695,1.5799999999999272
STA238FC-F240-CG2D1-1P,自动打磨,自动打磨N21,1211.9573194302695,1214.167261969952,2.2099425396825154
STA238FC-F240-CG2D1-1P,桁架码垛,自动分拣N21,1214.167261969952,1215.3372619699521,1.1700000000000728
STA238FC-F240-CG2D1-1S,分拣,自动分拣N21,1215.3372619699521,1216.917261969952,1.5799999999999272
STA238FC-F240-CG2D1-1S,自动打磨,自动打磨N21,1216.917261969952,1219.1272045096346,2.2099425396825154
STA238FC-F240-CG2D1-1S,桁架码垛,自动分拣N21,1219.1272045096346,1220.2972045096346,1.1700000000000728
STA238FC-F240-CG3-1P,分拣,自动分拣N21,1220.2972045096346,1221.8772045096346,1.5799999999999272
STA238FC-F240-CG3-1P,自动打磨,自动打磨N21,1221.8772045096346,1223.1202014143964,1.242996904761867
STA238FC-F240-CG3-1P,桁架码垛,自动分拣N21,1223.1202014143964,1224.2902014143965,1.1700000000000728
STA238FC-F240-CG3-1S,分拣,自动分拣N21,1224.2902014143965,1225.8702014143964,1.5799999999999272
STA238FC-F240-CG3-1S,自动打磨,自动打磨N21,1225.8702014143964,1227.1131982397933,1.2429968253968582
STA238FC-F240-CG3-1S,桁架码垛,自动分拣N21,1227.1131982397933,1228.2831982397934,1.1700000000000728
STA238FC-F240-CG3D1-1P,分拣,自动分拣N21,1228.2831982397934,1229.8631982397933,1.5799999999999272
STA238FC-F240-CG3D1-1P,自动打磨,自动打磨N21,1229.8631982397933,1232.0731407794758,2.2099425396825154
STA238FC-F240-CG3D1-1P,桁架码垛,自动分拣N21,1232.0731407794758,1233.2431407794759,1.1700000000000728
STA238FC-F240-CG3D1-1S,分拣,自动分拣N21,1233.2431407794759,1234.8231407794758,1.5799999999999272
STA238FC-F240-CG3D1-1S,自动打磨,自动打磨N21,1234.8231407794758,1237.0330832397933,2.2099424603175066
STA238FC-F240-CG3D1-1S,桁架码垛,自动分拣N21,1237.0330832397933,1238.2030832397934,1.1700000000000728
STA238FC-F240-CG4D1SP-1S,分拣,自动分拣N21,1238.2030832397934,1239.7830832397933,1.5799999999999272
STA238FC-F240-CG4D1SP-1S,自动打磨,自动打磨N21,1239.7830832397933,1241.9930257794758,2.2099425396825154
STA238FC-F240-CG4D1SP-1S,桁架码垛,自动分拣N21,1241.9930257794758,1243.163025779476,1.1700000000000728
STA238FC-F240-CG4SP-1SP,分拣,自动分拣N21,1243.163025779476,1244.7430257794758,1.5799999999999272
STA238FC-F240-CG4SP-1SP,自动打磨,自动打磨N21,1244.7430257794758,1245.9860226842377,1.242996904761867
STA238FC-F240-CG4SP-1SP,桁架码垛,自动分拣N21,1245.9860226842377,1247.1560226842378,1.1700000000000728
STA238FC-F238A-2P-1P,分拣,自动分拣N21,1247.1560226842378,1248.7360226842377,1.5799999999999272
STA238FC-F238A-2P-1P,自动打磨,自动打磨N21,1248.7360226842377,1252.0847985572536,3.3487758730159385
STA238FC-F238A-2P-1P,桁架码垛,自动分拣N21,1252.0847985572536,1253.2547985572537,1.1700000000000728
STA238FC-F238A-3SP-1SP,分拣,自动分拣N21,1253.2547985572537,1254.8347985572536,1.5799999999999272
STA238FC-F238A-3SP-1SP,自动打磨,自动打磨N21,1254.8347985572536,1257.237486890587,2.4026883333333444
STA238FC-F238A-3SP-1SP,桁架码垛,自动分拣N21,1257.237486890587,1258.407486890587,1.1700000000000728
STA238FC-F238A-4S-1S,分拣,自动分拣N21,1258.407486890587,1259.987486890587,1.5799999999999272
STA238FC-F238A-4S-1S,自动打磨,自动打磨N21,1259.987486890587,1263.341248874714,3.3537619841270043
STA238FC-F238A-4S-1S,桁架码垛,自动分拣N21,1263.341248874714,1264.511248874714,1.1700000000000728
STA238FC-F240A-1SP-1SP,分拣,自动分拣N21,1264.511248874714,1266.091248874714,1.5799999999999272
STA238FC-F240A-1SP-1SP,自动打磨,自动打磨N21,1266.091248874714,1268.8995895889998,2.808340714285805
STA238FC-F240A-1SP-1SP,桁架码垛,自动分拣N21,1268.8995895889998,1270.0695895889999,1.1700000000000728
STA238FC-F240A-2P-1P,分拣,自动分拣N21,1270.0695895889999,1271.6495895889998,1.5799999999999272
STA238FC-F240A-2P-1P,自动打磨,自动打磨N21,1271.6495895889998,1274.9983656207457,3.348776031745956
STA238FC-F240A-2P-1P,桁架码垛,自动分拣N21,1274.9983656207457,1276.1683656207458,1.1700000000000728
STA238FC-F240A-4S-1S,分拣,自动分拣N21,1276.1683656207458,1277.7483656207457,1.5799999999999272
STA238FC-F240A-4S-1S,自动打磨,自动打磨N21,1277.7483656207457,1281.1021275255077,3.3537619047619955
STA238FC-F240A-4S-1S,桁架码垛,自动分拣N21,1281.1021275255077,1282.2721275255078,1.1700000000000728
STA238FC-R3-1B1P-1P,分拣,自动分拣N21,1282.2721275255078,1283.8521275255077,1.5799999999999272
STA238FC-R3-1B1P-1P,自动打磨,自动打磨N21,1283.8521275255077,1286.0308885572538,2.178761031746035
STA238FC-R3-1B1P-1P,桁架码垛,自动分拣N21,1286.0308885572538,1287.2008885572538,1.1700000000000728
T63S-4103,天车空驶（胎架到原料区）,天车,1115.8148712556665,1118.8148712556665,3.0
T63S-4103,天车吊运（原料区到胎架）,天车,1118.8148712556665,1121.8148712556665,3.0
STA238FC-BG-1-1P,自由边打磨,人工打磨N21,1173.106798818,1176.809371843641,3.702573025640959
STA238FC-BG-1-1S,自由边打磨,人工打磨N21,1176.809371843641,1180.3669482538974,3.557576410256388
STA238FC-MG-1SP-1SP,自由边打磨,人工打磨N21,1180.3669482538974,1183.8131110231282,3.4461627692307957
STA238FC-BG-2WP-2P,分拣,自动分拣N21,1287.2008885572538,1288.7808885572538,1.5799999999999272
STA238FC-BG-2WP-2P,自动打磨,自动打磨N21,1288.7808885572538,1291.5943453826505,2.81345682539677
STA238FC-BG-2WP-2P,桁架码垛,自动分拣N21,1291.5943453826505,1292.7643453826506,1.1700000000000728
STA238FC-BG-3WS-2S,分拣,自动分拣N21,1292.7643453826506,1294.3443453826505,1.5799999999999272
STA238FC-BG-3WS-2S,自动打磨,自动打磨N21,1294.3443453826505,1297.1578022080473,2.81345682539677
STA238FC-BG-3WS-2S,桁架码垛,自动分拣N21,1297.1578022080473,1298.3278022080474,1.1700000000000728
STA238FC-MG-2WSP-2SP,分拣,自动分拣N21,1298.3278022080474,1299.9078022080473,1.5799999999999272
STA238FC-MG-2WSP-2SP,自动打磨,自动打磨N21,1299.9078022080473,1302.721259033444,2.81345682539677
STA238FC-MG-2WSP-2SP,桁架码垛,自动分拣N21,1302.721259033444,1303.8912590334442,1.1700000000000728
T63S-4103切割后的大件,天车吊运（胎架到成品区）,天车,1183.8131110231282,1188.8131110231282,5.0
T63S-4089,天车空驶（胎架到原料区）,天车,1121.8148712556665,1129.8148712556665,8.0
T63S-4089,天车吊运（原料区到胎架）,天车,1129.8148712556665,1132.8148712556665,3.0
STA238FC-F240-1SP-4SP,分拣,自动分拣N51,1149.9926863668582,1151.572686366858,1.5799999999999272
STA238FC-F240-1SP-4SP,自动打磨,自动打磨N51,1151.572686366858,1152.572686366858,1.0
STA238FC-F240-1SP-4SP,桁架码垛,自动分拣N51,1152.572686366858,1153.7426863668582,1.1700000000000728
STA238FC-F240-1SP-6SP,分拣,自动分拣N51,1153.7426863668582,1155.322686366858,1.5799999999999272
STA238FC-F240-1SP-6SP,自动打磨,自动打磨N51,1155.322686366858,1156.322686366858,1.0
STA238FC-F240-1SP-6SP,桁架码垛,自动分拣N51,1156.322686366858,1157.4926863668582,1.1700000000000728
STA238FC-F240-3-1P,分拣,自动分拣N51,1157.4926863668582,1159.072686366858,1.5799999999999272
STA238FC-F240-3-1P,自动打磨,自动打磨N51,1159.072686366858,1160.072686366858,1.0
STA238FC-F240-3-1P,桁架码垛,自动分拣N51,1160.072686366858,1161.2426863668582,1.1700000000000728
STA238FC-F240-3-1S,分拣,自动分拣N51,1161.2426863668582,1162.822686366858,1.5799999999999272
STA238FC-F240-3-1S,自动打磨,自动打磨N51,1162.822686366858,1163.822686366858,1.0
STA238FC-F240-3-1S,桁架码垛,自动分拣N51,1163.822686366858,1164.9926863668582,1.1700000000000728
STA238FC-F240-4P-1P,分拣,自动分拣N51,1164.9926863668582,1166.572686366858,1.5799999999999272
STA238FC-F240-4P-1P,自动打磨,自动打磨N51,1166.572686366858,1167.572686366858,1.0
STA238FC-F240-4P-1P,桁架码垛,自动分拣N51,1167.572686366858,1168.7426863668582,1.1700000000000728
T63S-4101,天车空驶（胎架到原料区）,天车,1143.9926863668582,1146.9926863668582,3.0
T63S-4101,天车吊运（原料区到胎架）,天车,1146.9926863668582,1149.9926863668582,3.0
STA238FC-F238-1SP-1BSP,分拣,自动分拣N51,1178.7425265783238,1180.3225265783237,1.5799999999999272
STA238FC-F238-1SP-1BSP,自动打磨,自动打磨N51,1180.3225265783237,1182.8731926100697,2.5506660317460046
STA238FC-F238-1SP-1BSP,桁架码垛,自动分拣N51,1182.8731926100697,1184.0431926100698,1.1700000000000728
STA238FC-F238-1SP-2BSP,分拣,自动分拣N51,1184.0431926100698,1185.6231926100697,1.5799999999999272
STA238FC-F238-1SP-2BSP,自动打磨,自动打磨N51,1185.6231926100697,1188.1738587211807,2.5506661111110134
STA238FC-F238-1SP-2BSP,桁架码垛,自动分拣N51,1188.1738587211807,1189.3438587211808,1.1700000000000728
STA238FC-F238-1SP-3BSP,分拣,自动分拣N51,1189.3438587211808,1190.9238587211807,1.5799999999999272
STA238FC-F238-1SP-3BSP,自动打磨,自动打磨N51,1190.9238587211807,1193.4745248322918,2.5506661111110134
STA238FC-F238-1SP-3BSP,桁架码垛,自动分拣N51,1193.4745248322918,1194.6445248322918,1.1700000000000728
STA238FC-F238-1SP-4BSP,分拣,自动分拣N51,1194.6445248322918,1196.2245248322918,1.5799999999999272
STA238FC-F238-1SP-4BSP,自动打磨,自动打磨N51,1196.2245248322918,1198.7751909434028,2.5506661111110134
STA238FC-F238-1SP-4BSP,桁架码垛,自动分拣N51,1198.7751909434028,1199.9451909434028,1.1700000000000728
STA238FC-F240-1SP-1BSP,分拣,自动分拣N51,1199.9451909434028,1201.5251909434028,1.5799999999999272
STA238FC-F240-1SP-1BSP,自动打磨,自动打磨N51,1201.5251909434028,1204.0758569751488,2.5506660317460046
STA238FC-F240-1SP-1BSP,桁架码垛,自动分拣N51,1204.0758569751488,1205.2458569751489,1.1700000000000728
STA238FC-F240-1SP-2BSP,分拣,自动分拣N51,1205.2458569751489,1206.8258569751488,1.5799999999999272
STA238FC-F240-1SP-2BSP,自动打磨,自动打磨N51,1206.8258569751488,1209.3765230862598,2.5506661111110134
STA238FC-F240-1SP-2BSP,桁架码垛,自动分拣N51,1209.3765230862598,1210.5465230862599,1.1700000000000728
STA238FC-F240-1SP-3BSP,分拣,自动分拣N51,1210.5465230862599,1212.1265230862598,1.5799999999999272
STA238FC-F240-1SP-3BSP,自动打磨,自动打磨N51,1212.1265230862598,1214.6771891180058,2.5506660317460046
STA238FC-F240-1SP-3BSP,桁架码垛,自动分拣N51,1214.6771891180058,1215.8471891180059,1.1700000000000728
STA238FC-F240-1SP-4BSP,分拣,自动分拣N51,1215.8471891180059,1217.4271891180058,1.5799999999999272
STA238FC-F240-1SP-4BSP,自动打磨,自动打磨N51,1217.4271891180058,1219.9778552291168,2.5506661111110134
STA238FC-F240-1SP-4BSP,桁架码垛,自动分拣N51,1219.9778552291168,1221.1478552291169,1.1700000000000728
STA238FC-F240-1SP-5BSP,分拣,自动分拣N51,1221.1478552291169,1222.7278552291168,1.5799999999999272
STA238FC-F240-1SP-5BSP,自动打磨,自动打磨N51,1222.7278552291168,1225.2587275307042,2.530872301587351
STA238FC-F240-1SP-5BSP,桁架码垛,自动分拣N51,1225.2587275307042,1226.4287275307042,1.1700000000000728
STA238FC-F240-1SP-6BSP,分拣,自动分拣N51,1226.4287275307042,1228.0087275307042,1.5799999999999272
STA238FC-F240-1SP-6BSP,自动打磨,自动打磨N51,1228.0087275307042,1230.5395999910215,2.5308724603173687
STA238FC-F240-1SP-6BSP,桁架码垛,自动分拣N51,1230.5395999910215,1231.7095999910216,1.1700000000000728
STA238FC-F240-1SP-7BSP,分拣,自动分拣N51,1231.7095999910216,1233.2895999910215,1.5799999999999272
STA238FC-F240-1SP-7BSP,自动打磨,自动打磨N51,1233.2895999910215,1235.8204722926089,2.530872301587351
STA238FC-F240-1SP-7BSP,桁架码垛,自动分拣N51,1235.8204722926089,1236.990472292609,1.1700000000000728
STA238FC-F240-1SP-8BSP,分拣,自动分拣N51,1236.990472292609,1238.5704722926089,1.5799999999999272
STA238FC-F240-1SP-8BSP,自动打磨,自动打磨N51,1238.5704722926089,1241.1013446735612,2.53087238095236
STA238FC-F240-1SP-8BSP,桁架码垛,自动分拣N51,1241.1013446735612,1242.2713446735613,1.1700000000000728
STA238FC-AG-1-1P,分拣,自动分拣N51,1242.2713446735613,1243.8513446735612,1.5799999999999272
STA238FC-AG-1-1P,自动打磨,自动打磨N51,1243.8513446735612,1246.3797811814977,2.528436507936476
STA238FC-AG-1-1P,桁架码垛,自动分拣N51,1246.3797811814977,1247.5497811814978,1.1700000000000728
STA238FC-AG-1-1S,分拣,自动分拣N51,1247.5497811814978,1249.1297811814977,1.5799999999999272
STA238FC-AG-1-1S,自动打磨,自动打磨N51,1249.1297811814977,1251.6582176894342,2.528436507936476
STA238FC-AG-1-1S,桁架码垛,自动分拣N51,1251.6582176894342,1252.8282176894343,1.1700000000000728
STA238FC-CG-1-1P,分拣,自动分拣N51,1252.8282176894343,1254.4082176894342,1.5799999999999272
STA238FC-CG-1-1P,自动打磨,自动打磨N51,1254.4082176894342,1256.9366541973707,2.528436507936476
STA238FC-CG-1-1P,桁架码垛,自动分拣N51,1256.9366541973707,1258.1066541973707,1.1700000000000728
STA238FC-CG-1-1S,分拣,自动分拣N51,1258.1066541973707,1259.6866541973707,1.5799999999999272
STA238FC-CG-1-1S,自动打磨,自动打磨N51,1259.6866541973707,1262.2150907053071,2.528436507936476
STA238FC-CG-1-1S,桁架码垛,自动分拣N51,1262.2150907053071,1263.3850907053072,1.1700000000000728
T63S-4102,天车空驶（胎架到原料区）,天车,1171.1148712556665,1174.1148712556665,3.0
T63S-4102,天车吊运（原料区到胎架）,天车,1174.1148712556665,1177.1148712556665,3.0
STA238FC-ADD-1SP-1SP,自由边打磨,人工打磨N21,1213.1280264778602,1218.6894051445267,5.561378666666542
T63S-4102切割后的大件,天车吊运（胎架到成品区）,天车,1218.6894051445267,1223.6894051445267,5.0
T63S-4093,天车空驶（胎架到原料区）,天车,1188.8131110231282,1196.8131110231282,8.0
T63S-4093,天车吊运（原料区到胎架）,天车,1196.8131110231282,1199.8131110231282,3.0
STA238FC-F238-1SP-2SP,自由边打磨,人工打磨N51,1226.0291273709915,1231.8599236786838,5.830796307692253
T63S-4093切割后的大件,天车吊运（胎架到成品区）,天车,1231.8599236786838,1236.8599236786838,5.0
T63S-4092,天车空驶（胎架到原料区）,天车,1202.1280264778602,1210.1280264778602,8.0
T63S-4092,天车吊运（原料区到胎架）,天车,1210.1280264778602,1213.1280264778602,3.0
STA238FC-S1-1B1-1P,分拣,自动分拣N21,1303.8912590334442,1305.471259033444,1.5799999999999272
STA238FC-S1-1B1-1P,自动打磨,自动打磨N21,1305.471259033444,1306.7221791128093,1.2509200793651871
STA238FC-S1-1B1-1P,桁架码垛,自动分拣N21,1306.7221791128093,1307.8921791128093,1.1700000000000728
STA238FC-S1-1B1-1S,分拣,自动分拣N21,1307.8921791128093,1309.4721791128093,1.5799999999999272
STA238FC-S1-1B1-1S,自动打磨,自动打磨N21,1309.4721791128093,1310.7230991921745,1.2509200793651871
STA238FC-S1-1B1-1S,桁架码垛,自动分拣N21,1310.7230991921745,1311.8930991921745,1.1700000000000728
STA238FC-S1-2B1-1P,分拣,自动分拣N21,1311.8930991921745,1313.4730991921745,1.5799999999999272
STA238FC-S1-2B1-1P,自动打磨,自动打磨N21,1313.4730991921745,1314.7240192715396,1.2509200793651871
STA238FC-S1-2B1-1P,桁架码垛,自动分拣N21,1314.7240192715396,1315.8940192715397,1.1700000000000728
STA238FC-R2-1B1P-1P,分拣,自动分拣N21,1315.8940192715397,1317.4740192715396,1.5799999999999272
STA238FC-R2-1B1P-1P,自动打磨,自动打磨N21,1317.4740192715396,1318.9754555413808,1.5014362698411787
STA238FC-R2-1B1P-1P,桁架码垛,自动分拣N21,1318.9754555413808,1320.145455541381,1.1700000000000728
STA238FC-R2-1B2P-1P,分拣,自动分拣N21,1320.145455541381,1321.7254555413808,1.5799999999999272
STA238FC-R2-1B2P-1P,自动打磨,自动打磨N21,1321.7254555413808,1323.226891811222,1.5014362698411787
STA238FC-R2-1B2P-1P,桁架码垛,自动分拣N21,1323.226891811222,1324.396891811222,1.1700000000000728
STA238FC-R2-2B1WS-1S,分拣,自动分拣N21,1324.396891811222,1325.976891811222,1.5799999999999272
STA238FC-R2-2B1WS-1S,自动打磨,自动打磨N21,1325.976891811222,1327.486898715984,1.5100069047618945
STA238FC-R2-2B1WS-1S,桁架码垛,自动分拣N21,1327.486898715984,1328.656898715984,1.1700000000000728
STA238FC-R2-2B2WS-1S,分拣,自动分拣N21,1328.656898715984,1330.236898715984,1.5799999999999272
STA238FC-R2-2B2WS-1S,自动打磨,自动打磨N21,1330.236898715984,1331.7469049858253,1.5100062698413694
STA238FC-R2-2B2WS-1S,桁架码垛,自动分拣N21,1331.7469049858253,1332.9169049858253,1.1700000000000728
STA238FC-R2-3B1S-1S,分拣,自动分拣N21,1332.9169049858253,1334.4969049858253,1.5799999999999272
STA238FC-R2-3B1S-1S,自动打磨,自动打磨N21,1334.4969049858253,1336.0015574461427,1.504652460317402
STA238FC-R2-3B1S-1S,桁架码垛,自动分拣N21,1336.0015574461427,1337.1715574461427,1.1700000000000728
STA238FC-R2-3B2S-1S,分拣,自动分拣N21,1337.1715574461427,1338.7515574461427,1.5799999999999272
STA238FC-R2-3B2S-1S,自动打磨,自动打磨N21,1338.7515574461427,1340.25620990646,1.504652460317402
STA238FC-R2-3B2S-1S,桁架码垛,自动分拣N21,1340.25620990646,1341.4262099064601,1.1700000000000728
STA238FC-TOP-1SP-1SP,自由边打磨,人工打磨N21,1259.2633144263102,1260.5584522724641,1.2951378461539207
STA238FC-TOP-1SP-3SP,自由边打磨,人工打磨N21,1260.5584522724641,1261.853590118618,1.2951378461539207
T63S-4092切割后的大件,天车吊运（胎架到坡口区）,天车,1261.853590118618,1264.853590118618,3.0
STA238FC-TOP-1SP-1SP,人工坡口,人工坡口1,1264.853590118618,1281.0240341186181,16.17044400000009
STA238FC-TOP-1SP-3SP,人工坡口,人工坡口1,1281.0240341186181,1297.2144781186182,16.19044400000007
T63S-4092切割后的大件,天车吊运（坡口区到成品区）,天车,1297.2144781186182,1302.2144781186182,5.0
T63S-4088,天车空驶（胎架到原料区）,天车,1236.8599236786838,1244.8599236786838,8.0
T63S-4088,天车吊运（原料区到胎架）,天车,1244.8599236786838,1247.8599236786838,3.0
STA238FC-F238A-3SP-2SP,分拣,自动分拣N51,1263.3850907053072,1264.9650907053071,1.5799999999999272
STA238FC-F238A-3SP-2SP,自动打磨,自动打磨N51,1264.9650907053071,1266.9528563402278,1.9877656349206063
STA238FC-F238A-3SP-2SP,桁架码垛,自动分拣N51,1266.9528563402278,1268.1228563402278,1.1700000000000728
STA238FC-F240-5S-1S,分拣,自动分拣N51,1268.1228563402278,1269.7028563402278,1.5799999999999272
STA238FC-F240-5S-1S,自动打磨,自动打磨N51,1269.7028563402278,1270.7028563402278,1.0
STA238FC-F240-5S-1S,桁架码垛,自动分拣N51,1270.7028563402278,1271.8728563402278,1.1700000000000728
STA238FC-F238A-1P-1P,分拣,自动分拣N51,1271.8728563402278,1273.4528563402278,1.5799999999999272
STA238FC-F238A-1P-1P,自动打磨,自动打磨N51,1273.4528563402278,1275.8934264195927,2.4405700793649885
STA238FC-F238A-1P-1P,桁架码垛,自动分拣N51,1275.8934264195927,1277.0634264195928,1.1700000000000728
T63S-4094,天车空驶（胎架到原料区）,天车,1247.8599236786838,1250.8599236786838,3.0
T63S-4094,天车吊运（原料区到胎架）,天车,1250.8599236786838,1253.8599236786838,3.0
STA238FC-F240-1SP-2SP,分拣,自动分拣N51,1284.8856761866807,1286.4656761866806,1.5799999999999272
STA238FC-F240-1SP-2SP,自动打磨,自动打磨N51,1286.4656761866806,1287.7794749962045,1.3137988095238597
STA238FC-F240-1SP-2SP,桁架码垛,自动分拣N51,1287.7794749962045,1288.9494749962046,1.1700000000000728
STA238FC-F240-1SP-3SP,自由边打磨,人工打磨N51,1284.8856761866807,1291.1082726995012,6.222596512820473
STA238FC-F240-1SP-5SP,分拣,自动分拣N51,1288.9494749962046,1290.5294749962045,1.5799999999999272
STA238FC-F240-1SP-5SP,自动打磨,自动打磨N51,1290.5294749962045,1291.5294749962045,1.0
STA238FC-F240-1SP-5SP,桁架码垛,自动分拣N51,1291.5294749962045,1292.6994749962046,1.1700000000000728
T63S-4094切割后的大件,天车吊运（胎架到成品区）,天车,1291.1082726995012,1296.1082726995012,5.0
T63S-4097,天车空驶（胎架到原料区）,天车,1264.853590118618,1272.853590118618,8.0
T63S-4097,天车吊运（原料区到胎架）,天车,1272.853590118618,1275.853590118618,3.0
STA238FC-P1-1B1-1P,分拣,自动分拣N21,1341.4262099064601,1343.00620990646,1.5799999999999272
STA238FC-P1-1B1-1P,自动打磨,自动打磨N21,1343.00620990646,1345.4121094302695,2.4058995238094667
STA238FC-P1-1B1-1P,桁架码垛,自动分拣N21,1345.4121094302695,1346.5821094302696,1.1700000000000728
STA238FC-P1-1B1-1S,分拣,自动分拣N21,1346.5821094302696,1348.1621094302695,1.5799999999999272
STA238FC-P1-1B1-1S,自动打磨,自动打磨N21,1348.1621094302695,1350.568008954079,2.4058995238094667
STA238FC-P1-1B1-1S,桁架码垛,自动分拣N21,1350.568008954079,1351.738008954079,1.1700000000000728
STA238FC-P1-1B2-1P,分拣,自动分拣N21,1351.738008954079,1353.318008954079,1.5799999999999272
STA238FC-P1-1B2-1P,自动打磨,自动打磨N21,1353.318008954079,1355.156539033444,1.8385300793650003
STA238FC-P1-1B2-1P,桁架码垛,自动分拣N21,1355.156539033444,1356.326539033444,1.1700000000000728
STA238FC-P1-1B2-1S,分拣,自动分拣N21,1356.326539033444,1357.906539033444,1.5799999999999272
STA238FC-P1-1B2-1S,自动打磨,自动打磨N21,1357.906539033444,1359.745069033444,1.8385299999999916
STA238FC-P1-1B2-1S,桁架码垛,自动分拣N21,1359.745069033444,1360.915069033444,1.1700000000000728
STA238FC-P1-1-1P,分拣,自动分拣N21,1360.915069033444,1362.495069033444,1.5799999999999272
STA238FC-P1-1-1P,自动打磨,自动打磨N21,1362.495069033444,1364.7135283191583,2.218459285714289
STA238FC-P1-1-1P,桁架码垛,自动分拣N21,1364.7135283191583,1365.8835283191584,1.1700000000000728
STA238FC-P1-1-1S,分拣,自动分拣N21,1365.8835283191584,1367.4635283191583,1.5799999999999272
STA238FC-P1-1-1S,自动打磨,自动打磨N21,1367.4635283191583,1369.6819876048726,2.218459285714289
STA238FC-P1-1-1S,桁架码垛,自动分拣N21,1369.6819876048726,1370.8519876048726,1.1700000000000728
STA238FC-P1-1F1-2P,分拣,自动分拣N21,1370.8519876048726,1372.4319876048726,1.5799999999999272
STA238FC-P1-1F1-2P,自动打磨,自动打磨N21,1372.4319876048726,1376.985782208047,4.553794603174538
STA238FC-P1-1F1-2P,桁架码垛,自动分拣N21,1376.985782208047,1378.1557822080472,1.1700000000000728
STA238FC-P1-1F1-2S,分拣,自动分拣N21,1378.1557822080472,1379.735782208047,1.5799999999999272
STA238FC-P1-1F1-2S,自动打磨,自动打磨N21,1379.735782208047,1384.2895768112217,4.553794603174538
STA238FC-P1-1F1-2S,桁架码垛,自动分拣N21,1384.2895768112217,1385.4595768112217,1.1700000000000728
T63S-4095,天车空驶（胎架到原料区）,天车,1276.6670515495457,1279.6670515495457,3.0
T63S-4095,天车吊运（原料区到胎架）,天车,1279.6670515495457,1282.6670515495457,3.0
STA238FC-R1-1B1-1P,分拣,自动分拣N21,1385.4595768112217,1387.0395768112217,1.5799999999999272
STA238FC-R1-1B1-1P,自动打磨,自动打磨N21,1387.0395768112217,1388.5500387159836,1.5104619047619963
STA238FC-R1-1B1-1P,桁架码垛,自动分拣N21,1388.5500387159836,1389.7200387159837,1.1700000000000728
STA238FC-R1-1B1-1S,分拣,自动分拣N21,1389.7200387159837,1391.3000387159836,1.5799999999999272
STA238FC-R1-1B1-1S,自动打磨,自动打磨N21,1391.3000387159836,1392.8105014143964,1.5104626984127663
STA238FC-R1-1B1-1S,桁架码垛,自动分拣N21,1392.8105014143964,1393.9805014143965,1.1700000000000728
STA238FC-R1-1B2-1P,分拣,自动分拣N21,1393.9805014143965,1395.5605014143964,1.5799999999999272
STA238FC-R1-1B2-1P,自动打磨,自动打磨N21,1395.5605014143964,1397.070963954079,1.5104625396825213
STA238FC-R1-1B2-1P,桁架码垛,自动分拣N21,1397.070963954079,1398.240963954079,1.1700000000000728
STA238FC-R1-1B2-1S,分拣,自动分拣N21,1398.240963954079,1399.820963954079,1.5799999999999272
STA238FC-R1-1B2-1S,自动打磨,自动打磨N21,1399.820963954079,1401.3314266524917,1.5104626984127663
STA238FC-R1-1B2-1S,桁架码垛,自动分拣N21,1401.3314266524917,1402.5014266524918,1.1700000000000728
STA238FC-R1-2B1P-1P,分拣,自动分拣N21,1402.5014266524918,1404.0814266524917,1.5799999999999272
STA238FC-R1-2B1P-1P,自动打磨,自动打磨N21,1404.0814266524917,1405.5828628429679,1.50143619047617
STA238FC-R1-2B1P-1P,桁架码垛,自动分拣N21,1405.5828628429679,1406.752862842968,1.1700000000000728
STA238FC-R1-2B2P-1P,分拣,自动分拣N21,1406.752862842968,1408.3328628429679,1.5799999999999272
STA238FC-R1-2B2P-1P,自动打磨,自动打磨N21,1408.3328628429679,1409.834299112809,1.5014362698411787
STA238FC-R1-2B2P-1P,桁架码垛,自动分拣N21,1409.834299112809,1411.0042991128091,1.1700000000000728
STA238FC-R1-3B1P-1P,分拣,自动分拣N21,1411.0042991128091,1412.584299112809,1.5799999999999272
STA238FC-R1-3B1P-1P,自动打磨,自动打磨N21,1412.584299112809,1414.0857353826502,1.5014362698411787
STA238FC-R1-3B1P-1P,桁架码垛,自动分拣N21,1414.0857353826502,1415.2557353826503,1.1700000000000728
STA238FC-R1-3B2P-1P,分拣,自动分拣N21,1415.2557353826503,1416.8357353826502,1.5799999999999272
STA238FC-R1-3B2P-1P,自动打磨,自动打磨N21,1416.8357353826502,1418.3371716524914,1.5014362698411787
STA238FC-R1-3B2P-1P,桁架码垛,自动分拣N21,1418.3371716524914,1419.5071716524915,1.1700000000000728
STA238FC-R1-4B1P-1P,分拣,自动分拣N21,1419.5071716524915,1421.0871716524914,1.5799999999999272
STA238FC-R1-4B1P-1P,自动打磨,自动打磨N21,1421.0871716524914,1422.5886078429676,1.50143619047617
STA238FC-R1-4B1P-1P,桁架码垛,自动分拣N21,1422.5886078429676,1423.7586078429676,1.1700000000000728
STA238FC-R1-4B2P-1P,分拣,自动分拣N21,1423.7586078429676,1425.3386078429676,1.5799999999999272
STA238FC-R1-4B2P-1P,自动打磨,自动打磨N21,1425.3386078429676,1426.8400441128088,1.5014362698411787
STA238FC-R1-4B2P-1P,桁架码垛,自动分拣N21,1426.8400441128088,1428.0100441128088,1.1700000000000728
STA238FC-R1-5B1-1P,分拣,自动分拣N21,1428.0100441128088,1429.5900441128088,1.5799999999999272
STA238FC-R1-5B1-1P,自动打磨,自动打磨N21,1429.5900441128088,1431.0992130810628,1.5091689682540164
STA238FC-R1-5B1-1P,桁架码垛,自动分拣N21,1431.0992130810628,1432.2692130810628,1.1700000000000728
STA238FC-R1-5B1-1S,分拣,自动分拣N21,1432.2692130810628,1433.8492130810628,1.5799999999999272
STA238FC-R1-5B1-1S,自动打磨,自动打磨N21,1433.8492130810628,1435.3583820493168,1.5091689682540164
STA238FC-R1-5B1-1S,桁架码垛,自动分拣N21,1435.3583820493168,1436.5283820493169,1.1700000000000728
STA238FC-R1-5B2-1P,分拣,自动分拣N21,1436.5283820493169,1438.1083820493168,1.5799999999999272
STA238FC-R1-5B2-1P,自动打磨,自动打磨N21,1438.1083820493168,1439.6175510175708,1.5091689682540164
STA238FC-R1-5B2-1P,桁架码垛,自动分拣N21,1439.6175510175708,1440.7875510175709,1.1700000000000728
STA238FC-R1-5B2-1S,分拣,自动分拣N21,1440.7875510175709,1442.3675510175708,1.5799999999999272
STA238FC-R1-5B2-1S,自动打磨,自动打磨N21,1442.3675510175708,1443.8767199858248,1.5091689682540164
STA238FC-R1-5B2-1S,桁架码垛,自动分拣N21,1443.8767199858248,1445.046719985825,1.1700000000000728
STA238FC-R1-6B1-1P,分拣,自动分拣N21,1445.046719985825,1446.6267199858248,1.5799999999999272
STA238FC-R1-6B1-1P,自动打磨,自动打磨N21,1446.6267199858248,1448.1358888747136,1.5091688888887802
STA238FC-R1-6B1-1P,桁架码垛,自动分拣N21,1448.1358888747136,1449.3058888747137,1.1700000000000728
STA238FC-R1-6B1-1S,分拣,自动分拣N21,1449.3058888747137,1450.8858888747136,1.5799999999999272
STA238FC-R1-6B1-1S,自动打磨,自动打磨N21,1450.8858888747136,1452.3950579223326,1.5091690476190252
STA238FC-R1-6B1-1S,桁架码垛,自动分拣N21,1452.3950579223326,1453.5650579223327,1.1700000000000728
STA238FC-R1-6B2-1P,分拣,自动分拣N21,1453.5650579223327,1455.1450579223326,1.5799999999999272
STA238FC-R1-6B2-1P,自动打磨,自动打磨N21,1455.1450579223326,1456.6542268905866,1.5091689682540164
STA238FC-R1-6B2-1P,桁架码垛,自动分拣N21,1456.6542268905866,1457.8242268905867,1.1700000000000728
STA238FC-R1-6B2-1S,分拣,自动分拣N21,1457.8242268905867,1459.4042268905866,1.5799999999999272
STA238FC-R1-6B2-1S,自动打磨,自动打磨N21,1459.4042268905866,1460.9133959382057,1.5091690476190252
STA238FC-R1-6B2-1S,桁架码垛,自动分拣N21,1460.9133959382057,1462.0833959382057,1.1700000000000728
STA238FC-R1-7B1S-1S,分拣,自动分拣N21,1462.0833959382057,1463.6633959382057,1.5799999999999272
STA238FC-R1-7B1S-1S,自动打磨,自动打磨N21,1463.6633959382057,1465.1725649064597,1.5091689682540164
STA238FC-R1-7B1S-1S,桁架码垛,自动分拣N21,1465.1725649064597,1466.3425649064598,1.1700000000000728
STA238FC-R1-7B2S-1S,分拣,自动分拣N21,1466.3425649064598,1467.9225649064597,1.5799999999999272
STA238FC-R1-7B2S-1S,自动打磨,自动打磨N21,1467.9225649064597,1469.4317339540787,1.5091690476190252
STA238FC-R1-7B2S-1S,桁架码垛,自动分拣N21,1469.4317339540787,1470.6017339540788,1.1700000000000728
STA238FC-R1-8B1S-1S,分拣,自动分拣N21,1470.6017339540788,1472.1817339540787,1.5799999999999272
STA238FC-R1-8B1S-1S,自动打磨,自动打磨N21,1472.1817339540787,1473.6863864937613,1.5046525396826382
STA238FC-R1-8B1S-1S,桁架码垛,自动分拣N21,1473.6863864937613,1474.8563864937614,1.1700000000000728
STA238FC-R1-8B2S-1S,分拣,自动分拣N21,1474.8563864937614,1476.4363864937613,1.5799999999999272
STA238FC-R1-8B2S-1S,自动打磨,自动打磨N21,1476.4363864937613,1477.9410389540787,1.504652460317402
STA238FC-R1-8B2S-1S,桁架码垛,自动分拣N21,1477.9410389540787,1479.1110389540788,1.1700000000000728
STA238FC-R1-9B1S-1S,分拣,自动分拣N21,1479.1110389540788,1480.6910389540787,1.5799999999999272
STA238FC-R1-9B1S-1S,自动打磨,自动打磨N21,1480.6910389540787,1482.1956914937614,1.5046525396826382
STA238FC-R1-9B1S-1S,桁架码垛,自动分拣N21,1482.1956914937614,1483.3656914937615,1.1700000000000728
STA238FC-R1-9B2S-1S,分拣,自动分拣N21,1483.3656914937615,1484.9456914937614,1.5799999999999272
STA238FC-R1-9B2S-1S,自动打磨,自动打磨N21,1484.9456914937614,1486.4503439540788,1.504652460317402
STA238FC-R1-9B2S-1S,桁架码垛,自动分拣N21,1486.4503439540788,1487.6203439540789,1.1700000000000728
U02S-1347,天车空驶（胎架到原料区）,天车,1282.6670515495457,1285.6670515495457,3.0
U02S-1347,天车吊运（原料区到胎架）,天车,1285.6670515495457,1288.6670515495457,3.0
DC12-F69-1B1SP-1SP,分拣,自动分拣N51,1298.6376023234398,1300.2176023234397,1.5799999999999272
DC12-F69-1B1SP-1SP,自动打磨,自动打磨N51,1300.2176023234397,1301.6411340694715,1.4235317460318129
DC12-F69-1B1SP-1SP,桁架码垛,自动分拣N51,1301.6411340694715,1302.8111340694716,1.1700000000000728
DC12-F69-1B2P-1P,分拣,自动分拣N51,1302.8111340694716,1304.3911340694715,1.5799999999999272
DC12-F69-1B2P-1P,自动打磨,自动打磨N51,1304.3911340694715,1305.8146658155033,1.4235317460318129
DC12-F69-1B2P-1P,桁架码垛,自动分拣N51,1305.8146658155033,1306.9846658155034,1.1700000000000728
DC12-F69-1B3S-1S,分拣,自动分拣N51,1306.9846658155034,1308.5646658155033,1.5799999999999272
DC12-F69-1B3S-1S,自动打磨,自动打磨N51,1308.5646658155033,1310.411729109154,1.8470632936507627
DC12-F69-1B3S-1S,桁架码垛,自动分拣N51,1310.411729109154,1311.5817291091541,1.1700000000000728
DC12-F69-1B5-1P,分拣,自动分拣N51,1311.5817291091541,1313.161729109154,1.5799999999999272
DC12-F69-1B5-1P,自动打磨,自动打磨N51,1313.161729109154,1314.5852608551859,1.4235317460318129
DC12-F69-1B5-1P,桁架码垛,自动分拣N51,1314.5852608551859,1315.755260855186,1.1700000000000728
DC12-F69-1B5-1S,分拣,自动分拣N51,1315.755260855186,1317.3352608551859,1.5799999999999272
DC12-F69-1B5-1S,自动打磨,自动打磨N51,1317.3352608551859,1318.7587926012177,1.4235317460318129
DC12-F69-1B5-1S,桁架码垛,自动分拣N51,1318.7587926012177,1319.9287926012178,1.1700000000000728
DC12-F69-1B6-1P,分拣,自动分拣N51,1319.9287926012178,1321.5087926012177,1.5799999999999272
DC12-F69-1B6-1P,自动打磨,自动打磨N51,1321.5087926012177,1322.9323243472495,1.4235317460318129
DC12-F69-1B6-1P,桁架码垛,自动分拣N51,1322.9323243472495,1324.1023243472496,1.1700000000000728
DC12-F69-1B7-1P,分拣,自动分拣N51,1324.1023243472496,1325.6823243472495,1.5799999999999272
DC12-F69-1B7-1P,自动打磨,自动打磨N51,1325.6823243472495,1327.1058560932813,1.4235317460318129
DC12-F69-1B7-1P,桁架码垛,自动分拣N51,1327.1058560932813,1328.2758560932814,1.1700000000000728
DC12-F69-1B7-1S,分拣,自动分拣N51,1328.2758560932814,1329.8558560932813,1.5799999999999272
DC12-F69-1B7-1S,自动打磨,自动打磨N51,1329.8558560932813,1331.2793878393131,1.4235317460318129
DC12-F69-1B7-1S,桁架码垛,自动分拣N51,1331.2793878393131,1332.4493878393132,1.1700000000000728
DC12-F69-1B8S-1S,分拣,自动分拣N51,1332.4493878393132,1334.0293878393131,1.5799999999999272
DC12-F69-1B8S-1S,自动打磨,自动打磨N51,1334.0293878393131,1335.452919585345,1.4235317460318129
DC12-F69-1B8S-1S,桁架码垛,自动分拣N51,1335.452919585345,1336.622919585345,1.1700000000000728
T63S-4096,天车空驶（胎架到原料区）,天车,1302.2144781186182,1305.2144781186182,3.0
T63S-4096,天车吊运（原料区到胎架）,天车,1305.2144781186182,1308.2144781186182,3.0
STA238FC-AG-2P-1P,分拣,自动分拣N51,1336.622919585345,1338.202919585345,1.5799999999999272
STA238FC-AG-2P-1P,自动打磨,自动打磨N51,1338.202919585345,1340.4602722043926,2.2573526190476514
STA238FC-AG-2P-1P,桁架码垛,自动分拣N51,1340.4602722043926,1341.6302722043927,1.1700000000000728
STA238FC-AG-3S-1S,分拣,自动分拣N51,1341.6302722043927,1343.2102722043926,1.5799999999999272
STA238FC-AG-3S-1S,自动打磨,自动打磨N51,1343.2102722043926,1345.476070458361,2.2657982539683417
STA238FC-AG-3S-1S,桁架码垛,自动分拣N51,1345.476070458361,1346.646070458361,1.1700000000000728
STA238FC-BG-2WP-1P,分拣,自动分拣N51,1346.646070458361,1348.226070458361,1.5799999999999272
STA238FC-BG-2WP-1P,自动打磨,自动打磨N51,1348.226070458361,1349.226070458361,1.0
STA238FC-BG-2WP-1P,桁架码垛,自动分拣N51,1349.226070458361,1350.396070458361,1.1700000000000728
STA238FC-BG-3WS-1S,分拣,自动分拣N51,1350.396070458361,1351.976070458361,1.5799999999999272
STA238FC-BG-3WS-1S,自动打磨,自动打磨N51,1351.976070458361,1352.976070458361,1.0
STA238FC-BG-3WS-1S,桁架码垛,自动分拣N51,1352.976070458361,1354.146070458361,1.1700000000000728
STA238FC-CG-2-1P,分拣,自动分拣N51,1354.146070458361,1355.726070458361,1.5799999999999272
STA238FC-CG-2-1P,自动打磨,自动打磨N51,1355.726070458361,1357.9936290297894,2.2675585714284807
STA238FC-CG-2-1P,桁架码垛,自动分拣N51,1357.9936290297894,1359.1636290297895,1.1700000000000728
STA238FC-CG-2-1S,分拣,自动分拣N51,1359.1636290297895,1360.7436290297894,1.5799999999999272
STA238FC-CG-2-1S,自动打磨,自动打磨N51,1360.7436290297894,1363.011187601218,2.2675585714284807
STA238FC-CG-2-1S,桁架码垛,自动分拣N51,1363.011187601218,1364.181187601218,1.1700000000000728
STA238FC-MG-2WSP-1SP,分拣,自动分拣N51,1364.181187601218,1365.761187601218,1.5799999999999272
STA238FC-MG-2WSP-1SP,自动打磨,自动打磨N51,1365.761187601218,1366.761187601218,1.0
STA238FC-MG-2WSP-1SP,桁架码垛,自动分拣N51,1366.761187601218,1367.931187601218,1.1700000000000728
U02S-1348,天车空驶（胎架到原料区）,天车,1316.9260194075353,1319.9260194075353,3.0
U02S-1348,天车吊运（原料区到胎架）,天车,1319.9260194075353,1322.9260194075353,3.0
DC12-UD-1KSP-14BSP,分拣,自动分拣N21,1487.6203439540789,1489.2003439540788,1.5799999999999272
DC12-UD-1KSP-14BSP,自动打磨,自动打磨N21,1489.2003439540788,1491.3269955413805,2.1266515873016942
DC12-UD-1KSP-14BSP,桁架码垛,自动分拣N21,1491.3269955413805,1492.4969955413806,1.1700000000000728
DC12-UD-1KSP-15BSP,分拣,自动分拣N21,1492.4969955413806,1494.0769955413805,1.5799999999999272
DC12-UD-1KSP-15BSP,自动打磨,自动打磨N21,1494.0769955413805,1496.2036471286822,2.1266515873016942
DC12-UD-1KSP-15BSP,桁架码垛,自动分拣N21,1496.2036471286822,1497.3736471286823,1.1700000000000728
DC12-UD-1KSP-16BSP,分拣,自动分拣N21,1497.3736471286823,1498.9536471286822,1.5799999999999272
DC12-UD-1KSP-16BSP,自动打磨,自动打磨N21,1498.9536471286822,1501.0802987159839,2.1266515873016942
DC12-UD-1KSP-16BSP,桁架码垛,自动分拣N21,1501.0802987159839,1502.250298715984,1.1700000000000728
DC12-UD-1KSP-3BSP,分拣,自动分拣N21,1502.250298715984,1503.8302987159839,1.5799999999999272
DC12-UD-1KSP-3BSP,自动打磨,自动打磨N21,1503.8302987159839,1505.9569503032856,2.1266515873016942
DC12-UD-1KSP-3BSP,桁架码垛,自动分拣N21,1505.9569503032856,1507.1269503032856,1.1700000000000728
DC12-UD-1KSP-4BSP,分拣,自动分拣N21,1507.1269503032856,1508.7069503032856,1.5799999999999272
DC12-UD-1KSP-4BSP,自动打磨,自动打磨N21,1508.7069503032856,1510.8336018905873,2.1266515873016942
DC12-UD-1KSP-4BSP,桁架码垛,自动分拣N21,1510.8336018905873,1512.0036018905873,1.1700000000000728
DC12-UD-1KSP-5BSP,分拣,自动分拣N21,1512.0036018905873,1513.5836018905873,1.5799999999999272
DC12-UD-1KSP-5BSP,自动打磨,自动打磨N21,1513.5836018905873,1515.710253477889,2.1266515873016942
DC12-UD-1KSP-5BSP,桁架码垛,自动分拣N21,1515.710253477889,1516.880253477889,1.1700000000000728
U02S-1338,天车空驶（胎架到原料区）,天车,1329.8587692112214,1332.8587692112214,3.0
U02S-1338,天车吊运（原料区到胎架）,天车,1332.8587692112214,1335.8587692112214,3.0
DC12-F70-1SP-1SP,自由边打磨,人工打磨N51,1378.5345618556682,1379.838396522335,1.3038346666667167
U02S-1338切割后的大件,天车吊运（胎架到坡口区）,天车,1379.838396522335,1382.838396522335,3.0
DC12-F70-1SP-1SP,人工坡口,人工坡口1,1382.838396522335,1403.481676522335,20.643280000000004
U02S-1338切割后的大件,天车吊运（坡口区到成品区）,天车,1403.481676522335,1408.481676522335,5.0
U02S-1344,天车空驶（胎架到原料区）,天车,1341.4334713293952,1349.4334713293952,8.0
U02S-1344,天车吊运（原料区到胎架）,天车,1349.4334713293952,1352.4334713293952,3.0
DC12-AG-3P-1P,自由边打磨,人工打磨N21,1419.5344723388039,1420.8634080823936,1.3289357435896818
DC12-CG-3-1P,自由边打磨,人工打磨N21,1420.8634080823936,1422.2528430567525,1.3894349743588918
DC12-CG-3-1S,自由边打磨,人工打磨N21,1422.2528430567525,1423.6422780311113,1.3894349743588918
DC12-DG-3-1P,自由边打磨,人工打磨N21,1423.6422780311113,1425.0317130054702,1.3894349743588918
DC12-DG-3-1S,自由边打磨,人工打磨N21,1425.0317130054702,1426.4211479798291,1.3894349743588918
DC12-DG-1-1BP,分拣,自动分拣N21,1516.880253477889,1518.460253477889,1.5799999999999272
DC12-DG-1-1BP,自动打磨,自动打磨N21,1518.460253477889,1519.9934268112222,1.5331733333332522
DC12-DG-1-1BP,桁架码垛,自动分拣N21,1519.9934268112222,1521.1634268112223,1.1700000000000728
DC12-DG-1-1BS,分拣,自动分拣N21,1521.1634268112223,1522.7434268112222,1.5799999999999272
DC12-DG-1-1BS,自动打磨,自动打磨N21,1522.7434268112222,1524.2766003826507,1.533173571428506
DC12-DG-1-1BS,桁架码垛,自动分拣N21,1524.2766003826507,1525.4466003826508,1.1700000000000728
DC12-DG-1-2BP,分拣,自动分拣N21,1525.4466003826508,1527.0266003826507,1.5799999999999272
DC12-DG-1-2BP,自动打磨,自动打磨N21,1527.0266003826507,1528.5936523667776,1.5670519841269197
DC12-DG-1-2BP,桁架码垛,自动分拣N21,1528.5936523667776,1529.7636523667777,1.1700000000000728
DC12-DG-1-2BS,分拣,自动分拣N21,1529.7636523667777,1531.3436523667776,1.5799999999999272
DC12-DG-1-2BS,自动打磨,自动打磨N21,1531.3436523667776,1532.9107042715395,1.567051904761911
DC12-DG-1-2BS,桁架码垛,自动分拣N21,1532.9107042715395,1534.0807042715396,1.1700000000000728
DC12-DG-2-1BP,分拣,自动分拣N21,1534.0807042715396,1535.6607042715395,1.5799999999999272
DC12-DG-2-1BP,自动打磨,自动打磨N21,1535.6607042715395,1537.2368820493173,1.5761777777777297
DC12-DG-2-1BP,桁架码垛,自动分拣N21,1537.2368820493173,1538.4068820493173,1.1700000000000728
DC12-DG-2-1BS,分拣,自动分拣N21,1538.4068820493173,1539.9868820493173,1.5799999999999272
DC12-DG-2-1BS,自动打磨,自动打磨N21,1539.9868820493173,1541.563059827095,1.5761777777777297
DC12-DG-2-1BS,桁架码垛,自动分拣N21,1541.563059827095,1542.733059827095,1.1700000000000728
DC12-DG-2-2BP,分拣,自动分拣N21,1542.733059827095,1544.313059827095,1.5799999999999272
DC12-DG-2-2BP,自动打磨,自动打磨N21,1544.313059827095,1545.8462333191585,1.5331734920634972
DC12-DG-2-2BP,桁架码垛,自动分拣N21,1545.8462333191585,1547.0162333191586,1.1700000000000728
DC12-DG-2-2BS,分拣,自动分拣N21,1547.0162333191586,1548.5962333191585,1.5799999999999272
DC12-DG-2-2BS,自动打磨,自动打磨N21,1548.5962333191585,1550.1294066524918,1.5331733333332522
DC12-DG-2-2BS,桁架码垛,自动分拣N21,1550.1294066524918,1551.2994066524918,1.1700000000000728
DC12-DG-2-3BP,分拣,自动分拣N21,1551.2994066524918,1552.8794066524918,1.5799999999999272
DC12-DG-2-3BP,自动打磨,自动打磨N21,1552.8794066524918,1554.4125800651902,1.5331734126984884
DC12-DG-2-3BP,桁架码垛,自动分拣N21,1554.4125800651902,1555.5825800651903,1.1700000000000728
DC12-DG-2-3BS,分拣,自动分拣N21,1555.5825800651903,1557.1625800651902,1.5799999999999272
DC12-DG-2-3BS,自动打磨,自动打磨N21,1557.1625800651902,1558.6957536366187,1.533173571428506
DC12-DG-2-3BS,桁架码垛,自动分拣N21,1558.6957536366187,1559.8657536366188,1.1700000000000728
DC12-F64-1B6-1P,分拣,自动分拣N21,1559.8657536366188,1561.4457536366187,1.5799999999999272
DC12-F64-1B6-1P,自动打磨,自动打磨N21,1561.4457536366187,1563.3442633985235,1.8985097619047338
DC12-F64-1B6-1P,桁架码垛,自动分拣N21,1563.3442633985235,1564.5142633985236,1.1700000000000728
DC12-F64-1B6-1S,分拣,自动分拣N21,1564.5142633985236,1566.0942633985235,1.5799999999999272
DC12-F64-1B6-1S,自动打磨,自动打磨N21,1566.0942633985235,1567.9927732397932,1.8985098412697425
DC12-F64-1B6-1S,桁架码垛,自动分拣N21,1567.9927732397932,1569.1627732397933,1.1700000000000728
DC12-F76-1B6-1P,分拣,自动分拣N21,1569.1627732397933,1570.7427732397932,1.5799999999999272
DC12-F76-1B6-1P,自动打磨,自动打磨N21,1570.7427732397932,1571.817703001698,1.074929761904741
DC12-F76-1B6-1P,桁架码垛,自动分拣N21,1571.817703001698,1572.987703001698,1.1700000000000728
DC12-F76-1B6-1S,分拣,自动分拣N21,1572.987703001698,1574.567703001698,1.5799999999999272
DC12-F76-1B6-1S,自动打磨,自动打磨N21,1574.567703001698,1575.6426328429677,1.0749298412697499
DC12-F76-1B6-1S,桁架码垛,自动分拣N21,1575.6426328429677,1576.8126328429678,1.1700000000000728
U02S-1344切割后的大件,天车吊运（胎架到成品区）,天车,1426.4211479798291,1431.4211479798291,5.0
U02S-1343,天车空驶（胎架到原料区）,天车,1367.5345618556682,1375.5345618556682,8.0
U02S-1343,天车吊运（原料区到胎架）,天车,1375.5345618556682,1378.5345618556682,3.0
DC12-AG-4S-1BS,分拣,自动分拣N51,1560.2690432792992,1561.8490432792992,1.5799999999999272
DC12-AG-4S-1BS,自动打磨,自动打磨N51,1561.8490432792992,1564.2462220094578,2.3971787301586573
DC12-AG-4S-1BS,桁架码垛,自动分拣N51,1564.2462220094578,1565.416222009458,1.1700000000000728
DC12-DG-3-1BP,分拣,自动分拣N51,1565.416222009458,1566.9962220094578,1.5799999999999272
DC12-DG-3-1BP,自动打磨,自动打磨N51,1566.9962220094578,1569.5945937554895,2.5983717460317166
DC12-DG-3-1BP,桁架码垛,自动分拣N51,1569.5945937554895,1570.7645937554896,1.1700000000000728
DC12-DG-3-1BS,分拣,自动分拣N51,1570.7645937554896,1572.3445937554895,1.5799999999999272
DC12-DG-3-1BS,自动打磨,自动打磨N51,1572.3445937554895,1574.9429654221562,2.598371666666708
DC12-DG-3-1BS,桁架码垛,自动分拣N51,1574.9429654221562,1576.1129654221563,1.1700000000000728
DC12-DG-3-2BP,分拣,自动分拣N51,1576.1129654221563,1577.6929654221562,1.5799999999999272
DC12-DG-3-2BP,自动打磨,自动打磨N51,1577.6929654221562,1579.7857815332673,2.0928161111110057
DC12-DG-3-2BP,桁架码垛,自动分拣N51,1579.7857815332673,1580.9557815332673,1.1700000000000728
DC12-DG-3-2BS,分拣,自动分拣N51,1580.9557815332673,1582.5357815332673,1.5799999999999272
DC12-DG-3-2BS,自动打磨,自动打磨N51,1582.5357815332673,1584.0119720094576,1.476190476190368
DC12-DG-3-2BS,桁架码垛,自动分拣N51,1584.0119720094576,1585.1819720094577,1.1700000000000728
DC12-UD-1KSP-12BSP,分拣,自动分拣N51,1585.1819720094577,1586.7619720094576,1.5799999999999272
DC12-UD-1KSP-12BSP,自动打磨,自动打磨N51,1586.7619720094576,1588.8884751840608,2.126503174603158
DC12-UD-1KSP-12BSP,桁架码垛,自动分拣N51,1588.8884751840608,1590.0584751840609,1.1700000000000728
DC12-UD-1KSP-13BSP,分拣,自动分拣N51,1590.0584751840609,1591.6384751840608,1.5799999999999272
DC12-UD-1KSP-13BSP,自动打磨,自动打磨N51,1591.6384751840608,1593.764755501521,2.126280317460214
DC12-UD-1KSP-13BSP,桁架码垛,自动分拣N51,1593.764755501521,1594.934755501521,1.1700000000000728
DC12-UD-1KSP-1BSP,分拣,自动分拣N51,1594.934755501521,1596.514755501521,1.5799999999999272
DC12-UD-1KSP-1BSP,自动打磨,自动打磨N51,1596.514755501521,1598.641258517394,2.1265030158729132
DC12-UD-1KSP-1BSP,桁架码垛,自动分拣N51,1598.641258517394,1599.811258517394,1.1700000000000728
DC12-UD-1KSP-2BSP,分拣,自动分拣N51,1599.811258517394,1601.391258517394,1.5799999999999272
DC12-UD-1KSP-2BSP,自动打磨,自动打磨N51,1601.391258517394,1603.5177615332668,2.1265030158729132
DC12-UD-1KSP-2BSP,桁架码垛,自动分拣N51,1603.5177615332668,1604.687761533267,1.1700000000000728
DC12-UD-1KSP-6BSP,分拣,自动分拣N51,1604.687761533267,1606.2677615332668,1.5799999999999272
DC12-UD-1KSP-6BSP,自动打磨,自动打磨N51,1606.2677615332668,1607.814676771362,1.5469152380951527
DC12-UD-1KSP-6BSP,桁架码垛,自动分拣N51,1607.814676771362,1608.984676771362,1.1700000000000728
DC12-CG-1-1P,自由边打磨,人工打磨N51,1560.2690432792992,1563.1212168690429,2.852173589743643
DC12-CG-1-1S,自由边打磨,人工打磨N51,1563.1212168690429,1565.9733904587865,2.852173589743643
DC12-CG-2-1P,自由边打磨,人工打磨N51,1565.9733904587865,1569.2825276382737,3.309137179487152
DC12-CG-2-1S,自由边打磨,人工打磨N51,1569.2825276382737,1572.591664869043,3.309137230769238
DC12-DG-1-1P,自由边打磨,人工打磨N51,1572.591664869043,1575.549926817761,2.958261948718018
DC12-DG-1-1S,自由边打磨,人工打磨N51,1575.549926817761,1578.5081887151969,2.958261897435932
DC12-DG-1-3BP,分拣,自动分拣N51,1608.984676771362,1610.564676771362,1.5799999999999272
DC12-DG-1-3BP,自动打磨,自动打磨N51,1610.564676771362,1612.0978502634255,1.5331734920634972
DC12-DG-1-3BP,桁架码垛,自动分拣N51,1612.0978502634255,1613.2678502634255,1.1700000000000728
DC12-DG-1-4BS,分拣,自动分拣N51,1613.2678502634255,1614.8478502634255,1.5799999999999272
DC12-DG-1-4BS,自动打磨,自动打磨N51,1614.8478502634255,1616.381023755489,1.5331734920634972
DC12-DG-1-4BS,桁架码垛,自动分拣N51,1616.381023755489,1617.551023755489,1.1700000000000728
DC12-DG-2-1P,自由边打磨,人工打磨N51,1578.5081887151969,1581.9067365100686,3.3985477948717744
DC12-DG-2-1S,自由边打磨,人工打磨N51,1581.9067365100686,1585.3052844587867,3.398547948718033
DC12-DG-2-4BP,分拣,自动分拣N51,1617.551023755489,1619.131023755489,1.5799999999999272
DC12-DG-2-4BP,自动打磨,自动打磨N51,1619.131023755489,1620.6641971681875,1.5331734126984884
DC12-DG-2-4BP,桁架码垛,自动分拣N51,1620.6641971681875,1621.8341971681875,1.1700000000000728
DC12-DG-2-5BS,分拣,自动分拣N51,1621.8341971681875,1623.4141971681875,1.5799999999999272
DC12-DG-2-5BS,自动打磨,自动打磨N51,1623.4141971681875,1624.947370580886,1.5331734126984884
DC12-DG-2-5BS,桁架码垛,自动分拣N51,1624.947370580886,1626.117370580886,1.1700000000000728
DC12-F64-1B10-1P,分拣,自动分拣N51,1626.117370580886,1627.697370580886,1.5799999999999272
DC12-F64-1B10-1P,自动打磨,自动打磨N51,1627.697370580886,1630.0980778824733,2.4007073015873175
DC12-F64-1B10-1P,桁架码垛,自动分拣N51,1630.0980778824733,1631.2680778824733,1.1700000000000728
DC12-F64-1B10-1S,分拣,自动分拣N51,1631.2680778824733,1632.8480778824733,1.5799999999999272
DC12-F64-1B10-1S,自动打磨,自动打磨N51,1632.8480778824733,1635.2487852634256,2.4007073809523263
DC12-F64-1B10-1S,桁架码垛,自动分拣N51,1635.2487852634256,1636.4187852634257,1.1700000000000728
DC12-F64-1B11-1P,分拣,自动分拣N51,1636.4187852634257,1637.9987852634256,1.5799999999999272
DC12-F64-1B11-1P,自动打磨,自动打磨N51,1637.9987852634256,1639.9660181999336,1.9672329365080259
DC12-F64-1B11-1P,桁架码垛,自动分拣N51,1639.9660181999336,1641.1360181999337,1.1700000000000728
DC12-F64-1B11-1S,分拣,自动分拣N51,1641.1360181999337,1642.7160181999336,1.5799999999999272
DC12-F64-1B11-1S,自动打磨,自动打磨N51,1642.7160181999336,1644.683251374537,1.9672331746032796
DC12-F64-1B11-1S,桁架码垛,自动分拣N51,1644.683251374537,1645.853251374537,1.1700000000000728
DC12-F64-1B8-1P,分拣,自动分拣N51,1645.853251374537,1647.433251374537,1.5799999999999272
DC12-F64-1B8-1P,自动打磨,自动打磨N51,1647.433251374537,1649.8766748666003,2.4434234920634026
DC12-F64-1B8-1P,桁架码垛,自动分拣N51,1649.8766748666003,1651.0466748666004,1.1700000000000728
DC12-F64-1B9-1P,分拣,自动分拣N51,1651.0466748666004,1652.6266748666003,1.5799999999999272
DC12-F64-1B9-1P,自动打磨,自动打磨N51,1652.6266748666003,1655.0580142316796,2.4313393650793387
DC12-F64-1B9-1P,桁架码垛,自动分拣N51,1655.0580142316796,1656.2280142316797,1.1700000000000728
DC12-F64-1B9-1S,分拣,自动分拣N51,1656.2280142316797,1657.8080142316796,1.5799999999999272
DC12-F64-1B9-1S,自动打磨,自动打磨N51,1657.8080142316796,1660.239353676124,2.4313394444443475
DC12-F64-1B9-1S,桁架码垛,自动分拣N51,1660.239353676124,1661.409353676124,1.1700000000000728
DC12-F76-1B1-1P,分拣,自动分拣N51,1661.409353676124,1662.989353676124,1.5799999999999272
DC12-F76-1B1-1P,自动打磨,自动打磨N51,1662.989353676124,1665.2632308983461,2.273877222222154
DC12-F76-1B1-1P,桁架码垛,自动分拣N51,1665.2632308983461,1666.4332308983462,1.1700000000000728
DC12-F76-1B10-1P,分拣,自动分拣N51,1666.4332308983462,1668.0132308983461,1.5799999999999272
DC12-F76-1B10-1P,自动打磨,自动打磨N51,1668.0132308983461,1670.4044047078698,2.391173809523707
DC12-F76-1B10-1P,桁架码垛,自动分拣N51,1670.4044047078698,1671.57440470787,1.1700000000000728
DC12-F76-1B10-1S,分拣,自动分拣N51,1671.57440470787,1673.1544047078698,1.5799999999999272
DC12-F76-1B10-1S,自动打磨,自动打磨N51,1673.1544047078698,1675.5455786761238,2.391173968253952
DC12-F76-1B10-1S,桁架码垛,自动分拣N51,1675.5455786761238,1676.7155786761239,1.1700000000000728
DC12-F76-1B11-1P,分拣,自动分拣N51,1676.7155786761239,1678.2955786761238,1.5799999999999272
DC12-F76-1B11-1P,自动打磨,自动打磨N51,1678.2955786761238,1680.2516345491397,1.9560558730158846
DC12-F76-1B11-1P,桁架码垛,自动分拣N51,1680.2516345491397,1681.4216345491398,1.1700000000000728
DC12-F76-1B11-1S,分拣,自动分拣N51,1681.4216345491398,1683.0016345491397,1.5799999999999272
DC12-F76-1B11-1S,自动打磨,自动打磨N51,1683.0016345491397,1684.9576904221556,1.9560558730158846
DC12-F76-1B11-1S,桁架码垛,自动分拣N51,1684.9576904221556,1686.1276904221556,1.1700000000000728
DC12-F76-1B8-1P,分拣,自动分拣N51,1686.1276904221556,1687.7076904221556,1.5799999999999272
DC12-F76-1B8-1P,自动打磨,自动打磨N51,1687.7076904221556,1690.1415804221556,2.4338900000000194
DC12-F76-1B8-1P,桁架码垛,自动分拣N51,1690.1415804221556,1691.3115804221557,1.1700000000000728
DC12-F76-1B9-1P,分拣,自动分拣N51,1691.3115804221557,1692.8915804221556,1.5799999999999272
DC12-F76-1B9-1P,自动打磨,自动打磨N51,1692.8915804221556,1695.3133863745365,2.4218059523809643
DC12-F76-1B9-1P,桁架码垛,自动分拣N51,1695.3133863745365,1696.4833863745366,1.1700000000000728
DC12-F76-1B9-1S,分拣,自动分拣N51,1696.4833863745366,1698.0633863745365,1.5799999999999272
DC12-F76-1B9-1S,自动打磨,自动打磨N51,1698.0633863745365,1700.4851923269175,2.4218059523809643
DC12-F76-1B9-1S,桁架码垛,自动分拣N51,1700.4851923269175,1701.6551923269176,1.1700000000000728
U02S-1343切割后的大件,天车吊运（胎架到成品区）,天车,1585.3052844587867,1590.3052844587867,5.0
U02S-1346,天车空驶（胎架到原料区）,天车,1408.5344723388039,1416.5344723388039,8.0
U02S-1346,天车吊运（原料区到胎架）,天车,1416.5344723388039,1419.5344723388039,3.0
DC12-AG-1-2BP,分拣,自动分拣N21,1576.8126328429678,1578.3926328429677,1.5799999999999272
DC12-AG-1-2BP,自动打磨,自动打磨N21,1578.3926328429677,1580.5874303032851,2.1947974603174316
DC12-AG-1-2BP,桁架至坡口工作站,自动分拣N21,1580.5874303032851,1581.7541303032851,1.1666999999999916
DC12-AG-1-2BS,分拣,自动分拣N21,1581.7541303032851,1583.334130303285,1.5799999999999272
DC12-AG-1-2BS,自动打磨,自动打磨N21,1583.334130303285,1585.5289277636025,2.1947974603174316
DC12-AG-1-2BS,桁架至坡口工作站,自动分拣N21,1585.5289277636025,1586.6956277636025,1.1666999999999916
DC12-AG-2-2BP,分拣,自动分拣N21,1586.6956277636025,1588.2756277636024,1.5799999999999272
DC12-AG-2-2BP,自动打磨,自动打磨N21,1588.2756277636024,1590.3850274461422,2.109399682539788
DC12-AG-2-2BP,桁架至坡口工作站,自动分拣N21,1590.3850274461422,1591.5517274461422,1.1666999999999916
DC12-AG-2-2BS,分拣,自动分拣N21,1591.5517274461422,1593.1317274461421,1.5799999999999272
DC12-AG-2-2BS,自动打磨,自动打磨N21,1593.1317274461421,1595.2411269699517,2.109399523809543
DC12-AG-2-2BS,桁架至坡口工作站,自动分拣N21,1595.2411269699517,1596.4078269699517,1.1666999999999916
DC12-CG-2-3BP,分拣,自动分拣N21,1596.4078269699517,1597.9878269699516,1.5799999999999272
DC12-CG-2-3BP,自动打磨,自动打磨N21,1597.9878269699516,1600.0047776842373,2.016950714285713
DC12-CG-2-3BP,桁架至坡口工作站,自动分拣N21,1600.0047776842373,1601.1714776842373,1.1666999999999916
DC12-CG-2-3BS,分拣,自动分拣N21,1601.1714776842373,1602.7514776842372,1.5799999999999272
DC12-CG-2-3BS,自动打磨,自动打磨N21,1602.7514776842372,1604.768428398523,2.016950714285713
DC12-CG-2-3BS,桁架至坡口工作站,自动分拣N21,1604.768428398523,1605.935128398523,1.1666999999999916
DC12-F64-1B7-1P,分拣,自动分拣N21,1605.935128398523,1607.5151283985228,1.5799999999999272
DC12-F64-1B7-1P,自动打磨,自动打磨N21,1607.5151283985228,1609.3521901445547,1.83706174603185
DC12-F64-1B7-1P,桁架码垛,自动分拣N21,1609.3521901445547,1610.5221901445548,1.1700000000000728
DC12-F64-1B7-1S,分拣,自动分拣N21,1610.5221901445548,1612.1021901445547,1.5799999999999272
DC12-F64-1B7-1S,自动打磨,自动打磨N21,1612.1021901445547,1613.9392519699516,1.8370618253968587
DC12-F64-1B7-1S,桁架码垛,自动分拣N21,1613.9392519699516,1615.1092519699516,1.1700000000000728
DC12-F76-1B7-1P,分拣,自动分拣N21,1615.1092519699516,1616.6892519699516,1.5799999999999272
DC12-F76-1B7-1P,自动打磨,自动打磨N21,1616.6892519699516,1618.5151366524913,1.8258846825397086
DC12-F76-1B7-1P,桁架码垛,自动分拣N21,1618.5151366524913,1619.6851366524913,1.1700000000000728
DC12-F76-1B7-1S,分拣,自动分拣N21,1619.6851366524913,1621.2651366524913,1.5799999999999272
DC12-F76-1B7-1S,自动打磨,自动打磨N21,1621.2651366524913,1623.091021335031,1.8258846825397086
DC12-F76-1B7-1S,桁架码垛,自动分拣N21,1623.091021335031,1624.261021335031,1.1700000000000728
U02S-1345,天车空驶（胎架到原料区）,天车,1440.6032994063926,1443.6032994063926,3.0
U02S-1345,天车吊运（原料区到胎架）,天车,1443.6032994063926,1446.6032994063926,3.0
DC12-AG-1-1BP,分拣,自动分拣N21,1624.261021335031,1625.841021335031,1.5799999999999272
DC12-AG-1-1BP,自动打磨,自动打磨N21,1625.841021335031,1627.430657446142,1.5896361111110764
DC12-AG-1-1BP,桁架码垛,自动分拣N21,1627.430657446142,1628.6006574461421,1.1700000000000728
DC12-AG-1-1BS,分拣,自动分拣N21,1628.6006574461421,1630.180657446142,1.5799999999999272
DC12-AG-1-1BS,自动打磨,自动打磨N21,1630.180657446142,1631.7702936366181,1.5896361904760852
DC12-AG-1-1BS,桁架码垛,自动分拣N21,1631.7702936366181,1632.9402936366182,1.1700000000000728
DC12-AG-2-1BP,分拣,自动分拣N21,1632.9402936366182,1634.5202936366181,1.5799999999999272
DC12-AG-2-1BP,自动打磨,自动打磨N21,1634.5202936366181,1636.1099298270942,1.5896361904760852
DC12-AG-2-1BP,桁架码垛,自动分拣N21,1636.1099298270942,1637.2799298270943,1.1700000000000728
DC12-AG-2-1BS,分拣,自动分拣N21,1637.2799298270943,1638.8599298270942,1.5799999999999272
DC12-AG-2-1BS,自动打磨,自动打磨N21,1638.8599298270942,1640.4495660175703,1.5896361904760852
DC12-AG-2-1BS,桁架码垛,自动分拣N21,1640.4495660175703,1641.6195660175704,1.1700000000000728
DC12-CG-1-1BP,分拣,自动分拣N21,1641.6195660175704,1643.1995660175703,1.5799999999999272
DC12-CG-1-1BP,自动打磨,自动打磨N21,1643.1995660175703,1644.6508603826496,1.4512943650793204
DC12-CG-1-1BP,桁架码垛,自动分拣N21,1644.6508603826496,1645.8208603826497,1.1700000000000728
DC12-CG-1-1BS,分拣,自动分拣N21,1645.8208603826497,1647.4008603826496,1.5799999999999272
DC12-CG-1-1BS,自动打磨,自动打磨N21,1647.4008603826496,1648.852154747729,1.4512943650793204
DC12-CG-1-1BS,桁架码垛,自动分拣N21,1648.852154747729,1650.022154747729,1.1700000000000728
DC12-CG-1-2BP,分拣,自动分拣N21,1650.022154747729,1651.602154747729,1.5799999999999272
DC12-CG-1-2BP,自动打磨,自动打磨N21,1651.602154747729,1653.1261810175702,1.5240262698412153
DC12-CG-1-2BP,桁架码垛,自动分拣N21,1653.1261810175702,1654.2961810175702,1.1700000000000728
DC12-CG-1-2BS,分拣,自动分拣N21,1654.2961810175702,1655.8761810175702,1.5799999999999272
DC12-CG-1-2BS,自动打磨,自动打磨N21,1655.8761810175702,1657.4002074461416,1.5240264285714602
DC12-CG-1-2BS,桁架码垛,自动分拣N21,1657.4002074461416,1658.5702074461417,1.1700000000000728
DC12-CG-2-1BP,分拣,自动分拣N21,1658.5702074461417,1660.1502074461416,1.5799999999999272
DC12-CG-2-1BP,自动打磨,自动打磨N21,1660.1502074461416,1661.601501811221,1.4512943650793204
DC12-CG-2-1BP,桁架码垛,自动分拣N21,1661.601501811221,1662.771501811221,1.1700000000000728
DC12-CG-2-1BS,分拣,自动分拣N21,1662.771501811221,1664.351501811221,1.5799999999999272
DC12-CG-2-1BS,自动打磨,自动打磨N21,1664.351501811221,1665.8027961763003,1.4512943650793204
DC12-CG-2-1BS,桁架码垛,自动分拣N21,1665.8027961763003,1666.9727961763003,1.1700000000000728
DC12-CG-2-2BP,分拣,自动分拣N21,1666.9727961763003,1668.5527961763003,1.5799999999999272
DC12-CG-2-2BP,自动打磨,自动打磨N21,1668.5527961763003,1670.0040905413796,1.4512943650793204
DC12-CG-2-2BP,桁架码垛,自动分拣N21,1670.0040905413796,1671.1740905413797,1.1700000000000728
DC12-CG-2-2BS,分拣,自动分拣N21,1671.1740905413797,1672.7540905413796,1.5799999999999272
DC12-CG-2-2BS,自动打磨,自动打磨N21,1672.7540905413796,1674.205384906459,1.4512943650793204
DC12-CG-2-2BS,桁架码垛,自动分拣N21,1674.205384906459,1675.375384906459,1.1700000000000728
U02S-1341,天车空驶（胎架到原料区）,天车,1458.6175612260995,1461.6175612260995,3.0
U02S-1341,天车吊运（原料区到胎架）,天车,1461.6175612260995,1464.6175612260995,3.0
DC12-F68-1SP-1SP,分拣,自动分拣N21,1675.375384906459,1676.955384906459,1.5799999999999272
DC12-F68-1SP-1SP,自动打磨,自动打磨N21,1676.955384906459,1682.7095892715383,5.754204365079431
DC12-F68-1SP-1SP,桁架码垛,自动分拣N21,1682.7095892715383,1683.8795892715384,1.1700000000000728
DC12-F71-1SP-1SP,分拣,自动分拣N21,1683.8795892715384,1685.4595892715383,1.5799999999999272
DC12-F71-1SP-1SP,自动打磨,自动打磨N21,1685.4595892715383,1688.098403001697,2.638813730158745
DC12-F71-1SP-1SP,桁架码垛,自动分拣N21,1688.098403001697,1689.2684030016972,1.1700000000000728
DC12-F72-1SP-1SP,分拣,自动分拣N21,1689.2684030016972,1690.848403001697,1.5799999999999272
DC12-F72-1SP-1SP,自动打磨,自动打磨N21,1690.848403001697,1696.4588226048718,5.610419603174705
DC12-F72-1SP-1SP,桁架码垛,自动分拣N21,1696.4588226048718,1697.6288226048719,1.1700000000000728
DC12-UD-1KSP-7BSP,分拣,自动分拣N21,1697.6288226048719,1699.2088226048718,1.5799999999999272
DC12-UD-1KSP-7BSP,自动打磨,自动打磨N21,1699.2088226048718,1700.2837709382052,1.0749483333333956
DC12-UD-1KSP-7BSP,桁架码垛,自动分拣N21,1700.2837709382052,1701.4537709382053,1.1700000000000728
DC12-UD-1KSP-9BSP,分拣,自动分拣N21,1701.4537709382053,1703.0337709382052,1.5799999999999272
DC12-UD-1KSP-9BSP,自动打磨,自动打磨N21,1703.0337709382052,1705.4523144302686,2.4185434920634634
DC12-UD-1KSP-9BSP,桁架码垛,自动分拣N21,1705.4523144302686,1706.6223144302687,1.1700000000000728
DC12-F71-2-1P,分拣,自动分拣N21,1706.6223144302687,1708.2023144302686,1.5799999999999272
DC12-F71-2-1P,自动打磨,自动打磨N21,1708.2023144302686,1712.210095938205,4.007781507936443
DC12-F71-2-1P,桁架码垛,自动分拣N21,1712.210095938205,1713.3800959382052,1.1700000000000728
DC12-F71-2-1S,分拣,自动分拣N21,1713.3800959382052,1714.960095938205,1.5799999999999272
DC12-F71-2-1S,自动打磨,自动打磨N21,1714.960095938205,1718.9678772874115,4.007781349206425
DC12-F71-2-1S,桁架码垛,自动分拣N21,1718.9678772874115,1720.1378772874116,1.1700000000000728
DC12-UD-1KSP-11BSP,分拣,自动分拣N21,1720.1378772874116,1721.7178772874115,1.5799999999999272
DC12-UD-1KSP-11BSP,自动打磨,自动打磨N21,1721.7178772874115,1723.6306505413797,1.9127732539682256
DC12-UD-1KSP-11BSP,桁架码垛,自动分拣N21,1723.6306505413797,1724.8006505413798,1.1700000000000728
U02S-1335,天车空驶（胎架到原料区）,天车,1496.4481526820653,1499.4481526820653,3.0
U02S-1335,天车吊运（原料区到胎架）,天车,1499.4481526820653,1502.4481526820653,3.0
DC12-UD-1KSP-10BSP,分拣,自动分拣N21,1724.8006505413798,1726.3806505413797,1.5799999999999272
DC12-UD-1KSP-10BSP,自动打磨,自动打磨N21,1726.3806505413797,1728.8117003032844,2.43104976190466
DC12-UD-1KSP-10BSP,桁架码垛,自动分拣N21,1728.8117003032844,1729.9817003032845,1.1700000000000728
DC12-UD-1KSP-8BSP,分拣,自动分拣N21,1729.9817003032845,1731.5617003032844,1.5799999999999272
DC12-UD-1KSP-8BSP,自动打磨,自动打磨N21,1731.5617003032844,1733.3608715731257,1.7991712698412812
DC12-UD-1KSP-8BSP,桁架码垛,自动分拣N21,1733.3608715731257,1734.5308715731258,1.1700000000000728
DC12-CHL-1E-1P,分拣,自动分拣N21,1734.5308715731258,1735.5308715731258,1.0
DC12-CHL-1E-1P,桁架至坡口工作站,自动分拣N21,1735.5308715731258,1736.6975715731257,1.1666999999999916
DC12-CHL-1E-1S,分拣,自动分拣N21,1736.6975715731257,1737.6975715731257,1.0
DC12-CHL-1E-1S,桁架至坡口工作站,自动分拣N21,1737.6975715731257,1738.8642715731257,1.1666999999999916
DC12-CHL-2E-1P,分拣,自动分拣N21,1738.8642715731257,1739.8642715731257,1.0
DC12-CHL-2E-1P,桁架至坡口工作站,自动分拣N21,1739.8642715731257,1741.0309715731257,1.1666999999999916
DC12-CHL-2E-1S,分拣,自动分拣N21,1741.0309715731257,1742.0309715731257,1.0
DC12-CHL-2E-1S,桁架至坡口工作站,自动分拣N21,1742.0309715731257,1743.1976715731257,1.1666999999999916
DC12-CHL-4E-1P,分拣,自动分拣N21,1743.1976715731257,1744.7776715731256,1.5799999999999272
DC12-CHL-4E-1P,自动打磨,自动打磨N21,1744.7776715731256,1746.7694744302685,1.9918028571428295
DC12-CHL-4E-1P,桁架至坡口工作站,自动分拣N21,1746.7694744302685,1747.9361744302685,1.1666999999999916
DC12-CHL-4E-1S,分拣,自动分拣N21,1747.9361744302685,1749.5161744302684,1.5799999999999272
DC12-CHL-4E-1S,自动打磨,自动打磨N21,1749.5161744302684,1751.5079771286812,1.9918026984128119
DC12-CHL-4E-1S,桁架至坡口工作站,自动分拣N21,1751.5079771286812,1752.6746771286812,1.1666999999999916
DC12-CHL-6E-1P,分拣,自动分拣N21,1752.6746771286812,1754.2546771286811,1.5799999999999272
DC12-CHL-6E-1P,自动打磨,自动打磨N21,1754.2546771286811,1756.0239552239193,1.7692780952381781
DC12-CHL-6E-1P,桁架至坡口工作站,自动分拣N21,1756.0239552239193,1757.1906552239193,1.1666999999999916
DC12-CHL-6E-1S,分拣,自动分拣N21,1757.1906552239193,1758.7706552239192,1.5799999999999272
DC12-CHL-6E-1S,自动打磨,自动打磨N21,1758.7706552239192,1760.5399332397922,1.769278015872942
DC12-CHL-6E-1S,桁架至坡口工作站,自动分拣N21,1760.5399332397922,1761.7066332397922,1.1666999999999916
U02S-1340,天车空驶（胎架到原料区）,天车,1554.2690432792992,1557.2690432792992,3.0
U02S-1340,天车吊运（原料区到胎架）,天车,1557.2690432792992,1560.2690432792992,3.0
DC12-AG-1-1P,自由边打磨,人工打磨N51,1662.0135422885453,1664.7699815705967,2.7564392820513604
DC12-AG-1-1S,自由边打磨,人工打磨N51,1664.7699815705967,1667.526420852648,2.7564392820513604
DC12-AG-2-1P,自由边打磨,人工打磨N51,1667.526420852648,1670.798719724443,3.2722988717948738
DC12-AG-2-1S,自由边打磨,人工打磨N51,1670.798719724443,1674.0710194680325,3.272299743589656
DC12-F64-1B1-1P,分拣,自动分拣N51,1701.6551923269176,1703.2351923269175,1.5799999999999272
DC12-F64-1B1-1P,自动打磨,自动打磨N51,1703.2351923269175,1705.5180896285049,2.2828973015873544
DC12-F64-1B1-1P,桁架码垛,自动分拣N51,1705.5180896285049,1706.688089628505,1.1700000000000728
DC12-F64-1B1-1S,分拣,自动分拣N51,1706.688089628505,1708.2680896285049,1.5799999999999272
DC12-F64-1B1-1S,自动打磨,自动打磨N51,1708.2680896285049,1710.550986612632,2.282896984127092
DC12-F64-1B1-1S,桁架码垛,自动分拣N51,1710.550986612632,1711.720986612632,1.1700000000000728
DC12-F64-1B2-1P,分拣,自动分拣N51,1711.720986612632,1713.300986612632,1.5799999999999272
DC12-F64-1B2-1P,自动打磨,自动打磨N51,1713.300986612632,1715.7609954221557,2.4600088095237425
DC12-F64-1B2-1P,桁架码垛,自动分拣N51,1715.7609954221557,1716.9309954221558,1.1700000000000728
DC12-F64-1B2-1S,分拣,自动分拣N51,1716.9309954221558,1718.5109954221557,1.5799999999999272
DC12-F64-1B2-1S,自动打磨,自动打磨N51,1718.5109954221557,1720.9710043110447,2.4600088888889786
DC12-F64-1B2-1S,桁架码垛,自动分拣N51,1720.9710043110447,1722.1410043110448,1.1700000000000728
DC12-F64-1B3-1P,分拣,自动分拣N51,1722.1410043110448,1723.7210043110447,1.5799999999999272
DC12-F64-1B3-1P,自动打磨,自动打磨N51,1723.7210043110447,1726.416285660251,2.695281349206425
DC12-F64-1B3-1P,桁架码垛,自动分拣N51,1726.416285660251,1727.5862856602512,1.1700000000000728
DC12-F64-1B3-1S,分拣,自动分拣N51,1727.5862856602512,1729.166285660251,1.5799999999999272
DC12-F64-1B3-1S,自动打磨,自动打磨N51,1729.166285660251,1731.8615670094575,2.695281349206425
DC12-F64-1B3-1S,桁架码垛,自动分拣N51,1731.8615670094575,1733.0315670094576,1.1700000000000728
DC12-F76-1B1-1S,分拣,自动分拣N51,1733.0315670094576,1734.6115670094575,1.5799999999999272
DC12-F76-1B1-1S,自动打磨,自动打磨N51,1734.6115670094575,1736.8854442316797,2.273877222222154
DC12-F76-1B1-1S,桁架码垛,自动分拣N51,1736.8854442316797,1738.0554442316798,1.1700000000000728
DC12-F76-1B2-1P,分拣,自动分拣N51,1738.0554442316798,1739.6354442316797,1.5799999999999272
DC12-F76-1B2-1P,自动打磨,自动打磨N51,1739.6354442316797,1742.085561691997,2.450117460317415
DC12-F76-1B2-1P,桁架码垛,自动分拣N51,1742.085561691997,1743.2555616919972,1.1700000000000728
DC12-F76-1B2-1S,分拣,自动分拣N51,1743.2555616919972,1744.835561691997,1.5799999999999272
DC12-F76-1B2-1S,自动打磨,自动打磨N51,1744.835561691997,1747.2856793904098,2.4501176984126687
DC12-F76-1B2-1S,桁架码垛,自动分拣N51,1747.2856793904098,1748.4556793904098,1.1700000000000728
DC12-F76-1B3-1P,分拣,自动分拣N51,1748.4556793904098,1750.0356793904098,1.5799999999999272
DC12-F76-1B3-1P,自动打磨,自动打磨N51,1750.0356793904098,1752.718755501521,2.683076111111177
DC12-F76-1B3-1P,桁架码垛,自动分拣N51,1752.718755501521,1753.888755501521,1.1700000000000728
DC12-F76-1B3-1S,分拣,自动分拣N51,1753.888755501521,1755.468755501521,1.5799999999999272
DC12-F76-1B3-1S,自动打磨,自动打磨N51,1755.468755501521,1758.1518315332669,2.683076031745941
DC12-F76-1B3-1S,桁架码垛,自动分拣N51,1758.1518315332669,1759.321831533267,1.1700000000000728
U02S-1340切割后的大件,天车吊运（胎架到坡口区）,天车,1674.0710194680325,1677.0710194680325,3.0
DC12-AG-1-1P,人工坡口,人工坡口1,1677.0710194680325,1678.7319314680326,1.660912000000053
DC12-AG-1-1S,人工坡口,人工坡口1,1678.7319314680326,1680.3928434680327,1.660912000000053
DC12-AG-2-1P,人工坡口,人工坡口1,1680.3928434680327,1683.8867634680325,3.493919999999889
DC12-AG-2-1S,人工坡口,人工坡口1,1683.8867634680325,1687.3806834680324,3.493919999999889
U02S-1340切割后的大件,天车吊运（坡口区到成品区）,天车,1687.3806834680324,1692.3806834680324,5.0
U02S-1339,天车空驶（胎架到原料区）,天车,1560.2690432792992,1568.2690432792992,8.0
U02S-1339,天车吊运（原料区到胎架）,天车,1568.2690432792992,1571.2690432792992,3.0
DC12-F64-1KSP-1SP,自由边打磨,人工打磨N21,1596.5931811622404,1597.0765030596763,0.4833218974358715
DC12-F64-1KSP-2SP,自由边打磨,人工打磨N21,1597.0765030596763,1597.55982490583,0.4833218461537854
DC12-F76-1KSP-1SP,自由边打磨,人工打磨N21,1597.55982490583,1598.0431467519838,0.4833218461537854
DC12-F76-1KSP-2SP,自由边打磨,人工打磨N21,1598.0431467519838,1598.5264685981376,0.4833218461537854
U02S-1339切割后的大件,天车吊运（胎架到坡口区）,天车,1598.5264685981376,1601.5264685981376,3.0
DC12-F64-1KSP-1SP,人工坡口,人工坡口1,1687.3806834680324,1694.1807114680325,6.800028000000111
DC12-F64-1KSP-2SP,人工坡口,人工坡口1,1694.1807114680325,1700.9607394680324,6.780027999999902
DC12-F76-1KSP-1SP,人工坡口,人工坡口1,1700.9607394680324,1707.6844354680325,6.723696000000018
DC12-F76-1KSP-2SP,人工坡口,人工坡口1,1707.6844354680325,1714.4281314680325,6.743696
U02S-1339切割后的大件,天车吊运（坡口区到成品区）,天车,1714.4281314680325,1719.4281314680325,5.0
U02A-1330,天车空驶（胎架到原料区）,天车,1601.5264685981376,1609.5264685981376,8.0
U02A-1330,天车吊运（原料区到胎架）,天车,1609.5264685981376,1612.5264685981376,3.0
U02A-1330切割后的大件,天车吊运（胎架到成品区）,天车,1653.4629653270242,1658.4629653270242,5.0
U02S-1336,天车空驶（胎架到原料区）,天车,1642.4629653270242,1650.4629653270242,8.0
U02S-1336,天车吊运（原料区到胎架）,天车,1650.4629653270242,1653.4629653270242,3.0
DC12-F64-1B4W-1P,分拣,自动分拣N21,1761.7066332397922,1763.286633239792,1.5799999999999272
DC12-F64-1B4W-1P,自动打磨,自动打磨N21,1763.286633239792,1765.4849787159826,2.198345476190525
DC12-F64-1B4W-1P,桁架至坡口工作站,自动分拣N21,1765.4849787159826,1766.6516787159826,1.1666999999999916
DC12-F64-1B4W-1S,分拣,自动分拣N21,1766.6516787159826,1768.2316787159825,1.5799999999999272
DC12-F64-1B4W-1S,自动打磨,自动打磨N21,1768.2316787159825,1770.430024192173,2.198345476190525
DC12-F64-1B4W-1S,桁架至坡口工作站,自动分拣N21,1770.430024192173,1771.596724192173,1.1666999999999916
DC12-F64-1B5W-1P,分拣,自动分拣N21,1771.596724192173,1773.176724192173,1.5799999999999272
DC12-F64-1B5W-1P,自动打磨,自动打磨N21,1773.176724192173,1775.373559033443,2.196834841269947
DC12-F64-1B5W-1P,桁架至坡口工作站,自动分拣N21,1775.373559033443,1776.540259033443,1.1666999999999916
DC12-F64-1B5W-1S,分拣,自动分拣N21,1776.540259033443,1778.1202590334428,1.5799999999999272
DC12-F64-1B5W-1S,自动打磨,自动打磨N21,1778.1202590334428,1780.3170938747126,2.1968348412697196
DC12-F64-1B5W-1S,桁架至坡口工作站,自动分拣N21,1780.3170938747126,1781.4837938747125,1.1666999999999916
DC12-F76-1B4W-1P,分拣,自动分拣N21,1781.4837938747125,1783.0637938747125,1.5799999999999272
DC12-F76-1B4W-1P,自动打磨,自动打磨N21,1783.0637938747125,1785.2546293509029,2.1908354761903865
DC12-F76-1B4W-1P,桁架至坡口工作站,自动分拣N21,1785.2546293509029,1786.4213293509029,1.1666999999999916
DC12-F76-1B4W-1S,分拣,自动分拣N21,1786.4213293509029,1788.0013293509028,1.5799999999999272
DC12-F76-1B4W-1S,自动打磨,自动打磨N21,1788.0013293509028,1790.1921647477282,2.1908353968253778
DC12-F76-1B4W-1S,桁架至坡口工作站,自动分拣N21,1790.1921647477282,1791.3588647477281,1.1666999999999916
DC12-F76-1B5W-1P,分拣,自动分拣N21,1791.3588647477281,1792.938864747728,1.5799999999999272
DC12-F76-1B5W-1P,自动打磨,自动打磨N21,1792.938864747728,1795.1281714937597,2.1893067460316615
DC12-F76-1B5W-1P,桁架至坡口工作站,自动分拣N21,1795.1281714937597,1796.2948714937597,1.1666999999999916
DC12-F76-1B5W-1S,分拣,自动分拣N21,1796.2948714937597,1797.8748714937597,1.5799999999999272
DC12-F76-1B5W-1S,自动打磨,自动打磨N21,1797.8748714937597,1800.0641783191566,2.1893068253968977
DC12-F76-1B5W-1S,桁架至坡口工作站,自动分拣N21,1800.0641783191566,1801.2308783191565,1.1666999999999916
U02S-1342,天车空驶（胎架到原料区）,天车,1658.4629653270242,1661.4629653270242,3.0
U02S-1342,天车吊运（原料区到胎架）,天车,1661.4629653270242,1664.4629653270242,3.0
U02S-1342切割后的大件,天车吊运（胎架到成品区）,天车,1722.670036512111,1727.670036512111,5.0
U02B-1334,天车空驶（胎架到原料区）,天车,1692.3806834680324,1700.3806834680324,8.0
U02B-1334,天车吊运（原料区到胎架）,天车,1700.3806834680324,1703.3806834680324,3.0
U02B-1334切割后的大件,天车吊运（胎架到成品区）,天车,1727.670036512111,1732.670036512111,5.0
U02B-1333,天车空驶（胎架到原料区）,天车,1732.670036512111,1740.670036512111,8.0
U02B-1333,天车吊运（原料区到胎架）,天车,1740.670036512111,1743.670036512111,3.0
DC12-UD-1KSP-2SP,自由边打磨,人工打磨N51,1759.1191207795364,1762.155199548767,3.0360787692306985
U02B-1333切割后的大件,天车吊运（胎架到成品区）,天车,1762.155199548767,1767.155199548767,5.0
U02B-1332,天车空驶（胎架到原料区）,天车,1743.670036512111,1751.670036512111,8.0
U02B-1332,天车吊运（原料区到胎架）,天车,1751.670036512111,1754.670036512111,3.0
DC12-UD-1KSP-1SP,自由边打磨,人工打磨N21,1758.6800814491028,1765.3499905773078,6.669909128205063
U02B-1332切割后的大件,天车吊运（胎架到成品区）,天车,1767.155199548767,1772.155199548767,5.0
U02S-1337,天车空驶（胎架到原料区）,天车,1772.155199548767,1780.155199548767,8.0
U02S-1337,天车吊运（原料区到胎架）,天车,1780.155199548767,1783.155199548767,3.0
DC12-F69-1SP-1SP,自由边打磨,人工打磨N21,1801.8459865935495,1803.1498212602162,1.3038346666667167
U02S-1337切割后的大件,天车吊运（胎架到坡口区）,天车,1803.1498212602162,1806.1498212602162,3.0
DC12-F69-1SP-1SP,人工坡口,人工坡口1,1806.1498212602162,1826.7731012602162,20.623280000000022
U02S-1337切割后的大件,天车吊运（坡口区到成品区）,天车,1826.7731012602162,1831.7731012602162,5.0
U02A-1331,天车空驶（胎架到原料区）,天车,1783.155199548767,1791.155199548767,8.0
U02A-1331,天车吊运（原料区到胎架）,天车,1791.155199548767,1794.155199548767,3.0
U02A-1331切割后的大件,天车吊运（胎架到成品区）,天车,1815.7933467134458,1820.7933467134458,5.0
T63S-4091,天车空驶（胎架到原料区）,天车,1831.7731012602162,1839.7731012602162,8.0
T63S-4091,天车吊运（原料区到胎架）,天车,1839.7731012602162,1842.7731012602162,3.0
STA238FC-P1-1F1-1P,分拣,自动分拣N21,1823.522457697834,1825.1024576978339,1.5799999999999272
STA238FC-P1-1F1-1P,自动打磨,自动打磨N21,1825.1024576978339,1829.0357263486276,3.933268650793707
STA238FC-P1-1F1-1P,桁架码垛,自动分拣N21,1829.0357263486276,1830.2057263486276,1.1700000000000728
STA238FC-P1-1F1-1S,分拣,自动分拣N21,1830.2057263486276,1831.7857263486276,1.5799999999999272
STA238FC-P1-1F1-1S,自动打磨,自动打磨N21,1831.7857263486276,1835.7189950787863,3.9332687301587157
STA238FC-P1-1F1-1S,桁架码垛,自动分拣N21,1835.7189950787863,1836.8889950787864,1.1700000000000728
STA238FC-P1-1F1-3P,分拣,自动分拣N21,1836.8889950787864,1838.4689950787863,1.5799999999999272
STA238FC-P1-1F1-3P,自动打磨,自动打磨N21,1838.4689950787863,1840.7435982533896,2.2746031746032713
STA238FC-P1-1F1-3P,桁架码垛,自动分拣N21,1840.7435982533896,1841.9135982533896,1.1700000000000728
STA238FC-P1-1F1-3S,分拣,自动分拣N21,1841.9135982533896,1843.4935982533896,1.5799999999999272
STA238FC-P1-1F1-3S,自动打磨,自动打磨N21,1843.4935982533896,1845.7682014279928,2.2746031746032713
STA238FC-P1-1F1-3S,桁架码垛,自动分拣N21,1845.7682014279928,1846.938201427993,1.1700000000000728
T63S-4855,天车空驶（胎架到原料区）,天车,1809.7933467134458,1812.7933467134458,3.0
T63S-4855,天车吊运（原料区到胎架）,天车,1812.7933467134458,1815.7933467134458,3.0
STA238FC-F238-1B1P-1P,分拣,自动分拣N51,1821.2660449711568,1822.8460449711567,1.5799999999999272
STA238FC-F238-1B1P-1P,自动打磨,自动打磨N51,1822.8460449711567,1824.216537193379,1.3704922222223104
STA238FC-F238-1B1P-1P,桁架码垛,自动分拣N51,1824.216537193379,1825.3865371933791,1.1700000000000728
STA238FC-F238-1B2WS-1S,分拣,自动分拣N51,1825.3865371933791,1826.966537193379,1.5799999999999272
STA238FC-F238-1B2WS-1S,自动打磨,自动打磨N51,1826.966537193379,1828.3387609235378,1.3722237301587938
STA238FC-F238-1B2WS-1S,桁架码垛,自动分拣N51,1828.3387609235378,1829.508760923538,1.1700000000000728
STA238FC-F240-1B1P-1P,分拣,自动分拣N51,1829.508760923538,1831.0887609235378,1.5799999999999272
STA238FC-F240-1B1P-1P,自动打磨,自动打磨N51,1831.0887609235378,1832.4592532251252,1.3704923015873192
STA238FC-F240-1B1P-1P,桁架码垛,自动分拣N51,1832.4592532251252,1833.6292532251252,1.1700000000000728
STA238FC-F240-1B2WS-1S,分拣,自动分拣N51,1833.6292532251252,1835.2092532251252,1.5799999999999272
STA238FC-F240-1B2WS-1S,自动打磨,自动打磨N51,1835.2092532251252,1836.581476955284,1.3722237301587938
STA238FC-F240-1B2WS-1S,桁架码垛,自动分拣N51,1836.581476955284,1837.751476955284,1.1700000000000728
T63S-4084,天车空驶（胎架到原料区）,天车,1842.7731012602162,1845.7731012602162,3.0
T63S-4084,天车吊运（原料区到胎架）,天车,1845.7731012602162,1848.7731012602162,3.0
STA238FC-TOP-1SP-4SP,分拣,自动分拣N51,1840.371779692852,1841.951779692852,1.5799999999999272
STA238FC-TOP-1SP-4SP,自动打磨,自动打磨N51,1841.951779692852,1842.951779692852,1.0
STA238FC-TOP-1SP-4SP,桁架码垛,自动分拣N51,1842.951779692852,1844.121779692852,1.1700000000000728
STA238FC-TOP-1SP-5SP,分拣,自动分拣N51,1844.121779692852,1845.701779692852,1.5799999999999272
STA238FC-TOP-1SP-5SP,自动打磨,自动打磨N51,1845.701779692852,1847.0822092960266,1.3804296031746617
STA238FC-TOP-1SP-5SP,桁架码垛,自动分拣N51,1847.0822092960266,1848.2522092960266,1.1700000000000728
T63S-4090,天车空驶（胎架到原料区）,天车,1848.7731012602162,1851.7731012602162,3.0
T63S-4090,天车吊运（原料区到胎架）,天车,1851.7731012602162,1854.7731012602162,3.0
STA238FC-TOP-1SP-6SP,自由边打磨,人工打磨N21,1842.2560201500114,1846.5974392269345,4.341419076923103
T63S-4090切割后的大件,天车吊运（胎架到成品区）,天车,1854.7731012602162,1859.7731012602162,5.0
T63S-4087,天车空驶（胎架到原料区）,天车,1859.7731012602162,1867.7731012602162,8.0
T63S-4087,天车吊运（原料区到胎架）,天车,1867.7731012602162,1870.7731012602162,3.0
STA238FC-TOP-1SP-7SP,自由边打磨,人工打磨N51,1864.1178025192762,1868.4768386731223,4.359036153846091
T63S-4087切割后的大件,天车吊运（胎架到成品区）,天车,1870.7731012602162,1875.7731012602162,5.0
T63S-4086,天车空驶（胎架到原料区）,天车,1875.7731012602162,1883.7731012602162,8.0
T63S-4086,天车吊运（原料区到胎架）,天车,1883.7731012602162,1886.7731012602162,3.0
STA238FC-TOP-1SP-2SP,自由边打磨,人工打磨N21,1876.184223557629,1883.5239774037827,7.339753846153826
T63S-4086切割后的大件,天车吊运（胎架到成品区）,天车,1886.7731012602162,1891.7731012602162,5.0
E01S-1211,天车空驶（胎架到原料区）,天车,1891.7731012602162,1899.7731012602162,8.0
E01S-1211,天车吊运（原料区到胎架）,天车,1899.7731012602162,1902.7731012602162,3.0
E01S-1211切割后的大件,天车吊运（胎架到坡口区）,天车,1902.7731012602162,1905.7731012602162,3.0
N1-CG-2KS-2S,人工坡口,人工坡口1,1905.7731012602162,1925.9486812602163,20.175580000000082
N1-F29-7S-1S,人工坡口,人工坡口1,1925.9486812602163,1942.2687932602164,16.32011200000011
N1-F31-8S-1S,人工坡口,人工坡口1,1942.2687932602164,1969.6130372602163,27.34424399999989
E01S-1211切割后的大件,天车吊运（坡口区到成品区）,天车,1969.6130372602163,1974.6130372602163,5.0
E01S-1223,天车空驶（胎架到原料区）,天车,1905.7731012602162,1913.7731012602162,8.0
E01S-1223,天车吊运（原料区到胎架）,天车,1913.7731012602162,1916.7731012602162,3.0
N1-F31-4P-1P,分拣,自动分拣N21,1909.9149109377925,1911.4949109377924,1.5799999999999272
N1-F31-4P-1P,自动打磨,自动打磨N21,1911.4949109377924,1913.704853477475,2.2099425396825154
N1-F31-4P-1P,桁架码垛,自动分拣N21,1913.704853477475,1914.874853477475,1.1700000000000728
N1-F31-5S-1S,分拣,自动分拣N21,1914.874853477475,1916.454853477475,1.5799999999999272
N1-F31-5S-1S,自动打磨,自动打磨N21,1916.454853477475,1917.6978503822368,1.242996904761867
N1-F31-5S-1S,桁架码垛,自动分拣N21,1917.6978503822368,1918.8678503822368,1.1700000000000728
N1-F32-6P-1P,分拣,自动分拣N21,1918.8678503822368,1920.4478503822368,1.5799999999999272
N1-F32-6P-1P,自动打磨,自动打磨N21,1920.4478503822368,1921.6908472076336,1.2429968253968582
N1-F32-6P-1P,桁架码垛,自动分拣N21,1921.6908472076336,1922.8608472076337,1.1700000000000728
N1-F32-7S-1S,分拣,自动分拣N21,1922.8608472076337,1924.4408472076336,1.5799999999999272
N1-F32-7S-1S,自动打磨,自动打磨N21,1924.4408472076336,1926.6507897473161,2.2099425396825154
N1-F32-7S-1S,桁架码垛,自动分拣N21,1926.6507897473161,1927.8207897473162,1.1700000000000728
E01S-1209,天车空驶（胎架到原料区）,天车,1916.7731012602162,1919.7731012602162,3.0
E01S-1209,天车吊运（原料区到胎架）,天车,1919.7731012602162,1922.7731012602162,3.0
N1-F19-2-1P,分拣,自动分拣N51,1933.2171909487301,1934.79719094873,1.5799999999999272
N1-F19-2-1P,自动打磨,自动打磨N51,1934.79719094873,1937.5983362661905,2.8011453174603957
N1-F19-2-1P,桁架码垛,自动分拣N51,1937.5983362661905,1938.7683362661905,1.1700000000000728
N1-F19-2-1S,分拣,自动分拣N51,1938.7683362661905,1940.3483362661905,1.5799999999999272
N1-F19-2-1S,自动打磨,自动打磨N51,1940.3483362661905,1941.3483362661905,1.0
N1-F19-2-1S,桁架码垛,自动分拣N51,1941.3483362661905,1942.5183362661905,1.1700000000000728
N1-F20-5-1P,分拣,自动分拣N51,1942.5183362661905,1944.0983362661905,1.5799999999999272
N1-F20-5-1P,自动打磨,自动打磨N51,1944.0983362661905,1945.4787658693651,1.3804296031746617
N1-F20-5-1P,桁架码垛,自动分拣N51,1945.4787658693651,1946.6487658693652,1.1700000000000728
N1-F20-5-1S,分拣,自动分拣N51,1946.6487658693652,1948.2287658693651,1.5799999999999272
N1-F20-5-1S,自动打磨,自动打磨N51,1948.2287658693651,1950.2165315042857,1.9877656349206063
N1-F20-5-1S,桁架码垛,自动分拣N51,1950.2165315042857,1951.3865315042858,1.1700000000000728
E01S-1246,天车空驶（胎架到原料区）,天车,1922.7731012602162,1925.7731012602162,3.0
E01S-1246,天车吊运（原料区到胎架）,天车,1925.7731012602162,1928.7731012602162,3.0
N1-F19-2-1BS,分拣,自动分拣N21,1962.3498660061152,1963.9298660061152,1.5799999999999272
N1-F19-2-1BS,自动打磨,自动打磨N21,1963.9298660061152,1965.340599974369,1.4107339682539077
N1-F19-2-1BS,桁架码垛,自动分拣N21,1965.340599974369,1966.5105999743691,1.1700000000000728
N1-F33-1B1K-1P,分拣,自动分拣N21,1966.5105999743691,1968.090599974369,1.5799999999999272
N1-F33-1B1K-1P,自动打磨,自动打磨N21,1968.090599974369,1970.8917450537342,2.801145079365142
N1-F33-1B1K-1P,桁架码垛,自动分拣N21,1970.8917450537342,1972.0617450537343,1.1700000000000728
N1-F32-2B1-1P,分拣,自动分拣N21,1972.0617450537343,1973.6417450537342,1.5799999999999272
N1-F32-2B1-1P,自动打磨,自动打磨N21,1973.6417450537342,1975.4710963235755,1.8293512698412542
N1-F32-2B1-1P,桁架码垛,自动分拣N21,1975.4710963235755,1976.6410963235755,1.1700000000000728
N1-F26-3B1S-1S,分拣,自动分拣N21,1976.6410963235755,1978.2210963235755,1.5799999999999272
N1-F26-3B1S-1S,自动打磨,自动打磨N21,1978.2210963235755,1981.6344315616707,3.4133352380952147
N1-F26-3B1S-1S,桁架码垛,自动分拣N21,1981.6344315616707,1982.8044315616708,1.1700000000000728
N1-F28-4B1S-1S,分拣,自动分拣N21,1982.8044315616708,1984.3844315616707,1.5799999999999272
N1-F28-4B1S-1S,自动打磨,自动打磨N21,1984.3844315616707,1986.0072623553215,1.6228307936507917
N1-F28-4B1S-1S,桁架码垛,自动分拣N21,1986.0072623553215,1987.1772623553215,1.1700000000000728
N1-AG-3-1P,分拣,自动分拣N21,1987.1772623553215,1988.7572623553215,1.5799999999999272
N1-AG-3-1P,自动打磨,自动打磨N21,1988.7572623553215,1990.797174974369,2.039912619047527
N1-AG-3-1P,桁架码垛,自动分拣N21,1990.797174974369,1991.967174974369,1.1700000000000728
N1-F17-1B1-1P,分拣,自动分拣N21,1991.967174974369,1993.547174974369,1.5799999999999272
N1-F17-1B1-1P,自动打磨,自动打磨N21,1993.547174974369,1995.826879815639,2.279704841269904
N1-F17-1B1-1P,桁架至坡口工作站,自动分拣N21,1995.826879815639,1996.993579815639,1.1666999999999916
N1-F17-1B1-1S,分拣,自动分拣N21,1996.993579815639,1998.5735798156388,1.5799999999999272
N1-F17-1B1-1S,自动打磨,自动打磨N21,1998.5735798156388,2000.8532846569087,2.279704841269904
N1-F17-1B1-1S,桁架至坡口工作站,自动分拣N21,2000.8532846569087,2002.0199846569087,1.1666999999999916
N1-F29-4B1P-1P,分拣,自动分拣N21,2002.0199846569087,2003.5999846569086,1.5799999999999272
N1-F29-4B1P-1P,自动打磨,自动打磨N21,2003.5999846569086,2006.903248942623,3.303264285714249
N1-F29-4B1P-1P,桁架码垛,自动分拣N21,2006.903248942623,2008.073248942623,1.1700000000000728
N1-F30-2B1P-1P,分拣,自动分拣N21,2008.073248942623,2009.653248942623,1.5799999999999272
N1-F30-2B1P-1P,自动打磨,自动打磨N21,2009.653248942623,2011.149747117226,1.4964981746031754
N1-F30-2B1P-1P,桁架码垛,自动分拣N21,2011.149747117226,2012.3197471172261,1.1700000000000728
N1-F30-4B1P-1P,分拣,自动分拣N21,2012.3197471172261,2013.899747117226,1.5799999999999272
N1-F30-4B1P-1P,自动打磨,自动打磨N21,2013.899747117226,2015.7182587838927,1.818511666666609
N1-F30-4B1P-1P,桁架码垛,自动分拣N21,2015.7182587838927,2016.8882587838928,1.1700000000000728
N1-F32-2B1-1S,分拣,自动分拣N21,2016.8882587838928,2018.4682587838927,1.5799999999999272
N1-F32-2B1-1S,自动打磨,自动打磨N21,2018.4682587838927,2020.297610133099,1.829351349206263
N1-F32-2B1-1S,桁架码垛,自动分拣N21,2020.297610133099,2021.467610133099,1.1700000000000728
N1-AG-3-1S,分拣,自动分拣N21,2021.467610133099,2023.047610133099,1.5799999999999272
N1-AG-3-1S,自动打磨,自动打磨N21,2023.047610133099,2025.0875227521465,2.039912619047527
N1-AG-3-1S,桁架码垛,自动分拣N21,2025.0875227521465,2026.2575227521465,1.1700000000000728
N1-F27-4B1S-1S,分拣,自动分拣N21,2026.2575227521465,2027.8375227521465,1.5799999999999272
N1-F27-4B1S-1S,自动打磨,自动打磨N21,2027.8375227521465,2029.6574636251623,1.8199408730158666
N1-F27-4B1S-1S,桁架码垛,自动分拣N21,2029.6574636251623,2030.8274636251624,1.1700000000000728
N1-F33-1B1K-1S,分拣,自动分拣N21,2030.8274636251624,2032.4074636251623,1.5799999999999272
N1-F33-1B1K-1S,自动打磨,自动打磨N21,2032.4074636251623,2035.2086089426227,2.8011453174603957
N1-F33-1B1K-1S,桁架码垛,自动分拣N21,2035.2086089426227,2036.3786089426228,1.1700000000000728
N1-F21-1B1P-1P,分拣,自动分拣N21,2036.3786089426228,2037.9586089426227,1.5799999999999272
N1-F21-1B1P-1P,自动打磨,自动打磨N21,2037.9586089426227,2039.5195123553212,1.560903412698508
N1-F21-1B1P-1P,桁架码垛,自动分拣N21,2039.5195123553212,2040.6895123553213,1.1700000000000728
N1-F30-1B1P-1P,分拣,自动分拣N21,2040.6895123553213,2042.2695123553212,1.5799999999999272
N1-F30-1B1P-1P,自动打磨,自动打磨N21,2042.2695123553212,2043.674512990242,1.4050006349207251
N1-F30-1B1P-1P,桁架码垛,自动分拣N21,2043.674512990242,2044.844512990242,1.1700000000000728
N1-F31-1B1P-1P,分拣,自动分拣N21,2044.844512990242,2046.424512990242,1.5799999999999272
N1-F31-1B1P-1P,自动打磨,自动打磨N21,2046.424512990242,2048.0415625140513,1.617049523809328
N1-F31-1B1P-1P,桁架码垛,自动分拣N21,2048.0415625140513,2049.2115625140514,1.1700000000000728
N1-F34-2B1-1S,分拣,自动分拣N21,2049.2115625140514,2050.7915625140513,1.5799999999999272
N1-F34-2B1-1S,自动打磨,自动打磨N21,2050.7915625140513,2052.5872851330987,1.7957226190474103
N1-F34-2B1-1S,桁架码垛,自动分拣N21,2052.5872851330987,2053.757285133099,1.1700000000000728
N1-F35-1B1-1P,分拣,自动分拣N21,2053.757285133099,2055.3372851330987,1.5799999999999272
N1-F35-1B1-1P,自动打磨,自动打磨N21,2055.3372851330987,2057.1413252918287,1.804040158730004
N1-F35-1B1-1P,桁架码垛,自动分拣N21,2057.1413252918287,2058.311325291829,1.1700000000000728
E01S-1244,天车空驶（胎架到原料区）,天车,1928.7731012602162,1931.7731012602162,3.0
E01S-1244,天车吊运（原料区到胎架）,天车,1931.7731012602162,1934.7731012602162,3.0
N1-F19-2-1BP,分拣,自动分拣N51,1986.5936997485603,1988.1736997485602,1.5799999999999272
N1-F19-2-1BP,自动打磨,自动打磨N51,1988.1736997485602,1989.5844337961794,1.410734047619144
N1-F19-2-1BP,桁架码垛,自动分拣N51,1989.5844337961794,1990.7544337961795,1.1700000000000728
N1-F30-1SP-2BSP,分拣,自动分拣N51,1990.7544337961795,1992.3344337961794,1.5799999999999272
N1-F30-1SP-2BSP,自动打磨,自动打磨N51,1992.3344337961794,1993.7451677644333,1.4107339682539077
N1-F30-1SP-2BSP,桁架码垛,自动分拣N51,1993.7451677644333,1994.9151677644334,1.1700000000000728
N1-F30-1SP-3BSP,分拣,自动分拣N51,1994.9151677644334,1996.4951677644333,1.5799999999999272
N1-F30-1SP-3BSP,自动打磨,自动打磨N51,1996.4951677644333,1997.9059017326872,1.4107339682539077
N1-F30-1SP-3BSP,桁架码垛,自动分拣N51,1997.9059017326872,1999.0759017326873,1.1700000000000728
N1-F26-4B1P-1P,分拣,自动分拣N51,1999.0759017326873,2000.6559017326872,1.5799999999999272
N1-F26-4B1P-1P,自动打磨,自动打磨N51,2000.6559017326872,2002.7346122882427,2.078710555555517
N1-F26-4B1P-1P,桁架码垛,自动分拣N51,2002.7346122882427,2003.9046122882428,1.1700000000000728
N1-F28-1B1P-1P,分拣,自动分拣N51,2003.9046122882428,2005.4846122882427,1.5799999999999272
N1-F28-1B1P-1P,自动打磨,自动打磨N51,2005.4846122882427,2007.6261902247506,2.141577936507929
N1-F28-1B1P-1P,桁架码垛,自动分拣N51,2007.6261902247506,2008.7961902247507,1.1700000000000728
N1-F28-2B1P-1P,分拣,自动分拣N51,2008.7961902247507,2010.3761902247506,1.5799999999999272
N1-F28-2B1P-1P,自动打磨,自动打磨N51,2010.3761902247506,2012.5716490342745,2.1954588095238705
N1-F28-2B1P-1P,桁架码垛,自动分拣N51,2012.5716490342745,2013.7416490342746,1.1700000000000728
N1-F33-3B1-1P,分拣,自动分拣N51,2013.7416490342746,2015.3216490342745,1.5799999999999272
N1-F33-3B1-1P,自动打磨,自动打磨N51,2015.3216490342745,2017.6592241136395,2.337575079365024
N1-F33-3B1-1P,桁架码垛,自动分拣N51,2017.6592241136395,2018.8292241136396,1.1700000000000728
N1-F28-3B1S-1S,分拣,自动分拣N51,2018.8292241136396,2020.4092241136395,1.5799999999999272
N1-F28-3B1S-1S,自动打磨,自动打磨N51,2020.4092241136395,2022.583237526338,2.174013412698514
N1-F28-3B1S-1S,桁架码垛,自动分拣N51,2022.583237526338,2023.7532375263381,1.1700000000000728
N1-F33-3B1-1S,分拣,自动分拣N51,2023.7532375263381,2025.333237526338,1.5799999999999272
N1-F33-3B1-1S,自动打磨,自动打磨N51,2025.333237526338,2027.6708127644333,2.337575238095269
N1-F33-3B1-1S,桁架码垛,自动分拣N51,2027.6708127644333,2028.8408127644334,1.1700000000000728
N1-F22-1B1-1P,分拣,自动分拣N51,2028.8408127644334,2030.4208127644333,1.5799999999999272
N1-F22-1B1-1P,自动打磨,自动打磨N51,2030.4208127644333,2032.9802421295126,2.559429365079268
N1-F22-1B1-1P,桁架码垛,自动分拣N51,2032.9802421295126,2034.1502421295127,1.1700000000000728
N1-F20-3B1S-1S,分拣,自动分拣N51,2034.1502421295127,2035.7302421295126,1.5799999999999272
N1-F20-3B1S-1S,自动打磨,自动打磨N51,2035.7302421295126,2038.023033716814,2.292791587301508
N1-F20-3B1S-1S,桁架码垛,自动分拣N51,2038.023033716814,2039.1930337168142,1.1700000000000728
N1-F21-2B1S-1S,分拣,自动分拣N51,2039.1930337168142,2040.773033716814,1.5799999999999272
N1-F21-2B1S-1S,自动打磨,自动打磨N51,2040.773033716814,2042.927042685068,2.1540089682539474
N1-F21-2B1S-1S,桁架码垛,自动分拣N51,2042.927042685068,2044.0970426850681,1.1700000000000728
N1-F22-1B1-1S,分拣,自动分拣N51,2044.0970426850681,2045.677042685068,1.5799999999999272
N1-F22-1B1-1S,自动打磨,自动打磨N51,2045.677042685068,2048.2364719707825,2.5594292857144865
N1-F22-1B1-1S,桁架码垛,自动分拣N51,2048.2364719707825,2049.4064719707826,1.1700000000000728
N1-F27-2B1S-1S,分拣,自动分拣N51,2049.4064719707826,2050.9864719707825,1.5799999999999272
N1-F27-2B1S-1S,自动打磨,自动打磨N51,2050.9864719707825,2052.8142571295125,1.8277851587299665
N1-F27-2B1S-1S,桁架码垛,自动分拣N51,2052.8142571295125,2053.9842571295126,1.1700000000000728
N1-LG32-1B1-1P,分拣,自动分拣N51,2053.9842571295126,2055.5642571295125,1.5799999999999272
N1-LG32-1B1-1P,自动打磨,自动打磨N51,2055.5642571295125,2058.0758850660204,2.511627936507921
N1-LG32-1B1-1P,桁架码垛,自动分拣N51,2058.0758850660204,2059.2458850660205,1.1700000000000728
N1-LG32-1B1-1S,分拣,自动分拣N51,2059.2458850660205,2060.8258850660204,1.5799999999999272
N1-LG32-1B1-1S,自动打磨,自动打磨N51,2060.8258850660204,2063.3375130025283,2.511627936507921
N1-LG32-1B1-1S,桁架码垛,自动分拣N51,2063.3375130025283,2064.5075130025284,1.1700000000000728
N1-F34-1B1-1P,分拣,自动分拣N51,2064.5075130025284,2066.0875130025283,1.5799999999999272
N1-F34-1B1-1P,自动打磨,自动打磨N51,2066.0875130025283,2067.8983189549094,1.810805952381088
N1-F34-1B1-1P,桁架码垛,自动分拣N51,2067.8983189549094,2069.0683189549095,1.1700000000000728
N1-F34-1B1-1S,分拣,自动分拣N51,2069.0683189549095,2070.6483189549094,1.5799999999999272
N1-F34-1B1-1S,自动打磨,自动打磨N51,2070.6483189549094,2072.4592330025284,1.8109140476190078
N1-F34-1B1-1S,桁架码垛,自动分拣N51,2072.4592330025284,2073.6292330025285,1.1700000000000728
N1-F34-2B1-1P,分拣,自动分拣N51,2073.6292330025285,2075.2092330025284,1.5799999999999272
N1-F34-2B1-1P,自动打磨,自动打磨N51,2075.2092330025284,2077.0049557803063,1.7957227777778826
N1-F34-2B1-1P,桁架码垛,自动分拣N51,2077.0049557803063,2078.1749557803064,1.1700000000000728
N1-F35-1B1-1S,分拣,自动分拣N51,2078.1749557803064,2079.7549557803063,1.5799999999999272
N1-F35-1B1-1S,自动打磨,自动打磨N51,2079.7549557803063,2081.5589960184016,1.80404023809524
N1-F35-1B1-1S,桁架码垛,自动分拣N51,2081.5589960184016,2082.7289960184016,1.1700000000000728
E01S-1229,天车空驶（胎架到原料区）,天车,1956.3498660061152,1959.3498660061152,3.0
E01S-1229,天车吊运（原料区到胎架）,天车,1959.3498660061152,1962.3498660061152,3.0
N1-CG-2KS-1S,自由边打磨,人工打磨N21,2034.657290273223,2035.4267531962998,0.7694629230768442
N1-CG-1KP-1P,自由边打磨,人工打磨N21,2035.4267531962998,2036.2000926321973,0.7733394358974692
N1-F33-1SP-1BSP,分拣,自动分拣N21,2058.311325291829,2059.8913252918287,1.5799999999999272
N1-F33-1SP-1BSP,自动打磨,自动打磨N21,2059.8913252918287,2062.0821606886543,2.190835396825605
N1-F33-1SP-1BSP,桁架码垛,自动分拣N21,2062.0821606886543,2063.2521606886544,1.1700000000000728
N1-F33-1SP-2BSP,分拣,自动分拣N21,2063.2521606886544,2064.8321606886543,1.5799999999999272
N1-F33-1SP-2BSP,自动打磨,自动打磨N21,2064.8321606886543,2067.021467434686,2.189306746031889
N1-F33-1SP-2BSP,桁架码垛,自动分拣N21,2067.021467434686,2068.1914674346863,1.1700000000000728
N1-F33-1SP-3BSP,分拣,自动分拣N21,2068.1914674346863,2069.771467434686,1.5799999999999272
N1-F33-1SP-3BSP,自动打磨,自动打磨N21,2069.771467434686,2071.960774260083,2.1893068253966703
N1-F33-1SP-3BSP,桁架码垛,自动分拣N21,2071.960774260083,2073.130774260083,1.1700000000000728
N1-F33-1SP-4BSP,分拣,自动分拣N21,2073.130774260083,2074.710774260083,1.5799999999999272
N1-F33-1SP-4BSP,自动打磨,自动打磨N21,2074.710774260083,2076.99367156167,2.282897301587127
N1-F33-1SP-4BSP,桁架码垛,自动分拣N21,2076.99367156167,2078.16367156167,1.1700000000000728
N1-F33-1SP-5BSP,分拣,自动分拣N21,2078.16367156167,2079.74367156167,1.5799999999999272
N1-F33-1SP-5BSP,自动打磨,自动打磨N21,2079.74367156167,2082.026568545797,2.282896984127092
N1-F33-1SP-5BSP,桁架码垛,自动分拣N21,2082.026568545797,2083.196568545797,1.1700000000000728
N1-F33-1SP-6BSP,分拣,自动分拣N21,2083.196568545797,2084.776568545797,1.5799999999999272
N1-F33-1SP-6BSP,自动打磨,自动打磨N21,2084.776568545797,2087.236577355321,2.46000880952397
N1-F33-1SP-6BSP,桁架码垛,自动分拣N21,2087.236577355321,2088.406577355321,1.1700000000000728
N1-F36-1P-1BP,分拣,自动分拣N21,2088.406577355321,2089.986577355321,1.5799999999999272
N1-F36-1P-1BP,自动打磨,自动打磨N21,2089.986577355321,2092.4366948156385,2.450117460317415
N1-F36-1P-1BP,桁架码垛,自动分拣N21,2092.4366948156385,2093.6066948156385,1.1700000000000728
N1-F36-1P-3BP,分拣,自动分拣N21,2093.6066948156385,2095.1866948156385,1.5799999999999272
N1-F36-1P-3BP,自动打磨,自动打磨N21,2095.1866948156385,2097.636812514051,2.4501176984126687
N1-F36-1P-3BP,桁架码垛,自动分拣N21,2097.636812514051,2098.806812514051,1.1700000000000728
N1-F36-1P-6BP,分拣,自动分拣N21,2098.806812514051,2100.386812514051,1.5799999999999272
N1-F36-1P-6BP,自动打磨,自动打磨N21,2100.386812514051,2102.84682140294,2.4600088888887512
N1-F36-1P-6BP,桁架码垛,自动分拣N21,2102.84682140294,2104.01682140294,1.1700000000000728
N1-F36-2S-5BS,分拣,自动分拣N21,2104.01682140294,2105.59682140294,1.5799999999999272
N1-F36-2S-5BS,自动打磨,自动打磨N21,2105.59682140294,2108.292102752146,2.6952813492061978
N1-F36-2S-5BS,桁架码垛,自动分拣N21,2108.292102752146,2109.462102752146,1.1700000000000728
N1-F36-1P/C1P,分拣,自动分拣N21,2109.462102752146,2111.042102752146,1.5799999999999272
N1-F36-1P/C1P,自动打磨,自动打磨N21,2111.042102752146,2113.7373841013523,2.6952813492061978
N1-F36-1P/C1P,桁架码垛,自动分拣N21,2113.7373841013523,2114.9073841013524,1.1700000000000728
N1-F36-1P/C2P,分拣,自动分拣N21,2114.9073841013524,2116.4873841013523,1.5799999999999272
N1-F36-1P/C2P,自动打磨,自动打磨N21,2116.4873841013523,2118.7612613235747,2.2738772222223815
N1-F36-1P/C2P,桁架码垛,自动分拣N21,2118.7612613235747,2119.9312613235747,1.1700000000000728
E01S-1229切割后的大件,天车吊运（胎架到成品区）,天车,2036.2000926321973,2041.2000926321973,5.0
E01S-1204,天车空驶（胎架到原料区）,天车,1975.5936997485603,1983.5936997485603,8.0
E01S-1204,天车吊运（原料区到胎架）,天车,1983.5936997485603,1986.5936997485603,3.0
N1-LG3-1-1P,自由边打磨,人工打磨N51,2065.3941079731267,2065.65950530646,0.26539733333311233
N1-LG3-1-1S,自由边打磨,人工打磨N51,2065.65950530646,2065.924902639793,0.26539733333311233
E01S-1204切割后的大件,天车吊运（胎架到坡口区）,天车,2065.924902639793,2068.924902639793,3.0
N1-LG3-1-1P,人工坡口,人工坡口1,2068.924902639793,2106.751274639793,37.82637199999999
N1-LG3-1-1S,人工坡口,人工坡口1,2106.751274639793,2144.577646639793,37.82637199999999
E01S-1204切割后的大件,天车吊运（坡口区到成品区）,天车,2144.577646639793,2149.577646639793,5.0
E01S-1226,天车空驶（胎架到原料区）,天车,2023.657290273223,2031.657290273223,8.0
E01S-1226,天车吊运（原料区到胎架）,天车,2031.657290273223,2034.657290273223,3.0
N1-F19-1SP-1BSP,分拣,自动分拣N21,2132.474981546105,2133.474981546105,1.0
N1-F34-1-1P,分拣,自动分拣N21,2133.474981546105,2135.054981546105,1.5799999999999272
N1-F34-1-1P,自动打磨,自动打磨N21,2135.054981546105,2137.5858540064223,2.5308724603173687
N1-F34-1-1P,桁架码垛,自动分拣N21,2137.5858540064223,2138.7558540064224,1.1700000000000728
N1-F34-1-2P,分拣,自动分拣N21,2138.7558540064224,2140.3358540064223,1.5799999999999272
N1-F34-1-2P,自动打磨,自动打磨N21,2140.3358540064223,2142.866726387375,2.5308723809525873
N1-F34-1-2P,桁架码垛,自动分拣N21,2142.866726387375,2144.036726387375,1.1700000000000728
N1-F35-1-1P,分拣,自动分拣N21,2144.036726387375,2145.616726387375,1.5799999999999272
N1-F35-1-1P,自动打磨,自动打磨N21,2145.616726387375,2146.9889501175335,1.3722237301585665
N1-F35-1-1P,桁架码垛,自动分拣N21,2146.9889501175335,2148.1589501175335,1.1700000000000728
N1-F35-1-2P,分拣,自动分拣N21,2148.1589501175335,2149.7389501175335,1.5799999999999272
N1-F35-1-2P,自动打磨,自动打磨N21,2149.7389501175335,2151.1094424191206,1.3704923015870918
N1-F35-1-2P,桁架码垛,自动分拣N21,2151.1094424191206,2152.2794424191206,1.1700000000000728
N1-F34-1-1S,分拣,自动分拣N21,2152.2794424191206,2153.8594424191206,1.5799999999999272
N1-F34-1-1S,自动打磨,自动打磨N21,2153.8594424191206,2156.390314720708,2.530872301587351
N1-F34-1-1S,桁架码垛,自动分拣N21,2156.390314720708,2157.560314720708,1.1700000000000728
N1-F34-1-2S,分拣,自动分拣N21,2157.560314720708,2159.140314720708,1.5799999999999272
N1-F34-1-2S,自动打磨,自动打磨N21,2159.140314720708,2160.5108069429302,1.3704922222223104
N1-F34-1-2S,桁架码垛,自动分拣N21,2160.5108069429302,2161.6808069429303,1.1700000000000728
N1-F35-1-1S,分拣,自动分拣N21,2161.6808069429303,2163.2608069429302,1.5799999999999272
N1-F35-1-1S,自动打磨,自动打磨N21,2163.2608069429302,2164.633030673089,1.3722237301585665
N1-F35-1-1S,桁架码垛,自动分拣N21,2164.633030673089,2165.803030673089,1.1700000000000728
N1-F35-1-2S,分拣,自动分拣N21,2165.803030673089,2166.803030673089,1.0
N1-F30-1SP-1BSP,分拣,自动分拣N21,2166.803030673089,2168.383030673089,1.5799999999999272
N1-F30-1SP-1BSP,自动打磨,自动打磨N21,2168.383030673089,2170.1523087683267,1.7692780952379508
N1-F30-1SP-1BSP,桁架码垛,自动分拣N21,2170.1523087683267,2171.322308768327,1.1700000000000728
E01S-1226切割后的大件,天车吊运（胎架到成品区）,天车,2132.474981546105,2137.474981546105,5.0
E01S-1203,天车空驶（胎架到原料区）,天车,2054.3941079731267,2062.3941079731267,8.0
E01S-1203,天车吊运（原料区到胎架）,天车,2062.3941079731267,2065.3941079731267,3.0
N1-LG1-2-10BP,分拣,自动分拣N51,2165.0603803700074,2166.6403803700073,1.5799999999999272
N1-LG1-2-10BP,自动打磨,自动打磨N51,2166.6403803700073,2168.8122947350867,2.171914365079374
N1-LG1-2-10BP,桁架码垛,自动分拣N51,2168.8122947350867,2169.9822947350867,1.1700000000000728
N1-LG1-2-10BS,分拣,自动分拣N51,2169.9822947350867,2171.5622947350867,1.5799999999999272
N1-LG1-2-10BS,自动打磨,自动打磨N51,2171.5622947350867,2173.099522989055,1.537228253968351
N1-LG1-2-10BS,桁架码垛,自动分拣N51,2173.099522989055,2174.269522989055,1.1700000000000728
N1-LG1-2-1BP,分拣,自动分拣N51,2174.269522989055,2175.849522989055,1.5799999999999272
N1-LG1-2-1BP,自动打磨,自动打磨N51,2175.849522989055,2177.372840052547,1.5233170634919588
N1-LG1-2-1BP,桁架码垛,自动分拣N51,2177.372840052547,2178.542840052547,1.1700000000000728
N1-LG1-2-1BS,分拣,自动分拣N51,2178.542840052547,2180.122840052547,1.5799999999999272
N1-LG1-2-1BS,自动打磨,自动打磨N51,2180.122840052547,2181.122840052547,1.0
N1-LG1-2-1BS,桁架码垛,自动分拣N51,2181.122840052547,2182.292840052547,1.1700000000000728
N1-LG1-2-2BP,分拣,自动分拣N51,2182.292840052547,2183.872840052547,1.5799999999999272
N1-LG1-2-2BP,自动打磨,自动打磨N51,2183.872840052547,2184.872840052547,1.0
N1-LG1-2-2BP,桁架码垛,自动分拣N51,2184.872840052547,2186.042840052547,1.1700000000000728
N1-LG1-2-2BS,分拣,自动分拣N51,2186.042840052547,2187.622840052547,1.5799999999999272
N1-LG1-2-2BS,自动打磨,自动打磨N51,2187.622840052547,2188.622840052547,1.0
N1-LG1-2-2BS,桁架码垛,自动分拣N51,2188.622840052547,2189.792840052547,1.1700000000000728
N1-LG1-2-3BP,分拣,自动分拣N51,2189.792840052547,2191.372840052547,1.5799999999999272
N1-LG1-2-3BP,自动打磨,自动打磨N51,2191.372840052547,2192.896156243023,1.52331619047618
N1-LG1-2-3BP,桁架码垛,自动分拣N51,2192.896156243023,2194.066156243023,1.1700000000000728
N1-LG1-2-3BS,分拣,自动分拣N51,2194.066156243023,2195.646156243023,1.5799999999999272
N1-LG1-2-3BS,自动打磨,自动打磨N51,2195.646156243023,2197.180816163658,1.534659920635022
N1-LG1-2-3BS,桁架码垛,自动分拣N51,2197.180816163658,2198.3508161636582,1.1700000000000728
N1-LG1-2-4BP,分拣,自动分拣N51,2198.3508161636582,2199.930816163658,1.5799999999999272
N1-LG1-2-4BP,自动打磨,自动打磨N51,2199.930816163658,2201.957874100166,2.0270579365078447
N1-LG1-2-4BP,桁架码垛,自动分拣N51,2201.957874100166,2203.127874100166,1.1700000000000728
N1-LG1-2-4BS,分拣,自动分拣N51,2203.127874100166,2204.707874100166,1.5799999999999272
N1-LG1-2-4BS,自动打磨,自动打磨N51,2204.707874100166,2206.7462744176264,2.0384003174604004
N1-LG1-2-4BS,桁架码垛,自动分拣N51,2206.7462744176264,2207.9162744176265,1.1700000000000728
N1-LG1-2-5BP,分拣,自动分拣N51,2207.9162744176265,2209.4962744176264,1.5799999999999272
N1-LG1-2-5BP,自动打磨,自动打磨N51,2209.4962744176264,2211.5233323541343,2.0270579365078447
N1-LG1-2-5BP,桁架码垛,自动分拣N51,2211.5233323541343,2212.6933323541343,1.1700000000000728
N1-LG1-2-5BS,分拣,自动分拣N51,2212.6933323541343,2214.2733323541343,1.5799999999999272
N1-LG1-2-5BS,自动打磨,自动打磨N51,2214.2733323541343,2216.3117328303247,2.038400476190418
N1-LG1-2-5BS,桁架码垛,自动分拣N51,2216.3117328303247,2217.4817328303247,1.1700000000000728
N1-LG1-2-6BP,分拣,自动分拣N51,2217.4817328303247,2219.0617328303247,1.5799999999999272
N1-LG1-2-6BP,自动打磨,自动打磨N51,2219.0617328303247,2222.6680730684197,3.606340238095072
N1-LG1-2-6BP,桁架码垛,自动分拣N51,2222.6680730684197,2223.83807306842,1.1700000000000728
N1-LG1-2-6BS,分拣,自动分拣N51,2223.83807306842,2225.4180730684197,1.5799999999999272
N1-LG1-2-6BS,自动打磨,自动打磨N51,2225.4180730684197,2226.6285889414357,1.2105158730159928
N1-LG1-2-6BS,桁架码垛,自动分拣N51,2226.6285889414357,2227.798588941436,1.1700000000000728
N1-LG1-2-7BP,分拣,自动分拣N51,2227.798588941436,2229.3785889414357,1.5799999999999272
N1-LG1-2-7BP,自动打磨,自动打磨N51,2229.3785889414357,2232.0732610049276,2.6946720634919075
N1-LG1-2-7BP,桁架码垛,自动分拣N51,2232.0732610049276,2233.2432610049277,1.1700000000000728
N1-LG1-2-7BS,分拣,自动分拣N51,2233.2432610049277,2234.8232610049276,1.5799999999999272
N1-LG1-2-7BS,自动打磨,自动打磨N51,2234.8232610049276,2236.8503189414355,2.0270579365078447
N1-LG1-2-7BS,桁架码垛,自动分拣N51,2236.8503189414355,2238.0203189414356,1.1700000000000728
N1-LG1-2-8BP,分拣,自动分拣N51,2238.0203189414356,2239.6003189414355,1.5799999999999272
N1-LG1-2-8BP,自动打磨,自动打磨N51,2239.6003189414355,2241.6273768779433,2.0270579365078447
N1-LG1-2-8BP,桁架码垛,自动分拣N51,2241.6273768779433,2242.7973768779434,1.1700000000000728
N1-LG1-2-8BS,分拣,自动分拣N51,2242.7973768779434,2244.3773768779433,1.5799999999999272
N1-LG1-2-8BS,自动打磨,自动打磨N51,2244.3773768779433,2246.3113064811178,1.9339296031744198
N1-LG1-2-8BS,桁架码垛,自动分拣N51,2246.3113064811178,2247.481306481118,1.1700000000000728
N1-LG1-2-9BP,分拣,自动分拣N51,2247.481306481118,2249.0613064811178,1.5799999999999272
N1-LG1-2-9BP,自动打磨,自动打磨N51,2249.0613064811178,2250.9952360049274,1.9339295238096383
N1-LG1-2-9BP,桁架码垛,自动分拣N51,2250.9952360049274,2252.1652360049275,1.1700000000000728
N1-LG1-2-9BS,分拣,自动分拣N51,2252.1652360049275,2253.7452360049274,1.5799999999999272
N1-LG1-2-9BS,自动打磨,自动打磨N51,2253.7452360049274,2255.5730211636574,1.8277851587299665
N1-LG1-2-9BS,桁架码垛,自动分拣N51,2255.5730211636574,2256.7430211636574,1.1700000000000728
N1-F21-7S-1S,自由边打磨,人工打磨N51,2165.0603803700074,2165.325777754623,0.26539738461542584
N1-DB-1SP-3SP,自由边打磨,人工打磨N51,2165.325777754623,2166.0830147289817,0.7572369743588752
N1-F31-2B1S-1S,分拣,自动分拣N51,2256.7430211636574,2258.3230211636574,1.5799999999999272
N1-F31-2B1S-1S,自动打磨,自动打磨N51,2258.3230211636574,2260.9455694176254,2.6225482539680343
N1-F31-2B1S-1S,桁架码垛,自动分拣N51,2260.9455694176254,2262.1155694176255,1.1700000000000728
N1-ST-3-2S,分拣,自动分拣N51,2262.1155694176255,2263.6955694176254,1.5799999999999272
N1-ST-3-2S,自动打磨,自动打磨N51,2263.6955694176254,2265.774279973181,2.078710555555517
N1-ST-3-2S,桁架码垛,自动分拣N51,2265.774279973181,2266.944279973181,1.1700000000000728
N1-ST1-1B1S-1S,分拣,自动分拣N51,2266.944279973181,2268.524279973181,1.5799999999999272
N1-ST1-1B1S-1S,自动打磨,自动打磨N51,2268.524279973181,2271.146828147784,2.622548174603253
N1-ST1-1B1S-1S,桁架码垛,自动分拣N51,2271.146828147784,2272.3168281477842,1.1700000000000728
N1-ST2-1B1S-1S,分拣,自动分拣N51,2272.3168281477842,2273.896828147784,1.5799999999999272
N1-ST2-1B1S-1S,自动打磨,自动打磨N51,2273.896828147784,2274.896828147784,1.0
N1-ST2-1B1S-1S,桁架码垛,自动分拣N51,2274.896828147784,2276.0668281477842,1.1700000000000728
E01S-1203切割后的大件,天车吊运（胎架到成品区）,天车,2165.325777754623,2170.325777754623,5.0
E01S-1203切割后的大件,天车空驶（成品区到胎架）,天车,2170.325777754623,2175.325777754623,5.0
E01S-1203切割后的大件,天车吊运（胎架到坡口区）,天车,2175.325777754623,2178.325777754623,3.0
N1-DB-1SP-3SP,人工坡口,人工坡口1,2178.325777754623,2264.847017754623,86.52124000000003
E01S-1203切割后的大件,天车吊运（坡口区到成品区）,天车,2264.847017754623,2269.847017754623,5.0
E01S-1206,天车空驶（胎架到原料区）,天车,2121.474981546105,2129.474981546105,8.0
E01S-1206,天车吊运（原料区到胎架）,天车,2129.474981546105,2132.474981546105,3.0
N1-LG2-2P-1P,自由边打磨,人工打磨N21,2239.4730255369727,2239.987184870306,0.5141593333332821
N1-LG2-4S-1S,自由边打磨,人工打磨N21,2239.987184870306,2240.5067185626135,0.5195336923075047
E01S-1206切割后的大件,天车吊运（胎架到坡口区）,天车,2240.5067185626135,2243.5067185626135,3.0
N1-LG2-2P-1P,人工坡口,人工坡口1,2264.847017754623,2333.943189754623,69.09617200000002
N1-LG2-4S-1S,人工坡口,人工坡口1,2333.943189754623,2436.861921754623,102.91873200000009
E01S-1206切割后的大件,天车吊运（坡口区到成品区）,天车,2436.861921754623,2441.861921754623,5.0
E01S-1240,天车空驶（胎架到原料区）,天车,2154.0603803700074,2162.0603803700074,8.0
E01S-1240,天车吊运（原料区到胎架）,天车,2162.0603803700074,2165.0603803700074,3.0
N1-F18-3-1P,分拣,自动分拣N51,2285.5364963349334,2287.1164963349333,1.5799999999999272
N1-F18-3-1P,自动打磨,自动打磨N51,2287.1164963349333,2288.6405227635046,1.5240264285712328
N1-F18-3-1P,桁架码垛,自动分拣N51,2288.6405227635046,2289.8105227635047,1.1700000000000728
N1-F18-3-1S,分拣,自动分拣N51,2289.8105227635047,2291.3905227635046,1.5799999999999272
N1-F18-3-1S,自动打磨,自动打磨N51,2291.3905227635046,2292.841817128584,1.4512943650793204
N1-F18-3-1S,桁架码垛,自动分拣N51,2292.841817128584,2294.011817128584,1.1700000000000728
N1-F32-2-1P,分拣,自动分拣N51,2294.011817128584,2295.591817128584,1.5799999999999272
N1-F32-2-1P,自动打磨,自动打磨N51,2295.591817128584,2297.60876784287,2.01695071428594
N1-F32-2-1P,桁架码垛,自动分拣N51,2297.60876784287,2298.77876784287,1.1700000000000728
N1-F31-7S-1S,分拣,自动分拣N51,2298.77876784287,2300.35876784287,1.5799999999999272
N1-F31-7S-1S,自动打磨,自动打磨N51,2300.35876784287,2302.468167366679,2.1093995238093157
N1-F31-7S-1S,桁架码垛,自动分拣N51,2302.468167366679,2303.638167366679,1.1700000000000728
N1-F32-2-1S,分拣,自动分拣N51,2303.638167366679,2305.218167366679,1.5799999999999272
N1-F32-2-1S,自动打磨,自动打磨N51,2305.218167366679,2307.235118080965,2.01695071428594
N1-F32-2-1S,桁架码垛,自动分拣N51,2307.235118080965,2308.405118080965,1.1700000000000728
N1-F31-1P-2P,自由边打磨,人工打磨N51,2285.5364963349334,2285.828101924677,0.2916055897435399
N1-F31-2P-1P,自由边打磨,人工打磨N51,2285.828101924677,2286.1197075144205,0.2916055897435399
N1-F31-3-1P,分拣,自动分拣N51,2308.405118080965,2309.985118080965,1.5799999999999272
N1-F31-3-1P,自动打磨,自动打磨N51,2309.985118080965,2311.4364124460444,1.4512943650793204
N1-F31-3-1P,桁架码垛,自动分拣N51,2311.4364124460444,2312.6064124460445,1.1700000000000728
N1-F32-5-1P,分拣,自动分拣N51,2312.6064124460445,2314.1864124460444,1.5799999999999272
N1-F32-5-1P,自动打磨,自动打磨N51,2314.1864124460444,2316.0234741920763,1.83706174603185
N1-F32-5-1P,桁架码垛,自动分拣N51,2316.0234741920763,2317.1934741920763,1.1700000000000728
N1-F31-3-1S,分拣,自动分拣N51,2317.1934741920763,2318.7734741920763,1.5799999999999272
N1-F31-3-1S,自动打磨,自动打磨N51,2318.7734741920763,2320.968271652394,2.194797460317659
N1-F31-3-1S,桁架码垛,自动分拣N51,2320.968271652394,2322.138271652394,1.1700000000000728
N1-F31-6S-1S,自由边打磨,人工打磨N51,2286.1197075144205,2286.8365503862155,0.7168428717950519
N1-F32-5-1S,分拣,自动分拣N51,2322.138271652394,2323.718271652394,1.5799999999999272
N1-F32-5-1S,自动打磨,自动打磨N51,2323.718271652394,2325.5553334777906,1.8370618253966313
N1-F32-5-1S,桁架码垛,自动分拣N51,2325.5553334777906,2326.7253334777906,1.1700000000000728
N1-ST-1-1P,分拣,自动分拣N51,2326.7253334777906,2328.3053334777906,1.5799999999999272
N1-ST-1-1P,自动打磨,自动打磨N51,2328.3053334777906,2330.1312181603303,1.8258846825397086
N1-ST-1-1P,桁架码垛,自动分拣N51,2330.1312181603303,2331.3012181603303,1.1700000000000728
N1-ST-1-1S,分拣,自动分拣N51,2331.3012181603303,2332.8812181603303,1.5799999999999272
N1-ST-1-1S,自动打磨,自动打磨N51,2332.8812181603303,2334.70710284287,1.8258846825397086
N1-ST-1-1S,桁架码垛,自动分拣N51,2334.70710284287,2335.87710284287,1.1700000000000728
N1-ST-2-1P,分拣,自动分拣N51,2335.87710284287,2337.45710284287,1.5799999999999272
N1-ST-2-1P,自动打磨,自动打磨N51,2337.45710284287,2339.6519003031876,2.194797460317659
N1-ST-2-1P,桁架码垛,自动分拣N51,2339.6519003031876,2340.8219003031877,1.1700000000000728
N1-ST-2-1S,分拣,自动分拣N51,2340.8219003031877,2342.4019003031876,1.5799999999999272
N1-ST-2-1S,自动打磨,自动打磨N51,2342.4019003031876,2343.825432049219,1.4235317460315855
N1-ST-2-1S,桁架码垛,自动分拣N51,2343.825432049219,2344.9954320492193,1.1700000000000728
E01S-1240切割后的大件,天车吊运（胎架到成品区）,天车,2286.8365503862155,2291.8365503862155,5.0
E01S-1205,天车空驶（胎架到原料区）,天车,2228.4730255369727,2236.4730255369727,8.0
E01S-1205,天车吊运（原料区到胎架）,天车,2236.4730255369727,2239.4730255369727,3.0
N1-LG1-2-1P,自由边打磨,人工打磨N21,2403.289891535525,2403.8137969201402,0.5239053846153183
N1-LG1-2-1S,自由边打磨,人工打磨N21,2403.8137969201402,2404.3377721509096,0.5239752307693379
E01S-1205切割后的大件,天车吊运（胎架到坡口区）,天车,2404.3377721509096,2407.3377721509096,3.0
N1-LG1-2-1P,人工坡口,人工坡口1,2436.861921754623,2503.3967377546223,66.53481599999941
N1-LG1-2-1S,人工坡口,人工坡口1,2503.3967377546223,2569.951553754622,66.55481599999985
E01S-1205切割后的大件,天车吊运（坡口区到成品区）,天车,2569.951553754622,2574.951553754622,5.0
E01S-1208,天车空驶（胎架到原料区）,天车,2274.5364963349334,2282.5364963349334,8.0
E01S-1208,天车吊运（原料区到胎架）,天车,2282.5364963349334,2285.5364963349334,3.0
N1-F21-5-1P,分拣,自动分拣N51,2501.7104760358916,2503.2904760358915,1.5799999999999272
N1-F21-5-1P,自动打磨,自动打磨N51,2503.2904760358915,2505.3303886549393,2.0399126190477546
N1-F21-5-1P,桁架码垛,自动分拣N51,2505.3303886549393,2506.5003886549393,1.1700000000000728
N1-F21-5-1S,分拣,自动分拣N51,2506.5003886549393,2508.0803886549393,1.5799999999999272
N1-F21-5-1S,自动打磨,自动打磨N51,2508.0803886549393,2510.360093496209,2.279704841269904
N1-F21-5-1S,桁架码垛,自动分拣N51,2510.360093496209,2511.5300934962092,1.1700000000000728
N1-F22-5-1P,分拣,自动分拣N51,2511.5300934962092,2513.110093496209,1.5799999999999272
N1-F22-5-1P,自动打磨,自动打磨N51,2513.110093496209,2515.389798337479,2.279704841269904
N1-F22-5-1P,桁架码垛,自动分拣N51,2515.389798337479,2516.559798337479,1.1700000000000728
N1-F22-5-1S,分拣,自动分拣N51,2516.559798337479,2518.139798337479,1.5799999999999272
N1-F22-5-1S,自动打磨,自动打磨N51,2518.139798337479,2519.9691496073206,1.8293512698414816
N1-F22-5-1S,桁架码垛,自动分拣N51,2519.9691496073206,2521.1391496073206,1.1700000000000728
N1-F23-5-1P,分拣,自动分拣N51,2521.1391496073206,2522.7191496073206,1.5799999999999272
N1-F23-5-1P,自动打磨,自动打磨N51,2522.7191496073206,2524.548500956527,1.829351349206263
N1-F23-5-1P,桁架码垛,自动分拣N51,2524.548500956527,2525.718500956527,1.1700000000000728
N1-F23-5-1S,分拣,自动分拣N51,2525.718500956527,2527.298500956527,1.5799999999999272
N1-F23-5-1S,自动打磨,自动打磨N51,2527.298500956527,2529.0942235755742,1.7957226190474103
N1-F23-5-1S,桁架码垛,自动分拣N51,2529.0942235755742,2530.2642235755743,1.1700000000000728
N1-F24-5-1P,分拣,自动分拣N51,2530.2642235755743,2531.8442235755742,1.5799999999999272
N1-F24-5-1P,自动打磨,自动打磨N51,2531.8442235755742,2533.2549575438284,1.410733968254135
N1-F24-5-1P,桁架码垛,自动分拣N51,2533.2549575438284,2534.4249575438284,1.1700000000000728
N1-F24-5-1S,分拣,自动分拣N51,2534.4249575438284,2536.0049575438284,1.5799999999999272
N1-F24-5-1S,自动打磨,自动打磨N51,2536.0049575438284,2537.8089977025584,1.804040158730004
N1-F24-5-1S,桁架码垛,自动分拣N51,2537.8089977025584,2538.9789977025584,1.1700000000000728
N1-F25-5-1P,分拣,自动分拣N51,2538.9789977025584,2540.5589977025584,1.5799999999999272
N1-F25-5-1P,自动打磨,自动打磨N51,2540.5589977025584,2542.1199011152567,1.5609034126982806
N1-F25-5-1P,桁架码垛,自动分拣N51,2542.1199011152567,2543.2899011152567,1.1700000000000728
N1-F25-5-1S,分拣,自动分拣N51,2543.2899011152567,2544.8699011152567,1.5799999999999272
N1-F25-5-1S,自动打磨,自动打磨N51,2544.8699011152567,2548.283236353352,3.413335238095442
N1-F25-5-1S,桁架码垛,自动分拣N51,2548.283236353352,2549.453236353352,1.1700000000000728
N1-F26-5-1P,分拣,自动分拣N51,2549.453236353352,2551.033236353352,1.5799999999999272
N1-F26-5-1P,自动打磨,自动打磨N51,2551.033236353352,2552.656067147003,1.6228307936507917
N1-F26-5-1P,桁架码垛,自动分拣N51,2552.656067147003,2553.826067147003,1.1700000000000728
N1-F26-5-1S,分拣,自动分拣N51,2553.826067147003,2555.406067147003,1.5799999999999272
N1-F26-5-1S,自动打磨,自动打磨N51,2555.406067147003,2558.709331432717,3.303264285714249
N1-F26-5-1S,桁架码垛,自动分拣N51,2558.709331432717,2559.879331432717,1.1700000000000728
N1-F27-2-1P,分拣,自动分拣N51,2559.879331432717,2561.459331432717,1.5799999999999272
N1-F27-2-1P,自动打磨,自动打磨N51,2561.459331432717,2562.864332067638,1.4050006349207251
N1-F27-2-1P,桁架码垛,自动分拣N51,2562.864332067638,2564.034332067638,1.1700000000000728
N1-F27-2-1S,分拣,自动分拣N51,2564.034332067638,2565.614332067638,1.5799999999999272
N1-F27-2-1S,自动打磨,自动打磨N51,2565.614332067638,2567.4342729406535,1.8199408730156392
N1-F27-2-1S,桁架码垛,自动分拣N51,2567.4342729406535,2568.6042729406536,1.1700000000000728
N1-F28-3-1P,分拣,自动分拣N51,2568.6042729406536,2570.1842729406535,1.5799999999999272
N1-F28-3-1P,自动打磨,自动打磨N51,2570.1842729406535,2571.6807711152564,1.496498174602948
N1-F28-3-1P,桁架码垛,自动分拣N51,2571.6807711152564,2572.8507711152565,1.1700000000000728
N1-F28-3-1S,分拣,自动分拣N51,2572.8507711152565,2574.4307711152564,1.5799999999999272
N1-F28-3-1S,自动打磨,自动打磨N51,2574.4307711152564,2576.047820639066,1.617049523809328
N1-F28-3-1S,桁架码垛,自动分拣N51,2576.047820639066,2577.217820639066,1.1700000000000728
N1-F29-3-1P,分拣,自动分拣N51,2577.217820639066,2578.797820639066,1.5799999999999272
N1-F29-3-1P,自动打磨,自动打磨N51,2578.797820639066,2580.6163323057326,1.8185116666668364
N1-F29-3-1P,桁架码垛,自动分拣N51,2580.6163323057326,2581.7863323057327,1.1700000000000728
N1-F29-3-1S,分拣,自动分拣N51,2581.7863323057327,2583.3663323057326,1.5799999999999272
N1-F29-3-1S,自动打磨,自动打磨N51,2583.3663323057326,2586.1674773850978,2.801145079365142
N1-F29-3-1S,桁架码垛,自动分拣N51,2586.1674773850978,2587.337477385098,1.1700000000000728
E01S-1219,天车空驶（胎架到原料区）,天车,2397.289891535525,2400.289891535525,3.0
E01S-1219,天车吊运（原料区到胎架）,天车,2400.289891535525,2403.289891535525,3.0
N1-STB-1P-1P,自由边打磨,人工打磨N21,2429.053661352974,2429.377666327333,0.32400497435901343
N1-STB-2S-1S,自由边打磨,人工打磨N21,2429.377666327333,2429.7066678145125,0.32900148717953925
E01S-1219切割后的大件,天车吊运（胎架到成品区）,天车,2429.7066678145125,2434.7066678145125,5.0
E01S-1212,天车空驶（胎架到原料区）,天车,2418.053661352974,2426.053661352974,8.0
E01S-1212,天车吊运（原料区到胎架）,天车,2426.053661352974,2429.053661352974,3.0
E01S-1212切割后的大件,天车吊运（胎架到坡口区）,天车,2460.955255251076,2463.955255251076,3.0
N1-AG-6-1P,人工坡口,人工坡口1,2569.951553754622,2576.995929754622,7.044375999999829
N1-AG-6-1S,人工坡口,人工坡口1,2576.995929754622,2584.040305754622,7.044375999999829
E01S-1212切割后的大件,天车吊运（坡口区到成品区）,天车,2584.040305754622,2589.040305754622,5.0
E01S-1210,天车空驶（胎架到原料区）,天车,2449.955255251076,2457.955255251076,8.0
E01S-1210,天车吊运（原料区到胎架）,天车,2457.955255251076,2460.955255251076,3.0
E01S-1210切割后的大件,天车吊运（胎架到成品区）,天车,2494.121807508526,2499.121807508526,5.0
E01S-1200,天车空驶（胎架到原料区）,天车,2483.121807508526,2491.121807508526,8.0
E01S-1200,天车吊运（原料区到胎架）,天车,2491.121807508526,2494.121807508526,3.0
N1-F30-3S-1S,分拣,自动分拣N21,2537.709110583476,2539.289110583476,1.5799999999999272
N1-F30-3S-1S,自动打磨,自动打磨N21,2539.289110583476,2540.6462534406187,1.3571428571426623
N1-F30-3S-1S,桁架至坡口工作站,自动分拣N21,2540.6462534406187,2541.812953440619,1.166700000000219
N1-DB-1SP-4SP,自由边打磨,人工打磨N21,2537.709110583476,2538.1922220706556,0.48311148717948527
N1-DB-1SP-6SP,分拣,自动分拣N21,2541.812953440619,2543.392953440619,1.5799999999999272
N1-DB-1SP-6SP,自动打磨,自动打磨N21,2543.392953440619,2544.9276132818886,1.5346598412697858
N1-DB-1SP-6SP,桁架至坡口工作站,自动分拣N21,2544.9276132818886,2546.094313281889,1.166700000000219
N1-F30-3S-2S,分拣,自动分拣N21,2546.094313281889,2547.6743132818888,1.5799999999999272
N1-F30-3S-2S,自动打磨,自动打磨N21,2547.6743132818888,2549.4219858215715,1.7476725396827533
N1-F30-3S-2S,桁架至坡口工作站,自动分拣N21,2549.4219858215715,2550.5886858215717,1.166700000000219
E01S-1200切割后的大件,天车吊运（胎架到坡口区）,天车,2538.1922220706556,2541.1922220706556,3.0
N1-DB-1SP-4SP,人工坡口,人工坡口1,2584.040305754622,2602.825929754622,18.785624000000098
E01S-1200切割后的大件,天车吊运（坡口区到成品区）,天车,2602.825929754622,2607.825929754622,5.0
E01S-1221,天车空驶（胎架到原料区）,天车,2499.121807508526,2507.121807508526,8.0
E01S-1221,天车吊运（原料区到胎架）,天车,2507.121807508526,2510.121807508526,3.0
N1-F20-1P-1P,分拣,自动分拣N51,2619.7815013538666,2621.3615013538665,1.5799999999999272
N1-F20-1P-1P,自动打磨,自动打磨N51,2621.3615013538665,2622.8706704014858,1.5091690476192525
N1-F20-1P-1P,桁架码垛,自动分拣N51,2622.8706704014858,2624.040670401486,1.1700000000000728
N1-F20-2P-1P,分拣,自动分拣N51,2624.040670401486,2625.6206704014858,1.5799999999999272
N1-F20-2P-1P,自动打磨,自动打磨N51,2625.6206704014858,2627.12983936974,1.5091689682540164
N1-F20-2P-1P,桁架码垛,自动分拣N51,2627.12983936974,2628.29983936974,1.1700000000000728
N1-F20-3S-1S,分拣,自动分拣N51,2628.29983936974,2629.87983936974,1.5799999999999272
N1-F20-3S-1S,自动打磨,自动打磨N51,2629.87983936974,2631.389008417359,1.5091690476192525
N1-F20-3S-1S,桁架码垛,自动分拣N51,2631.389008417359,2632.559008417359,1.1700000000000728
N1-F20-4S-1S,分拣,自动分拣N51,2632.559008417359,2634.139008417359,1.5799999999999272
N1-F20-4S-1S,自动打磨,自动打磨N51,2634.139008417359,2635.6436609570414,1.5046525396824109
N1-F20-4S-1S,桁架码垛,自动分拣N51,2635.6436609570414,2636.8136609570415,1.1700000000000728
N1-F21-1P-1P,分拣,自动分拣N51,2636.8136609570415,2638.3936609570414,1.5799999999999272
N1-F21-1P-1P,自动打磨,自动打磨N51,2638.3936609570414,2639.898313417359,1.5046524603176294
N1-F21-1P-1P,桁架码垛,自动分拣N51,2639.898313417359,2641.068313417359,1.1700000000000728
N1-F21-2P-1P,分拣,自动分拣N51,2641.068313417359,2642.648313417359,1.5799999999999272
N1-F21-2P-1P,自动打磨,自动打磨N51,2642.648313417359,2644.1529659570415,1.5046525396824109
N1-F21-2P-1P,桁架码垛,自动分拣N51,2644.1529659570415,2645.3229659570416,1.1700000000000728
N1-F21-3S-1S,分拣,自动分拣N51,2645.3229659570416,2646.9029659570415,1.5799999999999272
N1-F21-3S-1S,自动打磨,自动打磨N51,2646.9029659570415,2648.407618417359,1.5046524603176294
N1-F21-3S-1S,桁架码垛,自动分拣N51,2648.407618417359,2649.577618417359,1.1700000000000728
N1-F21-4S-1S,分拣,自动分拣N51,2649.577618417359,2651.157618417359,1.5799999999999272
N1-F21-4S-1S,自动打磨,自动打磨N51,2651.157618417359,2653.3760777030734,2.218459285714289
N1-F21-4S-1S,桁架码垛,自动分拣N51,2653.3760777030734,2654.5460777030735,1.1700000000000728
N1-F22-1P-1P,分拣,自动分拣N51,2654.5460777030735,2656.1260777030734,1.5799999999999272
N1-F22-1P-1P,自动打磨,自动打磨N51,2656.1260777030734,2658.3445369887877,2.218459285714289
N1-F22-1P-1P,桁架码垛,自动分拣N51,2658.3445369887877,2659.5145369887878,1.1700000000000728
N1-F22-2P-1P,分拣,自动分拣N51,2659.5145369887878,2661.0945369887877,1.5799999999999272
N1-F22-2P-1P,自动打磨,自动打磨N51,2661.0945369887877,2663.5004365125974,2.405899523809694
N1-F22-2P-1P,桁架码垛,自动分拣N51,2663.5004365125974,2664.6704365125975,1.1700000000000728
N1-F22-3S-1S,分拣,自动分拣N51,2664.6704365125975,2666.2504365125974,1.5799999999999272
N1-F22-3S-1S,自动打磨,自动打磨N51,2666.2504365125974,2668.656336036407,2.405899523809694
N1-F22-3S-1S,桁架码垛,自动分拣N51,2668.656336036407,2669.826336036407,1.1700000000000728
N1-F22-4S-1S,分拣,自动分拣N51,2669.826336036407,2671.406336036407,1.5799999999999272
N1-F22-4S-1S,自动打磨,自动打磨N51,2671.406336036407,2673.2448661157723,1.8385300793652277
N1-F22-4S-1S,桁架码垛,自动分拣N51,2673.2448661157723,2674.4148661157724,1.1700000000000728
N1-F23-1P-1P,分拣,自动分拣N51,2674.4148661157724,2675.9948661157723,1.5799999999999272
N1-F23-1P-1P,自动打磨,自动打磨N51,2675.9948661157723,2677.8333961157723,1.8385299999999916
N1-F23-1P-1P,桁架码垛,自动分拣N51,2677.8333961157723,2679.0033961157724,1.1700000000000728
N1-F23-2P-1P,分拣,自动分拣N51,2679.0033961157724,2680.5833961157723,1.5799999999999272
N1-F23-2P-1P,自动打磨,自动打磨N51,2680.5833961157723,2682.9860844491054,2.402688333333117
N1-F23-2P-1P,桁架码垛,自动分拣N51,2682.9860844491054,2684.1560844491055,1.1700000000000728
N1-F23-3S-1S,分拣,自动分拣N51,2684.1560844491055,2685.7360844491054,1.5799999999999272
N1-F23-3S-1S,自动打磨,自动打磨N51,2685.7360844491054,2687.9148454808515,2.178761031746035
N1-F23-3S-1S,桁架码垛,自动分拣N51,2687.9148454808515,2689.0848454808515,1.1700000000000728
N1-F23-4S-1S,分拣,自动分拣N51,2689.0848454808515,2690.6648454808515,1.5799999999999272
N1-F23-4S-1S,自动打磨,自动打磨N51,2690.6648454808515,2691.9078423856135,1.2429969047620943
N1-F23-4S-1S,桁架码垛,自动分拣N51,2691.9078423856135,2693.0778423856136,1.1700000000000728
N1-F24-1P-1P,分拣,自动分拣N51,2693.0778423856136,2694.6578423856135,1.5799999999999272
N1-F24-1P-1P,自动打磨,自动打磨N51,2694.6578423856135,2695.9008392110104,1.2429968253968582
N1-F24-1P-1P,桁架码垛,自动分拣N51,2695.9008392110104,2697.0708392110105,1.1700000000000728
N1-F24-2P-1P,分拣,自动分拣N51,2697.0708392110105,2698.6508392110104,1.5799999999999272
N1-F24-2P-1P,自动打磨,自动打磨N51,2698.6508392110104,2700.860781750693,2.209942539682743
N1-F24-2P-1P,桁架码垛,自动分拣N51,2700.860781750693,2702.030781750693,1.1700000000000728
N1-F24-3S-1S,分拣,自动分拣N51,2702.030781750693,2703.610781750693,1.5799999999999272
N1-F24-3S-1S,自动打磨,自动打磨N51,2703.610781750693,2705.820724290376,2.209942539682743
N1-F24-3S-1S,桁架码垛,自动分拣N51,2705.820724290376,2706.990724290376,1.1700000000000728
N1-F24-4S-1S,分拣,自动分拣N51,2706.990724290376,2708.570724290376,1.5799999999999272
N1-F24-4S-1S,自动打磨,自动打磨N51,2708.570724290376,2709.8137211157728,1.2429968253968582
N1-F24-4S-1S,桁架码垛,自动分拣N51,2709.8137211157728,2710.983721115773,1.1700000000000728
N1-F25-1P-1P,分拣,自动分拣N51,2710.983721115773,2712.5637211157728,1.5799999999999272
N1-F25-1P-1P,自动打磨,自动打磨N51,2712.5637211157728,2714.7736635760903,2.2099424603175066
N1-F25-1P-1P,桁架码垛,自动分拣N51,2714.7736635760903,2715.9436635760903,1.1700000000000728
N1-F25-2P-1P,分拣,自动分拣N51,2715.9436635760903,2717.5236635760903,1.5799999999999272
N1-F25-2P-1P,自动打磨,自动打磨N51,2717.5236635760903,2718.7666604808524,1.2429969047620943
N1-F25-2P-1P,桁架码垛,自动分拣N51,2718.7666604808524,2719.9366604808524,1.1700000000000728
N1-F25-3S-1S,分拣,自动分拣N51,2719.9366604808524,2721.5166604808524,1.5799999999999272
N1-F25-3S-1S,自动打磨,自动打磨N51,2721.5166604808524,2723.726603020535,2.209942539682743
N1-F25-3S-1S,桁架码垛,自动分拣N51,2723.726603020535,2724.896603020535,1.1700000000000728
N1-F25-4S-1S,分拣,自动分拣N51,2724.896603020535,2726.476603020535,1.5799999999999272
N1-F25-4S-1S,自动打磨,自动打磨N51,2726.476603020535,2727.719599845932,1.2429968253968582
N1-F25-4S-1S,桁架码垛,自动分拣N51,2727.719599845932,2728.889599845932,1.1700000000000728
N1-F26-1P-1P,分拣,自动分拣N51,2728.889599845932,2730.469599845932,1.5799999999999272
N1-F26-1P-1P,自动打磨,自动打磨N51,2730.469599845932,2731.712596750694,1.2429969047620943
N1-F26-1P-1P,桁架码垛,自动分拣N51,2731.712596750694,2732.882596750694,1.1700000000000728
N1-F26-2P-1P,分拣,自动分拣N51,2732.882596750694,2734.462596750694,1.5799999999999272
N1-F26-2P-1P,自动打磨,自动打磨N51,2734.462596750694,2736.672539290377,2.209942539682743
N1-F26-2P-1P,桁架码垛,自动分拣N51,2736.672539290377,2737.842539290377,1.1700000000000728
N1-F26-3S-1S,分拣,自动分拣N51,2737.842539290377,2739.422539290377,1.5799999999999272
N1-F26-3S-1S,自动打磨,自动打磨N51,2739.422539290377,2740.665536195139,1.2429969047620943
N1-F26-3S-1S,桁架码垛,自动分拣N51,2740.665536195139,2741.835536195139,1.1700000000000728
N1-F26-4S-1S,分拣,自动分拣N51,2741.835536195139,2743.415536195139,1.5799999999999272
N1-F26-4S-1S,自动打磨,自动打磨N51,2743.415536195139,2745.6254786554564,2.2099424603175066
N1-F26-4S-1S,桁架码垛,自动分拣N51,2745.6254786554564,2746.7954786554565,1.1700000000000728
E01S-1215,天车空驶（胎架到原料区）,天车,2531.709110583476,2534.709110583476,3.0
E01S-1215,天车吊运（原料区到胎架）,天车,2534.709110583476,2537.709110583476,3.0
N1-F33-2-1P,自由边打磨,人工打磨N21,2664.9917690472817,2665.3178521754867,0.3260831282050276
N1-F29-5P-1P,自由边打磨,人工打磨N21,2665.3178521754867,2665.647394688307,0.3295425128203533
N1-F17-1SP-1SP,自由边打磨,人工打磨N21,2665.647394688307,2666.470984431897,0.8235897435897641
N1-F29-4P-1P,自由边打磨,人工打磨N21,2666.470984431897,2666.6331174062557,0.16213297435888308
N1-F31-1P-1P,分拣,自动分拣N21,2664.9917690472817,2666.5717690472816,1.5799999999999272
N1-F31-1P-1P,自动打磨,自动打磨N21,2666.5717690472816,2668.0732053171228,1.5014362698411787
N1-F31-1P-1P,桁架码垛,自动分拣N21,2668.0732053171228,2669.243205317123,1.1700000000000728
N1-F33-2-1S,自由边打磨,人工打磨N21,2666.6331174062557,2666.9592005344607,0.3260831282050276
N1-F21-6P-1P,自由边打磨,人工打磨N21,2666.9592005344607,2667.2887434575377,0.32954292307704236
N1-F26-8S-1S,自由边打磨,人工打磨N21,2667.2887434575377,2667.6127484318968,0.32400497435901343
N1-LG2-5WS-1S,自由边打磨,人工打磨N21,2667.6127484318968,2667.7748814062556,0.16213297435888308
N1-ST-4-2S,分拣,自动分拣N21,2669.243205317123,2670.8232053171228,1.5799999999999272
N1-ST-4-2S,自动打磨,自动打磨N21,2670.8232053171228,2672.074125396488,1.2509200793651871
N1-ST-4-2S,桁架码垛,自动分拣N21,2672.074125396488,2673.244125396488,1.1700000000000728
E01S-1215切割后的大件,天车吊运（胎架到成品区）,天车,2667.7748814062556,2672.7748814062556,5.0
E01S-1225,天车空驶（胎架到原料区）,天车,2608.7815013538666,2616.7815013538666,8.0
E01S-1225,天车吊运（原料区到胎架）,天车,2616.7815013538666,2619.7815013538666,3.0
N1-LG32-2-1P,分拣,自动分拣N51,2746.7954786554565,2748.3754786554564,1.5799999999999272
N1-LG32-2-1P,自动打磨,自动打磨N51,2748.3754786554564,2750.9261447665676,2.5506661111112408
N1-LG32-2-1P,桁架码垛,自动分拣N51,2750.9261447665676,2752.0961447665677,1.1700000000000728
N1-LG32-2-1S,分拣,自动分拣N51,2752.0961447665677,2753.6761447665676,1.5799999999999272
N1-LG32-2-1S,自动打磨,自动打磨N51,2753.6761447665676,2756.207017068155,2.530872301587351
N1-LG32-2-1S,桁架码垛,自动分拣N51,2756.207017068155,2757.377017068155,1.1700000000000728
N1-BW-2-1P,分拣,自动分拣N51,2757.377017068155,2758.957017068155,1.5799999999999272
N1-BW-2-1P,自动打磨,自动打磨N51,2758.957017068155,2761.1669596078377,2.209942539682743
N1-BW-2-1P,桁架码垛,自动分拣N51,2761.1669596078377,2762.336959607838,1.1700000000000728
N1-BW-2-1S,分拣,自动分拣N51,2762.336959607838,2763.9169596078377,1.5799999999999272
N1-BW-2-1S,自动打磨,自动打磨N51,2763.9169596078377,2766.4676256395837,2.5506660317460046
N1-BW-2-1S,桁架码垛,自动分拣N51,2766.4676256395837,2767.637625639584,1.1700000000000728
N1-BW-3-1P,分拣,自动分拣N51,2767.637625639584,2769.2176256395837,1.5799999999999272
N1-BW-3-1P,自动打磨,自动打磨N51,2769.2176256395837,2771.768291750695,2.5506661111112408
N1-BW-3-1P,桁架码垛,自动分拣N51,2771.768291750695,2772.938291750695,1.1700000000000728
N1-BW-3-1S,分拣,自动分拣N51,2772.938291750695,2774.518291750695,1.5799999999999272
N1-BW-3-1S,自动打磨,自动打磨N51,2774.518291750695,2777.068957861806,2.5506661111112408
N1-BW-3-1S,桁架码垛,自动分拣N51,2777.068957861806,2778.2389578618063,1.1700000000000728
N1-F35-2-1P,分拣,自动分拣N51,2778.2389578618063,2779.818957861806,1.5799999999999272
N1-F35-2-1P,自动打磨,自动打磨N51,2779.818957861806,2782.3696239729175,2.5506661111112408
N1-F35-2-1P,桁架码垛,自动分拣N51,2782.3696239729175,2783.5396239729175,1.1700000000000728
N1-F35-2-1S,分拣,自动分拣N51,2783.5396239729175,2785.1196239729175,1.5799999999999272
N1-F35-2-1S,自动打磨,自动打磨N51,2785.1196239729175,2787.6702900046635,2.5506660317460046
N1-F35-2-1S,桁架码垛,自动分拣N51,2787.6702900046635,2788.8402900046635,1.1700000000000728
N1-F35-2-2P,分拣,自动分拣N51,2788.8402900046635,2790.4202900046635,1.5799999999999272
N1-F35-2-2P,自动打磨,自动打磨N51,2790.4202900046635,2792.9709561157747,2.5506661111112408
N1-F35-2-2P,桁架码垛,自动分拣N51,2792.9709561157747,2794.1409561157748,1.1700000000000728
N1-F35-2-2S,分拣,自动分拣N51,2794.1409561157748,2795.7209561157747,1.5799999999999272
N1-F35-2-2S,自动打磨,自动打磨N51,2795.7209561157747,2798.2716221475207,2.5506660317460046
N1-F35-2-2S,桁架码垛,自动分拣N51,2798.2716221475207,2799.441622147521,1.1700000000000728
E01S-1233,天车空驶（胎架到原料区）,天车,2658.0215013538664,2661.0215013538664,3.0
E01S-1233,天车吊运（原料区到胎架）,天车,2661.0215013538664,2664.0215013538664,3.0
N1-AG-1P-1P,自由边打磨,人工打磨N51,2704.294575636797,2704.639087688079,0.34451205128198126
N1-AG-2S-1S,自由边打磨,人工打磨N51,2704.639087688079,2704.9835997906434,0.34451210256429476
E01S-1233切割后的大件,天车吊运（胎架到成品区）,天车,2704.9835997906434,2709.9835997906434,5.0
E01S-1231,天车空驶（胎架到原料区）,天车,2672.7748814062556,2680.7748814062556,8.0
E01S-1231,天车吊运（原料区到胎架）,天车,2680.7748814062556,2683.7748814062556,3.0
N1-F36-3-2BP,分拣,自动分拣N21,2710.546235280463,2712.126235280463,1.5799999999999272
N1-F36-3-2BP,自动打磨,自动打磨N21,2712.126235280463,2714.5447787725266,2.418543492063691
N1-F36-3-2BP,桁架码垛,自动分拣N21,2714.5447787725266,2715.7147787725266,1.1700000000000728
N1-F36-3-2BS,分拣,自动分拣N21,2715.7147787725266,2717.2947787725266,1.5799999999999272
N1-F36-3-2BS,自动打磨,自动打磨N21,2717.2947787725266,2719.726118216971,2.4313394444443475
N1-F36-3-2BS,桁架码垛,自动分拣N21,2719.726118216971,2720.896118216971,1.1700000000000728
N1-F36-3B1-1P,分拣,自动分拣N21,2720.896118216971,2722.476118216971,1.5799999999999272
N1-F36-3B1-1P,自动打磨,自动打磨N21,2722.476118216971,2724.8768255185582,2.4007073015873175
N1-F36-3B1-1P,桁架码垛,自动分拣N21,2724.8768255185582,2726.0468255185583,1.1700000000000728
N1-F36-3B1-1S,分拣,自动分拣N21,2726.0468255185583,2727.6268255185582,1.5799999999999272
N1-F36-3B1-1S,自动打磨,自动打磨N21,2727.6268255185582,2730.027532899511,2.4007073809525536
N1-F36-3B1-1S,桁架码垛,自动分拣N21,2730.027532899511,2731.197532899511,1.1700000000000728
N1-F36-4-1P,自由边打磨,人工打磨N21,2710.546235280463,2711.171216562514,0.624981282051067
N1-F36-4B1W-1P,分拣,自动分拣N21,2731.197532899511,2732.777532899511,1.5799999999999272
N1-F36-4B1W-1P,自动打磨,自动打磨N21,2732.777532899511,2735.051410121733,2.2738772222223815
N1-F36-4B1W-1P,桁架码垛,自动分拣N21,2735.051410121733,2736.2214101217332,1.1700000000000728
N1-F33-1SP-7BSP,分拣,自动分拣N21,2736.2214101217332,2737.801410121733,1.5799999999999272
N1-F33-1SP-7BSP,自动打磨,自动打磨N21,2737.801410121733,2740.244833613797,2.44342349206363
N1-F33-1SP-7BSP,桁架码垛,自动分拣N21,2740.244833613797,2741.414833613797,1.1700000000000728
N1-F36-2S-1BS,分拣,自动分拣N21,2741.414833613797,2742.994833613797,1.5799999999999272
N1-F36-2S-1BS,自动打磨,自动打磨N21,2742.994833613797,2745.1213366296697,2.1265030158729132
N1-F36-2S-1BS,桁架码垛,自动分拣N21,2745.1213366296697,2746.29133662967,1.1700000000000728
N1-F36-2S-4BS,分拣,自动分拣N21,2746.29133662967,2747.8713366296697,1.5799999999999272
N1-F36-2S-4BS,自动打磨,自动打磨N21,2747.8713366296697,2749.997839804273,2.1265031746033856
N1-F36-2S-4BS,桁架码垛,自动分拣N21,2749.997839804273,2751.167839804273,1.1700000000000728
N1-F36-4-1S,自由边打磨,人工打磨N21,2711.171216562514,2711.5246079471294,0.3533913846154064
N1-F36-4B1W-1S,分拣,自动分拣N21,2751.167839804273,2752.747839804273,1.5799999999999272
N1-F36-4B1W-1S,自动打磨,自动打磨N21,2752.747839804273,2754.8741201217335,2.1262803174604414
N1-F36-4B1W-1S,桁架码垛,自动分拣N21,2754.8741201217335,2756.0441201217336,1.1700000000000728
N1-F33-1B1-1P,分拣,自动分拣N21,2756.0441201217336,2757.6241201217335,1.5799999999999272
N1-F33-1B1-1P,自动打磨,自动打磨N21,2757.6241201217335,2759.7506231376065,2.1265030158729132
N1-F33-1B1-1P,桁架码垛,自动分拣N21,2759.7506231376065,2760.9206231376065,1.1700000000000728
N1-F33-1B1-1S,分拣,自动分拣N21,2760.9206231376065,2762.5006231376065,1.5799999999999272
N1-F33-1B1-1S,自动打磨,自动打磨N21,2762.5006231376065,2764.931962502686,2.431339365079566
N1-F33-1B1-1S,桁架码垛,自动分拣N21,2764.931962502686,2766.101962502686,1.1700000000000728
E01S-1231切割后的大件,天车吊运（胎架到坡口区）,天车,2711.5246079471294,2714.5246079471294,3.0
N1-F36-4-1P,人工坡口,人工坡口1,2714.5246079471294,2724.9808679471294,10.45625999999993
N1-F36-4-1S,人工坡口,人工坡口1,2724.9808679471294,2735.4371279471293,10.45625999999993
E01S-1231切割后的大件,天车吊运（坡口区到成品区）,天车,2735.4371279471293,2740.4371279471293,5.0
E01S-1222,天车空驶（胎架到原料区）,天车,2693.294575636797,2701.294575636797,8.0
E01S-1222,天车吊运（原料区到胎架）,天车,2701.294575636797,2704.294575636797,3.0
N1-F18-1P-1P,分拣,自动分拣N51,2799.441622147521,2801.0216221475207,1.5799999999999272
N1-F18-1P-1P,自动打磨,自动打磨N51,2801.0216221475207,2803.2315646872034,2.209942539682743
N1-F18-1P-1P,桁架码垛,自动分拣N51,2803.2315646872034,2804.4015646872035,1.1700000000000728
N1-F18-2S-1S,分拣,自动分拣N51,2804.4015646872035,2805.9815646872034,1.5799999999999272
N1-F18-2S-1S,自动打磨,自动打磨N51,2805.9815646872034,2807.2245615126003,1.2429968253968582
N1-F18-2S-1S,桁架码垛,自动分拣N51,2807.2245615126003,2808.3945615126004,1.1700000000000728
N1-ST-3-1P,分拣,自动分拣N51,2808.3945615126004,2809.9745615126003,1.5799999999999272
N1-ST-3-1P,自动打磨,自动打磨N51,2809.9745615126003,2811.2175584173624,1.2429969047620943
N1-ST-3-1P,桁架码垛,自动分拣N51,2811.2175584173624,2812.3875584173625,1.1700000000000728
N1-ST-3-1S,分拣,自动分拣N51,2812.3875584173625,2813.9675584173624,1.5799999999999272
N1-ST-3-1S,自动打磨,自动打磨N51,2813.9675584173624,2816.17750087768,2.2099424603175066
N1-ST-3-1S,桁架码垛,自动分拣N51,2816.17750087768,2817.34750087768,1.1700000000000728
N1-ST-3-2P,分拣,自动分拣N51,2817.34750087768,2818.92750087768,1.5799999999999272
N1-ST-3-2P,自动打磨,自动打磨N51,2818.92750087768,2821.1374434173626,2.209942539682743
N1-ST-3-2P,桁架码垛,自动分拣N51,2821.1374434173626,2822.3074434173627,1.1700000000000728
N1-ST-4-1P,分拣,自动分拣N51,2822.3074434173627,2823.8874434173626,1.5799999999999272
N1-ST-4-1P,自动打磨,自动打磨N51,2823.8874434173626,2825.1304402427595,1.2429968253968582
N1-ST-4-1P,桁架码垛,自动分拣N51,2825.1304402427595,2826.3004402427596,1.1700000000000728
N1-ST-4-1S,分拣,自动分拣N51,2826.3004402427596,2827.8804402427595,1.5799999999999272
N1-ST-4-1S,自动打磨,自动打磨N51,2827.8804402427595,2829.1234371475216,1.2429969047620943
N1-ST-4-1S,桁架码垛,自动分拣N51,2829.1234371475216,2830.2934371475217,1.1700000000000728
N1-ST-4-2P,分拣,自动分拣N51,2830.2934371475217,2831.8734371475216,1.5799999999999272
N1-ST-4-2P,自动打磨,自动打磨N51,2831.8734371475216,2834.0833796872043,2.209942539682743
N1-ST-4-2P,桁架码垛,自动分拣N51,2834.0833796872043,2835.2533796872044,1.1700000000000728
E01S-1218,天车空驶（胎架到原料区）,天车,2714.5246079471294,2717.5246079471294,3.0
E01S-1218,天车吊运（原料区到胎架）,天车,2717.5246079471294,2720.5246079471294,3.0
N1-F25-7-1P,分拣,自动分拣N21,2766.101962502686,2767.681962502686,1.5799999999999272
N1-F25-7-1P,自动打磨,自动打磨N21,2767.681962502686,2769.183398772527,1.5014362698411787
N1-F25-7-1P,桁架码垛,自动分拣N21,2769.183398772527,2770.3533987725273,1.1700000000000728
N1-F25-6-1P,自由边打磨,人工打磨N21,2765.7024356121433,2766.02644053522,0.3240049230766999
N1-F25-6-1S,自由边打磨,人工打磨N21,2766.02644053522,2766.350445509579,0.32400497435901343
N1-F25-7-1S,分拣,自动分拣N21,2770.3533987725273,2771.933398772527,1.5799999999999272
N1-F25-7-1S,自动打磨,自动打磨N21,2771.933398772527,2773.4348350423684,1.5014362698411787
N1-F25-7-1S,桁架码垛,自动分拣N21,2773.4348350423684,2774.6048350423684,1.1700000000000728
N1-F29-6S-1S,自由边打磨,人工打磨N21,2766.350445509579,2766.6744504326557,0.3240049230766999
E01S-1218切割后的大件,天车吊运（胎架到成品区）,天车,2766.6744504326557,2771.6744504326557,5.0
E01S-1220,天车空驶（胎架到原料区）,天车,2744.50072258612,2752.50072258612,8.0
E01S-1220,天车吊运（原料区到胎架）,天车,2752.50072258612,2755.50072258612,3.0
N1-F19-1SP-1SP,自由边打磨,人工打磨N51,2812.88804350005,2813.2170449872297,0.32900148717953925
N1-F27-1SP-1SP,自由边打磨,人工打磨N51,2813.2170449872297,2813.546046474409,0.32900148717953925
N1-F28-1P-1P,分拣,自动分拣N51,2835.2533796872044,2836.8333796872043,1.5799999999999272
N1-F28-1P-1P,自动打磨,自动打磨N51,2836.8333796872043,2838.3425486554584,1.5091689682540164
N1-F28-1P-1P,桁架码垛,自动分拣N51,2838.3425486554584,2839.5125486554584,1.1700000000000728
N1-F29-1P-1P,分拣,自动分拣N51,2839.5125486554584,2841.0925486554584,1.5799999999999272
N1-F29-1P-1P,自动打磨,自动打磨N51,2841.0925486554584,2842.6017177030776,1.5091690476192525
N1-F29-1P-1P,桁架码垛,自动分拣N51,2842.6017177030776,2843.7717177030777,1.1700000000000728
N1-F28-2S-1S,分拣,自动分拣N51,2843.7717177030777,2845.3517177030776,1.5799999999999272
N1-F28-2S-1S,自动打磨,自动打磨N51,2845.3517177030776,2846.8608865919664,1.5091688888887802
N1-F28-2S-1S,桁架码垛,自动分拣N51,2846.8608865919664,2848.0308865919665,1.1700000000000728
N1-F29-2S-1S,分拣,自动分拣N51,2848.0308865919665,2849.6108865919664,1.5799999999999272
N1-F29-2S-1S,自动打磨,自动打磨N51,2849.6108865919664,2851.1200555602204,1.5091689682540164
N1-F29-2S-1S,桁架码垛,自动分拣N51,2851.1200555602204,2852.2900555602205,1.1700000000000728
E01S-1220切割后的大件,天车吊运（胎架到成品区）,天车,2813.546046474409,2818.546046474409,5.0
E01S-1230,天车空驶（胎架到原料区）,天车,2755.50072258612,2763.50072258612,8.0
E01S-1230,天车吊运（原料区到胎架）,天车,2763.50072258612,2766.50072258612,3.0
N1-F36-3-1P,自由边打磨,人工打磨N21,2833.1222902379977,2833.7120821867156,0.5897919487179024
N1-F36-3-1S,自由边打磨,人工打磨N21,2833.7120821867156,2833.7605103405617,0.04842815384608912
N1-F36-1P-1P,自由边打磨,人工打磨N21,2833.7605103405617,2834.8480364431257,1.0875261025639702
N1-F36-2S-1S,自由边打磨,人工打磨N21,2834.8480364431257,2835.935562494408,1.0875260512821114
E01S-1230切割后的大件,天车吊运（胎架到坡口区）,天车,2835.935562494408,2838.935562494408,3.0
N1-F36-1P-1P,人工坡口,人工坡口1,2838.935562494408,2849.985974494408,11.050412000000051
N1-F36-2S-1S,人工坡口,人工坡口1,2849.985974494408,2861.108414494408,11.122440000000097
N1-F36-3-1P,人工坡口,人工坡口1,2861.108414494408,2869.268038494408,8.159623999999894
N1-F36-3-1S,人工坡口,人工坡口1,2869.268038494408,2877.4476624944077,8.179623999999876
E01S-1230切割后的大件,天车吊运（坡口区到成品区）,天车,2877.4476624944077,2882.4476624944077,5.0
E01S-1243,天车空驶（胎架到原料区）,天车,2801.88804350005,2809.88804350005,8.0
E01S-1243,天车吊运（原料区到胎架）,天车,2809.88804350005,2812.88804350005,3.0
N1-F36-3-1BP,分拣,自动分拣N51,2901.081794324006,2902.6617943240058,1.5799999999999272
N1-F36-3-1BP,自动打磨,自动打磨N51,2902.6617943240058,2904.59572392718,1.9339296031744198
N1-F36-3-1BP,桁架码垛,自动分拣N51,2904.59572392718,2905.7657239271803,1.1700000000000728
N1-F36-3-1BS,分拣,自动分拣N51,2905.7657239271803,2907.34572392718,1.5799999999999272
N1-F36-3-1BS,自动打磨,自动打磨N51,2907.34572392718,2909.27965345099,1.9339295238096383
N1-F36-3-1BS,桁架码垛,自动分拣N51,2909.27965345099,2910.44965345099,1.1700000000000728
N1-F17-2B1-1P,分拣,自动分拣N51,2910.44965345099,2912.02965345099,1.5799999999999272
N1-F17-2B1-1P,自动打磨,自动打磨N51,2912.02965345099,2913.934681704958,1.9050282539683394
N1-F17-2B1-1P,桁架码垛,自动分拣N51,2913.934681704958,2915.1046817049582,1.1700000000000728
N1-F17-2B1-1S,分拣,自动分拣N51,2915.1046817049582,2916.684681704958,1.5799999999999272
N1-F17-2B1-1S,自动打磨,自动打磨N51,2916.684681704958,2918.5897099589265,1.9050282539683394
N1-F17-2B1-1S,桁架码垛,自动分拣N51,2918.5897099589265,2919.7597099589266,1.1700000000000728
N1-F31-5B1-1P,分拣,自动分拣N51,2919.7597099589266,2921.3397099589265,1.5799999999999272
N1-F31-5B1-1P,自动打磨,自动打磨N51,2921.3397099589265,2924.8759320224185,3.536222063492005
N1-F31-5B1-1P,桁架码垛,自动分拣N51,2924.8759320224185,2926.0459320224186,1.1700000000000728
N1-F34-2-1P,分拣,自动分拣N51,2926.0459320224186,2927.6259320224185,1.5799999999999272
N1-F34-2-1P,自动打磨,自动打磨N51,2927.6259320224185,2928.806544641466,1.180612619047679
N1-F34-2-1P,桁架码垛,自动分拣N51,2928.806544641466,2929.9765446414663,1.1700000000000728
N1-F34-2-1S,分拣,自动分拣N51,2929.9765446414663,2931.556544641466,1.5799999999999272
N1-F34-2-1S,自动打磨,自动打磨N51,2931.556544641466,2932.737157260514,1.180612619047679
N1-F34-2-1S,桁架码垛,自动分拣N51,2932.737157260514,2933.907157260514,1.1700000000000728
N1-F20-1B1P-1P,分拣,自动分拣N51,2933.907157260514,2935.487157260514,1.5799999999999272
N1-F20-1B1P-1P,自动打磨,自动打磨N51,2935.487157260514,2938.3819526573393,2.8947953968254296
N1-F20-1B1P-1P,桁架码垛,自动分拣N51,2938.3819526573393,2939.5519526573394,1.1700000000000728
N1-F20-2B1P-1P,分拣,自动分拣N51,2939.5519526573394,2941.1319526573393,1.5799999999999272
N1-F20-2B1P-1P,自动打磨,自动打磨N51,2941.1319526573393,2944.7382928954344,3.606340238095072
N1-F20-2B1P-1P,桁架码垛,自动分拣N51,2944.7382928954344,2945.9082928954344,1.1700000000000728
N1-F29-1B1P-1P,分拣,自动分拣N51,2945.9082928954344,2947.4882928954344,1.5799999999999272
N1-F29-1B1P-1P,自动打磨,自动打磨N51,2947.4882928954344,2950.5399632128947,3.051670317460321
N1-F29-1B1P-1P,桁架码垛,自动分拣N51,2950.5399632128947,2951.7099632128948,1.1700000000000728
N1-F29-2B1P-1P,分拣,自动分拣N51,2951.7099632128948,2953.2899632128947,1.5799999999999272
N1-F29-2B1P-1P,自动打磨,自动打磨N51,2953.2899632128947,2956.341895435117,3.051932222222149
N1-F29-2B1P-1P,桁架码垛,自动分拣N51,2956.341895435117,2957.511895435117,1.1700000000000728
N1-F29-3B1P-1P,分拣,自动分拣N51,2957.511895435117,2959.091895435117,1.5799999999999272
N1-F29-3B1P-1P,自动打磨,自动打磨N51,2959.091895435117,2963.0944048795614,4.002509444444513
N1-F29-3B1P-1P,桁架码垛,自动分拣N51,2963.0944048795614,2964.2644048795614,1.1700000000000728
N1-F31-5B1-1S,分拣,自动分拣N51,2964.2644048795614,2965.8444048795614,1.5799999999999272
N1-F31-5B1-1S,自动打磨,自动打磨N51,2965.8444048795614,2969.380626863688,3.536221984126769
N1-F31-5B1-1S,桁架码垛,自动分拣N51,2969.380626863688,2970.550626863688,1.1700000000000728
N1-F36-1P-5BP,分拣,自动分拣N51,2970.550626863688,2972.130626863688,1.5799999999999272
N1-F36-1P-5BP,自动打磨,自动打磨N51,2972.130626863688,2974.157684800196,2.0270579365078447
N1-F36-1P-5BP,桁架码垛,自动分拣N51,2974.157684800196,2975.327684800196,1.1700000000000728
N1-F26-1B1S-1S,分拣,自动分拣N51,2975.327684800196,2976.907684800196,1.5799999999999272
N1-F26-1B1S-1S,自动打磨,自动打磨N51,2976.907684800196,2980.25872892718,3.3510441269841067
N1-F26-1B1S-1S,桁架码垛,自动分拣N51,2980.25872892718,2981.42872892718,1.1700000000000728
N1-F26-2B1S-1S,分拣,自动分拣N51,2981.42872892718,2983.00872892718,1.5799999999999272
N1-F26-2B1S-1S,自动打磨,自动打磨N51,2983.00872892718,2986.061005911307,3.05227698412682
N1-F26-2B1S-1S,桁架码垛,自动分拣N51,2986.061005911307,2987.231005911307,1.1700000000000728
N1-F36-2S-2BS,分拣,自动分拣N51,2987.231005911307,2988.811005911307,1.5799999999999272
N1-F36-2S-2BS,自动打磨,自动打磨N51,2988.811005911307,2990.8380638478147,2.0270579365078447
N1-F36-2S-2BS,桁架码垛,自动分拣N51,2990.8380638478147,2992.008063847815,1.1700000000000728
N1-JXP-902S-1S,分拣,自动分拣N51,2992.008063847815,2993.5880638478147,1.5799999999999272
N1-JXP-902S-1S,自动打磨,自动打磨N51,2993.5880638478147,2994.7985797208307,1.2105158730159928
N1-JXP-902S-1S,桁架码垛,自动分拣N51,2994.7985797208307,2995.968579720831,1.1700000000000728
N1-JXP-903S-1S,分拣,自动分拣N51,2995.968579720831,2997.5485797208307,1.5799999999999272
N1-JXP-903S-1S,自动打磨,自动打磨N51,2997.5485797208307,3000.2432517843226,2.6946720634919075
N1-JXP-903S-1S,桁架码垛,自动分拣N51,3000.2432517843226,3001.4132517843227,1.1700000000000728
E01S-1216,天车空驶（胎架到原料区）,天车,2827.1222902379977,2830.1222902379977,3.0
E01S-1216,天车吊运（原料区到胎架）,天车,2830.1222902379977,2833.1222902379977,3.0
N1-LG1-4-1P,自由边打磨,人工打磨N21,2852.7778186365276,2853.1076555596046,0.3298369230769822
N1-LG1-4-1S,自由边打磨,人工打磨N21,2853.1076555596046,2853.437492995502,0.3298374358973888
E01S-1216切割后的大件,天车吊运（胎架到成品区）,天车,2853.437492995502,2858.437492995502,5.0
E01S-1227,天车空驶（胎架到原料区）,天车,2841.7778186365276,2849.7778186365276,8.0
E01S-1227,天车吊运（原料区到胎架）,天车,2849.7778186365276,2852.7778186365276,3.0
N1-MG-1SP-1SP,分拣,自动分拣N21,2879.281452901268,2880.861452901268,1.5799999999999272
N1-MG-1SP-1SP,自动打磨,自动打磨N21,2880.861452901268,2882.630730917141,1.7692780158731694
N1-MG-1SP-1SP,桁架码垛,自动分拣N21,2882.630730917141,2883.800730917141,1.1700000000000728
N1-MG-5SP-1SP,自由边打磨,人工打磨N21,2879.281452901268,2879.797840491012,0.516387589743772
N1-MG-2SP-1SP,自由边打磨,人工打磨N21,2879.797840491012,2880.722518798704,0.9246783076923748
E01S-1227切割后的大件,天车吊运（胎架到成品区）,天车,2882.4476624944077,2887.4476624944077,5.0
E01S-1235,天车空驶（胎架到原料区）,天车,2887.4476624944077,2895.4476624944077,8.0
E01S-1235,天车吊运（原料区到胎架）,天车,2895.4476624944077,2898.4476624944077,3.0
N1-BW-1-1P,自由边打磨,人工打磨N21,2936.453677531627,2937.3723829162423,0.9187053846153503
N1-F32-1-1P,分拣,自动分拣N21,2936.453677531627,2938.033677531627,1.5799999999999272
N1-F32-1-1P,自动打磨,自动打磨N21,2938.033677531627,2940.424851499881,2.391173968253952
N1-F32-1-1P,桁架码垛,自动分拣N21,2940.424851499881,2941.594851499881,1.1700000000000728
N1-LG1-1-1P,分拣,自动分拣N21,2941.594851499881,2943.174851499881,1.5799999999999272
N1-LG1-1-1P,自动打磨,自动打磨N21,2943.174851499881,2945.1309073728967,1.9560558730158846
N1-LG1-1-1P,桁架码垛,自动分拣N21,2945.1309073728967,2946.3009073728967,1.1700000000000728
N1-LG1-1-1S,分拣,自动分拣N21,2946.3009073728967,2947.8809073728967,1.5799999999999272
N1-LG1-1-1S,自动打磨,自动打磨N21,2947.8809073728967,2948.9558372141664,1.0749298412697499
N1-LG1-1-1S,桁架码垛,自动分拣N21,2948.9558372141664,2950.1258372141665,1.1700000000000728
N1-BW-1-1S,自由边打磨,人工打磨N21,2937.3723829162423,2938.2712952239344,0.8989123076921715
N1-F32-1-1S,分拣,自动分拣N21,2950.1258372141665,2951.7058372141664,1.5799999999999272
N1-F32-1-1S,自动打磨,自动打磨N21,2951.7058372141664,2953.6618930871823,1.9560558730158846
N1-F32-1-1S,桁架码垛,自动分拣N21,2953.6618930871823,2954.8318930871824,1.1700000000000728
N1-LG2-1-1P,分拣,自动分拣N21,2954.8318930871824,2956.4118930871823,1.5799999999999272
N1-LG2-1-1P,自动打磨,自动打磨N21,2956.4118930871823,2957.4868228490873,1.0749297619049685
N1-LG2-1-1P,桁架码垛,自动分拣N21,2957.4868228490873,2958.6568228490873,1.1700000000000728
N1-LG2-1-1S,分拣,自动分拣N21,2958.6568228490873,2960.2368228490873,1.5799999999999272
N1-LG2-1-1S,自动打磨,自动打磨N21,2960.2368228490873,2962.135332610992,1.8985097619047338
N1-LG2-1-1S,桁架码垛,自动分拣N21,2962.135332610992,2963.305332610992,1.1700000000000728
N1-AG-4S-1S,自由边打磨,人工打磨N21,2938.2712952239344,2939.19000060855,0.9187053846153503
E01S-1235切割后的大件,天车吊运（胎架到成品区）,天车,2939.19000060855,2944.19000060855,5.0
E01S-1238,天车空驶（胎架到原料区）,天车,2898.4476624944077,2906.4476624944077,8.0
E01S-1238,天车吊运（原料区到胎架）,天车,2906.4476624944077,2909.4476624944077,3.0
N1-F26-7P-1P,自由边打磨,人工打磨N51,3001.4277607269196,3001.7722728807657,0.3445121538461535
N1-F27-4-1P,自由边打磨,人工打磨N51,3001.7722728807657,3002.1445723679453,0.37229948717958905
N1-F28-5-1P,自由边打磨,人工打磨N51,3002.1445723679453,3002.4890844705096,0.34451210256429476
N1-F32-3-1P,分拣,自动分拣N51,3001.4277607269196,3003.0077607269195,1.5799999999999272
N1-F32-3-1P,自动打磨,自动打磨N51,3003.0077607269195,3004.540934139618,1.5331734126984884
N1-F32-3-1P,桁架码垛,自动分拣N51,3004.540934139618,3005.710934139618,1.1700000000000728
N1-F27-4-1S,自由边打磨,人工打磨N51,3002.4890844705096,3002.861383957689,0.37229948717958905
N1-F28-5-1S,自由边打磨,人工打磨N51,3002.861383957689,3003.2058959576893,0.3445120000001225
N1-F32-3-1S,分拣,自动分拣N51,3005.710934139618,3007.290934139618,1.5799999999999272
N1-F32-3-1S,自动打磨,自动打磨N51,3007.290934139618,3008.8805702507293,1.5896361111113038
N1-F32-3-1S,桁架码垛,自动分拣N51,3008.8805702507293,3010.0505702507294,1.1700000000000728
N1-F18-4P-1P,自由边打磨,人工打磨N51,3003.2058959576893,3003.5722987782024,0.36640282051303075
N1-F32-4-1P,自由边打磨,人工打磨N51,3003.5722987782024,3003.95329447051,0.38099569230780617
N1-F32-4-1S,自由边打磨,人工打磨N51,3003.95329447051,3004.334290162818,0.38099569230780617
E01S-1238切割后的大件,天车吊运（胎架到成品区）,天车,3004.334290162818,3009.334290162818,5.0
E01S-1241,天车空驶（胎架到原料区）,天车,2925.453677531627,2933.453677531627,8.0
E01S-1241,天车吊运（原料区到胎架）,天车,2933.453677531627,2936.453677531627,3.0
N1-F36-1P-7BP,分拣,自动分拣N21,2967.444102678793,2969.024102678793,1.5799999999999272
N1-F36-1P-7BP,自动打磨,自动打磨N21,2969.024102678793,2970.4476344248246,1.4235317460315855
N1-F36-1P-7BP,桁架码垛,自动分拣N21,2970.4476344248246,2971.6176344248247,1.1700000000000728
N1-LG1-3W-1P,自由边打磨,人工打磨N21,2967.444102678793,2967.7177693454596,0.273666666666486
N1-F36-2S-7BS,分拣,自动分拣N21,2971.6176344248247,2973.1976344248246,1.5799999999999272
N1-F36-2S-7BS,自动打磨,自动打磨N21,2973.1976344248246,2975.0446977184756,1.84706329365099
N1-F36-2S-7BS,桁架码垛,自动分拣N21,2975.0446977184756,2976.2146977184757,1.1700000000000728
N1-LG1-3W-1S,自由边打磨,人工打磨N21,2967.7177693454596,2967.991436012126,0.273666666666486
E01S-1241切割后的大件,天车吊运（胎架到成品区）,天车,2967.991436012126,2972.991436012126,5.0
E01S-1213,天车空驶（胎架到原料区）,天车,2956.444102678793,2964.444102678793,8.0
E01S-1213,天车吊运（原料区到胎架）,天车,2964.444102678793,2967.444102678793,3.0
N1-F33-1SP-1SP,自由边打磨,人工打磨N21,3005.4355455308023,3006.259135274392,0.8235897435897641
E01S-1213切割后的大件,天车吊运（胎架到成品区）,天车,3009.334290162818,3014.334290162818,5.0
E01S-1237,天车空驶（胎架到原料区）,天车,2990.4277607269196,2998.4277607269196,8.0
E01S-1237,天车吊运（原料区到胎架）,天车,2998.4277607269196,3001.4277607269196,3.0
N1-F23-6P-1P,自由边打磨,人工打磨N51,3042.105949141964,3042.472351911195,0.36640276923071724
N1-F24-6P-1P,自由边打磨,人工打磨N51,3042.472351911195,3042.816863911195,0.3445120000001225
N1-F28-4-1P,自由边打磨,人工打磨N51,3042.816863911195,3043.161376065041,0.3445121538461535
E01S-1237切割后的大件,天车吊运（胎架到成品区）,天车,3043.161376065041,3048.161376065041,5.0
E01S-1236,天车空驶（胎架到原料区）,天车,3014.334290162818,3022.334290162818,8.0
E01S-1236,天车吊运（原料区到胎架）,天车,3022.334290162818,3025.334290162818,3.0
N1-F30-1SP-1SP,自由边打磨,人工打磨N21,3048.0245883218363,3048.60516391158,0.5805755897436029
E01S-1236切割后的大件,天车吊运（胎架到成品区）,天车,3048.60516391158,3053.60516391158,5.0
E01S-1239,天车空驶（胎架到原料区）,天车,3031.105949141964,3039.105949141964,8.0
E01S-1239,天车吊运（原料区到胎架）,天车,3039.105949141964,3042.105949141964,3.0
N1-F26-6P-1P,自由边打磨,人工打磨N51,3089.895547878937,3090.276543571245,0.38099569230780617
N1-F27-3-1P,自由边打磨,人工打磨N51,3090.276543571245,3090.5681491609885,0.2916055897435399
N1-F27-3-1S,自由边打磨,人工打磨N51,3090.5681491609885,3090.859754750732,0.2916055897435399
N1-F28-4-1S,自由边打磨,人工打磨N51,3090.859754750732,3091.1983563404756,0.33860158974357546
E01S-1239切割后的大件,天车吊运（胎架到成品区）,天车,3091.1983563404756,3096.1983563404756,5.0
E01S-1228,天车空驶（胎架到原料区）,天车,3053.60516391158,3061.60516391158,8.0
E01S-1228,天车吊运（原料区到胎架）,天车,3061.60516391158,3064.60516391158,3.0
N1-F19-3P-1P,自由边打磨,人工打磨N21,3097.8351781000906,3098.4760352282956,0.6408571282049706
N1-F20-6P-1P,自由边打磨,人工打磨N21,3098.4760352282956,3099.250350766757,0.7743155384614511
N1-F22-6P-1P,自由边打磨,人工打磨N21,3099.250350766757,3100.0246663052185,0.7743155384614511
N1-F30-2P-1P,自由边打磨,人工打磨N21,3100.0246663052185,3100.798005741116,0.7733394358974692
N1-JICH-1,分拣,自动分拣N21,3097.8351781000906,3099.4151781000905,1.5799999999999272
N1-JICH-1,自动打磨,自动打磨N21,3099.4151781000905,3101.4069809572334,1.9918028571428295
N1-JICH-1,桁架码垛,自动分拣N21,3101.4069809572334,3102.5769809572334,1.1700000000000728
E01S-1228切割后的大件,天车吊运（胎架到成品区）,天车,3100.798005741116,3105.798005741116,5.0
E01S-1234,天车空驶（胎架到原料区）,天车,3078.895547878937,3086.895547878937,8.0
E01S-1234,天车吊运（原料区到胎架）,天车,3086.895547878937,3089.895547878937,3.0
N1-AG-5W-1P,自由边打磨,人工打磨N51,3144.187076978814,3144.531589030096,0.34451205128198126
N1-AG-5W-1S,自由边打磨,人工打磨N51,3144.531589030096,3145.1565704659934,0.6249814358975527
N1-LG2-3WP-1P,自由边打磨,人工打磨N51,3145.1565704659934,3146.083084004455,0.9265135384616769
E01S-1234切割后的大件,天车吊运（胎架到成品区）,天车,3146.083084004455,3151.083084004455,5.0
E01S-1242,天车空驶（胎架到原料区）,天车,3105.798005741116,3113.798005741116,8.0
E01S-1242,天车吊运（原料区到胎架）,天车,3113.798005741116,3116.798005741116,3.0
N1-F26-1B1P-1P,分拣,自动分拣N21,3187.294705855829,3188.874705855829,1.5799999999999272
N1-F26-1B1P-1P,自动打磨,自动打磨N21,3188.874705855829,3190.2982376018604,1.4235317460315855
N1-F26-1B1P-1P,桁架码垛,自动分拣N21,3190.2982376018604,3191.4682376018604,1.1700000000000728
N1-F26-5B1P-1P,分拣,自动分拣N21,3191.4682376018604,3193.0482376018604,1.5799999999999272
N1-F26-5B1P-1P,自动打磨,自动打磨N21,3193.0482376018604,3194.471769347892,1.4235317460315855
N1-F26-5B1P-1P,桁架码垛,自动分拣N21,3194.471769347892,3195.641769347892,1.1700000000000728
N1-F27-1B1P-1P,分拣,自动分拣N21,3195.641769347892,3197.221769347892,1.5799999999999272
N1-F27-1B1P-1P,自动打磨,自动打磨N21,3197.221769347892,3199.3484209351936,2.1266515873016942
N1-F27-1B1P-1P,桁架码垛,自动分拣N21,3199.3484209351936,3200.5184209351937,1.1700000000000728
N1-F27-3B1P-1P,分拣,自动分拣N21,3200.5184209351937,3202.0984209351936,1.5799999999999272
N1-F27-3B1P-1P,自动打磨,自动打磨N21,3202.0984209351936,3204.2250725224953,2.1266515873016942
N1-F27-3B1P-1P,桁架码垛,自动分拣N21,3204.2250725224953,3205.3950725224954,1.1700000000000728
N1-F28-5B1P-1P,分拣,自动分拣N21,3205.3950725224954,3206.9750725224953,1.5799999999999272
N1-F28-5B1P-1P,自动打磨,自动打磨N21,3206.9750725224953,3209.101724109797,2.1266515873016942
N1-F28-5B1P-1P,桁架码垛,自动分拣N21,3209.101724109797,3210.271724109797,1.1700000000000728
N1-F28-6B1-1P,分拣,自动分拣N21,3210.271724109797,3211.851724109797,1.5799999999999272
N1-F28-6B1-1P,自动打磨,自动打磨N21,3211.851724109797,3213.9783756970987,2.1266515873016942
N1-F28-6B1-1P,桁架码垛,自动分拣N21,3213.9783756970987,3215.148375697099,1.1700000000000728
N1-F30-3B1S-1S,分拣,自动分拣N21,3215.148375697099,3216.7283756970987,1.5799999999999272
N1-F30-3B1S-1S,自动打磨,自动打磨N21,3216.7283756970987,3219.189280776464,2.4609050793651477
N1-F30-3B1S-1S,桁架码垛,自动分拣N21,3219.189280776464,3220.359280776464,1.1700000000000728
N1-F30-5B1S-1S,分拣,自动分拣N21,3220.359280776464,3221.939280776464,1.5799999999999272
N1-F30-5B1S-1S,自动打磨,自动打磨N21,3221.939280776464,3224.760371173289,2.821090396825184
N1-F30-5B1S-1S,桁架码垛,自动分拣N21,3224.760371173289,3225.930371173289,1.1700000000000728
N1-F31-3B1-1P,分拣,自动分拣N21,3225.930371173289,3227.510371173289,1.5799999999999272
N1-F31-3B1-1P,自动打磨,自动打磨N21,3227.510371173289,3230.1089498240826,2.59857865079357
N1-F31-3B1-1P,桁架码垛,自动分拣N21,3230.1089498240826,3231.2789498240827,1.1700000000000728
N1-F31-4B1-1P,分拣,自动分拣N21,3231.2789498240827,3232.8589498240826,1.5799999999999272
N1-F31-4B1-1P,自动打磨,自动打磨N21,3232.8589498240826,3235.682773951067,2.8238241269841637
N1-F31-4B1-1P,桁架码垛,自动分拣N21,3235.682773951067,3236.852773951067,1.1700000000000728
N1-F32-1B1P-1P,分拣,自动分拣N21,3236.852773951067,3238.432773951067,1.5799999999999272
N1-F32-1B1P-1P,自动打磨,自动打磨N21,3238.432773951067,3241.145631490749,2.712857539682318
N1-F32-1B1P-1P,桁架码垛,自动分拣N21,3241.145631490749,3242.315631490749,1.1700000000000728
N1-F36-1P-2BP,分拣,自动分拣N21,3242.315631490749,3243.895631490749,1.5799999999999272
N1-F36-1P-2BP,自动打磨,自动打磨N21,3243.895631490749,3245.922689427257,2.0270579365078447
N1-F36-1P-2BP,桁架码垛,自动分拣N21,3245.922689427257,3247.092689427257,1.1700000000000728
N1-F36-1P-4BP,分拣,自动分拣N21,3247.092689427257,3248.672689427257,1.5799999999999272
N1-F36-1P-4BP,自动打磨,自动打磨N21,3248.672689427257,3250.0962211732885,1.4235317460315855
N1-F36-1P-4BP,桁架码垛,自动分拣N21,3250.0962211732885,3251.2662211732886,1.1700000000000728
N1-F28-6B1-1S,分拣,自动分拣N21,3251.2662211732886,3252.8462211732885,1.5799999999999272
N1-F28-6B1-1S,自动打磨,自动打磨N21,3252.8462211732885,3254.9728727605902,2.1266515873016942
N1-F28-6B1-1S,桁架码垛,自动分拣N21,3254.9728727605902,3256.1428727605903,1.1700000000000728
N1-F29-5B1S-1S,分拣,自动分拣N21,3256.1428727605903,3257.7228727605902,1.5799999999999272
N1-F29-5B1S-1S,自动打磨,自动打磨N21,3257.7228727605902,3259.849524347892,2.1266515873016942
N1-F29-5B1S-1S,桁架码垛,自动分拣N21,3259.849524347892,3261.019524347892,1.1700000000000728
N1-F29-6B1S-1S,分拣,自动分拣N21,3261.019524347892,3262.599524347892,1.5799999999999272
N1-F29-6B1S-1S,自动打磨,自动打磨N21,3262.599524347892,3265.4160049828124,2.816480634920481
N1-F29-6B1S-1S,桁架码垛,自动分拣N21,3265.4160049828124,3266.5860049828125,1.1700000000000728
N1-F29-8B1S-1S,分拣,自动分拣N21,3266.5860049828125,3268.1660049828124,1.5799999999999272
N1-F29-8B1S-1S,自动打磨,自动打磨N21,3268.1660049828124,3270.596045697098,2.4300407142854965
N1-F29-8B1S-1S,桁架码垛,自动分拣N21,3270.596045697098,3271.766045697098,1.1700000000000728
N1-F31-3B1-1S,分拣,自动分拣N21,3271.766045697098,3273.346045697098,1.5799999999999272
N1-F31-3B1-1S,自动打磨,自动打磨N21,3273.346045697098,3275.9446243478915,2.59857865079357
N1-F31-3B1-1S,桁架码垛,自动分拣N21,3275.9446243478915,3277.1146243478915,1.1700000000000728
N1-F31-4B1-1S,分拣,自动分拣N21,3277.1146243478915,3278.6946243478915,1.5799999999999272
N1-F31-4B1-1S,自动打磨,自动打磨N21,3278.6946243478915,3281.5184483161456,2.823823968254146
N1-F31-4B1-1S,桁架码垛,自动分拣N21,3281.5184483161456,3282.6884483161457,1.1700000000000728
N1-F32-1B2S-1S,分拣,自动分拣N21,3282.6884483161457,3284.2684483161456,1.5799999999999272
N1-F32-1B2S-1S,自动打磨,自动打磨N21,3284.2684483161456,3286.979145617733,2.7106973015875155
N1-F32-1B2S-1S,桁架码垛,自动分拣N21,3286.979145617733,3288.149145617733,1.1700000000000728
N1-F36-2S-3BS,分拣,自动分拣N21,3288.149145617733,3289.729145617733,1.5799999999999272
N1-F36-2S-3BS,自动打磨,自动打磨N21,3289.729145617733,3291.1526773637647,1.4235317460315855
N1-F36-2S-3BS,桁架码垛,自动分拣N21,3291.1526773637647,3292.322677363765,1.1700000000000728
N1-F36-2S-6BS,分拣,自动分拣N21,3292.322677363765,3293.9026773637647,1.5799999999999272
N1-F36-2S-6BS,自动打磨,自动打磨N21,3293.9026773637647,3295.941077839955,2.038400476190418
N1-F36-2S-6BS,桁架码垛,自动分拣N21,3295.941077839955,3297.111077839955,1.1700000000000728
E01S-1245,天车空驶（胎架到原料区）,天车,3138.187076978814,3141.187076978814,3.0
E01S-1245,天车吊运（原料区到胎架）,天车,3141.187076978814,3144.187076978814,3.0
N1-950-1S-1S,分拣,自动分拣N51,3152.392071149228,3153.9720711492278,1.5799999999999272
N1-950-1S-1S,自动打磨,自动打磨N51,3153.9720711492278,3157.3580163079578,3.38594515873001
N1-950-1S-1S,桁架码垛,自动分拣N51,3157.3580163079578,3158.528016307958,1.1700000000000728
E01S-1207,天车空驶（胎架到原料区）,天车,3151.083084004455,3154.083084004455,3.0
E01S-1207,天车吊运（原料区到胎架）,天车,3154.083084004455,3157.083084004455,3.0
N1-MG-6SP-1SP,自由边打磨,人工打磨N51,3165.618996248434,3166.2909397868957,0.671943538461619
E01S-1207切割后的大件,天车吊运（胎架到坡口区）,天车,3166.2909397868957,3169.2909397868957,3.0
N1-MG-6SP-1SP,人工坡口,人工坡口1,3169.2909397868957,3188.3369237868956,19.045983999999862
E01S-1207切割后的大件,天车吊运（坡口区到成品区）,天车,3188.3369237868956,3193.3369237868956,5.0
E01S-1232,天车空驶（胎架到原料区）,天车,3169.2909397868957,3177.2909397868957,8.0
E01S-1232,天车吊运（原料区到胎架）,天车,3177.2909397868957,3180.2909397868957,3.0
N1-F18-5S-1S,自由边打磨,人工打磨N51,3238.7728929958575,3239.675685406114,0.9027924102565521
N1-F19-4S-1S,自由边打磨,人工打磨N51,3239.675685406114,3240.7084794061143,1.0327940000001945
N1-F20-7S-1S,自由边打磨,人工打磨N51,3240.7084794061143,3241.0161717138067,0.30769230769237765
N1-F22-7S-1S,自由边打磨,人工打磨N51,3241.0161717138067,3242.0489657650887,1.0327940512820533
N1-F23-7S-1S,自由边打磨,人工打磨N51,3242.0489657650887,3242.755093098422,0.7061273333333702
N1-F24-7S-1S,自由边打磨,人工打磨N51,3242.755093098422,3243.0996052009864,0.34451210256429476
E01S-1232切割后的大件,天车吊运（胎架到成品区）,天车,3243.0996052009864,3248.0996052009864,5.0
E01S-1224,天车空驶（胎架到原料区）,天车,3193.3369237868956,3201.3369237868956,8.0
E01S-1224,天车吊运（原料区到胎架）,天车,3201.3369237868956,3204.3369237868956,3.0
N1-LG32-1-1P,自由边打磨,人工打磨N21,3212.89779967329,3213.6796086476493,0.7818089743591372
N1-LG32-1-1S,自由边打磨,人工打磨N21,3213.6796086476493,3213.8366220322646,0.15701338461531122
E01S-1224切割后的大件,天车吊运（胎架到成品区）,天车,3213.8366220322646,3218.8366220322646,5.0
E01S-1217,天车空驶（胎架到原料区）,天车,3218.8366220322646,3226.8366220322646,8.0
E01S-1217,天车吊运（原料区到胎架）,天车,3226.8366220322646,3229.8366220322646,3.0
N1-STR-1D1P-1P,分拣,自动分拣N21,3297.111077839955,3298.691077839955,1.5799999999999272
N1-STR-1D1P-1P,自动打磨,自动打磨N21,3298.691077839955,3300.2015403796377,1.5104625396825213
N1-STR-1D1P-1P,桁架码垛,自动分拣N21,3300.2015403796377,3301.3715403796377,1.1700000000000728
N1-STR-1D1S-1S,分拣,自动分拣N21,3301.3715403796377,3302.9515403796377,1.5799999999999272
N1-STR-1D1S-1S,自动打磨,自动打磨N21,3302.9515403796377,3304.46200307805,1.5104626984125389
N1-STR-1D1S-1S,桁架码垛,自动分拣N21,3304.46200307805,3305.6320030780503,1.1700000000000728
料框_N2_AP2_P1_坡口,自动坡口,自动坡口1,67.3964927665676,71.08612951870435,3.6896367521367495
料框_N5_AP2_P4,AGV转运(至半框),AGV1,87.34587188067711,95.09587188067711,7.75
料框_N2_AP2_P2,AGV转运(至半框),AGV2,118.83040872576917,126.58040872576917,7.75
料框_N5_AP2_P1_坡口,AGV转运(至坡口),AGV1,127.31733457908979,135.0673345790898,7.75
料框_N5_AP2_P1_坡口,AGV至坡口工作站,AGV2,135.16733457908978,137.91733457908978,2.75
料框_N5_AP2_P1_坡口,自动坡口,自动坡口1,137.91733457908978,145.01801181658098,7.1006772374911975
料框_N5_AP2_P2,AGV转运(至半框),AGV1,233.48404079209814,241.23404079209814,7.75
料框_N2_AP2_P1_坡口,自动坡口,自动坡口1,343.83417686060346,350.0414289973556,6.207252136752118
料框_N2_AP2_P1_坡口,自动坡口,自动坡口1,350.0414289973556,354.40040335632995,4.358974358974365
料框_N2_AP2_P1_坡口,自动坡口,自动坡口1,354.40040335632995,358.73801019393676,4.337606837606813
料框_N2_AP2_P1_坡口,自动坡口,自动坡口1,358.73801019393676,363.9350401084667,5.197029914529935
料框_N2_AP2_P1_坡口,自动坡口,自动坡口1,363.9350401084667,367.99784566402224,4.062805555555542
料框_N2_AP2_P1_坡口,自动坡口,自动坡口1,367.99784566402224,372.0579802794069,4.060134615384641
料框_N2_AP2_P4_坡口,自动坡口,自动坡口1,372.0579802794069,378.10392045034706,6.0459401709401845
料框_N2_AP2_P4_坡口,自动坡口,自动坡口1,378.10392045034706,384.14986062128725,6.0459401709401845
料框_N2_AP2_P4_坡口,自动坡口,自动坡口1,384.14986062128725,389.6493755785522,5.499514957264978
料框_N2_AP2_P4_坡口,自动坡口,自动坡口1,389.6493755785522,395.1488905358172,5.499514957264978
料框_N2_AP2_P4,AGV转运(至半框),AGV2,388.289501622508,396.039501622508,7.75
料框_AP2_P4_合盘,AGV合盘至坡口工作站,AGV1,396.039501622508,398.789501622508,2.75
料框_N2_AP2_P4_坡口,自动坡口,自动坡口1,397.80080019393654,403.3017232708596,5.500923076923073
料框_N2_AP2_P4_坡口,自动坡口,自动坡口1,403.3017232708596,408.8026463477827,5.500923076923073
料框_N5_AP2_P1,AGV转运(至半框),AGV2,687.0987236089519,694.8487236089519,7.75
料框_N5_AP2_P3,AGV转运(至半框),AGV1,696.3042357518091,704.0542357518091,7.75
料框_N5_AP2_P5,AGV转运(至半框),AGV2,792.5517900375233,800.3017900375233,7.75
料框_N2_AP2_P1_坡口,自动坡口,自动坡口1,949.3311261442511,952.8932355948006,3.5621094505494284
料框_N2_AP2_P1_坡口,自动坡口,自动坡口1,964.0467194775845,967.7445216753866,3.6978021978021616
料框_N2_AP2_P1,AGV转运(至半框),AGV1,1061.1489063029812,1068.8989063029812,7.75
料框_AP2_P1_合盘,AGV合盘至坡口工作站,AGV2,1068.8989063029812,1071.6489063029812,2.75
料框_N2_AP2_P1_坡口,自动坡口,自动坡口1,1070.255278128378,1075.8915418646418,5.6362637362638
料框_N2_AP2_P1_坡口,自动坡口,自动坡口1,1075.8915418646418,1081.0170363701363,5.125494505494544
料框_N2_AP2_P3,AGV转运(至半框),AGV1,1078.904025271235,1086.654025271235,7.75
料框_N2_AP2_P5,AGV转运(至半框),AGV2,1101.0195020966319,1108.7695020966319,7.75
料框_AP2_P1,AGV至小部材放置区,AGV1,1141.2355496881848,1143.9855496881848,2.75
料框_AP2_P2,AGV至小部材放置区,AGV2,1142.6105496881848,1145.3605496881848,2.75
料框_AP2_P3,AGV至小部材放置区,AGV1,1143.9855496881848,1151.7355496881848,7.75
料框_AP2_P4,AGV至小部材放置区,AGV2,1150.3605496881848,1158.1105496881848,7.75
料框_AP2_P5,AGV至小部材放置区,AGV1,1156.7355496881848,1164.4855496881848,7.75
料框_N5_STA238FC_P2_坡口,AGV转运(至坡口),AGV2,1266.8728563402278,1274.6228563402278,7.75
料框_N5_STA238FC_P2_坡口,AGV至坡口工作站,AGV1,1274.6228563402278,1282.3728563402278,7.75
料框_N5_STA238FC_P2_坡口,自动坡口,自动坡口1,1282.3728563402278,1316.5382741239641,34.1654177837363
料框_N5_STA238FC_P1,AGV转运(至半框),AGV2,1283.9494749962046,1291.6994749962046,7.75
料框_N5_STA238FC_P1_坡口,AGV转运(至坡口),AGV1,1290.3244749962046,1298.0744749962046,7.75
料框_N5_STA238FC_P1_坡口,AGV至坡口工作站,AGV2,1298.1744749962045,1300.9244749962045,2.75
料框_N5_STA238FC_P1_坡口,自动坡口,自动坡口1,1316.5382741239641,1332.2676207644363,15.729346640472158
料框_STA238FC_P1_合盘,AGV合盘至坡口工作站,AGV1,1332.2676207644363,1335.0176207644363,2.75
料框_N2_STA238FC_P1,AGV转运(至半框),AGV2,1355.915069033444,1363.665069033444,7.75
料框_N5_STA238FC_P2,AGV转运(至半框),AGV1,1362.931187601218,1370.681187601218,7.75
料框_N2_STA238FC_P3,AGV转运(至半框),AGV2,1482.6203439540789,1490.3703439540789,7.75
料框_N2_DC12_P1,AGV转运(至半框),AGV1,1511.880253477889,1519.630253477889,7.75
料框_N2_DC12_P2_坡口,自动坡口,自动坡口1,1581.7541303032851,1585.3850203556412,3.630890052356108
料框_N2_DC12_P2_坡口,自动坡口,自动坡口1,1586.6956277636025,1590.328153941613,3.632526178010494
料框_N2_DC12_P2_坡口,自动坡口,自动坡口1,1591.5517274461422,1595.1826174984983,3.630890052356108
料框_N2_DC12_P2_坡口,自动坡口,自动坡口1,1596.4078269699517,1600.0387170223078,3.630890052356108
料框_N2_DC12_P2_坡口,自动坡口,自动坡口1,1601.1714776842373,1604.8023677365934,3.630890052356108
料框_N2_DC12_P2_坡口,自动坡口,自动坡口1,1605.935128398523,1609.5676545765334,3.632526178010494
料框_N5_DC12_P1,AGV转运(至半框),AGV2,1603.984676771362,1611.734676771362,7.75
料框_N2_DC12_P3,AGV转运(至半框),AGV1,1619.261021335031,1627.011021335031,7.75
料框_N5_DC12_P2,AGV转运(至半框),AGV2,1621.117370580886,1628.867370580886,7.75
料框_N2_DC12_P4,AGV转运(至半框),AGV1,1719.8006505413798,1727.5506505413798,7.75
料框_N2_DC12_P2,AGV转运(至半框),AGV2,1729.5308715731258,1737.2808715731258,7.75
料框_N2_DC12_P4_坡口,自动坡口,自动坡口1,1736.6975715731257,1743.135916465347,6.4383448922212665
料框_DC12_P2_合盘,AGV合盘至坡口工作站,AGV1,1737.2808715731258,1740.0308715731258,2.75
料框_N2_DC12_P4_坡口,自动坡口,自动坡口1,1743.135916465347,1749.5648892863405,6.428972820993522
料框_N2_DC12_P4_坡口,自动坡口,自动坡口1,1749.5648892863405,1756.2705293988054,6.705640112464835
料框_N2_DC12_P4_坡口,自动坡口,自动坡口1,1756.2705293988054,1762.9761695112702,6.705640112464835
料框_N2_DC12_P4_坡口,自动坡口,自动坡口1,1762.9761695112702,1769.12711421605,6.150944704779704
料框_N2_DC12_P4_坡口,自动坡口,自动坡口1,1769.12711421605,1775.2780589208296,6.150944704779704
料框_N2_DC12_P4_坡口,自动坡口,自动坡口1,1775.2780589208296,1781.4263044690958,6.148245548266232
料框_N5_DC12_P3,AGV转运(至半框),AGV2,1754.321831533267,1762.071831533267,7.75
料框_N2_DC12_P4_坡口,自动坡口,自动坡口1,1781.4263044690958,1787.5651779461343,6.138873477038487
料框_N2_DC12_P3_坡口,自动坡口,自动坡口1,1787.5651779461343,1792.9651875430634,5.400009596929067
料框_N2_DC12_P3_坡口,自动坡口,自动坡口1,1792.9651875430634,1798.374794068975,5.409606525911613
料框_N2_DC12_P3_坡口,自动坡口,自动坡口1,1798.374794068975,1803.7756098079385,5.400815738963502
料框_N2_DC12_P3_坡口,自动坡口,自动坡口1,1803.7756098079385,1809.176425546902,5.400815738963502
料框_N2_DC12_P3_坡口,自动坡口,自动坡口1,1809.176425546902,1814.579225930779,5.402800383877093
料框_DC12_P4_合盘,AGV合盘至坡口工作站,AGV1,1787.5651779461343,1790.3151779461343,2.75
料框_N2_DC12_P3_坡口,自动坡口,自动坡口1,1814.579225930779,1819.9724293856736,5.393203454894547
料框_N2_DC12_P3_坡口,自动坡口,自动坡口1,1819.9724293856736,1825.3665253549634,5.394095969289765
料框_N2_DC12_P3_坡口,自动坡口,自动坡口1,1825.3665253549634,1830.7606213242532,5.394095969289765
料框_DC12_P3_合盘,AGV合盘至坡口工作站,AGV2,1830.7606213242532,1833.5106213242532,2.75
料框_DC12_P1,AGV至小部材放置区,AGV1,1833.5106213242532,1836.2606213242532,2.75
料框_DC12_P2,AGV至小部材放置区,AGV2,1834.8856213242532,1837.6356213242532,2.75
料框_DC12_P3,AGV至小部材放置区,AGV1,1836.2606213242532,1844.0106213242532,7.75
料框_DC12_P4,AGV至小部材放置区,AGV2,1842.6356213242532,1850.3856213242532,7.75
料框_N5_STA238FC_P3,AGV转运(至半框),AGV1,1844.0106213242532,1851.7606213242532,7.75
料框_N2_STA238FC_P2,AGV转运(至半框),AGV2,1850.3856213242532,1858.1356213242532,7.75
料框_N5_STA238FC_P3_坡口,AGV转运(至坡口),AGV1,1851.7606213242532,1859.5106213242532,7.75
料框_STA238FC_P2_合盘,AGV合盘至坡口工作站,AGV2,1859.5106213242532,1862.2606213242532,2.75
料框_N5_STA238FC_P3_坡口,AGV至坡口工作站,AGV1,1862.2606213242532,1865.0106213242532,2.75
料框_N5_STA238FC_P3_坡口,自动坡口,自动坡口1,1865.0106213242532,1897.9836453331868,32.973024008933635
料框_STA238FC_P3_合盘,AGV合盘至坡口工作站,AGV2,1897.9836453331868,1900.7336453331868,2.75
料框_STA238FC_P1,AGV至小部材放置区,AGV1,1900.7336453331868,1903.4836453331868,2.75
料框_STA238FC_P2,AGV至小部材放置区,AGV2,1902.1086453331868,1904.8586453331868,2.75
料框_STA238FC_P3,AGV至小部材放置区,AGV1,1903.4836453331868,1911.2336453331868,7.75
料框_N2_BN1_P1,AGV转运(至半框),AGV2,1961.5105999743691,1969.2605999743691,7.75
料框_N2_BN1_P2,AGV转运(至半框),AGV1,1967.8855999743691,1975.6355999743691,7.75
料框_N2_BN1_P6_坡口,自动坡口,自动坡口1,1996.993579815639,2000.590527459618,3.5969476439790924
料框_N2_BN1_P6_坡口,自动坡口,自动坡口1,2002.0199846569087,2005.6169323008878,3.5969476439790924
料框_N5_BN1_P1,AGV转运(至半框),AGV2,2289.011817128584,2296.761817128584,7.75
料框_N2_BN1_P2_坡口,自动坡口,自动坡口1,2541.812953440619,2551.2120324784196,9.399079037800675
料框_N2_BN1_P9_坡口,自动坡口,自动坡口1,2551.2120324784196,2562.723022169141,11.510989690721544
料框_N2_BN1_P9_坡口,自动坡口,自动坡口1,2562.723022169141,2571.647281619313,8.92425945017203
料框_BN1_P2_合盘,AGV合盘至坡口工作站,AGV1,2551.2120324784196,2553.9620324784196,2.75
料框_N5_BN1_P1_坡口,AGV转运(至坡口),AGV2,2582.337477385098,2590.087477385098,7.75
料框_N5_BN1_P1_坡口,AGV至坡口工作站,AGV1,2590.1874773850977,2592.9374773850977,2.75
料框_N5_BN1_P1_坡口,自动坡口,自动坡口1,2592.9374773850977,2690.2120675490323,97.27459016393459
料框_BN1_P1_合盘,AGV合盘至坡口工作站,AGV2,2690.2120675490323,2692.9620675490323,2.75
料框_N5_BN1_P2,AGV转运(至半框),AGV1,2741.7954786554565,2749.5454786554565,7.75
料框_N2_BN1_P8,AGV转运(至半框),AGV2,2761.101962502686,2768.851962502686,7.75
料框_N2_BN1_P3,AGV转运(至半框),AGV1,2767.476962502686,2775.226962502686,7.75
料框_N5_BN1_P8,AGV转运(至半框),AGV2,2794.441622147521,2802.191622147521,7.75
料框_N5_BN1_P3,AGV转运(至半框),AGV1,2905.44965345099,2913.19965345099,7.75
料框_N2_BN1_P4,AGV转运(至半框),AGV2,2945.1258372141665,2952.8758372141665,7.75
料框_N2_BN1_P5,AGV转运(至半框),AGV1,2951.5008372141665,2959.2508372141665,7.75
料框_N5_BN1_P6,AGV转运(至半框),AGV2,2970.327684800196,2978.077684800196,7.75
料框_N5_BN1_P9,AGV转运(至半框),AGV1,2996.4132517843227,3004.1632517843227,7.75
料框_N5_BN1_P4,AGV转运(至半框),AGV2,3002.7882517843227,3010.5382517843227,7.75
料框_N5_BN1_P5,AGV转运(至半框),AGV1,3009.1632517843227,3016.9132517843227,7.75
料框_N5_BN1_P7,AGV转运(至半框),AGV2,3153.528016307958,3161.278016307958,7.75
料框_N2_BN1_P6,AGV转运(至半框),AGV1,3246.2662211732886,3254.0162211732886,7.75
料框_BN1_P6_合盘,AGV合盘至坡口工作站,AGV2,3254.0162211732886,3256.7662211732886,2.75
料框_N2_BN1_P7,AGV转运(至半框),AGV1,3292.111077839955,3299.861077839955,7.75
料框_N2_BN1_P9,AGV转运(至半框),AGV2,3300.6320030780503,3308.3820030780503,7.75
料框_BN1_P9_合盘,AGV合盘至坡口工作站,AGV1,3308.3820030780503,3311.1320030780503,2.75
料框_BN1_P1,AGV至小部材放置区,AGV2,3311.1320030780503,3313.8820030780503,2.75
料框_BN1_P2,AGV至小部材放置区,AGV1,3312.5070030780503,3315.2570030780503,2.75
料框_BN1_P3,AGV至小部材放置区,AGV2,3313.8820030780503,3321.6320030780503,7.75
料框_BN1_P4,AGV至小部材放置区,AGV1,3320.2570030780503,3328.0070030780503,7.75
料框_BN1_P5,AGV至小部材放置区,AGV2,3326.6320030780503,3334.3820030780503,7.75
料框_BN1_P6,AGV至小部材放置区,AGV1,3333.0070030780503,3340.7570030780503,7.75
料框_BN1_P7,AGV至小部材放置区,AGV2,3339.3820030780503,3347.1320030780503,7.75
料框_BN1_P8,AGV至小部材放置区,AGV1,3345.7570030780503,3353.5070030780503,7.75
料框_BN1_P9,AGV至小部材放置区,AGV2,3352.1320030780503,3359.8820030780503,7.75
